project,version,class,class_kind,WMC,LOC,CBO,NOM,smell_status_known,pmd_violation_rows,DataClass_count,DataClass_status_known,LongMethod_count,LongMethod_status_known,LongParameterList_count,LongParameterList_status_known,MutableStaticState_count,MutableStaticState_status_known,LawOfDemeter_count,LawOfDemeter_status_known,GodClass_count,GodClass_status_known
Signal-Android,2016-1,org.thoughtcrime.securesms.ConversationActivity,top_level,117,1008,0,55,1,142,0,1,0,1,0,1,0,1,117,1,1,1
Signal-Android,2016-1,org.thoughtcrime.securesms.RegistrationProgressActivity,top_level,24,439,0,19,1,25,0,1,0,1,0,1,0,1,11,1,0,1
Signal-Android,2016-1,org.thoughtcrime.securesms.DatabaseMigrationActivity,top_level,13,112,0,11,1,7,0,1,0,1,0,1,0,1,4,1,0,1
Signal-Android,2016-1,org.thoughtcrime.securesms.BindableConversationListItem,top_level,1,3,0,0,0,,,0,,0,,0,,0,,0,,0
Signal-Android,2016-1,org.thoughtcrime.securesms.ContactSelectionListFragment,top_level,8,185,0,8,1,30,0,1,0,1,0,1,0,1,24,1,0,1
Signal-Android,2016-1,org.thoughtcrime.securesms.Unbindable,top_level,1,2,0,1,0,,,0,,0,,0,,0,,0,,0
Signal-Android,2016-1,org.thoughtcrime.securesms.DeviceListItem,top_level,2,31,0,2,1,3,0,1,0,1,0,1,0,1,3,1,0,1
Signal-Android,2016-1,org.thoughtcrime.securesms.PassphrasePromptActivity,top_level,9,106,0,6,1,7,0,1,0,1,0,1,0,1,5,1,0,1
Signal-Android,2016-1,org.thoughtcrime.securesms.BindableConversationItem,top_level,1,6,0,0,0,,,0,,0,,0,,0,,0,,0
Signal-Android,2016-1,org.thoughtcrime.securesms.MessageDetailsActivity,top_level,5,202,0,5,1,32,0,1,0,1,0,1,0,1,25,1,0,1
Signal-Android,2016-1,org.thoughtcrime.securesms.ShareListAdapter,top_level,0,24,0,0,1,2,0,1,0,1,0,1,0,1,1,1,0,1
Signal-Android,2016-1,org.thoughtcrime.securesms.PassphraseRequiredActionBarActivity,top_level,7,133,0,6,1,4,0,1,0,1,0,1,0,1,3,1,0,1
Signal-Android,2016-1,org.thoughtcrime.securesms.ConfirmIdentityDialog,top_level,1,116,0,1,1,10,0,1,0,1,0,1,0,1,4,1,0,1
Signal-Android,2016-1,org.thoughtcrime.securesms.ConversationUpdateItem,top_level,3,73,0,2,1,4,0,1,0,1,0,1,0,1,4,1,0,1
Signal-Android,2016-1,org.thoughtcrime.securesms.GroupCreateActivity,top_level,17,370,0,10,1,69,0,1,0,1,0,1,0,1,60,1,0,1
Signal-Android,2016-1,org.thoughtcrime.securesms.DatabaseUpgradeActivity,top_level,4,168,0,1,1,21,0,1,0,1,0,1,0,1,13,1,0,1
Signal-Android,2016-1,org.thoughtcrime.securesms.ShareFragment,top_level,1,42,0,1,1,6,0,1,0,1,0,1,0,1,6,1,0,1
Signal-Android,2016-1,org.thoughtcrime.securesms.DeviceAddFragment,top_level,3,116,0,3,1,15,0,1,0,1,0,1,0,1,11,1,0,1
Signal-Android,2016-1,org.thoughtcrime.securesms.ConversationListAdapter,top_level,9,104,0,5,1,7,0,1,0,1,0,1,0,1,7,1,0,1
Signal-Android,2016-1,org.thoughtcrime.securesms.NewConversationActivity,top_level,1,36,0,1,1,7,0,1,0,1,0,1,0,1,7,1,0,1
Signal-Android,2016-1,org.thoughtcrime.securesms.ApplicationPreferencesActivity,top_level,4,133,0,3,1,12,0,1,0,1,0,1,0,1,9,1,0,1
Signal-Android,2016-1,org.thoughtcrime.securesms.PlayServicesProblemFragment,top_level,2,23,0,1,1,1,0,1,0,1,0,1,0,1,1,1,0,1
Signal-Android,2016-1,org.thoughtcrime.securesms.BaseActivity,top_level,1,14,0,0,0,,,0,,0,,0,,0,,0,,0
Signal-Android,2016-1,org.thoughtcrime.securesms.TransportOption,top_level,5,38,0,5,1,6,0,1,0,1,0,1,0,1,0,1,0,1
Signal-Android,2016-1,org.thoughtcrime.securesms.CountrySelectionFragment,top_level,0,47,0,0,1,4,0,1,0,1,0,1,0,1,4,1,0,1
Signal-Android,2016-1,org.thoughtcrime.securesms.ConversationListFragment,top_level,10,296,0,8,1,79,0,1,0,1,0,1,0,1,70,1,0,1
Signal-Android,2016-1,org.thoughtcrime.securesms.ConversationAdapter<V>,top_level,7,125,0,4,0,,,0,,0,,0,,0,,0,,0
Signal-Android,2016-1,org.thoughtcrime.securesms.ImportFragment,top_level,6,162,0,4,1,28,0,1,0,1,0,1,0,1,28,1,0,1
Signal-Android,2016-1,org.thoughtcrime.securesms.RegistrationActivity,top_level,10,175,0,4,1,19,0,1,0,1,0,1,0,1,17,1,0,1
Signal-Android,2016-1,org.thoughtcrime.securesms.PlayServicesProblemActivity,top_level,0,6,0,0,0,,,0,,0,,0,,0,,0,,0
Signal-Android,2016-1,org.thoughtcrime.securesms.PushContactSelectionActivity,top_level,0,17,0,0,1,2,0,1,0,1,0,1,0,1,2,1,0,1
Signal-Android,2016-1,org.thoughtcrime.securesms.ConversationTitleView,top_level,2,51,0,2,1,5,0,1,0,1,0,1,0,1,5,1,0,1
Signal-Android,2016-1,org.thoughtcrime.securesms.InviteActivity,top_level,7,156,0,5,1,28,0,1,0,1,0,1,0,1,23,1,0,1
Signal-Android,2016-1,org.thoughtcrime.securesms.KeyScanningActivity,top_level,4,62,0,4,1,10,0,1,0,1,0,1,0,1,10,1,0,1
Signal-Android,2016-1,org.thoughtcrime.securesms.ConversationListItem,top_level,7,152,0,6,1,7,0,1,0,1,0,1,0,1,6,1,0,1
Signal-Android,2016-1,org.thoughtcrime.securesms.PassphraseCreateActivity,top_level,3,32,0,3,1,2,0,1,0,1,0,1,0,1,2,1,0,1
Signal-Android,2016-1,org.thoughtcrime.securesms.ConversationFragment,top_level,11,272,0,6,1,67,0,1,0,1,0,1,0,1,65,1,0,1
Signal-Android,2016-1,org.thoughtcrime.securesms.TransportOptions,top_level,6,75,0,4,1,7,0,1,0,1,0,1,0,1,7,1,0,1
Signal-Android,2016-1,org.thoughtcrime.securesms.MuteDialog,top_level,0,26,0,0,1,6,0,1,0,1,0,1,0,1,6,1,0,1
Signal-Android,2016-1,org.thoughtcrime.securesms.ContactSelectionActivity,top_level,6,72,0,6,1,8,0,1,0,1,0,1,0,1,8,1,0,1
Signal-Android,2016-1,org.thoughtcrime.securesms.ConversationPopupActivity,top_level,7,71,0,6,1,15,0,1,0,1,0,1,0,1,14,1,0,1
Signal-Android,2016-1,org.thoughtcrime.securesms.TextSecureExpiredException,top_level,0,3,0,0,0,,,0,,0,,0,,0,,0,,0
Signal-Android,2016-1,org.thoughtcrime.securesms.MediaPreviewActivity,top_level,18,105,0,9,1,13,0,1,0,1,0,1,0,1,12,1,0,1
Signal-Android,2016-1,org.thoughtcrime.securesms.ExperienceUpgradeActivity,top_level,0,120,0,0,1,28,0,1,0,1,0,1,0,1,28,1,0,1
Signal-Android,2016-1,org.thoughtcrime.securesms.BaseActionBarActivity,top_level,10,45,0,4,1,6,0,1,0,1,0,1,0,1,6,1,0,1
Signal-Android,2016-1,org.thoughtcrime.securesms.ConversationListActivity,top_level,13,128,0,12,1,11,0,1,0,1,0,1,0,1,10,1,0,1
Signal-Android,2016-1,org.thoughtcrime.securesms.DeviceLinkFragment,top_level,0,28,0,0,1,2,0,1,0,1,0,1,0,1,2,1,0,1
Signal-Android,2016-1,org.thoughtcrime.securesms.BlockedContactsActivity,top_level,2,66,0,2,1,6,0,1,0,1,0,1,0,1,6,1,0,1
Signal-Android,2016-1,org.thoughtcrime.securesms.TransportOptionsPopup,top_level,0,24,0,0,0,,,0,,0,,0,,0,,0,,0
Signal-Android,2016-1,org.thoughtcrime.securesms.ImageMediaAdapter,top_level,0,39,0,0,1,5,0,1,0,1,0,1,0,1,5,1,0,1
Signal-Android,2016-1,org.thoughtcrime.securesms.ConversationListItemAction,top_level,2,18,0,2,1,1,0,1,0,1,0,1,0,1,1,1,0,1
Signal-Android,2016-1,org.thoughtcrime.securesms.MessageDetailsRecipientAdapter,top_level,2,33,0,2,1,6,0,1,0,1,0,1,0,1,6,1,0,1
Signal-Android,2016-1,org.thoughtcrime.securesms.ExportFragment,top_level,1,71,0,1,1,10,0,1,0,1,0,1,0,1,10,1,0,1
Signal-Android,2016-1,org.thoughtcrime.securesms.ConversationListArchiveActivity,top_level,3,38,0,3,1,1,0,1,0,1,0,1,0,1,1,1,0,1
Signal-Android,2016-1,org.thoughtcrime.securesms.CountrySelectionActivity,top_level,0,13,0,0,1,2,0,1,0,1,0,1,0,1,2,1,0,1
Signal-Android,2016-1,org.thoughtcrime.securesms.BasicIntroFragment,top_level,2,31,0,1,1,6,0,1,0,1,0,1,0,1,6,1,0,1
Signal-Android,2016-1,org.thoughtcrime.securesms.DeviceActivity,top_level,2,131,0,2,1,32,0,1,0,1,0,1,0,1,28,1,0,1
Signal-Android,2016-1,org.thoughtcrime.securesms.MediaOverviewActivity,top_level,9,87,0,6,1,14,0,1,0,1,0,1,0,1,12,1,0,1
Signal-Android,2016-1,org.thoughtcrime.securesms.LogSubmitActivity,top_level,4,33,0,4,1,7,0,1,0,1,0,1,0,1,6,1,0,1
Signal-Android,2016-1,org.thoughtcrime.securesms.PassphraseChangeActivity,top_level,11,90,0,4,1,11,0,1,0,1,0,1,0,1,8,1,0,1
Signal-Android,2016-1,org.thoughtcrime.securesms.DeviceProvisioningActivity,top_level,1,33,0,1,1,2,0,1,0,1,0,1,0,1,2,1,0,1
Signal-Android,2016-1,org.thoughtcrime.securesms.VerifyIdentityActivity,top_level,8,78,0,4,1,8,0,1,0,1,0,1,0,1,8,1,0,1
Signal-Android,2016-1,org.thoughtcrime.securesms.ConversationItem,top_level,15,371,0,8,1,25,0,1,0,1,0,1,0,1,21,1,0,1
Signal-Android,2016-1,org.thoughtcrime.securesms.PassphraseActivity,top_level,1,24,0,1,1,4,0,1,0,1,0,1,0,1,3,1,0,1
Signal-Android,2016-1,org.thoughtcrime.securesms.MasterSecretListener,top_level,1,2,0,1,0,,,0,,0,,0,,0,,0,,0
Signal-Android,2016-1,org.thoughtcrime.securesms.RecipientPreferenceActivity,top_level,3,261,0,3,1,33,0,1,0,1,0,1,0,1,26,1,0,1
Signal-Android,2016-1,org.thoughtcrime.securesms.ShareActivity,top_level,10,115,0,5,1,14,0,1,0,1,0,1,0,1,13,1,0,1
Signal-Android,2016-1,org.thoughtcrime.securesms.TransportOptionsAdapter,top_level,2,30,0,2,1,9,0,1,0,1,0,1,0,1,9,1,0,1
Signal-Android,2016-1,org.thoughtcrime.securesms.IntroPagerAdapter,top_level,1,18,0,1,1,1,0,1,0,1,0,1,0,1,0,1,0,1
Signal-Android,2016-1,org.thoughtcrime.securesms.TextSecureTestCase,top_level,1,6,0,1,1,4,0,1,0,1,0,1,0,1,4,1,0,1
Signal-Android,2016-1,org.thoughtcrime.securesms.SmsSendtoActivity,top_level,0,57,0,0,1,9,0,1,0,1,0,1,0,1,9,1,0,1
Signal-Android,2016-1,org.thoughtcrime.securesms.DummyActivity,top_level,0,5,0,0,0,,,0,,0,,0,,0,,0,,0
Signal-Android,2016-1,org.thoughtcrime.securesms.GroupMembersDialog,top_level,3,76,0,2,1,4,0,1,0,1,0,1,0,1,4,1,0,1
Signal-Android,2016-1,org.thoughtcrime.securesms.ViewIdentityActivity,top_level,6,51,0,3,1,6,0,1,0,1,0,1,0,1,6,1,0,1
Signal-Android,2016-1,org.thoughtcrime.securesms.PromptMmsActivity,top_level,1,23,0,1,1,5,0,1,0,1,0,1,0,1,3,1,0,1
Signal-Android,2016-1,org.thoughtcrime.securesms.ShareListItem,top_level,6,49,0,5,1,3,0,1,0,1,0,1,0,1,2,1,0,1
Signal-Android,2016-1,org.thoughtcrime.securesms.DeviceListFragment,top_level,2,112,0,2,1,15,0,1,0,1,0,1,0,1,13,1,0,1
Signal-Android,2016-1,org.thoughtcrime.securesms.ViewLocalIdentityActivity,top_level,0,20,0,0,1,2,0,1,0,1,0,1,0,1,2,1,0,1
Signal-Android,2016-1,org.thoughtcrime.securesms.ApplicationContext,top_level,11,52,0,8,1,1,0,1,0,1,0,1,0,1,0,1,0,1
Signal-Android,2016-1,org.thoughtcrime.securesms.MessageRecipientListItem,top_level,3,100,0,2,1,3,0,1,0,1,0,1,0,1,3,1,0,1
Signal-Android,2016-1,org.thoughtcrime.securesms.ImportExportActivity,top_level,5,68,0,5,1,12,0,1,0,1,0,1,0,1,11,1,0,1
Signal-Android,2016-1,org.thoughtcrime.securesms.components.KeyboardAwareLinearLayout,top_level,34,129,0,19,1,15,0,1,0,1,0,1,0,1,14,1,0,1
Signal-Android,2016-1,org.thoughtcrime.securesms.components.FromTextView,top_level,0,35,0,0,1,4,0,1,0,1,0,1,0,1,4,1,0,1
Signal-Android,2016-1,org.thoughtcrime.securesms.components.ComposeText,top_level,3,46,0,2,1,5,0,1,0,1,0,1,0,1,5,1,0,1
Signal-Android,2016-1,org.thoughtcrime.securesms.components.ShapeScrim,top_level,3,56,0,1,0,,,0,,0,,0,,0,,0,,0
Signal-Android,2016-1,org.thoughtcrime.securesms.components.RecyclerViewFastScroller,top_level,14,129,0,6,1,5,0,1,0,1,0,1,0,1,4,1,0,1
Signal-Android,2016-1,org.thoughtcrime.securesms.components.CircleColorImageView,top_level,0,15,0,0,0,,,0,,0,,0,,0,,0,,0
Signal-Android,2016-1,org.thoughtcrime.securesms.components.AudioView,top_level,17,143,0,8,1,6,0,1,0,1,0,1,0,1,6,1,0,1
Signal-Android,2016-1,org.thoughtcrime.securesms.components.AvatarImageView,top_level,0,38,0,0,1,7,0,1,0,1,0,1,0,1,7,1,0,1
Signal-Android,2016-1,org.thoughtcrime.securesms.components.InputPanel,top_level,16,182,0,9,1,7,0,1,0,1,0,1,0,1,7,1,0,1
Signal-Android,2016-1,org.thoughtcrime.securesms.components.PushRecipientsPanel,top_level,6,75,0,4,1,7,0,1,0,1,0,1,0,1,7,1,0,1
Signal-Android,2016-1,org.thoughtcrime.securesms.components.SquareFrameLayout,top_level,1,16,0,1,0,,,0,,0,,0,,0,,0,,0
Signal-Android,2016-1,org.thoughtcrime.securesms.components.AnimatingToggle,top_level,0,33,0,0,0,,,0,,0,,0,,0,,0,,0
Signal-Android,2016-1,org.thoughtcrime.securesms.components.SwitchPreferenceCompat,top_level,1,16,0,1,0,,,0,,0,,0,,0,,0,,0
Signal-Android,2016-1,org.thoughtcrime.securesms.components.AlertView,top_level,3,33,0,3,1,4,0,1,0,1,0,1,0,1,4,1,0,1
Signal-Android,2016-1,org.thoughtcrime.securesms.components.TransferControlView,top_level,8,101,0,6,1,6,0,1,0,1,0,1,0,1,6,1,0,1
Signal-Android,2016-1,org.thoughtcrime.securesms.components.RemovableMediaView,top_level,1,31,0,1,1,1,0,1,0,1,0,1,0,1,1,1,0,1
Signal-Android,2016-1,org.thoughtcrime.securesms.components.SendButton,top_level,2,56,0,2,1,3,0,1,0,1,0,1,0,1,3,1,0,1
Signal-Android,2016-1,org.thoughtcrime.securesms.components.DeliveryStatusView,top_level,4,47,0,4,0,,,0,,0,,0,,0,,0,,0
Signal-Android,2016-1,org.thoughtcrime.securesms.components.AttachmentTypeSelector,top_level,3,158,0,2,1,16,0,1,0,1,0,1,0,1,16,1,0,1
Signal-Android,2016-1,org.thoughtcrime.securesms.components.ImageDivet,top_level,6,62,0,5,1,5,0,1,0,1,0,1,0,1,5,1,0,1
Signal-Android,2016-1,org.thoughtcrime.securesms.components.HidingLinearLayout,top_level,7,39,0,3,0,,,0,,0,,0,,0,,0,,0
Signal-Android,2016-1,org.thoughtcrime.securesms.components.CustomDefaultPreference,top_level,7,124,0,4,1,5,0,1,0,1,0,1,0,1,5,1,0,1
Signal-Android,2016-1,org.thoughtcrime.securesms.components.ZoomingImageView,top_level,0,18,0,0,1,1,0,1,0,1,0,1,0,1,0,1,0,1
Signal-Android,2016-1,org.thoughtcrime.securesms.components.SquareLinearLayout,top_level,1,16,0,1,0,,,0,,0,,0,,0,,0,,0
Signal-Android,2016-1,org.thoughtcrime.securesms.components.SingleRecipientPanel,top_level,6,79,0,5,1,6,0,1,0,1,0,1,0,1,6,1,0,1
Signal-Android,2016-1,org.thoughtcrime.securesms.components.RatingManager,top_level,0,45,0,0,1,5,0,1,0,1,0,1,0,1,4,1,0,1
Signal-Android,2016-1,org.thoughtcrime.securesms.components.ThumbnailView,top_level,10,106,0,6,1,16,0,1,0,1,0,1,0,1,16,1,0,1
Signal-Android,2016-1,org.thoughtcrime.securesms.components.InputAwareLayout,top_level,5,51,0,4,1,2,0,1,0,1,0,1,0,1,2,1,0,1
Signal-Android,2016-1,org.thoughtcrime.securesms.components.ContactFilterToolbar,top_level,7,99,0,5,1,10,0,1,0,1,0,1,0,1,5,1,0,1
Signal-Android,2016-1,org.thoughtcrime.securesms.components.MicrophoneRecorderView,top_level,5,110,0,3,1,2,0,1,0,1,0,1,0,1,1,1,0,1
Signal-Android,2016-1,org.thoughtcrime.securesms.components.RepeatableImageKey,top_level,4,56,0,3,1,1,0,1,0,1,0,1,0,1,0,1,0,1
Signal-Android,2016-1,org.thoughtcrime.securesms.components.BubbleDrawableBuilder,top_level,10,43,0,6,1,2,0,1,0,1,0,1,0,1,2,1,0,1
Signal-Android,2016-1,org.thoughtcrime.securesms.database.ThreadDatabase,top_level,29,366,0,14,1,34,0,1,0,1,0,1,0,1,33,1,0,1
Signal-Android,2016-1,org.thoughtcrime.securesms.database.MmsDatabase,top_level,35,703,0,24,1,111,0,1,0,1,0,1,0,1,88,1,1,1
Signal-Android,2016-1,org.thoughtcrime.securesms.database.SmsDatabase,top_level,37,435,0,27,1,60,0,1,0,1,0,1,0,1,48,1,1,1
Signal-Android,2016-1,org.thoughtcrime.securesms.database.ApnDatabase,top_level,0,98,0,0,1,3,0,1,0,1,0,1,0,1,2,1,0,1
Signal-Android,2016-1,org.thoughtcrime.securesms.database.IdentityDatabase,top_level,1,81,0,1,1,5,0,1,0,1,0,1,0,1,5,1,0,1
Signal-Android,2016-1,org.thoughtcrime.securesms.database.NoSuchMessageException,top_level,0,3,0,0,0,,,0,,0,,0,,0,,0,,0
Signal-Android,2016-1,org.thoughtcrime.securesms.database.Database,top_level,2,22,0,2,1,2,0,1,0,1,0,1,0,1,2,1,0,1
Signal-Android,2016-1,org.thoughtcrime.securesms.database.NoExternalStorageException,top_level,1,8,0,1,0,,,0,,0,,0,,0,,0,,0
Signal-Android,2016-1,org.thoughtcrime.securesms.database.MmsAddresses,top_level,0,29,0,0,0,,,0,,0,,0,,0,,0,,0
Signal-Android,2016-1,org.thoughtcrime.securesms.database.CanonicalSessionMigrator,top_level,0,29,0,0,1,7,0,1,0,1,0,1,0,1,6,1,0,1
Signal-Android,2016-1,org.thoughtcrime.securesms.database.EarlyReceiptCache,top_level,0,31,0,0,0,,,0,,0,,0,,0,,0,,0
Signal-Android,2016-1,org.thoughtcrime.securesms.database.PlaintextBackupExporter,top_level,2,34,0,0,1,9,0,1,0,1,0,1,0,1,8,1,0,1
Signal-Android,2016-1,org.thoughtcrime.securesms.database.MmsAddressDatabase,top_level,2,76,0,2,1,8,0,1,0,1,0,1,0,1,8,1,0,1
Signal-Android,2016-1,org.thoughtcrime.securesms.database.PushDatabase,top_level,1,97,0,1,1,3,0,1,0,1,0,1,0,1,3,1,0,1
Signal-Android,2016-1,org.thoughtcrime.securesms.database.EncryptedBackupExporter,top_level,6,58,0,0,1,9,0,1,0,1,0,1,0,1,8,1,0,1
Signal-Android,2016-1,org.thoughtcrime.securesms.database.GroupDatabase,top_level,9,210,0,7,1,7,1,1,0,1,0,1,0,1,6,1,0,1
Signal-Android,2016-1,org.thoughtcrime.securesms.database.CursorRecyclerViewAdapter<VH>,top_level,19,113,0,10,0,,,0,,0,,0,,0,,0,,0
Signal-Android,2016-1,org.thoughtcrime.securesms.database.RecipientPreferenceDatabase,top_level,0,134,0,0,1,5,1,1,0,1,0,1,0,1,4,1,0,1
Signal-Android,2016-1,org.thoughtcrime.securesms.database.ContentValuesBuilder,top_level,0,19,0,0,0,,,0,,0,,0,,0,,0,,0
Signal-Android,2016-1,org.thoughtcrime.securesms.database.DatabaseFactory,top_level,0,537,0,0,1,82,0,1,2,1,0,1,0,1,59,1,1,1
Signal-Android,2016-1,org.thoughtcrime.securesms.database.NotInDirectoryException,top_level,0,1,0,0,0,,,0,,0,,0,,0,,0,,0
Signal-Android,2016-1,org.thoughtcrime.securesms.database.TextSecureDirectory,top_level,0,163,0,0,1,3,0,1,0,1,0,1,0,1,2,1,0,1
Signal-Android,2016-1,org.thoughtcrime.securesms.database.EncryptingSmsDatabase,top_level,0,113,0,0,1,17,0,1,0,1,0,1,0,1,17,1,0,1
Signal-Android,2016-1,org.thoughtcrime.securesms.database.DraftDatabase,top_level,2,97,0,2,1,4,1,1,0,1,0,1,0,1,3,1,0,1
Signal-Android,2016-1,org.thoughtcrime.securesms.database.MmsSmsColumns,top_level,0,142,0,0,1,1,0,1,0,1,0,1,0,1,0,1,0,1
Signal-Android,2016-1,org.thoughtcrime.securesms.database.XmlBackup,top_level,15,139,0,1,1,24,1,1,0,1,0,1,0,1,17,1,0,1
Signal-Android,2016-1,org.thoughtcrime.securesms.database.MessagingDatabase,top_level,0,93,0,0,1,9,0,1,0,1,0,1,0,1,8,1,0,1
Signal-Android,2016-1,org.thoughtcrime.securesms.database.MmsSmsDatabase,top_level,1,207,0,1,1,14,0,1,1,1,0,1,0,1,12,1,0,1
Signal-Android,2016-1,org.thoughtcrime.securesms.database.ImageDatabase,top_level,0,65,0,0,0,,,0,,0,,0,,0,,0,,0
Signal-Android,2016-1,org.thoughtcrime.securesms.database.PlaintextBackupImporter,top_level,4,74,0,0,1,21,0,1,0,1,0,1,0,1,20,1,0,1
Signal-Android,2016-1,org.thoughtcrime.securesms.database.PduHeadersBuilder,top_level,0,32,0,0,1,4,0,1,0,1,0,1,0,1,4,1,0,1
Signal-Android,2016-1,org.thoughtcrime.securesms.database.CanonicalAddressDatabase,top_level,7,130,0,2,1,9,0,1,0,1,0,1,0,1,9,1,0,1
Signal-Android,2016-1,org.thoughtcrime.securesms.database.AttachmentDatabase,top_level,8,317,0,2,1,40,0,1,0,1,0,1,0,1,39,1,0,1
Signal-Android,2016-1,org.thoughtcrime.securesms.database.SmsMigrator,top_level,0,157,0,0,1,12,0,1,0,1,0,1,0,1,11,1,0,1
Signal-Android,2016-1,ws.com.google.android.mms.pdu.PduComposer,top_level,114,516,0,18,1,50,0,1,2,1,0,1,0,1,18,1,1,1
Signal-Android,2016-1,ws.com.google.android.mms.pdu.PduHeaders,top_level,100,405,0,9,1,26,0,1,1,1,0,1,0,1,3,1,0,1
Signal-Android,2016-1,ws.com.google.android.mms.pdu.PduPart,top_level,33,141,0,19,1,7,0,1,0,1,0,1,0,1,0,1,0,1
Signal-Android,2016-1,ws.com.google.android.mms.pdu.PduParser,top_level,29,989,0,1,1,107,0,1,5,1,0,1,0,1,16,1,1,1
Signal-Android,2016-1,ws.com.google.android.mms.pdu.DeliveryInd,top_level,7,22,0,7,0,,,0,,0,,0,,0,,0,,0
Signal-Android,2016-1,ws.com.google.android.mms.pdu.RetrieveConf,top_level,15,48,0,15,0,,,0,,0,,0,,0,,0,,0
Signal-Android,2016-1,ws.com.google.android.mms.pdu.SendConf,top_level,7,18,0,7,0,,,0,,0,,0,,0,,0,,0
Signal-Android,2016-1,ws.com.google.android.mms.pdu.NotifyRespInd,top_level,7,23,0,7,0,,,0,,0,,0,,0,,0,,0
Signal-Android,2016-1,ws.com.google.android.mms.pdu.ReadOrigInd,top_level,7,26,0,7,0,,,0,,0,,0,,0,,0,,0
Signal-Android,2016-1,ws.com.google.android.mms.pdu.PduContentTypes,top_level,0,86,0,0,0,,,0,,0,,0,,0,,0,,0
Signal-Android,2016-1,ws.com.google.android.mms.pdu.SendReq,top_level,17,72,0,16,1,2,0,1,0,1,0,1,0,1,1,1,0,1
Signal-Android,2016-1,ws.com.google.android.mms.pdu.EncodedStringValue,top_level,14,116,0,7,0,,,0,,0,,0,,0,,0,,0
Signal-Android,2016-1,ws.com.google.android.mms.pdu.AcknowledgeInd,top_level,5,17,0,5,0,,,0,,0,,0,,0,,0,,0
Signal-Android,2016-1,ws.com.google.android.mms.pdu.NotificationInd,top_level,16,44,0,16,0,,,0,,0,,0,,0,,0,,0
Signal-Android,2016-1,ws.com.google.android.mms.pdu.MultimediaMessagePdu,top_level,5,29,0,5,0,,,0,,0,,0,,0,,0,,0
Signal-Android,2016-1,ws.com.google.android.mms.pdu.GenericPdu,top_level,5,20,0,5,0,,,0,,0,,0,,0,,0,,0
Signal-Android,2016-1,ws.com.google.android.mms.pdu.QuotedPrintable,top_level,9,24,0,0,1,2,0,1,0,1,0,1,0,1,0,1,0,1
Signal-Android,2016-1,ws.com.google.android.mms.pdu.CharacterSets,top_level,1,96,0,1,1,1,0,1,0,1,0,1,0,1,0,1,0,1
Signal-Android,2016-1,ws.com.google.android.mms.pdu.ReadRecInd,top_level,6,31,0,6,0,,,0,,0,,0,,0,,0,,0
Signal-Android,2016-1,ws.com.google.android.mms.pdu.PduBody,top_level,3,56,0,3,1,7,0,1,0,1,0,1,0,1,0,1,0,1
Signal-Android,2016-1,ws.com.google.android.mms.pdu.Base64,top_level,15,68,0,0,1,2,0,1,0,1,0,1,0,1,0,1,0,1
Signal-Android,2016-1,ws.com.google.android.mms.MmsException,top_level,1,10,0,1,0,,,0,,0,,0,,0,,0,,0
Signal-Android,2016-1,ws.com.google.android.mms.InvalidHeaderValueException,top_level,1,6,0,1,0,,,0,,0,,0,,0,,0,,0
Signal-Android,2016-1,ws.com.google.android.mms.ContentType,top_level,1,153,0,1,1,1,0,1,0,1,0,1,0,1,0,1,0,1
Signal-Android,2016-1,org.thoughtcrime.securesms.mms.OutgoingLollipopMmsConnection,top_level,0,34,0,0,1,4,0,1,0,1,0,1,0,1,4,1,0,1
Signal-Android,2016-1,org.thoughtcrime.securesms.mms.Slide,top_level,9,60,0,9,1,8,0,1,0,1,0,1,0,1,8,1,0,1
Signal-Android,2016-1,org.thoughtcrime.securesms.mms.MediaConstraints,top_level,4,38,0,4,1,2,0,1,0,1,0,1,2,1,0,1,0,1
Signal-Android,2016-1,org.thoughtcrime.securesms.mms.MmsRadio,top_level,18,78,0,6,1,7,0,1,0,1,0,1,0,1,4,1,0,1
Signal-Android,2016-1,org.thoughtcrime.securesms.mms.MmsSendResult,top_level,3,10,0,3,0,,,0,,0,,0,,0,,0,,0
Signal-Android,2016-1,org.thoughtcrime.securesms.mms.SlideClickListener,top_level,1,2,0,0,0,,,0,,0,,0,,0,,0,,0
Signal-Android,2016-1,org.thoughtcrime.securesms.mms.PushMediaConstraints,top_level,4,23,0,4,0,,,0,,0,,0,,0,,0,,0
Signal-Android,2016-1,org.thoughtcrime.securesms.mms.OutgoingLegacyMmsConnection,top_level,8,80,0,2,1,6,0,1,0,1,0,1,0,1,6,1,0,1
Signal-Android,2016-1,org.thoughtcrime.securesms.mms.RoundedCorners,top_level,0,52,0,0,1,2,0,1,0,1,0,1,0,1,2,1,0,1
Signal-Android,2016-1,org.thoughtcrime.securesms.mms.OutgoingSecureMediaMessage,top_level,1,11,0,1,0,,,0,,0,,0,,0,,0,,0
Signal-Android,2016-1,org.thoughtcrime.securesms.mms.PartParser,top_level,0,41,0,0,1,7,0,1,0,1,0,1,0,1,5,1,0,1
Signal-Android,2016-1,org.thoughtcrime.securesms.mms.ImageSlide,top_level,1,14,0,1,0,,,0,,0,,0,,0,,0,,0
Signal-Android,2016-1,org.thoughtcrime.securesms.mms.IncomingMediaMessage,top_level,3,50,0,3,0,,,0,,0,,0,,0,,0,,0
Signal-Android,2016-1,org.thoughtcrime.securesms.mms.PartUriParser,top_level,2,10,0,2,1,1,0,1,0,1,0,1,0,1,1,1,0,1
Signal-Android,2016-1,org.thoughtcrime.securesms.mms.AttachmentManager,top_level,4,209,0,3,1,10,0,1,0,1,0,1,0,1,7,1,0,1
Signal-Android,2016-1,org.thoughtcrime.securesms.mms.MediaNotFoundException,top_level,1,8,0,1,0,,,0,,0,,0,,0,,0,,0
Signal-Android,2016-1,org.thoughtcrime.securesms.mms.IncomingMmsConnection,top_level,1,2,0,0,0,,,0,,0,,0,,0,,0,,0
Signal-Android,2016-1,org.thoughtcrime.securesms.mms.DecryptableStreamUriLoader,top_level,0,28,0,0,0,,,0,,0,,0,,0,,0,,0
Signal-Android,2016-1,org.thoughtcrime.securesms.mms.CompatMmsConnection,top_level,0,32,0,0,1,1,0,1,0,1,0,1,0,1,0,1,0,1
Signal-Android,2016-1,org.thoughtcrime.securesms.mms.ApnUnavailableException,top_level,1,8,0,1,0,,,0,,0,,0,,0,,0,,0
Signal-Android,2016-1,org.thoughtcrime.securesms.mms.VideoSlide,top_level,3,23,0,3,0,,,0,,0,,0,,0,,0,,0
Signal-Android,2016-1,org.thoughtcrime.securesms.mms.LollipopMmsConnection,top_level,5,34,0,3,1,2,0,1,0,1,0,1,0,1,2,1,0,1
Signal-Android,2016-1,org.thoughtcrime.securesms.mms.OutgoingMmsConnection,top_level,1,2,0,0,0,,,0,,0,,0,,0,,0,,0
Signal-Android,2016-1,org.thoughtcrime.securesms.mms.DecryptableStreamLocalUriFetcher,top_level,0,15,0,0,1,2,0,1,0,1,0,1,0,1,0,1,0,1
Signal-Android,2016-1,org.thoughtcrime.securesms.mms.MmsMediaConstraints,top_level,4,22,0,4,0,,,0,,0,,0,,0,,0,,0
Signal-Android,2016-1,org.thoughtcrime.securesms.mms.LocationSlide,top_level,1,16,0,1,0,,,0,,0,,0,,0,,0,,0
Signal-Android,2016-1,org.thoughtcrime.securesms.mms.ContactPhotoLocalUriFetcher,top_level,0,11,0,0,1,2,0,1,0,1,0,1,0,1,2,1,0,1
Signal-Android,2016-1,org.thoughtcrime.securesms.mms.AttachmentStreamUriLoader,top_level,0,28,0,0,1,1,0,1,0,1,0,1,0,1,0,1,0,1
Signal-Android,2016-1,org.thoughtcrime.securesms.mms.OutgoingMediaMessage,top_level,5,47,0,5,1,1,1,1,0,1,0,1,0,1,0,1,0,1
Signal-Android,2016-1,org.thoughtcrime.securesms.mms.LegacyMmsConnection,top_level,1,152,0,1,1,21,1,1,0,1,0,1,1,1,16,1,0,1
Signal-Android,2016-1,org.thoughtcrime.securesms.mms.MediaTooLargeException,top_level,1,8,0,1,0,,,0,,0,,0,,0,,0,,0
Signal-Android,2016-1,org.thoughtcrime.securesms.mms.AttachmentTypeSelectorAdapter,top_level,1,49,0,1,1,8,0,1,0,1,0,1,0,1,8,1,0,1
Signal-Android,2016-1,org.thoughtcrime.securesms.mms.PartAuthority,top_level,0,53,0,0,1,6,0,1,0,1,0,1,0,1,5,1,0,1
Signal-Android,2016-1,org.thoughtcrime.securesms.mms.OutgoingGroupMediaMessage,top_level,3,28,0,3,1,2,0,1,0,1,0,1,0,1,2,1,0,1
Signal-Android,2016-1,org.thoughtcrime.securesms.mms.AttachmentStreamLocalUriFetcher,top_level,4,20,0,2,1,2,0,1,0,1,0,1,0,1,0,1,0,1
Signal-Android,2016-1,org.thoughtcrime.securesms.mms.IncomingLollipopMmsConnection,top_level,0,35,0,0,1,5,0,1,0,1,0,1,0,1,5,1,0,1
Signal-Android,2016-1,org.thoughtcrime.securesms.mms.MediaStream,top_level,0,10,0,0,0,,,0,,0,,0,,0,,0,,0
Signal-Android,2016-1,org.thoughtcrime.securesms.mms.GifSlide,top_level,0,9,0,0,0,,,0,,0,,0,,0,,0,,0
Signal-Android,2016-1,org.thoughtcrime.securesms.mms.TextTransport,top_level,2,5,0,2,1,1,0,1,0,1,0,1,0,1,1,1,0,1
Signal-Android,2016-1,org.thoughtcrime.securesms.mms.MmsRadioException,top_level,0,3,0,0,0,,,0,,0,,0,,0,,0,,0
Signal-Android,2016-1,org.thoughtcrime.securesms.mms.ContactPhotoUriLoader,top_level,0,17,0,0,0,,,0,,0,,0,,0,,0,,0
Signal-Android,2016-1,org.thoughtcrime.securesms.mms.TextSecureGlideModule,top_level,0,13,0,0,0,,,0,,0,,0,,0,,0,,0
Signal-Android,2016-1,org.thoughtcrime.securesms.mms.AudioSlide,top_level,3,27,0,3,0,,,0,,0,,0,,0,,0,,0
Signal-Android,2016-1,org.thoughtcrime.securesms.mms.SlideDeck,top_level,7,45,0,3,1,2,0,1,0,1,0,1,0,1,2,1,0,1
Signal-Android,2016-1,org.thoughtcrime.securesms.mms.IncomingLegacyMmsConnection,top_level,2,68,0,1,1,4,0,1,0,1,0,1,0,1,4,1,0,1
Signal-Android,2016-1,org.thoughtcrime.securesms.jobs.MasterSecretDecryptJob,top_level,2,46,0,2,1,6,0,1,0,1,0,1,0,1,6,1,0,1
Signal-Android,2016-1,org.thoughtcrime.securesms.jobs.MasterSecretJob,top_level,1,18,0,1,1,1,0,1,0,1,0,1,0,1,0,1,0,1
Signal-Android,2016-1,org.thoughtcrime.securesms.jobs.MultiDeviceGroupUpdateJob,top_level,2,60,0,2,1,3,0,1,0,1,0,1,0,1,2,1,0,1
Signal-Android,2016-1,org.thoughtcrime.securesms.jobs.PushTextSendJob,top_level,4,63,0,2,1,7,0,1,0,1,0,1,0,1,6,1,0,1
Signal-Android,2016-1,org.thoughtcrime.securesms.jobs.SmsSentJob,top_level,3,52,0,3,1,5,0,1,0,1,0,1,0,1,5,1,0,1
Signal-Android,2016-1,org.thoughtcrime.securesms.jobs.SmsReceiveJob,top_level,7,52,0,3,1,3,0,1,0,1,0,1,0,1,3,1,0,1
Signal-Android,2016-1,org.thoughtcrime.securesms.jobs.MmsDownloadJob,top_level,5,116,0,2,1,20,0,1,0,1,0,1,0,1,14,1,0,1
Signal-Android,2016-1,org.thoughtcrime.securesms.jobs.PushContentReceiveJob,top_level,4,27,0,3,0,,,0,,0,,0,,0,,0,,0
Signal-Android,2016-1,org.thoughtcrime.securesms.jobs.PushSendJob,top_level,0,43,0,0,1,3,0,1,0,1,0,1,0,1,3,1,0,1
Signal-Android,2016-1,org.thoughtcrime.securesms.jobs.PushGroupSendJob,top_level,2,86,0,2,1,12,0,1,0,1,0,1,0,1,10,1,0,1
Signal-Android,2016-1,org.thoughtcrime.securesms.jobs.AttachmentDownloadJob,top_level,2,96,0,2,1,3,0,1,0,1,0,1,0,1,2,1,0,1
Signal-Android,2016-1,org.thoughtcrime.securesms.jobs.PushNotificationReceiveJob,top_level,3,24,0,3,0,,,0,,0,,0,,0,,0,,0
Signal-Android,2016-1,org.thoughtcrime.securesms.jobs.ContextJob,top_level,0,9,0,0,0,,,0,,0,,0,,0,,0,,0
Signal-Android,2016-1,org.thoughtcrime.securesms.jobs.AvatarDownloadJob,top_level,2,49,0,2,1,2,0,1,0,1,0,1,0,1,1,1,0,1
Signal-Android,2016-1,org.thoughtcrime.securesms.jobs.TrimThreadJob,top_level,4,23,0,3,1,1,0,1,0,1,0,1,0,1,1,1,0,1
Signal-Android,2016-1,org.thoughtcrime.securesms.jobs.RefreshAttributesJob,top_level,3,27,0,3,0,,,0,,0,,0,,0,,0,,0
Signal-Android,2016-1,org.thoughtcrime.securesms.jobs.MmsSendJob,top_level,2,119,0,2,1,7,0,1,0,1,0,1,0,1,6,1,0,1
Signal-Android,2016-1,org.thoughtcrime.securesms.jobs.GcmRefreshJob,top_level,7,47,0,4,1,2,0,1,0,1,0,1,0,1,1,1,0,1
Signal-Android,2016-1,org.thoughtcrime.securesms.jobs.PushDecryptJob,top_level,6,283,0,3,1,63,0,1,0,1,0,1,0,1,55,1,0,1
Signal-Android,2016-1,org.thoughtcrime.securesms.jobs.PushReceivedJob,top_level,0,41,0,0,1,5,0,1,0,1,0,1,0,1,5,1,0,1
Signal-Android,2016-1,org.thoughtcrime.securesms.jobs.PushMediaSendJob,top_level,2,73,0,2,1,9,0,1,0,1,0,1,0,1,7,1,0,1
Signal-Android,2016-1,org.thoughtcrime.securesms.jobs.CreateSignedPreKeyJob,top_level,2,28,0,2,1,1,0,1,0,1,0,1,0,1,0,1,0,1
Signal-Android,2016-1,org.thoughtcrime.securesms.jobs.MultiDeviceContactUpdateJob,top_level,2,89,0,2,1,9,0,1,0,1,0,1,0,1,7,1,0,1
Signal-Android,2016-1,org.thoughtcrime.securesms.jobs.SmsSendJob,top_level,2,102,0,2,1,12,0,1,0,1,0,1,0,1,9,1,0,1
Signal-Android,2016-1,org.thoughtcrime.securesms.jobs.CleanPreKeysJob,top_level,2,56,0,2,1,4,0,1,0,1,0,1,0,1,3,1,0,1
Signal-Android,2016-1,org.thoughtcrime.securesms.jobs.MmsReceiveJob,top_level,8,45,0,3,1,3,0,1,0,1,0,1,0,1,2,1,0,1
Signal-Android,2016-1,org.thoughtcrime.securesms.jobs.DeliveryReceiptJob,top_level,3,32,0,3,1,1,0,1,0,1,0,1,0,1,0,1,0,1
Signal-Android,2016-1,org.thoughtcrime.securesms.jobs.SendJob,top_level,0,34,0,0,1,1,0,1,0,1,0,1,0,1,0,1,0,1
Signal-Android,2016-1,org.thoughtcrime.securesms.jobs.RefreshPreKeysJob,top_level,2,37,0,2,1,2,0,1,0,1,0,1,0,1,1,1,0,1
Signal-Android,2016-1,org.thoughtcrime.securesms.jobs.DirectoryRefreshJob,top_level,5,36,0,3,1,2,0,1,0,1,0,1,0,1,1,1,0,1
Signal-Android,2016-1,org.thoughtcrime.redphone.ui.InCallAudioButton,top_level,12,102,0,3,1,20,0,1,0,1,0,1,0,1,13,1,0,1
Signal-Android,2016-1,org.thoughtcrime.redphone.ui.CallControls,top_level,10,114,0,9,1,7,0,1,0,1,0,1,0,1,6,1,0,1
Signal-Android,2016-1,org.thoughtcrime.redphone.ui.CallScreen,top_level,3,40,0,3,1,3,0,1,0,1,0,1,0,1,3,1,0,1
Signal-Android,2016-1,org.thoughtcrime.redphone.ui.NotificationBarManager,top_level,0,38,0,0,1,3,0,1,0,1,0,1,0,1,2,1,0,1
Signal-Android,2016-1,org.thoughtcrime.redphone.ui.CallCard,top_level,2,35,0,2,1,4,0,1,0,1,0,1,0,1,3,1,0,1
Signal-Android,2016-1,org.thoughtcrime.securesms.components.location.SignalPlace,top_level,1,37,0,1,0,,,0,,0,,0,,0,,0,,0
Signal-Android,2016-1,org.thoughtcrime.securesms.components.location.SignalMapView,top_level,0,50,0,0,1,2,0,1,0,1,0,1,0,1,2,1,0,1
Signal-Android,2016-1,org.thoughtcrime.redphone.signaling.signals.OpenPortSignal,top_level,1,14,0,1,0,,,0,,0,,0,,0,,0,,0
Signal-Android,2016-1,org.thoughtcrime.redphone.signaling.signals.C2DMUnregistrationSignal,top_level,0,12,0,0,0,,,0,,0,,0,,0,,0,,0
Signal-Android,2016-1,org.thoughtcrime.redphone.signaling.signals.CompressedInitiateSignalProtocol,top_level,1,494,0,1,1,31,0,1,0,1,0,1,0,1,25,1,1,1
Signal-Android,2016-1,org.thoughtcrime.redphone.signaling.signals.HangupSignal,top_level,0,14,0,0,0,,,0,,0,,0,,0,,0,,0
Signal-Android,2016-1,org.thoughtcrime.redphone.signaling.signals.Signal,top_level,0,41,0,0,0,,,0,,0,,0,,0,,0,,0
Signal-Android,2016-1,org.thoughtcrime.redphone.signaling.signals.InitiateSignal,top_level,0,17,0,0,0,,,0,,0,,0,,0,,0,,0
Signal-Android,2016-1,org.thoughtcrime.redphone.signaling.signals.BusySignal,top_level,0,14,0,0,0,,,0,,0,,0,,0,,0,,0
Signal-Android,2016-1,org.thoughtcrime.redphone.signaling.signals.C2DMRegistrationSignal,top_level,0,14,0,0,0,,,0,,0,,0,,0,,0,,0
Signal-Android,2016-1,org.thoughtcrime.redphone.signaling.signals.ServerSignal,top_level,4,21,0,4,1,1,0,1,0,1,0,1,0,1,0,1,0,1
Signal-Android,2016-1,org.thoughtcrime.redphone.signaling.signals.RingingSignal,top_level,0,14,0,0,0,,,0,,0,,0,,0,,0,,0
Signal-Android,2016-1,org.thoughtcrime.securesms.dom.ElementImpl,top_level,2,67,0,2,1,13,0,1,0,1,0,1,0,1,1,1,0,1
Signal-Android,2016-1,org.thoughtcrime.securesms.dom.DocumentImpl,top_level,7,69,0,7,1,13,0,1,0,1,0,1,0,1,0,1,0,1
Signal-Android,2016-1,org.thoughtcrime.securesms.dom.AttrImpl,top_level,3,38,0,3,1,3,0,1,0,1,0,1,0,1,0,1,0,1
Signal-Android,2016-1,org.thoughtcrime.securesms.dom.NodeImpl,top_level,4,118,0,4,1,17,0,1,0,1,0,1,0,1,4,1,1,1
Signal-Android,2016-1,org.thoughtcrime.securesms.dom.NamedNodeMapImpl,top_level,1,35,0,1,1,6,0,1,0,1,0,1,0,1,1,1,0,1
Signal-Android,2016-1,org.thoughtcrime.securesms.dom.NodeListImpl,top_level,2,44,0,1,1,3,0,1,0,1,0,1,0,1,3,1,0,1
Signal-Android,2016-1,org.thoughtcrime.securesms.util.deque.LinkedBlockingDeque<E>,top_level,68,528,0,37,0,,,0,,0,,0,,0,,0,,0
Signal-Android,2016-1,org.thoughtcrime.securesms.util.deque.BlockingDeque<E>,top_level,29,36,0,18,0,,,0,,0,,0,,0,,0,,0
Signal-Android,2016-1,org.thoughtcrime.securesms.util.deque.Deque<E>,top_level,27,28,0,21,0,,,0,,0,,0,,0,,0,,0
Signal-Android,2016-1,"org.thoughtcrime.securesms.util.task.ProgressDialogAsyncTask<Params,Progress,Result>",top_level,4,21,0,2,0,,,0,,0,,0,,0,,0,,0
Signal-Android,2016-1,org.thoughtcrime.securesms.util.task.SnackbarAsyncTask<Params>,top_level,4,61,1,3,0,,,0,,0,,0,,0,,0,,0
Signal-Android,2016-1,org.thoughtcrime.securesms.util.concurrent.SettableFuture<T>,top_level,13,60,1,6,0,,,0,,0,,0,,0,,0,,0
Signal-Android,2016-1,org.thoughtcrime.securesms.util.concurrent.AssertedSuccessListener<T>,top_level,0,4,0,0,0,,,0,,0,,0,,0,,0,,0
Signal-Android,2016-1,org.thoughtcrime.securesms.util.concurrent.ListenableFuture<T>,top_level,1,5,0,1,0,,,0,,0,,0,,0,,0,,0
Signal-Android,2016-1,org.thoughtcrime.redphone.pstn.IncomingPstnCallListener,top_level,0,26,0,0,1,7,0,1,0,1,0,1,0,1,7,1,0,1
Signal-Android,2016-1,org.thoughtcrime.redphone.pstn.CallStateView,top_level,1,2,0,1,0,,,0,,0,,0,,0,,0,,0
Signal-Android,2016-1,org.thoughtcrime.securesms.crypto.PRNGFixes,top_level,21,145,0,1,1,20,0,1,0,1,0,1,0,1,14,1,0,1
Signal-Android,2016-1,org.thoughtcrime.securesms.crypto.DecryptingPartInputStream,top_level,24,131,0,7,1,4,0,1,0,1,0,1,0,1,3,1,0,1
Signal-Android,2016-1,org.thoughtcrime.securesms.crypto.InvalidPassphraseException,top_level,1,9,0,1,0,,,0,,0,,0,,0,,0,,0
Signal-Android,2016-1,org.thoughtcrime.securesms.crypto.EncryptingPartOutputStream,top_level,7,54,0,3,1,3,0,1,0,1,0,1,0,1,3,1,0,1
Signal-Android,2016-1,org.thoughtcrime.securesms.crypto.MasterSecretUtil,top_level,5,208,0,0,1,39,0,1,0,1,0,1,0,1,36,1,1,1
Signal-Android,2016-1,org.thoughtcrime.securesms.crypto.MasterSecretUnion,top_level,0,13,0,0,0,,,0,,0,,0,,0,,0,,0
Signal-Android,2016-1,org.thoughtcrime.securesms.crypto.PreKeyUtil,top_level,0,103,0,0,1,7,0,1,0,1,0,1,0,1,6,1,0,1
Signal-Android,2016-1,org.thoughtcrime.securesms.crypto.AsymmetricMasterSecret,top_level,0,10,0,0,0,,,0,,0,,0,,0,,0,,0
Signal-Android,2016-1,org.thoughtcrime.securesms.crypto.IdentityKeyParcelable,top_level,1,27,0,1,1,1,0,1,0,1,0,1,0,1,1,1,0,1
Signal-Android,2016-1,org.thoughtcrime.securesms.crypto.SecurityEvent,top_level,0,6,0,0,1,1,0,1,0,1,0,1,0,1,0,1,0,1
Signal-Android,2016-1,org.thoughtcrime.securesms.crypto.AsymmetricMasterCipher,top_level,6,53,0,3,1,5,0,1,0,1,0,1,0,1,5,1,0,1
Signal-Android,2016-1,org.thoughtcrime.securesms.crypto.MediaKey,top_level,0,14,0,0,1,4,0,1,0,1,0,1,0,1,3,1,0,1
Signal-Android,2016-1,org.thoughtcrime.securesms.crypto.PublicKey,top_level,10,40,0,8,1,1,0,1,0,1,0,1,0,1,1,1,0,1
Signal-Android,2016-1,org.thoughtcrime.securesms.crypto.MasterCipher,top_level,4,101,0,2,1,1,0,1,0,1,0,1,0,1,1,1,0,1
Signal-Android,2016-1,org.thoughtcrime.securesms.crypto.IdentityKeyUtil,top_level,0,67,0,0,1,17,0,1,0,1,0,1,0,1,16,1,0,1
Signal-Android,2016-1,org.thoughtcrime.securesms.crypto.MasterSecret,top_level,2,48,0,2,1,9,0,1,0,1,0,1,0,1,9,1,0,1
Signal-Android,2016-1,org.thoughtcrime.securesms.crypto.SessionUtil,top_level,0,7,0,0,1,1,0,1,0,1,0,1,0,1,0,1,0,1
Signal-Android,2016-1,org.thoughtcrime.securesms.events.PartProgressEvent,top_level,0,8,0,0,0,,,0,,0,,0,,0,,0,,0
Signal-Android,2016-1,org.thoughtcrime.securesms.events.RedPhoneEvent,top_level,1,32,0,1,0,,,0,,0,,0,,0,,0,,0
Signal-Android,2016-1,org.thoughtcrime.securesms.dom.smil.ElementTimeImpl,top_level,48,166,0,15,1,34,0,1,0,1,0,1,0,1,25,1,0,1
Signal-Android,2016-1,org.thoughtcrime.securesms.dom.smil.SmilRegionElementImpl,top_level,34,168,0,10,0,,,0,,0,,0,,0,,0,,0
Signal-Android,2016-1,org.thoughtcrime.securesms.dom.smil.SmilLayoutElementImpl,top_level,1,23,0,1,1,4,0,1,0,1,0,1,0,1,4,1,0,1
Signal-Android,2016-1,org.thoughtcrime.securesms.dom.smil.TimeListImpl,top_level,1,12,0,1,0,,,0,,0,,0,,0,,0,,0
Signal-Android,2016-1,org.thoughtcrime.securesms.dom.smil.SmilDocumentImpl,top_level,18,130,0,18,1,30,0,1,0,1,0,1,0,1,16,1,0,1
Signal-Android,2016-1,org.thoughtcrime.securesms.dom.smil.SmilMediaElementImpl,top_level,17,169,0,17,1,45,0,1,0,1,0,1,0,1,20,1,1,1
Signal-Android,2016-1,org.thoughtcrime.securesms.dom.smil.ElementTimeContainerImpl,top_level,0,4,0,0,0,,,0,,0,,0,,0,,0,,0
Signal-Android,2016-1,org.thoughtcrime.securesms.dom.smil.SmilElementImpl,top_level,0,6,0,0,1,1,0,1,0,1,0,1,0,1,0,1,0,1
Signal-Android,2016-1,org.thoughtcrime.securesms.dom.smil.SmilRefElementImpl,top_level,0,4,0,0,0,,,0,,0,,0,,0,,0,,0
Signal-Android,2016-1,org.thoughtcrime.securesms.dom.smil.SmilRegionMediaElementImpl,top_level,0,18,0,0,1,6,0,1,0,1,0,1,0,1,6,1,0,1
Signal-Android,2016-1,org.thoughtcrime.securesms.dom.smil.ElementSequentialTimeContainerImpl,top_level,4,23,0,1,1,4,0,1,0,1,0,1,0,1,4,1,0,1
Signal-Android,2016-1,org.thoughtcrime.securesms.dom.smil.SmilParElementImpl,top_level,19,89,0,19,1,18,0,1,0,1,0,1,0,1,9,1,0,1
Signal-Android,2016-1,org.thoughtcrime.securesms.dom.smil.SmilRootLayoutElementImpl,top_level,4,33,0,4,1,4,0,1,0,1,0,1,0,1,0,1,0,1
Signal-Android,2016-1,org.thoughtcrime.securesms.dom.smil.ElementParallelTimeContainerImpl,top_level,9,76,0,2,1,24,0,1,0,1,0,1,0,1,20,1,0,1
Signal-Android,2016-1,org.thoughtcrime.securesms.dom.smil.TimeImpl,top_level,7,102,0,7,0,,,0,,0,,0,,0,,0,,0
Signal-Android,2016-1,org.thoughtcrime.securesms.notifications.FailedNotificationBuilder,top_level,0,12,0,0,0,,,0,,0,,0,,0,,0,,0
Signal-Android,2016-1,org.thoughtcrime.securesms.notifications.AbstractNotificationBuilder,top_level,0,33,0,0,1,2,0,1,0,1,0,1,0,1,2,1,0,1
Signal-Android,2016-1,org.thoughtcrime.securesms.notifications.NotificationState,top_level,3,53,0,3,1,5,0,1,0,1,0,1,0,1,5,1,0,1
Signal-Android,2016-1,org.thoughtcrime.securesms.notifications.NotificationItem,top_level,2,39,0,2,1,2,1,1,0,1,0,1,0,1,1,1,0,1
Signal-Android,2016-1,org.thoughtcrime.securesms.notifications.WearReplyReceiver,top_level,0,28,0,0,1,2,0,1,0,1,0,1,0,1,2,1,0,1
Signal-Android,2016-1,org.thoughtcrime.securesms.notifications.MasterSecretBroadcastReceiver,top_level,0,5,0,0,0,,,0,,0,,0,,0,,0,,0
Signal-Android,2016-1,org.thoughtcrime.securesms.notifications.SingleRecipientNotificationBuilder,top_level,1,129,0,1,1,14,0,1,0,1,0,1,0,1,14,1,0,1
Signal-Android,2016-1,org.thoughtcrime.securesms.notifications.MultipleRecipientNotificationBuilder,top_level,1,41,0,1,1,1,0,1,0,1,0,1,0,1,1,1,0,1
Signal-Android,2016-1,org.thoughtcrime.securesms.notifications.MarkReadReceiver,top_level,0,23,0,0,1,1,0,1,0,1,0,1,0,1,1,1,0,1
Signal-Android,2016-1,org.thoughtcrime.securesms.notifications.MessageNotifier,top_level,1,238,0,0,1,63,0,1,0,1,0,1,0,1,56,1,1,1
Signal-Android,2016-1,org.thoughtcrime.redphone.util.multiwaveview.MultiWaveView,top_level,108,599,0,39,1,50,0,1,0,1,0,1,0,1,28,1,1,1
Signal-Android,2016-1,org.thoughtcrime.redphone.util.multiwaveview.TargetDrawable,top_level,23,93,0,16,1,3,0,1,0,1,0,1,0,1,2,1,0,1
Signal-Android,2016-1,org.thoughtcrime.redphone.util.multiwaveview.Tweener,top_level,3,99,0,0,1,18,0,1,0,1,0,1,0,1,11,1,0,1
Signal-Android,2016-1,org.thoughtcrime.redphone.util.multiwaveview.Ease,top_level,0,83,0,0,0,,,0,,0,,0,,0,,0,,0
Signal-Android,2016-1,org.thoughtcrime.securesms.contacts.avatars.GeneratedContactPhoto,top_level,0,26,0,0,1,8,0,1,0,1,0,1,0,1,8,1,0,1
Signal-Android,2016-1,org.thoughtcrime.securesms.contacts.avatars.ContactPhoto,top_level,3,4,0,0,0,,,0,,0,,0,,0,,0,,0
Signal-Android,2016-1,org.thoughtcrime.securesms.contacts.avatars.ContactColors,top_level,0,4,0,0,1,3,0,1,0,1,0,1,0,1,2,1,0,1
Signal-Android,2016-1,org.thoughtcrime.securesms.contacts.avatars.TransparentContactPhoto,top_level,1,11,0,1,1,2,0,1,0,1,0,1,0,1,2,1,0,1
Signal-Android,2016-1,org.thoughtcrime.securesms.contacts.avatars.ResourceContactPhoto,top_level,1,27,0,1,1,4,0,1,0,1,0,1,0,1,4,1,0,1
Signal-Android,2016-1,org.thoughtcrime.securesms.contacts.avatars.ContactPhotoFactory,top_level,0,25,0,0,1,2,0,1,0,1,0,1,0,1,1,1,0,1
Signal-Android,2016-1,org.thoughtcrime.securesms.contacts.avatars.BitmapContactPhoto,top_level,0,15,0,0,1,2,0,1,0,1,0,1,0,1,2,1,0,1
Signal-Android,2016-1,org.thoughtcrime.securesms.dom.events.EventImpl,top_level,11,54,0,11,0,,,0,,0,,0,,0,,0,,0
Signal-Android,2016-1,org.thoughtcrime.securesms.dom.events.EventTargetImpl,top_level,0,54,0,0,1,18,0,1,0,1,0,1,0,1,13,1,0,1
Signal-Android,2016-1,org.thoughtcrime.securesms.groups.GroupMessageProcessor,top_level,0,126,0,0,1,44,0,1,0,1,0,1,0,1,42,1,0,1
Signal-Android,2016-1,org.thoughtcrime.securesms.groups.GroupManager,top_level,0,67,0,0,1,6,0,1,0,1,0,1,0,1,3,1,0,1
Signal-Android,2016-1,org.thoughtcrime.securesms.transport.InsecureFallbackApprovalException,top_level,0,5,0,0,0,,,0,,0,,0,,0,,0,,0
Signal-Android,2016-1,org.thoughtcrime.securesms.transport.UndeliverableMessageException,top_level,1,8,0,1,0,,,0,,0,,0,,0,,0,,0
Signal-Android,2016-1,org.thoughtcrime.securesms.transport.RetryLaterException,top_level,0,3,0,0,0,,,0,,0,,0,,0,,0,,0
Signal-Android,2016-1,org.thoughtcrime.securesms.components.emoji.EmojiFilter,top_level,0,12,0,0,1,1,0,1,0,1,0,1,0,1,0,1,0,1
Signal-Android,2016-1,org.thoughtcrime.securesms.components.emoji.AnimatingImageSpan,top_level,0,4,0,0,0,,,0,,0,,0,,0,,0,,0
Signal-Android,2016-1,org.thoughtcrime.securesms.components.emoji.EmojiDrawer,top_level,12,104,0,8,1,7,0,1,0,1,0,1,0,1,4,1,0,1
Signal-Android,2016-1,org.thoughtcrime.securesms.components.emoji.RecentEmojiPageModel,top_level,3,55,0,3,1,4,0,1,0,1,0,1,0,1,4,1,0,1
Signal-Android,2016-1,org.thoughtcrime.securesms.components.emoji.EmojiProvider,top_level,0,152,0,0,1,6,0,1,0,1,0,1,0,1,2,1,0,1
Signal-Android,2016-1,org.thoughtcrime.securesms.components.emoji.EmojiPages,top_level,0,156,0,0,0,,,0,,0,,0,,0,,0,,0
Signal-Android,2016-1,org.thoughtcrime.securesms.components.emoji.EmojiView,top_level,1,40,0,1,1,1,0,1,0,1,0,1,0,1,1,1,0,1
Signal-Android,2016-1,org.thoughtcrime.securesms.components.emoji.EmojiSpan,top_level,0,19,0,0,0,,,0,,0,,0,,0,,0,,0
Signal-Android,2016-1,org.thoughtcrime.securesms.components.emoji.EmojiPageModel,top_level,5,6,0,3,0,,,0,,0,,0,,0,,0,,0
Signal-Android,2016-1,org.thoughtcrime.securesms.components.emoji.EmojiEditText,top_level,0,18,0,0,1,1,0,1,0,1,0,1,0,1,1,1,0,1
Signal-Android,2016-1,org.thoughtcrime.securesms.components.emoji.EmojiPageView,top_level,5,57,0,2,1,4,0,1,0,1,0,1,0,1,3,1,0,1
Signal-Android,2016-1,org.thoughtcrime.securesms.components.emoji.StaticEmojiPageModel,top_level,3,18,0,3,0,,,0,,0,,0,,0,,0,,0
Signal-Android,2016-1,org.thoughtcrime.securesms.components.emoji.EmojiToggle,top_level,5,30,0,5,1,4,0,1,0,1,0,1,0,1,4,1,0,1
Signal-Android,2016-1,org.thoughtcrime.securesms.components.emoji.EmojiTextView,top_level,11,40,0,3,1,3,0,1,0,1,0,1,0,1,3,1,0,1
Signal-Android,2016-1,org.thoughtcrime.securesms.recipients.Recipients,top_level,23,162,0,15,1,11,0,1,0,1,0,1,0,1,10,1,1,1
Signal-Android,2016-1,org.thoughtcrime.securesms.recipients.RecipientProvider,top_level,1,136,0,1,1,11,1,1,0,1,0,1,0,1,8,1,0,1
Signal-Android,2016-1,org.thoughtcrime.securesms.recipients.RecipientFactory,top_level,1,58,0,0,1,8,0,1,0,1,0,1,0,1,7,1,0,1
Signal-Android,2016-1,org.thoughtcrime.securesms.recipients.RecipientsFormatter,top_level,0,28,0,0,1,4,0,1,0,1,0,1,0,1,3,1,0,1
Signal-Android,2016-1,org.thoughtcrime.securesms.recipients.Recipient,top_level,10,95,0,8,1,1,0,1,0,1,0,1,0,1,0,1,0,1
Signal-Android,2016-1,org.thoughtcrime.securesms.recipients.RecipientFormattingException,top_level,1,9,0,1,0,,,0,,0,,0,,0,,0,,0
Signal-Android,2016-1,org.thoughtcrime.redphone.RedPhoneService,top_level,44,312,0,31,1,29,0,1,0,1,0,1,0,1,24,1,1,1
Signal-Android,2016-1,org.thoughtcrime.redphone.RedPhone,top_level,16,221,0,11,1,34,0,1,0,1,0,1,0,1,28,1,1,1
Signal-Android,2016-1,org.thoughtcrime.redphone.RedPhoneShare,top_level,0,22,0,0,1,10,0,1,0,1,0,1,0,1,9,1,0,1
Signal-Android,2016-1,org.thoughtcrime.securesms.util.Base64,top_level,59,737,0,1,1,74,0,1,1,1,0,1,0,1,8,1,1,1
Signal-Android,2016-1,org.thoughtcrime.securesms.util.Conversions,top_level,25,110,0,0,1,2,0,1,0,1,0,1,0,1,0,1,0,1
Signal-Android,2016-1,org.thoughtcrime.securesms.util.TelephonyUtil,top_level,0,24,0,0,1,9,0,1,0,1,0,1,0,1,8,1,0,1
Signal-Android,2016-1,org.thoughtcrime.securesms.util.DateUtils,top_level,0,59,0,0,1,5,0,1,0,1,0,1,0,1,5,1,0,1
Signal-Android,2016-1,org.thoughtcrime.securesms.util.SmilUtil,top_level,0,80,0,0,1,17,0,1,0,1,0,1,0,1,16,1,0,1
Signal-Android,2016-1,org.thoughtcrime.securesms.util.SaveAttachmentTask,top_level,0,95,0,0,1,6,0,1,0,1,0,1,0,1,6,1,0,1
Signal-Android,2016-1,org.thoughtcrime.securesms.util.Trimmer,top_level,0,36,0,0,1,4,0,1,0,1,0,1,0,1,2,1,0,1
Signal-Android,2016-1,org.thoughtcrime.securesms.util.AbstractCursorLoader,top_level,8,49,0,3,1,1,0,1,0,1,0,1,0,1,1,1,0,1
Signal-Android,2016-1,org.thoughtcrime.securesms.util.ThreadUtil,top_level,0,6,0,0,1,1,0,1,0,1,0,1,0,1,0,1,0,1
Signal-Android,2016-1,org.thoughtcrime.securesms.util.Util,top_level,12,198,0,0,1,19,0,1,0,1,0,1,1,1,14,1,1,1
Signal-Android,2016-1,org.thoughtcrime.securesms.util.ViewUtil,top_level,0,106,0,0,1,2,0,1,0,1,0,1,0,1,0,1,0,1
Signal-Android,2016-1,org.thoughtcrime.securesms.util.ServiceUtil,top_level,0,13,0,0,1,1,0,1,0,1,0,1,0,1,0,1,0,1
Signal-Android,2016-1,org.thoughtcrime.securesms.util.Hex,top_level,0,75,0,0,1,1,0,1,0,1,0,1,0,1,0,1,0,1
Signal-Android,2016-1,org.thoughtcrime.securesms.util.RedPhoneCallTypes,top_level,0,4,0,0,0,,,0,,0,,0,,0,,0,,0
Signal-Android,2016-1,org.thoughtcrime.securesms.util.MediaUtil,top_level,0,78,0,0,1,10,0,1,0,1,0,1,0,1,9,1,0,1
Signal-Android,2016-1,org.thoughtcrime.securesms.util.PushCharacterCalculator,top_level,0,5,0,0,0,,,0,,0,,0,,0,,0,,0
Signal-Android,2016-1,org.thoughtcrime.securesms.util.Dialogs,top_level,0,15,0,0,1,1,0,1,0,1,0,1,0,1,0,1,0,1
Signal-Android,2016-1,org.thoughtcrime.securesms.util.SmsCharacterCalculator,top_level,0,15,0,0,0,,,0,,0,,0,,0,,0,,0
Signal-Android,2016-1,"org.thoughtcrime.securesms.util.LRUCache<K,V>",top_level,1,7,0,1,0,,,0,,0,,0,,0,,0,,0
Signal-Android,2016-1,org.thoughtcrime.securesms.util.SelectedRecipientsAdapter,top_level,6,88,0,4,1,15,0,1,0,1,0,1,0,1,15,1,0,1
Signal-Android,2016-1,org.thoughtcrime.securesms.util.GroupUtil,top_level,0,49,0,0,1,5,0,1,0,1,0,1,0,1,4,1,0,1
Signal-Android,2016-1,org.thoughtcrime.securesms.util.VisibleForTesting,top_level,0,1,0,0,0,,,0,,0,,0,,0,,0,,0
Signal-Android,2016-1,org.thoughtcrime.securesms.util.WorkerThread,top_level,2,17,0,1,1,1,0,1,0,1,0,1,0,1,1,1,0,1
Signal-Android,2016-1,org.thoughtcrime.securesms.util.SpanUtil,top_level,0,19,0,0,1,1,0,1,0,1,0,1,0,1,0,1,0,1
Signal-Android,2016-1,org.thoughtcrime.securesms.util.ResUtil,top_level,0,21,0,0,1,4,0,1,0,1,0,1,0,1,3,1,0,1
Signal-Android,2016-1,org.thoughtcrime.securesms.util.ShortCodeUtil,top_level,0,23,0,0,1,7,0,1,0,1,0,1,0,1,6,1,0,1
Signal-Android,2016-1,org.thoughtcrime.securesms.util.TextSecurePreferences,top_level,0,310,0,0,1,26,0,1,0,1,0,1,0,1,22,1,1,1
Signal-Android,2016-1,org.thoughtcrime.securesms.util.BitmapUtil,top_level,15,183,0,0,1,17,0,1,0,1,0,1,0,1,5,1,1,1
Signal-Android,2016-1,org.thoughtcrime.securesms.util.FutureTaskListener<V>,top_level,2,3,0,1,0,,,0,,0,,0,,0,,0,,0
Signal-Android,2016-1,org.thoughtcrime.securesms.util.ListenableFutureTask<V>,top_level,6,50,0,4,0,,,0,,0,,0,,0,,0,,0
Signal-Android,2016-1,org.thoughtcrime.securesms.util.DynamicTheme,top_level,0,21,0,0,1,2,0,1,0,1,0,1,0,1,1,1,0,1
Signal-Android,2016-1,org.thoughtcrime.securesms.util.CharacterCalculator,top_level,1,10,0,1,0,,,0,,0,,0,,0,,0,,0
Signal-Android,2016-1,org.thoughtcrime.securesms.util.MmsCharacterCalculator,top_level,0,5,0,0,0,,,0,,0,,0,,0,,0,,0
Signal-Android,2016-1,org.thoughtcrime.securesms.util.BitmapDecodingException,top_level,0,3,0,0,0,,,0,,0,,0,,0,,0,,0
Signal-Android,2016-1,org.thoughtcrime.securesms.util.Rfc5724Uri,top_level,0,33,0,0,1,3,0,1,0,1,0,1,0,1,3,1,0,1
Signal-Android,2016-1,org.thoughtcrime.securesms.util.TaggedFutureTask<V>,top_level,0,10,0,0,0,,,0,,0,,0,,0,,0,,0
Signal-Android,2016-1,org.thoughtcrime.securesms.util.LinkedBlockingLifoQueue<E>,top_level,3,12,0,3,0,,,0,,0,,0,,0,,0,,0
Signal-Android,2016-1,org.thoughtcrime.securesms.util.DynamicLanguage,top_level,0,43,0,0,1,9,0,1,0,1,0,1,0,1,8,1,0,1
Signal-Android,2016-1,org.thoughtcrime.securesms.util.DirectoryHelper,top_level,0,139,0,0,1,28,0,1,0,1,0,1,0,1,21,1,0,1
Signal-Android,2016-1,org.thoughtcrime.securesms.util.DynamicIntroTheme,top_level,0,6,0,0,1,1,0,1,0,1,0,1,0,1,1,1,0,1
Signal-Android,2016-1,org.thoughtcrime.securesms.util.VersionTracker,top_level,0,9,0,0,1,1,0,1,0,1,0,1,0,1,0,1,0,1
Signal-Android,2016-1,org.thoughtcrime.securesms.util.DynamicNoActionBarTheme,top_level,0,6,0,0,1,1,0,1,0,1,0,1,0,1,1,1,0,1
Signal-Android,2016-1,org.thoughtcrime.securesms.util.ParcelUtil,top_level,0,15,0,0,1,5,0,1,0,1,0,1,0,1,4,1,0,1
Signal-Android,2016-1,org.thoughtcrime.securesms.util.JsonUtils,top_level,0,14,0,0,1,1,0,1,0,1,0,1,0,1,0,1,0,1
Signal-Android,2016-1,org.thoughtcrime.securesms.util.NumberUtil,top_level,0,20,0,0,1,2,0,1,0,1,0,1,0,1,1,1,0,1
Signal-Android,2016-1,org.thoughtcrime.securesms.audio.AudioSlidePlayer,top_level,21,152,0,7,1,13,0,1,0,1,0,1,0,1,13,1,0,1
Signal-Android,2016-1,org.thoughtcrime.securesms.audio.AudioCodec,top_level,7,120,0,5,1,9,0,1,0,1,0,1,0,1,7,1,0,1
Signal-Android,2016-1,org.thoughtcrime.securesms.audio.AudioRecorder,top_level,1,61,0,1,1,1,0,1,0,1,0,1,0,1,1,1,0,1
Signal-Android,2016-1,org.thoughtcrime.securesms.audio.AudioAttachmentServer,top_level,10,213,0,3,1,24,0,1,0,1,0,1,0,1,19,1,0,1
Signal-Android,2016-1,org.thoughtcrime.redphone.crypto.SecureRtpPacket,top_level,9,33,0,9,0,,,0,,0,,0,,0,,0,,0
Signal-Android,2016-1,org.thoughtcrime.redphone.crypto.Otp,top_level,0,9,0,0,1,3,0,1,0,1,0,1,0,1,2,1,0,1
Signal-Android,2016-1,org.thoughtcrime.redphone.crypto.SecureRtpSocket,top_level,3,28,0,3,0,,,0,,0,,0,,0,,0,,0
Signal-Android,2016-1,org.thoughtcrime.redphone.crypto.EncryptedSignalMessage,top_level,9,63,0,5,1,5,0,1,0,1,0,1,0,1,5,1,0,1
Signal-Android,2016-1,org.thoughtcrime.redphone.crypto.InvalidEncryptedSignalException,top_level,1,9,0,1,0,,,0,,0,,0,,0,,0,,0
Signal-Android,2016-1,org.thoughtcrime.securesms.jobs.persistence.EncryptingJobSerializer,top_level,1,27,0,1,1,1,0,1,0,1,0,1,0,1,1,1,0,1
Signal-Android,2016-1,org.thoughtcrime.redphone.audio.NativeAudioException,top_level,1,9,0,1,0,,,0,,0,,0,,0,,0,,0
Signal-Android,2016-1,org.thoughtcrime.redphone.audio.CallAudioManager,top_level,6,56,0,6,1,8,0,1,0,1,1,1,0,1,7,1,0,1
Signal-Android,2016-1,org.thoughtcrime.redphone.audio.AudioException,top_level,1,9,0,1,0,,,0,,0,,0,,0,,0,,0
Signal-Android,2016-1,org.thoughtcrime.redphone.audio.OutgoingRinger,top_level,17,67,0,11,1,4,0,1,0,1,0,1,0,1,1,1,0,1
Signal-Android,2016-1,org.thoughtcrime.redphone.audio.IncomingRinger,top_level,12,82,0,3,1,6,0,1,0,1,0,1,0,1,6,1,0,1
Signal-Android,2016-1,org.thoughtcrime.securesms.gcm.GcmBroadcastReceiver,top_level,0,50,0,0,1,8,0,1,0,1,0,1,0,1,8,1,0,1
Signal-Android,2016-1,org.thoughtcrime.securesms.database.documents.NetworkFailure,top_level,4,16,0,4,1,1,0,1,0,1,0,1,0,1,0,1,0,1
Signal-Android,2016-1,org.thoughtcrime.securesms.database.documents.Document<T>,top_level,2,3,0,1,0,,,0,,0,,0,,0,,0,,0
Signal-Android,2016-1,org.thoughtcrime.securesms.database.documents.NetworkFailureList,top_level,3,15,0,2,1,1,0,1,0,1,0,1,0,1,0,1,0,1
Signal-Android,2016-1,org.thoughtcrime.securesms.database.documents.IdentityKeyMismatch,top_level,3,39,0,3,1,2,0,1,0,1,0,1,0,1,1,1,0,1
Signal-Android,2016-1,org.thoughtcrime.securesms.database.documents.IdentityKeyMismatchList,top_level,3,14,0,2,1,1,0,1,0,1,0,1,0,1,0,1,0,1
Signal-Android,2016-1,org.thoughtcrime.redphone.crypto.zrtp.ZRTPSocket,top_level,52,185,0,13,1,42,0,1,0,1,0,1,0,1,29,1,1,1
Signal-Android,2016-1,org.thoughtcrime.redphone.crypto.zrtp.ConfirmPacket,top_level,24,109,0,13,1,6,0,1,0,1,0,1,0,1,5,1,0,1
Signal-Android,2016-1,org.thoughtcrime.redphone.crypto.zrtp.HandshakePacket,top_level,25,114,0,16,1,3,0,1,0,1,0,1,0,1,3,1,0,1
Signal-Android,2016-1,org.thoughtcrime.redphone.crypto.zrtp.DH3KSecretCalculator,top_level,0,22,0,0,1,3,0,1,0,1,0,1,0,1,3,1,0,1
Signal-Android,2016-1,org.thoughtcrime.redphone.crypto.zrtp.DHPartTwoPacket,top_level,1,11,0,1,0,,,0,,0,,0,,0,,0,,0
Signal-Android,2016-1,org.thoughtcrime.redphone.crypto.zrtp.ZRTPInitiatorSocket,top_level,7,113,0,3,1,3,0,1,0,1,0,1,0,1,2,1,0,1
Signal-Android,2016-1,org.thoughtcrime.redphone.crypto.zrtp.InvalidPacketException,top_level,1,8,0,1,0,,,0,,0,,0,,0,,0,,0
Signal-Android,2016-1,org.thoughtcrime.redphone.crypto.zrtp.ConfirmOnePacket,top_level,0,8,0,0,0,,,0,,0,,0,,0,,0,,0
Signal-Android,2016-1,org.thoughtcrime.redphone.crypto.zrtp.EC25SecretCalculator,top_level,0,28,0,0,1,5,0,1,0,1,0,1,0,1,5,1,0,1
Signal-Android,2016-1,org.thoughtcrime.redphone.crypto.zrtp.RedPhoneClientId,top_level,2,21,0,2,0,,,0,,0,,0,,0,,0,,0
Signal-Android,2016-1,org.thoughtcrime.redphone.crypto.zrtp.SecretCalculator,top_level,4,36,0,1,1,16,0,1,0,1,0,1,0,1,16,1,0,1
Signal-Android,2016-1,org.thoughtcrime.redphone.crypto.zrtp.ZRTPResponderSocket,top_level,4,102,0,2,1,2,0,1,0,1,0,1,0,1,0,1,0,1
Signal-Android,2016-1,org.thoughtcrime.redphone.crypto.zrtp.EC25DHPartTwoPacket,top_level,1,14,0,1,0,,,0,,0,,0,,0,,0,,0
Signal-Android,2016-1,org.thoughtcrime.redphone.crypto.zrtp.DH3KDHPartOnePacket,top_level,0,9,0,0,0,,,0,,0,,0,,0,,0,,0
Signal-Android,2016-1,org.thoughtcrime.redphone.crypto.zrtp.HashChain,top_level,6,22,0,5,1,2,1,1,0,1,0,1,0,1,0,1,0,1
Signal-Android,2016-1,org.thoughtcrime.redphone.crypto.zrtp.HelloAckPacket,top_level,1,6,0,1,0,,,0,,0,,0,,0,,0,,0
Signal-Android,2016-1,org.thoughtcrime.redphone.crypto.zrtp.DHPacket,top_level,15,117,0,9,1,1,0,1,0,1,0,1,0,1,1,1,0,1
Signal-Android,2016-1,org.thoughtcrime.redphone.crypto.zrtp.EC25DHPartOnePacket,top_level,0,10,0,0,0,,,0,,0,,0,,0,,0,,0
Signal-Android,2016-1,org.thoughtcrime.redphone.crypto.zrtp.ConfAckPacket,top_level,1,6,0,1,0,,,0,,0,,0,,0,,0,,0
Signal-Android,2016-1,org.thoughtcrime.redphone.crypto.zrtp.SASInfo,top_level,1,10,0,1,0,,,0,,0,,0,,0,,0,,0
Signal-Android,2016-1,org.thoughtcrime.redphone.crypto.zrtp.ConfirmTwoPacket,top_level,0,8,0,0,0,,,0,,0,,0,,0,,0,,0
Signal-Android,2016-1,org.thoughtcrime.redphone.crypto.zrtp.CommitPacket,top_level,13,95,0,11,1,3,0,1,0,1,0,1,0,1,3,1,0,1
Signal-Android,2016-1,org.thoughtcrime.redphone.crypto.zrtp.HelloPacket,top_level,20,144,0,19,0,,,0,,0,,0,,0,,0,,0
Signal-Android,2016-1,org.thoughtcrime.redphone.crypto.zrtp.DHPartOnePacket,top_level,0,10,0,0,0,,,0,,0,,0,,0,,0,,0
Signal-Android,2016-1,org.thoughtcrime.redphone.crypto.zrtp.NegotiationFailedException,top_level,1,8,0,1,0,,,0,,0,,0,,0,,0,,0
Signal-Android,2016-1,org.thoughtcrime.redphone.crypto.zrtp.DH3KDHPartTwoPacket,top_level,1,13,0,1,0,,,0,,0,,0,,0,,0,,0
Signal-Android,2016-1,org.thoughtcrime.redphone.crypto.zrtp.RecipientUnavailableException,top_level,1,9,0,1,0,,,0,,0,,0,,0,,0,,0
Signal-Android,2016-1,org.thoughtcrime.redphone.crypto.zrtp.SASCalculator,top_level,0,73,0,0,1,1,0,1,0,1,0,1,0,1,0,1,0,1
Signal-Android,2016-1,org.thoughtcrime.redphone.crypto.zrtp.MasterSecret,top_level,11,73,0,11,1,23,0,1,0,1,0,1,0,1,8,1,0,1
Signal-Android,2016-1,org.thoughtcrime.securesms.color.MaterialColor,top_level,0,80,0,0,1,18,0,1,0,1,0,1,0,1,18,1,0,1
Signal-Android,2016-1,org.thoughtcrime.securesms.color.MaterialColors,top_level,0,37,0,0,0,,,0,,0,,0,,0,,0,,0
Signal-Android,2016-1,org.thoughtcrime.redphone.util.Conversions,top_level,27,129,0,0,1,7,0,1,0,1,0,1,0,1,4,1,0,1
Signal-Android,2016-1,org.thoughtcrime.redphone.util.AudioUtils,top_level,0,35,0,0,1,8,0,1,0,1,0,1,0,1,7,1,0,1
Signal-Android,2016-1,org.thoughtcrime.redphone.util.UncaughtExceptionHandlerManager,top_level,2,18,0,2,1,1,0,1,0,1,0,1,0,1,1,1,0,1
Signal-Android,2016-1,org.thoughtcrime.redphone.util.Util,top_level,2,22,0,0,1,2,0,1,0,1,0,1,0,1,1,1,0,1
Signal-Android,2016-1,org.thoughtcrime.redphone.util.LineReader,top_level,14,59,0,4,1,1,0,1,0,1,0,1,0,1,0,1,0,1
Signal-Android,2016-1,org.thoughtcrime.securesms.database.loaders.BlockedContactsLoader,top_level,0,7,0,0,1,1,0,1,0,1,0,1,0,1,1,1,0,1
Signal-Android,2016-1,org.thoughtcrime.securesms.database.loaders.DeviceListLoader,top_level,0,25,0,0,1,2,0,1,0,1,0,1,0,1,2,1,0,1
Signal-Android,2016-1,org.thoughtcrime.securesms.database.loaders.IdentityLoader,top_level,0,8,0,0,1,1,0,1,0,1,0,1,0,1,1,1,0,1
Signal-Android,2016-1,org.thoughtcrime.securesms.database.loaders.CountryListLoader,top_level,0,18,0,0,1,4,0,1,0,1,0,1,0,1,4,1,0,1
Signal-Android,2016-1,org.thoughtcrime.securesms.database.loaders.ConversationLoader,top_level,1,12,0,1,1,2,0,1,0,1,0,1,0,1,1,1,0,1
Signal-Android,2016-1,org.thoughtcrime.securesms.database.loaders.MessageDetailsLoader,top_level,0,16,0,0,1,2,0,1,0,1,0,1,0,1,2,1,0,1
Signal-Android,2016-1,org.thoughtcrime.securesms.database.loaders.ConversationListLoader,top_level,0,33,0,0,1,6,0,1,0,1,0,1,0,1,6,1,0,1
Signal-Android,2016-1,org.thoughtcrime.securesms.dom.smil.parser.SmilXmlSerializer,top_level,0,32,0,0,1,5,0,1,0,1,0,1,0,1,4,1,0,1
Signal-Android,2016-1,org.thoughtcrime.securesms.service.KeyCachingService,top_level,24,186,0,14,1,8,0,1,0,1,0,1,0,1,6,1,0,1
Signal-Android,2016-1,org.thoughtcrime.securesms.service.MmsListener,top_level,0,25,0,0,1,4,0,1,0,1,0,1,0,1,3,1,0,1
Signal-Android,2016-1,org.thoughtcrime.securesms.service.SmsDeliveryListener,top_level,0,26,0,0,1,2,0,1,0,1,0,1,0,1,2,1,0,1
Signal-Android,2016-1,org.thoughtcrime.securesms.service.AccountAuthenticatorService,top_level,2,40,0,1,1,2,0,1,0,1,0,1,0,1,2,1,0,1
Signal-Android,2016-1,org.thoughtcrime.securesms.service.DirectoryRefreshListener,top_level,0,29,0,0,1,2,0,1,0,1,0,1,0,1,2,1,0,1
Signal-Android,2016-1,org.thoughtcrime.securesms.service.AccountVerificationTimeoutException,top_level,1,8,0,1,0,,,0,,0,,0,,0,,0,,0
Signal-Android,2016-1,org.thoughtcrime.securesms.service.RegistrationNotifier,top_level,0,13,0,0,0,,,0,,0,,0,,0,,0,,0
Signal-Android,2016-1,org.thoughtcrime.securesms.service.MessageRetrievalService,top_level,16,103,0,8,1,4,0,1,0,1,0,1,0,1,1,1,0,1
Signal-Android,2016-1,org.thoughtcrime.securesms.service.QuickResponseService,top_level,1,29,0,1,1,4,0,1,0,1,0,1,0,1,4,1,0,1
Signal-Android,2016-1,org.thoughtcrime.securesms.service.ApplicationMigrationService,top_level,12,123,0,8,1,9,1,1,0,1,0,1,0,1,8,1,0,1
Signal-Android,2016-1,org.thoughtcrime.securesms.service.SmsListener,top_level,0,74,0,0,1,15,0,1,0,1,0,1,0,1,11,1,0,1
Signal-Android,2016-1,org.thoughtcrime.securesms.service.RegistrationService,top_level,14,216,0,9,1,9,1,1,0,1,0,1,0,1,6,1,0,1
Signal-Android,2016-1,org.thoughtcrime.securesms.service.MasterSecretIntentService,top_level,0,7,0,0,0,,,0,,0,,0,,0,,0,,0
Signal-Android,2016-1,org.thoughtcrime.securesms.service.ContactsSyncAdapterService,top_level,2,10,0,1,0,,,0,,0,,0,,0,,0,,0
Signal-Android,2016-1,org.thoughtcrime.securesms.dependencies.InjectableType,top_level,0,1,0,0,0,,,0,,0,,0,,0,,0,,0
Signal-Android,2016-1,org.thoughtcrime.securesms.dependencies.TextSecureCommunicationModule,top_level,1,57,0,1,0,,,0,,0,,0,,0,,0,,0
Signal-Android,2016-1,org.thoughtcrime.securesms.dependencies.RedPhoneCommunicationModule,top_level,0,11,0,0,0,,,0,,0,,0,,0,,0,,0
Signal-Android,2016-1,org.thoughtcrime.securesms.dependencies.AxolotlStorageModule,top_level,1,13,0,1,0,,,0,,0,,0,,0,,0,,0
Signal-Android,2016-1,org.thoughtcrime.securesms.push.TextSecureCommunicationFactory,top_level,0,10,0,0,1,1,0,1,0,1,0,1,0,1,0,1,0,1
Signal-Android,2016-1,org.thoughtcrime.securesms.push.SecurityEventListener,top_level,0,8,0,0,0,,,0,,0,,0,,0,,0,,0
Signal-Android,2016-1,org.thoughtcrime.securesms.push.TextSecurePushTrustStore,top_level,0,10,0,0,1,1,0,1,0,1,0,1,0,1,1,1,0,1
Signal-Android,2016-1,org.thoughtcrime.securesms.providers.MmsBodyProvider,top_level,1,66,0,1,1,7,0,1,0,1,0,1,0,1,7,1,0,1
Signal-Android,2016-1,org.thoughtcrime.securesms.providers.PartProvider,top_level,1,64,0,1,1,3,0,1,0,1,0,1,0,1,3,1,0,1
Signal-Android,2016-1,org.thoughtcrime.securesms.providers.SingleUseBlobProvider,top_level,2,23,0,1,1,2,0,1,0,1,0,1,0,1,1,1,0,1
Signal-Android,2016-1,org.thoughtcrime.securesms.providers.PersistentBlobProvider,top_level,0,74,0,0,1,4,0,1,0,1,0,1,0,1,3,1,0,1
Signal-Android,2016-1,org.thoughtcrime.securesms.database.model.DisplayRecord,top_level,21,80,0,21,1,14,0,1,0,1,0,1,0,1,14,1,0,1
Signal-Android,2016-1,org.thoughtcrime.securesms.database.model.MessageRecord,top_level,21,96,0,20,1,30,0,1,0,1,1,1,0,1,24,1,0,1
Signal-Android,2016-1,org.thoughtcrime.securesms.database.model.NotificationMmsMessageRecord,top_level,11,50,0,11,1,2,0,1,0,1,1,1,0,1,1,1,0,1
Signal-Android,2016-1,org.thoughtcrime.securesms.database.model.ThreadRecord,top_level,5,73,0,5,1,27,1,1,0,1,1,1,0,1,19,1,0,1
Signal-Android,2016-1,org.thoughtcrime.securesms.database.model.MediaMmsMessageRecord,top_level,4,45,0,4,1,6,0,1,0,1,1,1,0,1,5,1,0,1
Signal-Android,2016-1,org.thoughtcrime.securesms.database.model.SmsMessageRecord,top_level,3,54,0,3,1,14,0,1,0,1,1,1,0,1,7,1,0,1
Signal-Android,2016-1,org.thoughtcrime.securesms.contacts.RecipientsEditor,top_level,8,180,0,4,1,10,0,1,0,1,0,1,0,1,8,1,0,1
Signal-Android,2016-1,org.thoughtcrime.securesms.contacts.RecipientsAdapter,top_level,0,72,0,0,1,10,0,1,0,1,0,1,0,1,7,1,0,1
Signal-Android,2016-1,org.thoughtcrime.securesms.contacts.ContactAccessor,top_level,1,172,0,0,1,10,0,1,0,1,0,1,0,1,10,1,0,1
Signal-Android,2016-1,org.thoughtcrime.securesms.contacts.ArrayListCursor,top_level,9,94,0,9,1,13,0,1,0,1,0,1,0,1,7,1,0,1
Signal-Android,2016-1,org.thoughtcrime.securesms.contacts.ContactsDatabase,top_level,0,314,0,0,1,84,0,1,0,1,0,1,0,1,76,1,0,1
Signal-Android,2016-1,org.thoughtcrime.securesms.contacts.ContactIdentityManagerGingerbread,top_level,7,71,0,3,1,3,0,1,0,1,0,1,0,1,3,1,0,1
Signal-Android,2016-1,org.thoughtcrime.securesms.contacts.ContactIdentityManagerICS,top_level,1,43,0,1,1,2,0,1,0,1,0,1,0,1,2,1,0,1
Signal-Android,2016-1,org.thoughtcrime.securesms.contacts.ContactSelectionListAdapter,top_level,3,87,0,3,1,16,0,1,0,1,0,1,0,1,16,1,0,1
Signal-Android,2016-1,org.thoughtcrime.securesms.contacts.ContactSelectionListItem,top_level,5,74,0,4,0,,,0,,0,,0,,0,,0,,0
Signal-Android,2016-1,org.thoughtcrime.securesms.contacts.NameAndNumber,top_level,1,7,0,1,0,,,0,,0,,0,,0,,0,,0
Signal-Android,2016-1,org.thoughtcrime.securesms.contacts.ContactsSyncAdapter,top_level,0,13,0,0,0,,,0,,0,,0,,0,,0,,0
Signal-Android,2016-1,org.thoughtcrime.securesms.contacts.ContactIdentityManager,top_level,1,12,0,1,0,,,0,,0,,0,,0,,0,,0
Signal-Android,2016-1,org.thoughtcrime.securesms.contacts.ContactsCursorLoader,top_level,0,57,0,0,1,2,0,1,0,1,0,1,0,1,2,1,0,1
Signal-Android,2016-1,org.thoughtcrime.securesms.crypto.storage.TextSecureSessionStore,top_level,4,131,0,1,1,15,0,1,0,1,0,1,0,1,13,1,0,1
Signal-Android,2016-1,org.thoughtcrime.securesms.crypto.storage.TextSecureIdentityKeyStore,top_level,1,19,0,1,1,6,0,1,0,1,0,1,0,1,6,1,0,1
Signal-Android,2016-1,org.thoughtcrime.securesms.crypto.storage.TextSecurePreKeyStore,top_level,9,140,0,5,1,12,0,1,0,1,0,1,0,1,10,1,0,1
Signal-Android,2016-1,org.thoughtcrime.securesms.crypto.storage.TextSecureAxolotlStore,top_level,5,67,0,5,1,1,0,1,0,1,0,1,0,1,0,1,0,1
Signal-Android,2016-1,org.thoughtcrime.securesms.jobs.requirements.NetworkOrServiceRequirement,top_level,1,12,0,1,0,,,0,,0,,0,,0,,0,,0
Signal-Android,2016-1,org.thoughtcrime.securesms.jobs.requirements.MasterSecretRequirement,top_level,1,10,0,1,0,,,0,,0,,0,,0,,0,,0
Signal-Android,2016-1,org.thoughtcrime.securesms.jobs.requirements.ServiceRequirementProvider,top_level,5,25,0,2,0,,,0,,0,,0,,0,,0,,0
Signal-Android,2016-1,org.thoughtcrime.securesms.jobs.requirements.ServiceRequirement,top_level,1,12,0,1,0,,,0,,0,,0,,0,,0,,0
Signal-Android,2016-1,org.thoughtcrime.securesms.jobs.requirements.MasterSecretRequirementProvider,top_level,0,15,0,0,1,1,0,1,0,1,0,1,0,1,0,1,0,1
Signal-Android,2016-1,org.thoughtcrime.securesms.jobs.requirements.MediaNetworkRequirementProvider,top_level,2,7,0,1,0,,,0,,0,,0,,0,,0,,0
Signal-Android,2016-1,org.thoughtcrime.securesms.jobs.requirements.MediaNetworkRequirement,top_level,8,54,0,4,1,10,0,1,0,1,0,1,0,1,10,1,0,1
Signal-Android,2016-1,org.thoughtcrime.redphone.network.RtpPacket,top_level,27,66,0,27,0,,,0,,0,,0,,0,,0,,0
Signal-Android,2016-1,org.thoughtcrime.redphone.network.LowLatencySocketConnector,top_level,0,62,0,0,1,7,0,1,0,1,0,1,0,1,6,1,0,1
Signal-Android,2016-1,org.thoughtcrime.redphone.network.RtpSocket,top_level,4,41,0,3,0,,,0,,0,,0,,0,,0,,0
Signal-Android,2016-1,org.thoughtcrime.redphone.crypto.zrtp.retained.RetainedSecrets,top_level,3,10,0,3,0,,,0,,0,,0,,0,,0,,0
Signal-Android,2016-1,org.thoughtcrime.redphone.crypto.zrtp.retained.ResponderRetainedSecretsCalculator,top_level,9,15,0,1,1,2,0,1,0,1,0,1,0,1,2,1,0,1
Signal-Android,2016-1,org.thoughtcrime.redphone.crypto.zrtp.retained.RetainedSecretsCalculator,top_level,2,33,0,2,1,1,0,1,0,1,0,1,0,1,1,1,0,1
Signal-Android,2016-1,org.thoughtcrime.redphone.crypto.zrtp.retained.InitiatorRetainedSecretsCalculator,top_level,9,15,0,1,1,2,0,1,0,1,0,1,0,1,2,1,0,1
Signal-Android,2016-1,org.thoughtcrime.redphone.crypto.zrtp.retained.RetainedSecretsDerivatives,top_level,3,10,0,3,0,,,0,,0,,0,,0,,0,,0
Signal-Android,2016-1,org.thoughtcrime.redphone.call.LockManager,top_level,13,96,0,3,1,2,0,1,0,1,0,1,0,1,1,1,0,1
Signal-Android,2016-1,org.thoughtcrime.redphone.call.CallStateListener,top_level,18,19,0,15,1,1,0,1,0,1,0,1,0,1,0,1,0,1
Signal-Android,2016-1,org.thoughtcrime.redphone.call.ProximityLock,top_level,11,49,0,2,1,6,0,1,0,1,0,1,0,1,6,1,0,1
Signal-Android,2016-1,org.thoughtcrime.redphone.call.InitiatingCallManager,top_level,7,62,0,1,1,1,0,1,0,1,0,1,0,1,0,1,0,1
Signal-Android,2016-1,org.thoughtcrime.redphone.call.AccelerometerListener,top_level,14,74,0,3,1,3,0,1,0,1,0,1,0,1,0,1,0,1
Signal-Android,2016-1,org.thoughtcrime.redphone.call.ResponderCallManager,top_level,14,82,0,4,1,1,0,1,0,1,0,1,0,1,0,1,0,1
Signal-Android,2016-1,org.thoughtcrime.redphone.call.CallManager,top_level,19,76,0,5,1,5,0,1,0,1,0,1,0,1,0,1,0,1
Signal-Android,2016-1,org.thoughtcrime.redphone.call.SignalManager,top_level,1,45,0,1,1,6,0,1,0,1,0,1,0,1,4,1,0,1
Signal-Android,2016-1,org.thoughtcrime.securesms.components.reminder.Reminder,top_level,1,23,0,1,1,3,1,1,0,1,0,1,0,1,0,1,0,1
Signal-Android,2016-1,org.thoughtcrime.securesms.components.reminder.OutdatedBuildReminder,top_level,2,22,0,1,1,1,0,1,0,1,0,1,0,1,1,1,0,1
Signal-Android,2016-1,org.thoughtcrime.securesms.components.reminder.SystemSmsImportReminder,top_level,0,27,0,0,0,,,0,,0,,0,,0,,0,,0
Signal-Android,2016-1,org.thoughtcrime.securesms.components.reminder.ReminderView,top_level,4,43,0,4,1,2,0,1,0,1,0,1,0,1,2,1,0,1
Signal-Android,2016-1,org.thoughtcrime.securesms.components.reminder.ShareReminder,top_level,0,23,0,0,1,1,0,1,0,1,0,1,0,1,1,1,0,1
Signal-Android,2016-1,org.thoughtcrime.securesms.components.reminder.DefaultSmsReminder,top_level,0,25,0,0,0,,,0,,0,,0,,0,,0,,0
Signal-Android,2016-1,org.thoughtcrime.securesms.components.reminder.ExpiredBuildReminder,top_level,2,17,0,1,0,,,0,,0,,0,,0,,0,,0
Signal-Android,2016-1,org.thoughtcrime.securesms.components.reminder.PushRegistrationReminder,top_level,1,18,0,1,0,,,0,,0,,0,,0,,0,,0
Signal-Android,2016-1,org.thoughtcrime.securesms.components.reminder.InviteReminder,top_level,0,13,0,0,1,1,0,1,0,1,0,1,0,1,1,1,0,1
Signal-Android,2016-1,org.thoughtcrime.securesms.attachments.Attachment,top_level,3,49,0,3,1,1,1,1,0,1,0,1,0,1,0,1,0,1
Signal-Android,2016-1,org.thoughtcrime.securesms.attachments.PointerAttachment,top_level,0,24,0,0,1,6,0,1,0,1,0,1,0,1,6,1,0,1
Signal-Android,2016-1,org.thoughtcrime.securesms.attachments.AttachmentId,top_level,5,26,0,5,0,,,0,,0,,0,,0,,0,,0
Signal-Android,2016-1,org.thoughtcrime.securesms.attachments.UriAttachment,top_level,1,24,0,1,0,,,0,,0,,0,,0,,0,,0
Signal-Android,2016-1,org.thoughtcrime.securesms.attachments.DatabaseAttachment,top_level,3,33,0,3,0,,,0,,0,,0,,0,,0,,0
Signal-Android,2016-1,org.thoughtcrime.securesms.preferences.AppearancePreferenceFragment,top_level,3,33,0,3,1,6,0,1,0,1,0,1,0,1,6,1,0,1
Signal-Android,2016-1,org.thoughtcrime.securesms.preferences.AppProtectionPreferenceFragment,top_level,5,109,0,3,1,9,0,1,0,1,0,1,0,1,9,1,0,1
Signal-Android,2016-1,org.thoughtcrime.securesms.preferences.LedBlinkPatternListPreference,top_level,5,72,0,3,1,9,0,1,0,1,0,1,0,1,8,1,0,1
Signal-Android,2016-1,org.thoughtcrime.securesms.preferences.AdvancedPreferenceFragment,top_level,6,139,0,3,1,9,0,1,0,1,0,1,0,1,8,1,0,1
Signal-Android,2016-1,org.thoughtcrime.securesms.preferences.ColorPreference,top_level,7,132,0,5,1,18,0,1,0,1,0,1,0,1,17,1,0,1
Signal-Android,2016-1,org.thoughtcrime.securesms.preferences.ChatsPreferenceFragment,top_level,2,79,0,2,1,8,0,1,0,1,0,1,0,1,8,1,0,1
Signal-Android,2016-1,org.thoughtcrime.securesms.preferences.SmsMmsPreferenceFragment,top_level,9,64,0,2,1,6,0,1,0,1,0,1,0,1,6,1,0,1
Signal-Android,2016-1,org.thoughtcrime.securesms.preferences.NotificationsPreferenceFragment,top_level,1,56,0,1,1,4,0,1,0,1,0,1,0,1,4,1,0,1
Signal-Android,2016-1,org.thoughtcrime.securesms.preferences.NotificationPrivacyPreference,top_level,2,8,0,2,0,,,0,,0,,0,,0,,0,,0
Signal-Android,2016-1,org.thoughtcrime.securesms.preferences.AdvancedRingtonePreference,top_level,0,13,0,0,0,,,0,,0,,0,,0,,0,,0
Signal-Android,2016-1,org.thoughtcrime.securesms.preferences.MmsPreferencesActivity,top_level,3,30,0,3,1,4,0,1,0,1,0,1,0,1,3,1,0,1
Signal-Android,2016-1,org.thoughtcrime.securesms.preferences.ListSummaryPreferenceFragment,top_level,0,12,0,0,1,6,0,1,0,1,0,1,0,1,6,1,0,1
Signal-Android,2016-1,org.thoughtcrime.securesms.preferences.MmsPreferencesFragment,top_level,1,41,0,1,1,1,0,1,0,1,0,1,0,1,1,1,0,1
Signal-Android,2016-1,org.thoughtcrime.securesms.preferences.BlockedContactListItem,top_level,1,31,0,1,0,,,0,,0,,0,,0,,0,,0
Signal-Android,2016-1,org.thoughtcrime.securesms.sms.OutgoingKeyExchangeMessage,top_level,1,11,0,1,0,,,0,,0,,0,,0,,0,,0
Signal-Android,2016-1,org.thoughtcrime.securesms.sms.IncomingEncryptedMessage,top_level,1,9,0,1,0,,,0,,0,,0,,0,,0,,0
Signal-Android,2016-1,org.thoughtcrime.securesms.sms.IncomingTextMessage,top_level,11,139,0,11,0,,,0,,0,,0,,0,,0,,0
Signal-Android,2016-1,org.thoughtcrime.securesms.sms.OutgoingPrekeyBundleMessage,top_level,1,9,0,1,0,,,0,,0,,0,,0,,0,,0
Signal-Android,2016-1,org.thoughtcrime.securesms.sms.TelephonyServiceState,top_level,0,47,0,0,1,2,0,1,0,1,0,1,0,1,2,1,0,1
Signal-Android,2016-1,org.thoughtcrime.securesms.sms.MessageSender,top_level,0,161,0,0,1,25,0,1,0,1,0,1,0,1,21,1,1,1
Signal-Android,2016-1,org.thoughtcrime.securesms.sms.OutgoingTextMessage,top_level,4,32,0,4,1,4,0,1,0,1,0,1,0,1,4,1,0,1
Signal-Android,2016-1,org.thoughtcrime.securesms.sms.IncomingEndSessionMessage,top_level,1,11,0,1,0,,,0,,0,,0,,0,,0,,0
Signal-Android,2016-1,org.thoughtcrime.securesms.sms.OutgoingEncryptedMessage,top_level,1,11,0,1,0,,,0,,0,,0,,0,,0,,0
Signal-Android,2016-1,org.thoughtcrime.securesms.sms.IncomingGroupMessage,top_level,3,15,0,3,1,2,0,1,0,1,0,1,0,1,2,1,0,1
Signal-Android,2016-1,org.thoughtcrime.securesms.sms.IncomingJoinedMessage,top_level,2,9,0,2,0,,,0,,0,,0,,0,,0,,0
Signal-Android,2016-1,org.thoughtcrime.securesms.sms.IncomingPreKeyBundleMessage,top_level,1,9,0,1,0,,,0,,0,,0,,0,,0,,0
Signal-Android,2016-1,org.thoughtcrime.securesms.sms.OutgoingEndSessionMessage,top_level,1,11,0,1,0,,,0,,0,,0,,0,,0,,0
Signal-Android,2016-1,org.thoughtcrime.securesms.components.camera.QuickAttachmentDrawer,top_level,69,374,0,28,1,25,0,1,0,1,0,1,0,1,16,1,1,1
Signal-Android,2016-1,org.thoughtcrime.securesms.components.camera.CameraView,top_level,33,385,0,15,1,42,1,1,0,1,0,1,0,1,31,1,1,1
Signal-Android,2016-1,org.thoughtcrime.securesms.components.camera.CameraUtils,top_level,0,57,0,0,1,6,0,1,0,1,0,1,0,1,4,1,0,1
Signal-Android,2016-1,org.thoughtcrime.securesms.components.camera.CameraSurfaceView,top_level,1,17,0,1,0,,,0,,0,,0,,0,,0,,0
Signal-Android,2016-1,org.thoughtcrime.redphone.signaling.UnauthorizedException,top_level,0,3,0,0,0,,,0,,0,,0,,0,,0,,0
Signal-Android,2016-1,org.thoughtcrime.redphone.signaling.RedPhoneAccountManager,top_level,0,50,0,0,1,8,0,1,0,1,0,1,0,1,8,1,0,1
Signal-Android,2016-1,org.thoughtcrime.redphone.signaling.SignalReader,top_level,0,31,0,0,1,2,0,1,0,1,0,1,0,1,2,1,0,1
Signal-Android,2016-1,org.thoughtcrime.redphone.signaling.RedPhoneAccountAttributes,top_level,1,12,0,1,1,3,0,1,0,1,0,1,0,1,0,1,0,1
Signal-Android,2016-1,org.thoughtcrime.redphone.signaling.RedPhoneTrustStore,top_level,0,10,0,0,1,1,0,1,0,1,0,1,0,1,1,1,0,1
Signal-Android,2016-1,org.thoughtcrime.redphone.signaling.LoginFailedException,top_level,1,9,0,1,0,,,0,,0,,0,,0,,0,,0
Signal-Android,2016-1,org.thoughtcrime.redphone.signaling.SignalResponse,top_level,2,14,0,2,0,,,0,,0,,0,,0,,0,,0
Signal-Android,2016-1,org.thoughtcrime.redphone.signaling.SignalingException,top_level,1,9,0,1,0,,,0,,0,,0,,0,,0,,0
Signal-Android,2016-1,org.thoughtcrime.redphone.signaling.SessionInitiationFailureException,top_level,1,9,0,1,0,,,0,,0,,0,,0,,0,,0
Signal-Android,2016-1,org.thoughtcrime.redphone.signaling.SessionDescriptor,top_level,3,46,0,3,0,,,0,,0,,0,,0,,0,,0
Signal-Android,2016-1,org.thoughtcrime.redphone.signaling.NetworkConnector,top_level,8,56,0,2,1,2,0,1,0,1,0,1,0,1,2,1,0,1
Signal-Android,2016-1,org.thoughtcrime.redphone.signaling.OtpCounterProvider,top_level,1,6,0,0,0,,,0,,0,,0,,0,,0,,0
Signal-Android,2016-1,org.thoughtcrime.redphone.signaling.NoSuchUserException,top_level,1,9,0,1,0,,,0,,0,,0,,0,,0,,0
Signal-Android,2016-1,org.thoughtcrime.redphone.signaling.SessionStaleException,top_level,1,9,0,1,0,,,0,,0,,0,,0,,0,,0
Signal-Android,2016-1,org.thoughtcrime.redphone.signaling.SignalingSocket,top_level,14,160,0,6,1,11,0,1,0,1,0,1,0,1,9,1,1,1
Signal-Android,2016-1,org.thoughtcrime.redphone.signaling.RedPhoneGcmId,top_level,1,6,0,1,1,1,0,1,0,1,0,1,0,1,0,1,0,1
Signal-Android,2016-1,org.thoughtcrime.redphone.signaling.SignalResponseReader,top_level,6,14,0,1,1,2,0,1,0,1,0,1,0,1,2,1,0,1
Signal-Android,2016-1,org.thoughtcrime.redphone.signaling.ServerMessageException,top_level,1,9,0,1,0,,,0,,0,,0,,0,,0,,0
Signal-Android,2017-1,org.thoughtcrime.redphone.RedPhone,top_level,16,221,0,11,1,34,0,1,0,1,0,1,0,1,28,1,1,1
Signal-Android,2017-1,org.thoughtcrime.redphone.RedPhoneService,top_level,44,313,0,31,1,29,0,1,0,1,0,1,0,1,24,1,1,1
Signal-Android,2017-1,org.thoughtcrime.redphone.RedPhoneShare,top_level,0,22,0,0,1,10,0,1,0,1,0,1,0,1,9,1,0,1
Signal-Android,2017-1,org.thoughtcrime.redphone.audio.AudioException,top_level,1,9,0,1,0,,,0,,0,,0,,0,,0,,0
Signal-Android,2017-1,org.thoughtcrime.redphone.audio.CallAudioManager,top_level,6,56,0,6,1,8,0,1,0,1,1,1,0,1,7,1,0,1
Signal-Android,2017-1,org.thoughtcrime.redphone.audio.IncomingRinger,top_level,12,82,0,3,1,6,0,1,0,1,0,1,0,1,6,1,0,1
Signal-Android,2017-1,org.thoughtcrime.redphone.audio.NativeAudioException,top_level,1,9,0,1,0,,,0,,0,,0,,0,,0,,0
Signal-Android,2017-1,org.thoughtcrime.redphone.audio.OutgoingRinger,top_level,15,65,0,11,1,4,0,1,0,1,0,1,0,1,1,1,0,1
Signal-Android,2017-1,org.thoughtcrime.redphone.call.AccelerometerListener,top_level,14,74,0,3,1,3,0,1,0,1,0,1,0,1,0,1,0,1
Signal-Android,2017-1,org.thoughtcrime.redphone.call.CallManager,top_level,19,76,0,5,1,5,0,1,0,1,0,1,0,1,0,1,0,1
Signal-Android,2017-1,org.thoughtcrime.redphone.call.CallStateListener,top_level,18,19,0,15,1,1,0,1,0,1,0,1,0,1,0,1,0,1
Signal-Android,2017-1,org.thoughtcrime.redphone.call.InitiatingCallManager,top_level,7,62,0,1,1,1,0,1,0,1,0,1,0,1,0,1,0,1
Signal-Android,2017-1,org.thoughtcrime.redphone.call.LockManager,top_level,13,96,0,3,1,2,0,1,0,1,0,1,0,1,1,1,0,1
Signal-Android,2017-1,org.thoughtcrime.redphone.call.ProximityLock,top_level,11,49,0,2,1,6,0,1,0,1,0,1,0,1,6,1,0,1
Signal-Android,2017-1,org.thoughtcrime.redphone.call.ResponderCallManager,top_level,14,82,0,4,1,1,0,1,0,1,0,1,0,1,0,1,0,1
Signal-Android,2017-1,org.thoughtcrime.redphone.call.SignalManager,top_level,1,45,0,1,1,6,0,1,0,1,0,1,0,1,4,1,0,1
Signal-Android,2017-1,org.thoughtcrime.redphone.crypto.EncryptedSignalMessage,top_level,9,63,0,5,1,5,0,1,0,1,0,1,0,1,5,1,0,1
Signal-Android,2017-1,org.thoughtcrime.redphone.crypto.InvalidEncryptedSignalException,top_level,1,9,0,1,0,,,0,,0,,0,,0,,0,,0
Signal-Android,2017-1,org.thoughtcrime.redphone.crypto.Otp,top_level,0,9,0,0,1,3,0,1,0,1,0,1,0,1,2,1,0,1
Signal-Android,2017-1,org.thoughtcrime.redphone.crypto.SecureRtpPacket,top_level,9,33,0,9,0,,,0,,0,,0,,0,,0,,0
Signal-Android,2017-1,org.thoughtcrime.redphone.crypto.SecureRtpSocket,top_level,3,28,0,3,0,,,0,,0,,0,,0,,0,,0
Signal-Android,2017-1,org.thoughtcrime.redphone.crypto.zrtp.CommitPacket,top_level,13,95,0,11,1,3,0,1,0,1,0,1,0,1,3,1,0,1
Signal-Android,2017-1,org.thoughtcrime.redphone.crypto.zrtp.ConfAckPacket,top_level,1,6,0,1,0,,,0,,0,,0,,0,,0,,0
Signal-Android,2017-1,org.thoughtcrime.redphone.crypto.zrtp.ConfirmOnePacket,top_level,0,8,0,0,0,,,0,,0,,0,,0,,0,,0
Signal-Android,2017-1,org.thoughtcrime.redphone.crypto.zrtp.ConfirmPacket,top_level,24,109,0,13,1,6,0,1,0,1,0,1,0,1,5,1,0,1
Signal-Android,2017-1,org.thoughtcrime.redphone.crypto.zrtp.ConfirmTwoPacket,top_level,0,8,0,0,0,,,0,,0,,0,,0,,0,,0
Signal-Android,2017-1,org.thoughtcrime.redphone.crypto.zrtp.DH3KDHPartOnePacket,top_level,0,9,0,0,0,,,0,,0,,0,,0,,0,,0
Signal-Android,2017-1,org.thoughtcrime.redphone.crypto.zrtp.DH3KDHPartTwoPacket,top_level,1,13,0,1,0,,,0,,0,,0,,0,,0,,0
Signal-Android,2017-1,org.thoughtcrime.redphone.crypto.zrtp.DH3KSecretCalculator,top_level,0,22,0,0,1,3,0,1,0,1,0,1,0,1,3,1,0,1
Signal-Android,2017-1,org.thoughtcrime.redphone.crypto.zrtp.DHPacket,top_level,15,117,0,9,1,1,0,1,0,1,0,1,0,1,1,1,0,1
Signal-Android,2017-1,org.thoughtcrime.redphone.crypto.zrtp.DHPartOnePacket,top_level,0,10,0,0,0,,,0,,0,,0,,0,,0,,0
Signal-Android,2017-1,org.thoughtcrime.redphone.crypto.zrtp.DHPartTwoPacket,top_level,1,11,0,1,0,,,0,,0,,0,,0,,0,,0
Signal-Android,2017-1,org.thoughtcrime.redphone.crypto.zrtp.EC25DHPartOnePacket,top_level,0,10,0,0,0,,,0,,0,,0,,0,,0,,0
Signal-Android,2017-1,org.thoughtcrime.redphone.crypto.zrtp.EC25DHPartTwoPacket,top_level,1,14,0,1,0,,,0,,0,,0,,0,,0,,0
Signal-Android,2017-1,org.thoughtcrime.redphone.crypto.zrtp.EC25SecretCalculator,top_level,0,28,0,0,1,5,0,1,0,1,0,1,0,1,5,1,0,1
Signal-Android,2017-1,org.thoughtcrime.redphone.crypto.zrtp.HandshakePacket,top_level,25,114,0,16,1,3,0,1,0,1,0,1,0,1,3,1,0,1
Signal-Android,2017-1,org.thoughtcrime.redphone.crypto.zrtp.HashChain,top_level,6,22,0,5,1,2,1,1,0,1,0,1,0,1,0,1,0,1
Signal-Android,2017-1,org.thoughtcrime.redphone.crypto.zrtp.HelloAckPacket,top_level,1,6,0,1,0,,,0,,0,,0,,0,,0,,0
Signal-Android,2017-1,org.thoughtcrime.redphone.crypto.zrtp.HelloPacket,top_level,20,144,0,19,0,,,0,,0,,0,,0,,0,,0
Signal-Android,2017-1,org.thoughtcrime.redphone.crypto.zrtp.InvalidPacketException,top_level,1,8,0,1,0,,,0,,0,,0,,0,,0,,0
Signal-Android,2017-1,org.thoughtcrime.redphone.crypto.zrtp.MasterSecret,top_level,11,73,0,11,1,23,0,1,0,1,0,1,0,1,8,1,0,1
Signal-Android,2017-1,org.thoughtcrime.redphone.crypto.zrtp.NegotiationFailedException,top_level,1,8,0,1,0,,,0,,0,,0,,0,,0,,0
Signal-Android,2017-1,org.thoughtcrime.redphone.crypto.zrtp.RecipientUnavailableException,top_level,1,9,0,1,0,,,0,,0,,0,,0,,0,,0
Signal-Android,2017-1,org.thoughtcrime.redphone.crypto.zrtp.RedPhoneClientId,top_level,2,21,0,2,0,,,0,,0,,0,,0,,0,,0
Signal-Android,2017-1,org.thoughtcrime.redphone.crypto.zrtp.SASCalculator,top_level,0,73,0,0,1,1,0,1,0,1,0,1,0,1,0,1,0,1
Signal-Android,2017-1,org.thoughtcrime.redphone.crypto.zrtp.SASInfo,top_level,1,10,0,1,0,,,0,,0,,0,,0,,0,,0
Signal-Android,2017-1,org.thoughtcrime.redphone.crypto.zrtp.SecretCalculator,top_level,4,36,0,1,1,16,0,1,0,1,0,1,0,1,16,1,0,1
Signal-Android,2017-1,org.thoughtcrime.redphone.crypto.zrtp.ZRTPInitiatorSocket,top_level,7,113,0,3,1,3,0,1,0,1,0,1,0,1,2,1,0,1
Signal-Android,2017-1,org.thoughtcrime.redphone.crypto.zrtp.ZRTPResponderSocket,top_level,4,102,0,2,1,2,0,1,0,1,0,1,0,1,0,1,0,1
Signal-Android,2017-1,org.thoughtcrime.redphone.crypto.zrtp.ZRTPSocket,top_level,52,185,0,13,1,42,0,1,0,1,0,1,0,1,29,1,1,1
Signal-Android,2017-1,org.thoughtcrime.redphone.crypto.zrtp.retained.InitiatorRetainedSecretsCalculator,top_level,9,15,0,1,1,2,0,1,0,1,0,1,0,1,2,1,0,1
Signal-Android,2017-1,org.thoughtcrime.redphone.crypto.zrtp.retained.ResponderRetainedSecretsCalculator,top_level,9,15,0,1,1,2,0,1,0,1,0,1,0,1,2,1,0,1
Signal-Android,2017-1,org.thoughtcrime.redphone.crypto.zrtp.retained.RetainedSecrets,top_level,3,10,0,3,0,,,0,,0,,0,,0,,0,,0
Signal-Android,2017-1,org.thoughtcrime.redphone.crypto.zrtp.retained.RetainedSecretsCalculator,top_level,2,33,0,2,1,1,0,1,0,1,0,1,0,1,1,1,0,1
Signal-Android,2017-1,org.thoughtcrime.redphone.crypto.zrtp.retained.RetainedSecretsDerivatives,top_level,3,10,0,3,0,,,0,,0,,0,,0,,0,,0
Signal-Android,2017-1,org.thoughtcrime.redphone.network.LowLatencySocketConnector,top_level,0,62,0,0,1,7,0,1,0,1,0,1,0,1,6,1,0,1
Signal-Android,2017-1,org.thoughtcrime.redphone.network.RtpPacket,top_level,27,66,0,27,0,,,0,,0,,0,,0,,0,,0
Signal-Android,2017-1,org.thoughtcrime.redphone.network.RtpSocket,top_level,4,41,0,3,0,,,0,,0,,0,,0,,0,,0
Signal-Android,2017-1,org.thoughtcrime.redphone.pstn.CallStateView,top_level,1,2,0,1,0,,,0,,0,,0,,0,,0,,0
Signal-Android,2017-1,org.thoughtcrime.redphone.pstn.IncomingPstnCallListener,top_level,0,26,0,0,1,7,0,1,0,1,0,1,0,1,7,1,0,1
Signal-Android,2017-1,org.thoughtcrime.redphone.signaling.LoginFailedException,top_level,1,9,0,1,0,,,0,,0,,0,,0,,0,,0
Signal-Android,2017-1,org.thoughtcrime.redphone.signaling.NetworkConnector,top_level,8,56,0,2,1,2,0,1,0,1,0,1,0,1,2,1,0,1
Signal-Android,2017-1,org.thoughtcrime.redphone.signaling.NoSuchUserException,top_level,1,9,0,1,0,,,0,,0,,0,,0,,0,,0
Signal-Android,2017-1,org.thoughtcrime.redphone.signaling.OtpCounterProvider,top_level,1,6,0,0,0,,,0,,0,,0,,0,,0,,0
Signal-Android,2017-1,org.thoughtcrime.redphone.signaling.RedPhoneAccountAttributes,top_level,1,12,0,1,1,3,0,1,0,1,0,1,0,1,0,1,0,1
Signal-Android,2017-1,org.thoughtcrime.redphone.signaling.RedPhoneAccountManager,top_level,0,50,0,0,1,8,0,1,0,1,0,1,0,1,8,1,0,1
Signal-Android,2017-1,org.thoughtcrime.redphone.signaling.RedPhoneGcmId,top_level,1,6,0,1,1,1,0,1,0,1,0,1,0,1,0,1,0,1
Signal-Android,2017-1,org.thoughtcrime.redphone.signaling.RedPhoneTrustStore,top_level,0,10,0,0,1,1,0,1,0,1,0,1,0,1,1,1,0,1
Signal-Android,2017-1,org.thoughtcrime.redphone.signaling.ServerMessageException,top_level,1,9,0,1,0,,,0,,0,,0,,0,,0,,0
Signal-Android,2017-1,org.thoughtcrime.redphone.signaling.SessionDescriptor,top_level,3,46,0,3,0,,,0,,0,,0,,0,,0,,0
Signal-Android,2017-1,org.thoughtcrime.redphone.signaling.SessionInitiationFailureException,top_level,1,9,0,1,0,,,0,,0,,0,,0,,0,,0
Signal-Android,2017-1,org.thoughtcrime.redphone.signaling.SessionStaleException,top_level,1,9,0,1,0,,,0,,0,,0,,0,,0,,0
Signal-Android,2017-1,org.thoughtcrime.redphone.signaling.SignalReader,top_level,0,31,0,0,1,2,0,1,0,1,0,1,0,1,2,1,0,1
Signal-Android,2017-1,org.thoughtcrime.redphone.signaling.SignalResponse,top_level,2,14,0,2,0,,,0,,0,,0,,0,,0,,0
Signal-Android,2017-1,org.thoughtcrime.redphone.signaling.SignalResponseReader,top_level,6,14,0,1,1,2,0,1,0,1,0,1,0,1,2,1,0,1
Signal-Android,2017-1,org.thoughtcrime.redphone.signaling.SignalingException,top_level,1,9,0,1,0,,,0,,0,,0,,0,,0,,0
Signal-Android,2017-1,org.thoughtcrime.redphone.signaling.SignalingSocket,top_level,14,160,0,6,1,11,0,1,0,1,0,1,0,1,9,1,1,1
Signal-Android,2017-1,org.thoughtcrime.redphone.signaling.UnauthorizedException,top_level,0,3,0,0,0,,,0,,0,,0,,0,,0,,0
Signal-Android,2017-1,org.thoughtcrime.redphone.signaling.signals.BusySignal,top_level,0,14,0,0,0,,,0,,0,,0,,0,,0,,0
Signal-Android,2017-1,org.thoughtcrime.redphone.signaling.signals.C2DMRegistrationSignal,top_level,0,14,0,0,0,,,0,,0,,0,,0,,0,,0
Signal-Android,2017-1,org.thoughtcrime.redphone.signaling.signals.C2DMUnregistrationSignal,top_level,0,12,0,0,0,,,0,,0,,0,,0,,0,,0
Signal-Android,2017-1,org.thoughtcrime.redphone.signaling.signals.CompressedInitiateSignalProtocol,top_level,1,494,0,1,1,31,0,1,0,1,0,1,0,1,25,1,1,1
Signal-Android,2017-1,org.thoughtcrime.redphone.signaling.signals.HangupSignal,top_level,0,14,0,0,0,,,0,,0,,0,,0,,0,,0
Signal-Android,2017-1,org.thoughtcrime.redphone.signaling.signals.InitiateSignal,top_level,0,17,0,0,0,,,0,,0,,0,,0,,0,,0
Signal-Android,2017-1,org.thoughtcrime.redphone.signaling.signals.OpenPortSignal,top_level,1,14,0,1,0,,,0,,0,,0,,0,,0,,0
Signal-Android,2017-1,org.thoughtcrime.redphone.signaling.signals.RingingSignal,top_level,0,14,0,0,0,,,0,,0,,0,,0,,0,,0
Signal-Android,2017-1,org.thoughtcrime.redphone.signaling.signals.ServerSignal,top_level,4,21,0,4,1,1,0,1,0,1,0,1,0,1,0,1,0,1
Signal-Android,2017-1,org.thoughtcrime.redphone.signaling.signals.Signal,top_level,0,41,0,0,0,,,0,,0,,0,,0,,0,,0
Signal-Android,2017-1,org.thoughtcrime.redphone.ui.CallCard,top_level,2,56,0,2,1,9,0,1,0,1,0,1,0,1,8,1,0,1
Signal-Android,2017-1,org.thoughtcrime.redphone.ui.CallControls,top_level,10,114,0,9,1,7,0,1,0,1,0,1,0,1,6,1,0,1
Signal-Android,2017-1,org.thoughtcrime.redphone.ui.CallScreen,top_level,3,40,0,3,1,3,0,1,0,1,0,1,0,1,3,1,0,1
Signal-Android,2017-1,org.thoughtcrime.redphone.ui.InCallAudioButton,top_level,12,102,0,3,1,20,0,1,0,1,0,1,0,1,13,1,0,1
Signal-Android,2017-1,org.thoughtcrime.redphone.ui.NotificationBarManager,top_level,0,37,0,0,1,3,0,1,0,1,0,1,0,1,2,1,0,1
Signal-Android,2017-1,org.thoughtcrime.redphone.util.AudioUtils,top_level,0,35,0,0,1,8,0,1,0,1,0,1,0,1,7,1,0,1
Signal-Android,2017-1,org.thoughtcrime.redphone.util.Conversions,top_level,27,129,0,0,1,7,0,1,0,1,0,1,0,1,4,1,0,1
Signal-Android,2017-1,org.thoughtcrime.redphone.util.LineReader,top_level,14,59,0,4,1,1,0,1,0,1,0,1,0,1,0,1,0,1
Signal-Android,2017-1,org.thoughtcrime.redphone.util.UncaughtExceptionHandlerManager,top_level,2,18,0,2,1,1,0,1,0,1,0,1,0,1,1,1,0,1
Signal-Android,2017-1,org.thoughtcrime.redphone.util.Util,top_level,2,22,0,0,1,2,0,1,0,1,0,1,0,1,1,1,0,1
Signal-Android,2017-1,org.thoughtcrime.redphone.util.multiwaveview.Ease,top_level,0,83,0,0,0,,,0,,0,,0,,0,,0,,0
Signal-Android,2017-1,org.thoughtcrime.redphone.util.multiwaveview.MultiWaveView,top_level,108,599,0,39,1,50,0,1,0,1,0,1,0,1,28,1,1,1
Signal-Android,2017-1,org.thoughtcrime.redphone.util.multiwaveview.TargetDrawable,top_level,23,93,0,16,1,3,0,1,0,1,0,1,0,1,2,1,0,1
Signal-Android,2017-1,org.thoughtcrime.redphone.util.multiwaveview.Tweener,top_level,3,99,0,0,1,18,0,1,0,1,0,1,0,1,11,1,0,1
Signal-Android,2017-1,org.thoughtcrime.securesms.ApplicationContext,top_level,14,62,0,10,1,2,0,1,0,1,0,1,0,1,0,1,0,1
Signal-Android,2017-1,org.thoughtcrime.securesms.ApplicationPreferencesActivity,top_level,4,138,0,3,1,13,0,1,0,1,0,1,0,1,10,1,0,1
Signal-Android,2017-1,org.thoughtcrime.securesms.BaseActionBarActivity,top_level,10,45,0,4,1,6,0,1,0,1,0,1,0,1,6,1,0,1
Signal-Android,2017-1,org.thoughtcrime.securesms.BaseActivity,top_level,1,14,0,0,0,,,0,,0,,0,,0,,0,,0
Signal-Android,2017-1,org.thoughtcrime.securesms.BasicIntroFragment,top_level,2,31,0,1,1,6,0,1,0,1,0,1,0,1,6,1,0,1
Signal-Android,2017-1,org.thoughtcrime.securesms.BindableConversationItem,top_level,2,7,0,0,0,,,0,,0,,0,,0,,0,,0
Signal-Android,2017-1,org.thoughtcrime.securesms.BindableConversationListItem,top_level,1,3,0,0,0,,,0,,0,,0,,0,,0,,0
Signal-Android,2017-1,org.thoughtcrime.securesms.BlockedContactsActivity,top_level,2,66,0,2,1,6,0,1,0,1,0,1,0,1,6,1,0,1
Signal-Android,2017-1,org.thoughtcrime.securesms.ConfirmIdentityDialog,top_level,1,119,0,1,1,10,0,1,0,1,0,1,0,1,4,1,0,1
Signal-Android,2017-1,org.thoughtcrime.securesms.ContactSelectionActivity,top_level,6,74,0,6,1,10,0,1,0,1,0,1,0,1,10,1,0,1
Signal-Android,2017-1,org.thoughtcrime.securesms.ContactSelectionListFragment,top_level,8,187,0,8,1,30,0,1,0,1,0,1,0,1,24,1,0,1
Signal-Android,2017-1,org.thoughtcrime.securesms.ConversationActivity,top_level,123,1128,0,58,1,153,0,1,0,1,0,1,0,1,127,1,1,1
Signal-Android,2017-1,org.thoughtcrime.securesms.ConversationAdapter<V>,top_level,7,127,0,4,0,,,0,,0,,0,,0,,0,,0
Signal-Android,2017-1,org.thoughtcrime.securesms.ConversationFragment,top_level,11,303,0,6,1,78,0,1,0,1,0,1,0,1,74,1,1,1
Signal-Android,2017-1,org.thoughtcrime.securesms.ConversationItem,top_level,15,424,0,8,1,40,0,1,0,1,0,1,0,1,36,1,0,1
Signal-Android,2017-1,org.thoughtcrime.securesms.ConversationListActivity,top_level,14,131,0,12,1,12,0,1,0,1,0,1,0,1,11,1,0,1
Signal-Android,2017-1,org.thoughtcrime.securesms.ConversationListAdapter,top_level,9,104,0,5,1,7,0,1,0,1,0,1,0,1,7,1,0,1
Signal-Android,2017-1,org.thoughtcrime.securesms.ConversationListArchiveActivity,top_level,3,38,0,3,1,1,0,1,0,1,0,1,0,1,1,1,0,1
Signal-Android,2017-1,org.thoughtcrime.securesms.ConversationListFragment,top_level,10,297,0,8,1,79,0,1,0,1,0,1,0,1,70,1,0,1
Signal-Android,2017-1,org.thoughtcrime.securesms.ConversationListItem,top_level,7,152,0,6,1,7,0,1,0,1,0,1,0,1,6,1,0,1
Signal-Android,2017-1,org.thoughtcrime.securesms.ConversationListItemAction,top_level,2,18,0,2,1,1,0,1,0,1,0,1,0,1,1,1,0,1
Signal-Android,2017-1,org.thoughtcrime.securesms.ConversationPopupActivity,top_level,7,71,0,6,1,15,0,1,0,1,0,1,0,1,14,1,0,1
Signal-Android,2017-1,org.thoughtcrime.securesms.ConversationTitleView,top_level,2,51,0,2,1,5,0,1,0,1,0,1,0,1,5,1,0,1
Signal-Android,2017-1,org.thoughtcrime.securesms.ConversationUpdateItem,top_level,3,124,0,2,1,3,0,1,0,1,0,1,0,1,3,1,0,1
Signal-Android,2017-1,org.thoughtcrime.securesms.CountrySelectionActivity,top_level,0,13,0,0,1,2,0,1,0,1,0,1,0,1,2,1,0,1
Signal-Android,2017-1,org.thoughtcrime.securesms.CountrySelectionFragment,top_level,0,47,0,0,1,4,0,1,0,1,0,1,0,1,4,1,0,1
Signal-Android,2017-1,org.thoughtcrime.securesms.DatabaseMigrationActivity,top_level,13,112,0,11,1,7,0,1,0,1,0,1,0,1,4,1,0,1
Signal-Android,2017-1,org.thoughtcrime.securesms.DatabaseUpgradeActivity,top_level,4,168,0,1,1,21,0,1,0,1,0,1,0,1,13,1,0,1
Signal-Android,2017-1,org.thoughtcrime.securesms.DeviceActivity,top_level,2,132,0,2,1,32,0,1,0,1,0,1,0,1,28,1,0,1
Signal-Android,2017-1,org.thoughtcrime.securesms.DeviceAddFragment,top_level,2,59,0,2,1,6,0,1,0,1,0,1,0,1,4,1,0,1
Signal-Android,2017-1,org.thoughtcrime.securesms.DeviceLinkFragment,top_level,0,28,0,0,1,2,0,1,0,1,0,1,0,1,2,1,0,1
Signal-Android,2017-1,org.thoughtcrime.securesms.DeviceListFragment,top_level,2,121,0,2,1,18,0,1,0,1,0,1,0,1,16,1,0,1
Signal-Android,2017-1,org.thoughtcrime.securesms.DeviceListItem,top_level,2,31,0,2,1,3,0,1,0,1,0,1,0,1,3,1,0,1
Signal-Android,2017-1,org.thoughtcrime.securesms.DeviceProvisioningActivity,top_level,1,33,0,1,1,2,0,1,0,1,0,1,0,1,2,1,0,1
Signal-Android,2017-1,org.thoughtcrime.securesms.DummyActivity,top_level,0,5,0,0,0,,,0,,0,,0,,0,,0,,0
Signal-Android,2017-1,org.thoughtcrime.securesms.ExperienceUpgradeActivity,top_level,0,120,0,0,1,28,0,1,0,1,0,1,0,1,28,1,0,1
Signal-Android,2017-1,org.thoughtcrime.securesms.ExpirationDialog,top_level,0,52,0,0,1,10,0,1,0,1,0,1,0,1,10,1,0,1
Signal-Android,2017-1,org.thoughtcrime.securesms.ExportFragment,top_level,1,71,0,1,1,10,0,1,0,1,0,1,0,1,10,1,0,1
Signal-Android,2017-1,org.thoughtcrime.securesms.GroupCreateActivity,top_level,17,373,0,10,1,69,0,1,0,1,0,1,0,1,60,1,0,1
Signal-Android,2017-1,org.thoughtcrime.securesms.GroupMembersDialog,top_level,3,76,0,2,1,4,0,1,0,1,0,1,0,1,4,1,0,1
Signal-Android,2017-1,org.thoughtcrime.securesms.ImageMediaAdapter,top_level,0,43,0,0,1,7,0,1,0,1,0,1,0,1,6,1,0,1
Signal-Android,2017-1,org.thoughtcrime.securesms.ImportExportActivity,top_level,5,68,0,5,1,12,0,1,0,1,0,1,0,1,11,1,0,1
Signal-Android,2017-1,org.thoughtcrime.securesms.ImportFragment,top_level,6,162,0,4,1,28,0,1,0,1,0,1,0,1,28,1,0,1
Signal-Android,2017-1,org.thoughtcrime.securesms.IntroPagerAdapter,top_level,1,18,0,1,1,1,0,1,0,1,0,1,0,1,0,1,0,1
Signal-Android,2017-1,org.thoughtcrime.securesms.InviteActivity,top_level,7,159,0,5,1,31,0,1,0,1,0,1,0,1,26,1,0,1
Signal-Android,2017-1,org.thoughtcrime.securesms.LogSubmitActivity,top_level,4,43,0,4,1,8,0,1,0,1,0,1,0,1,7,1,0,1
Signal-Android,2017-1,org.thoughtcrime.securesms.MasterSecretListener,top_level,1,2,0,1,0,,,0,,0,,0,,0,,0,,0
Signal-Android,2017-1,org.thoughtcrime.securesms.MediaOverviewActivity,top_level,12,125,0,7,1,25,0,1,0,1,0,1,0,1,22,1,0,1
Signal-Android,2017-1,org.thoughtcrime.securesms.MediaPreviewActivity,top_level,23,135,0,11,1,17,0,1,0,1,0,1,0,1,16,1,0,1
Signal-Android,2017-1,org.thoughtcrime.securesms.MessageDetailsActivity,top_level,6,231,0,6,1,34,0,1,0,1,0,1,0,1,27,1,0,1
Signal-Android,2017-1,org.thoughtcrime.securesms.MessageDetailsRecipientAdapter,top_level,2,33,0,2,1,6,0,1,0,1,0,1,0,1,6,1,0,1
Signal-Android,2017-1,org.thoughtcrime.securesms.MessageRecipientListItem,top_level,3,101,0,2,1,3,0,1,0,1,0,1,0,1,3,1,0,1
Signal-Android,2017-1,org.thoughtcrime.securesms.MuteDialog,top_level,0,26,0,0,1,6,0,1,0,1,0,1,0,1,6,1,0,1
Signal-Android,2017-1,org.thoughtcrime.securesms.NewConversationActivity,top_level,3,41,0,3,1,6,0,1,0,1,0,1,0,1,6,1,0,1
Signal-Android,2017-1,org.thoughtcrime.securesms.PassphraseActivity,top_level,1,29,0,1,1,4,0,1,0,1,0,1,0,1,3,1,0,1
Signal-Android,2017-1,org.thoughtcrime.securesms.PassphraseChangeActivity,top_level,11,88,0,4,1,8,0,1,0,1,0,1,0,1,5,1,0,1
Signal-Android,2017-1,org.thoughtcrime.securesms.PassphraseCreateActivity,top_level,3,32,0,3,1,2,0,1,0,1,0,1,0,1,2,1,0,1
Signal-Android,2017-1,org.thoughtcrime.securesms.PassphrasePromptActivity,top_level,9,106,0,6,1,6,0,1,0,1,0,1,0,1,4,1,0,1
Signal-Android,2017-1,org.thoughtcrime.securesms.PassphraseRequiredActionBarActivity,top_level,9,136,0,6,1,4,0,1,0,1,0,1,0,1,3,1,0,1
Signal-Android,2017-1,org.thoughtcrime.securesms.PlayServicesProblemActivity,top_level,0,6,0,0,0,,,0,,0,,0,,0,,0,,0
Signal-Android,2017-1,org.thoughtcrime.securesms.PlayServicesProblemFragment,top_level,2,23,0,1,1,1,0,1,0,1,0,1,0,1,1,1,0,1
Signal-Android,2017-1,org.thoughtcrime.securesms.PromptMmsActivity,top_level,1,23,0,1,1,5,0,1,0,1,0,1,0,1,3,1,0,1
Signal-Android,2017-1,org.thoughtcrime.securesms.PushContactSelectionActivity,top_level,0,17,0,0,1,2,0,1,0,1,0,1,0,1,2,1,0,1
Signal-Android,2017-1,org.thoughtcrime.securesms.RecipientPreferenceActivity,top_level,5,321,0,5,1,43,0,1,0,1,0,1,0,1,35,1,0,1
Signal-Android,2017-1,org.thoughtcrime.securesms.RegistrationActivity,top_level,10,188,0,4,1,19,0,1,0,1,0,1,0,1,17,1,0,1
Signal-Android,2017-1,org.thoughtcrime.securesms.RegistrationProgressActivity,top_level,24,439,0,19,1,25,0,1,0,1,0,1,0,1,11,1,0,1
Signal-Android,2017-1,org.thoughtcrime.securesms.ShareActivity,top_level,10,126,0,5,1,13,0,1,0,1,0,1,0,1,11,1,0,1
Signal-Android,2017-1,org.thoughtcrime.securesms.ShareFragment,top_level,1,42,0,1,1,6,0,1,0,1,0,1,0,1,6,1,0,1
Signal-Android,2017-1,org.thoughtcrime.securesms.ShareListAdapter,top_level,0,24,0,0,1,2,0,1,0,1,0,1,0,1,1,1,0,1
Signal-Android,2017-1,org.thoughtcrime.securesms.ShareListItem,top_level,6,49,0,5,1,3,0,1,0,1,0,1,0,1,2,1,0,1
Signal-Android,2017-1,org.thoughtcrime.securesms.SmsSendtoActivity,top_level,0,57,0,0,1,9,0,1,0,1,0,1,0,1,9,1,0,1
Signal-Android,2017-1,org.thoughtcrime.securesms.TextSecureExpiredException,top_level,0,3,0,0,0,,,0,,0,,0,,0,,0,,0
Signal-Android,2017-1,org.thoughtcrime.securesms.TextSecureTestCase,top_level,1,6,0,1,1,4,0,1,0,1,0,1,0,1,4,1,0,1
Signal-Android,2017-1,org.thoughtcrime.securesms.TransportOption,top_level,5,58,0,5,0,,,0,,0,,0,,0,,0,,0
Signal-Android,2017-1,org.thoughtcrime.securesms.TransportOptions,top_level,7,103,0,4,1,7,0,1,0,1,0,1,0,1,7,1,0,1
Signal-Android,2017-1,org.thoughtcrime.securesms.TransportOptionsAdapter,top_level,2,36,0,2,1,10,0,1,0,1,0,1,0,1,10,1,0,1
Signal-Android,2017-1,org.thoughtcrime.securesms.TransportOptionsPopup,top_level,0,24,0,0,0,,,0,,0,,0,,0,,0,,0
Signal-Android,2017-1,org.thoughtcrime.securesms.Unbindable,top_level,1,2,0,1,0,,,0,,0,,0,,0,,0,,0
Signal-Android,2017-1,org.thoughtcrime.securesms.VerifyIdentityActivity,top_level,3,299,0,2,1,45,0,1,0,1,0,1,0,1,41,1,0,1
Signal-Android,2017-1,org.thoughtcrime.securesms.attachments.Attachment,top_level,3,42,0,3,1,1,1,1,0,1,0,1,0,1,0,1,0,1
Signal-Android,2017-1,org.thoughtcrime.securesms.attachments.AttachmentId,top_level,5,26,0,5,0,,,0,,0,,0,,0,,0,,0
Signal-Android,2017-1,org.thoughtcrime.securesms.attachments.AttachmentServer,top_level,10,213,0,3,1,24,0,1,0,1,0,1,0,1,19,1,0,1
Signal-Android,2017-1,org.thoughtcrime.securesms.attachments.DatabaseAttachment,top_level,4,44,0,4,1,1,0,1,0,1,1,1,0,1,0,1,0,1
Signal-Android,2017-1,org.thoughtcrime.securesms.attachments.PointerAttachment,top_level,0,24,0,0,1,6,0,1,0,1,0,1,0,1,6,1,0,1
Signal-Android,2017-1,org.thoughtcrime.securesms.attachments.UriAttachment,top_level,1,24,0,1,0,,,0,,0,,0,,0,,0,,0
Signal-Android,2017-1,org.thoughtcrime.securesms.audio.AudioCodec,top_level,7,120,0,5,1,9,0,1,0,1,0,1,0,1,7,1,0,1
Signal-Android,2017-1,org.thoughtcrime.securesms.audio.AudioRecorder,top_level,1,63,0,1,1,1,0,1,0,1,0,1,0,1,1,1,0,1
Signal-Android,2017-1,org.thoughtcrime.securesms.audio.AudioSlidePlayer,top_level,21,152,0,7,1,13,0,1,0,1,0,1,0,1,13,1,0,1
Signal-Android,2017-1,org.thoughtcrime.securesms.color.MaterialColor,top_level,0,82,0,0,1,18,0,1,0,1,0,1,0,1,18,1,0,1
Signal-Android,2017-1,org.thoughtcrime.securesms.color.MaterialColors,top_level,0,37,0,0,0,,,0,,0,,0,,0,,0,,0
Signal-Android,2017-1,org.thoughtcrime.securesms.components.AlertView,top_level,3,33,0,3,1,4,0,1,0,1,0,1,0,1,4,1,0,1
Signal-Android,2017-1,org.thoughtcrime.securesms.components.AnimatingToggle,top_level,0,33,0,0,0,,,0,,0,,0,,0,,0,,0
Signal-Android,2017-1,org.thoughtcrime.securesms.components.AttachmentTypeSelector,top_level,3,171,0,2,1,14,0,1,0,1,0,1,0,1,14,1,0,1
Signal-Android,2017-1,org.thoughtcrime.securesms.components.AudioView,top_level,24,174,0,10,1,12,0,1,0,1,0,1,0,1,10,1,0,1
Signal-Android,2017-1,org.thoughtcrime.securesms.components.AvatarImageView,top_level,0,38,0,0,1,7,0,1,0,1,0,1,0,1,7,1,0,1
Signal-Android,2017-1,org.thoughtcrime.securesms.components.BubbleDrawableBuilder,top_level,10,43,0,6,1,2,0,1,0,1,0,1,0,1,2,1,0,1
Signal-Android,2017-1,org.thoughtcrime.securesms.components.CircleColorImageView,top_level,0,15,0,0,0,,,0,,0,,0,,0,,0,,0
Signal-Android,2017-1,org.thoughtcrime.securesms.components.ComposeText,top_level,4,91,0,2,1,11,0,1,0,1,0,1,0,1,10,1,0,1
Signal-Android,2017-1,org.thoughtcrime.securesms.components.ContactFilterToolbar,top_level,4,88,0,3,1,10,0,1,0,1,0,1,0,1,5,1,0,1
Signal-Android,2017-1,org.thoughtcrime.securesms.components.CustomDefaultPreference,top_level,7,124,0,4,1,5,0,1,0,1,0,1,0,1,5,1,0,1
Signal-Android,2017-1,org.thoughtcrime.securesms.components.DeliveryStatusView,top_level,4,47,0,4,0,,,0,,0,,0,,0,,0,,0
Signal-Android,2017-1,org.thoughtcrime.securesms.components.ExpirationTimerView,top_level,7,45,0,5,1,2,0,1,0,1,0,1,0,1,1,1,0,1
Signal-Android,2017-1,org.thoughtcrime.securesms.components.FromTextView,top_level,0,35,0,0,1,4,0,1,0,1,0,1,0,1,4,1,0,1
Signal-Android,2017-1,org.thoughtcrime.securesms.components.HidingLinearLayout,top_level,7,39,0,3,0,,,0,,0,,0,,0,,0,,0
Signal-Android,2017-1,org.thoughtcrime.securesms.components.HourglassView,top_level,1,41,0,1,0,,,0,,0,,0,,0,,0,,0
Signal-Android,2017-1,org.thoughtcrime.securesms.components.ImageDivet,top_level,6,62,0,5,1,5,0,1,0,1,0,1,0,1,5,1,0,1
Signal-Android,2017-1,org.thoughtcrime.securesms.components.InputAwareLayout,top_level,5,51,0,4,1,2,0,1,0,1,0,1,0,1,2,1,0,1
Signal-Android,2017-1,org.thoughtcrime.securesms.components.InputPanel,top_level,18,189,0,10,1,7,0,1,0,1,0,1,0,1,7,1,0,1
Signal-Android,2017-1,org.thoughtcrime.securesms.components.KeyboardAwareLinearLayout,top_level,34,129,0,19,1,15,0,1,0,1,0,1,0,1,14,1,0,1
Signal-Android,2017-1,org.thoughtcrime.securesms.components.MicrophoneRecorderView,top_level,5,110,0,3,1,2,0,1,0,1,0,1,0,1,1,1,0,1
Signal-Android,2017-1,org.thoughtcrime.securesms.components.PushRecipientsPanel,top_level,6,75,0,4,1,7,0,1,0,1,0,1,0,1,7,1,0,1
Signal-Android,2017-1,org.thoughtcrime.securesms.components.RatingManager,top_level,0,49,0,0,1,6,0,1,0,1,0,1,0,1,5,1,0,1
Signal-Android,2017-1,org.thoughtcrime.securesms.components.RecentPhotoViewRail,top_level,2,68,0,1,1,7,0,1,0,1,0,1,0,1,7,1,0,1
Signal-Android,2017-1,org.thoughtcrime.securesms.components.RecyclerViewFastScroller,top_level,14,130,0,6,1,5,0,1,0,1,0,1,0,1,4,1,0,1
Signal-Android,2017-1,org.thoughtcrime.securesms.components.RemovableEditableMediaView,top_level,1,40,0,1,1,1,0,1,0,1,0,1,0,1,0,1,0,1
Signal-Android,2017-1,org.thoughtcrime.securesms.components.RepeatableImageKey,top_level,4,56,0,3,1,1,0,1,0,1,0,1,0,1,0,1,0,1
Signal-Android,2017-1,org.thoughtcrime.securesms.components.SendButton,top_level,2,58,0,2,1,3,0,1,0,1,0,1,0,1,3,1,0,1
Signal-Android,2017-1,org.thoughtcrime.securesms.components.ShapeScrim,top_level,3,56,0,1,0,,,0,,0,,0,,0,,0,,0
Signal-Android,2017-1,org.thoughtcrime.securesms.components.SingleRecipientPanel,top_level,6,79,0,5,1,6,0,1,0,1,0,1,0,1,6,1,0,1
Signal-Android,2017-1,org.thoughtcrime.securesms.components.SquareFrameLayout,top_level,2,21,0,1,0,,,0,,0,,0,,0,,0,,0
Signal-Android,2017-1,org.thoughtcrime.securesms.components.SquareImageView,top_level,1,13,0,1,0,,,0,,0,,0,,0,,0,,0
Signal-Android,2017-1,org.thoughtcrime.securesms.components.SquareLinearLayout,top_level,1,16,0,1,0,,,0,,0,,0,,0,,0,,0
Signal-Android,2017-1,org.thoughtcrime.securesms.components.SwitchPreferenceCompat,top_level,1,16,0,1,0,,,0,,0,,0,,0,,0,,0
Signal-Android,2017-1,org.thoughtcrime.securesms.components.ThumbnailView,top_level,10,118,0,6,1,18,0,1,0,1,0,1,0,1,17,1,0,1
Signal-Android,2017-1,org.thoughtcrime.securesms.components.TransferControlView,top_level,8,101,0,6,1,6,0,1,0,1,0,1,0,1,6,1,0,1
Signal-Android,2017-1,org.thoughtcrime.securesms.components.ZoomingImageView,top_level,1,61,0,1,1,1,0,1,0,1,0,1,0,1,0,1,0,1
Signal-Android,2017-1,org.thoughtcrime.securesms.components.camera.CameraSurfaceView,top_level,1,17,0,1,0,,,0,,0,,0,,0,,0,,0
Signal-Android,2017-1,org.thoughtcrime.securesms.components.camera.CameraUtils,top_level,0,57,0,0,1,6,0,1,0,1,0,1,0,1,4,1,0,1
Signal-Android,2017-1,org.thoughtcrime.securesms.components.camera.CameraView,top_level,33,385,0,15,1,42,1,1,0,1,0,1,0,1,31,1,1,1
Signal-Android,2017-1,org.thoughtcrime.securesms.components.camera.QuickAttachmentDrawer,top_level,69,374,0,28,1,25,0,1,0,1,0,1,0,1,16,1,1,1
Signal-Android,2017-1,org.thoughtcrime.securesms.components.emoji.AnimatingImageSpan,top_level,0,4,0,0,0,,,0,,0,,0,,0,,0,,0
Signal-Android,2017-1,org.thoughtcrime.securesms.components.emoji.EmojiDrawer,top_level,12,111,0,8,1,7,0,1,0,1,0,1,0,1,4,1,0,1
Signal-Android,2017-1,org.thoughtcrime.securesms.components.emoji.EmojiEditText,top_level,0,28,0,0,1,1,0,1,0,1,0,1,0,1,1,1,0,1
Signal-Android,2017-1,org.thoughtcrime.securesms.components.emoji.EmojiFilter,top_level,0,12,0,0,1,1,0,1,0,1,0,1,0,1,0,1,0,1
Signal-Android,2017-1,org.thoughtcrime.securesms.components.emoji.EmojiPageModel,top_level,5,6,0,3,0,,,0,,0,,0,,0,,0,,0
Signal-Android,2017-1,org.thoughtcrime.securesms.components.emoji.EmojiPageView,top_level,5,57,0,2,1,4,0,1,0,1,0,1,0,1,3,1,0,1
Signal-Android,2017-1,org.thoughtcrime.securesms.components.emoji.EmojiPages,top_level,0,42,0,0,0,,,0,,0,,0,,0,,0,,0
Signal-Android,2017-1,org.thoughtcrime.securesms.components.emoji.EmojiProvider,top_level,0,93,0,0,1,2,0,1,0,1,0,1,0,1,0,1,0,1
Signal-Android,2017-1,org.thoughtcrime.securesms.components.emoji.EmojiSpan,top_level,0,19,0,0,0,,,0,,0,,0,,0,,0,,0
Signal-Android,2017-1,org.thoughtcrime.securesms.components.emoji.EmojiTextView,top_level,11,40,0,3,1,3,0,1,0,1,0,1,0,1,3,1,0,1
Signal-Android,2017-1,org.thoughtcrime.securesms.components.emoji.EmojiToggle,top_level,5,30,0,5,1,4,0,1,0,1,0,1,0,1,4,1,0,1
Signal-Android,2017-1,org.thoughtcrime.securesms.components.emoji.EmojiView,top_level,1,43,0,1,1,1,0,1,0,1,0,1,0,1,1,1,0,1
Signal-Android,2017-1,org.thoughtcrime.securesms.components.emoji.RecentEmojiPageModel,top_level,3,55,0,3,1,4,0,1,0,1,0,1,0,1,4,1,0,1
Signal-Android,2017-1,org.thoughtcrime.securesms.components.emoji.StaticEmojiPageModel,top_level,3,18,0,3,0,,,0,,0,,0,,0,,0,,0
Signal-Android,2017-1,org.thoughtcrime.securesms.components.emoji.parsing.EmojiDrawInfo,top_level,1,16,0,1,0,,,0,,0,,0,,0,,0,,0
Signal-Android,2017-1,org.thoughtcrime.securesms.components.emoji.parsing.EmojiPageBitmap,top_level,0,51,0,0,0,,,0,,0,,0,,0,,0,,0
Signal-Android,2017-1,org.thoughtcrime.securesms.components.emoji.parsing.EmojiParser,top_level,0,40,0,0,1,4,0,1,0,1,0,1,0,1,2,1,0,1
Signal-Android,2017-1,org.thoughtcrime.securesms.components.emoji.parsing.EmojiTree,top_level,0,48,0,0,1,4,0,1,0,1,0,1,0,1,3,1,0,1
Signal-Android,2017-1,org.thoughtcrime.securesms.components.emoji.parsing.Fitzpatrick,top_level,0,22,0,0,1,3,0,1,0,1,0,1,0,1,3,1,0,1
Signal-Android,2017-1,org.thoughtcrime.securesms.components.location.SignalMapView,top_level,0,50,0,0,1,2,0,1,0,1,0,1,0,1,2,1,0,1
Signal-Android,2017-1,org.thoughtcrime.securesms.components.location.SignalPlace,top_level,1,37,0,1,0,,,0,,0,,0,,0,,0,,0
Signal-Android,2017-1,org.thoughtcrime.securesms.components.reminder.DefaultSmsReminder,top_level,0,25,0,0,0,,,0,,0,,0,,0,,0,,0
Signal-Android,2017-1,org.thoughtcrime.securesms.components.reminder.ExpiredBuildReminder,top_level,2,17,0,1,0,,,0,,0,,0,,0,,0,,0
Signal-Android,2017-1,org.thoughtcrime.securesms.components.reminder.InviteReminder,top_level,0,13,0,0,1,1,0,1,0,1,0,1,0,1,1,1,0,1
Signal-Android,2017-1,org.thoughtcrime.securesms.components.reminder.OutdatedBuildReminder,top_level,2,22,0,1,1,1,0,1,0,1,0,1,0,1,1,1,0,1
Signal-Android,2017-1,org.thoughtcrime.securesms.components.reminder.PushRegistrationReminder,top_level,1,18,0,1,0,,,0,,0,,0,,0,,0,,0
Signal-Android,2017-1,org.thoughtcrime.securesms.components.reminder.Reminder,top_level,1,23,0,1,1,3,1,1,0,1,0,1,0,1,0,1,0,1
Signal-Android,2017-1,org.thoughtcrime.securesms.components.reminder.ReminderView,top_level,4,43,0,4,1,2,0,1,0,1,0,1,0,1,2,1,0,1
Signal-Android,2017-1,org.thoughtcrime.securesms.components.reminder.ShareReminder,top_level,0,23,0,0,1,1,0,1,0,1,0,1,0,1,1,1,0,1
Signal-Android,2017-1,org.thoughtcrime.securesms.components.reminder.SystemSmsImportReminder,top_level,0,27,0,0,0,,,0,,0,,0,,0,,0,,0
Signal-Android,2017-1,org.thoughtcrime.securesms.components.subsampling.AttachmentBitmapDecoder,top_level,0,18,0,0,1,1,0,1,0,1,0,1,0,1,0,1,0,1
Signal-Android,2017-1,org.thoughtcrime.securesms.components.subsampling.AttachmentRegionDecoder,top_level,3,44,0,2,1,2,0,1,0,1,0,1,0,1,1,1,0,1
Signal-Android,2017-1,org.thoughtcrime.securesms.contacts.ArrayListCursor,top_level,9,94,0,9,1,13,0,1,0,1,0,1,0,1,7,1,0,1
Signal-Android,2017-1,org.thoughtcrime.securesms.contacts.ContactAccessor,top_level,1,172,0,0,1,10,0,1,0,1,0,1,0,1,10,1,0,1
Signal-Android,2017-1,org.thoughtcrime.securesms.contacts.ContactIdentityManager,top_level,1,12,0,1,0,,,0,,0,,0,,0,,0,,0
Signal-Android,2017-1,org.thoughtcrime.securesms.contacts.ContactIdentityManagerGingerbread,top_level,7,71,0,3,1,3,0,1,0,1,0,1,0,1,3,1,0,1
Signal-Android,2017-1,org.thoughtcrime.securesms.contacts.ContactIdentityManagerICS,top_level,1,43,0,1,1,2,0,1,0,1,0,1,0,1,2,1,0,1
Signal-Android,2017-1,org.thoughtcrime.securesms.contacts.ContactSelectionListAdapter,top_level,3,87,0,3,1,16,0,1,0,1,0,1,0,1,16,1,0,1
Signal-Android,2017-1,org.thoughtcrime.securesms.contacts.ContactSelectionListItem,top_level,5,74,0,4,0,,,0,,0,,0,,0,,0,,0
Signal-Android,2017-1,org.thoughtcrime.securesms.contacts.ContactsCursorLoader,top_level,0,57,0,0,1,2,0,1,0,1,0,1,0,1,2,1,0,1
Signal-Android,2017-1,org.thoughtcrime.securesms.contacts.ContactsDatabase,top_level,0,314,0,0,1,84,0,1,0,1,0,1,0,1,76,1,0,1
Signal-Android,2017-1,org.thoughtcrime.securesms.contacts.ContactsSyncAdapter,top_level,0,13,0,0,0,,,0,,0,,0,,0,,0,,0
Signal-Android,2017-1,org.thoughtcrime.securesms.contacts.NameAndNumber,top_level,1,7,0,1,0,,,0,,0,,0,,0,,0,,0
Signal-Android,2017-1,org.thoughtcrime.securesms.contacts.RecipientsAdapter,top_level,0,72,0,0,1,10,0,1,0,1,0,1,0,1,7,1,0,1
Signal-Android,2017-1,org.thoughtcrime.securesms.contacts.RecipientsEditor,top_level,8,180,0,4,1,10,0,1,0,1,0,1,0,1,8,1,0,1
Signal-Android,2017-1,org.thoughtcrime.securesms.contacts.avatars.BitmapContactPhoto,top_level,0,15,0,0,1,2,0,1,0,1,0,1,0,1,2,1,0,1
Signal-Android,2017-1,org.thoughtcrime.securesms.contacts.avatars.ContactColors,top_level,0,4,0,0,1,3,0,1,0,1,0,1,0,1,2,1,0,1
Signal-Android,2017-1,org.thoughtcrime.securesms.contacts.avatars.ContactPhoto,top_level,3,4,0,0,0,,,0,,0,,0,,0,,0,,0
Signal-Android,2017-1,org.thoughtcrime.securesms.contacts.avatars.ContactPhotoFactory,top_level,0,32,0,0,1,2,0,1,0,1,0,1,0,1,1,1,0,1
Signal-Android,2017-1,org.thoughtcrime.securesms.contacts.avatars.GeneratedContactPhoto,top_level,0,26,0,0,1,8,0,1,0,1,0,1,0,1,8,1,0,1
Signal-Android,2017-1,org.thoughtcrime.securesms.contacts.avatars.ResourceContactPhoto,top_level,1,27,0,1,1,4,0,1,0,1,0,1,0,1,4,1,0,1
Signal-Android,2017-1,org.thoughtcrime.securesms.contacts.avatars.TransparentContactPhoto,top_level,1,11,0,1,1,1,0,1,0,1,0,1,0,1,1,1,0,1
Signal-Android,2017-1,org.thoughtcrime.securesms.crypto.AsymmetricMasterCipher,top_level,6,53,0,3,1,5,0,1,0,1,0,1,0,1,5,1,0,1
Signal-Android,2017-1,org.thoughtcrime.securesms.crypto.AsymmetricMasterSecret,top_level,0,10,0,0,0,,,0,,0,,0,,0,,0,,0
Signal-Android,2017-1,org.thoughtcrime.securesms.crypto.DecryptingPartInputStream,top_level,24,131,0,7,1,4,0,1,0,1,0,1,0,1,3,1,0,1
Signal-Android,2017-1,org.thoughtcrime.securesms.crypto.EncryptingPartOutputStream,top_level,7,54,0,3,1,3,0,1,0,1,0,1,0,1,3,1,0,1
Signal-Android,2017-1,org.thoughtcrime.securesms.crypto.IdentityKeyParcelable,top_level,1,27,0,1,1,1,0,1,0,1,0,1,0,1,1,1,0,1
Signal-Android,2017-1,org.thoughtcrime.securesms.crypto.IdentityKeyUtil,top_level,0,67,0,0,1,17,0,1,0,1,0,1,0,1,16,1,0,1
Signal-Android,2017-1,org.thoughtcrime.securesms.crypto.InvalidPassphraseException,top_level,1,9,0,1,0,,,0,,0,,0,,0,,0,,0
Signal-Android,2017-1,org.thoughtcrime.securesms.crypto.MasterCipher,top_level,4,101,0,2,1,1,0,1,0,1,0,1,0,1,1,1,0,1
Signal-Android,2017-1,org.thoughtcrime.securesms.crypto.MasterSecret,top_level,2,48,0,2,1,9,0,1,0,1,0,1,0,1,9,1,0,1
Signal-Android,2017-1,org.thoughtcrime.securesms.crypto.MasterSecretUnion,top_level,0,13,0,0,0,,,0,,0,,0,,0,,0,,0
Signal-Android,2017-1,org.thoughtcrime.securesms.crypto.MasterSecretUtil,top_level,5,208,0,0,1,39,0,1,0,1,0,1,0,1,36,1,1,1
Signal-Android,2017-1,org.thoughtcrime.securesms.crypto.MediaKey,top_level,0,14,0,0,1,4,0,1,0,1,0,1,0,1,3,1,0,1
Signal-Android,2017-1,org.thoughtcrime.securesms.crypto.PRNGFixes,top_level,21,145,0,1,1,20,0,1,0,1,0,1,0,1,14,1,0,1
Signal-Android,2017-1,org.thoughtcrime.securesms.crypto.PreKeyUtil,top_level,0,103,0,0,1,7,0,1,0,1,0,1,0,1,6,1,0,1
Signal-Android,2017-1,org.thoughtcrime.securesms.crypto.PublicKey,top_level,10,40,0,8,1,1,0,1,0,1,0,1,0,1,1,1,0,1
Signal-Android,2017-1,org.thoughtcrime.securesms.crypto.SecurityEvent,top_level,0,6,0,0,1,1,0,1,0,1,0,1,0,1,0,1,0,1
Signal-Android,2017-1,org.thoughtcrime.securesms.crypto.SessionUtil,top_level,0,7,0,0,1,1,0,1,0,1,0,1,0,1,0,1,0,1
Signal-Android,2017-1,org.thoughtcrime.securesms.crypto.storage.SignalProtocolStoreImpl,top_level,5,67,0,5,1,1,0,1,0,1,0,1,0,1,0,1,0,1
Signal-Android,2017-1,org.thoughtcrime.securesms.crypto.storage.TextSecureIdentityKeyStore,top_level,1,29,0,1,1,6,0,1,0,1,0,1,0,1,6,1,0,1
Signal-Android,2017-1,org.thoughtcrime.securesms.crypto.storage.TextSecurePreKeyStore,top_level,9,140,0,5,1,12,0,1,0,1,0,1,0,1,10,1,0,1
Signal-Android,2017-1,org.thoughtcrime.securesms.crypto.storage.TextSecureSessionStore,top_level,4,131,0,1,1,15,0,1,0,1,0,1,0,1,13,1,0,1
Signal-Android,2017-1,org.thoughtcrime.securesms.database.ApnDatabase,top_level,0,98,0,0,1,3,0,1,0,1,0,1,0,1,2,1,0,1
Signal-Android,2017-1,org.thoughtcrime.securesms.database.AttachmentDatabase,top_level,8,342,0,2,1,39,0,1,0,1,0,1,0,1,38,1,0,1
Signal-Android,2017-1,org.thoughtcrime.securesms.database.CanonicalAddressDatabase,top_level,7,136,0,2,1,9,0,1,0,1,0,1,0,1,9,1,0,1
Signal-Android,2017-1,org.thoughtcrime.securesms.database.CanonicalSessionMigrator,top_level,0,29,0,0,1,7,0,1,0,1,0,1,0,1,6,1,0,1
Signal-Android,2017-1,org.thoughtcrime.securesms.database.ContentValuesBuilder,top_level,0,19,0,0,0,,,0,,0,,0,,0,,0,,0
Signal-Android,2017-1,org.thoughtcrime.securesms.database.CursorRecyclerViewAdapter<VH>,top_level,19,111,0,10,0,,,0,,0,,0,,0,,0,,0
Signal-Android,2017-1,org.thoughtcrime.securesms.database.Database,top_level,2,22,0,2,1,2,0,1,0,1,0,1,0,1,2,1,0,1
Signal-Android,2017-1,org.thoughtcrime.securesms.database.DatabaseFactory,top_level,0,550,0,0,1,82,0,1,2,1,0,1,0,1,59,1,1,1
Signal-Android,2017-1,org.thoughtcrime.securesms.database.DraftDatabase,top_level,2,97,0,2,1,4,1,1,0,1,0,1,0,1,3,1,0,1
Signal-Android,2017-1,org.thoughtcrime.securesms.database.EarlyReceiptCache,top_level,0,31,0,0,0,,,0,,0,,0,,0,,0,,0
Signal-Android,2017-1,org.thoughtcrime.securesms.database.EncryptedBackupExporter,top_level,6,58,0,0,1,9,0,1,0,1,0,1,0,1,8,1,0,1
Signal-Android,2017-1,org.thoughtcrime.securesms.database.EncryptingSmsDatabase,top_level,0,113,0,0,1,17,0,1,0,1,0,1,0,1,17,1,0,1
Signal-Android,2017-1,org.thoughtcrime.securesms.database.GroupDatabase,top_level,10,214,0,8,1,7,1,1,0,1,0,1,0,1,6,1,0,1
Signal-Android,2017-1,org.thoughtcrime.securesms.database.IdentityDatabase,top_level,1,81,0,1,1,5,0,1,0,1,0,1,0,1,5,1,0,1
Signal-Android,2017-1,org.thoughtcrime.securesms.database.ImageDatabase,top_level,0,77,0,0,1,1,0,1,0,1,0,1,0,1,1,1,0,1
Signal-Android,2017-1,org.thoughtcrime.securesms.database.MessagingDatabase,top_level,0,131,0,0,1,10,1,1,0,1,0,1,0,1,8,1,0,1
Signal-Android,2017-1,org.thoughtcrime.securesms.database.MmsAddressDatabase,top_level,2,76,0,2,1,8,0,1,0,1,0,1,0,1,8,1,0,1
Signal-Android,2017-1,org.thoughtcrime.securesms.database.MmsAddresses,top_level,0,29,0,0,0,,,0,,0,,0,,0,,0,,0
Signal-Android,2017-1,org.thoughtcrime.securesms.database.MmsDatabase,top_level,34,783,0,22,1,118,0,1,0,1,0,1,0,1,93,1,1,1
Signal-Android,2017-1,org.thoughtcrime.securesms.database.MmsSmsColumns,top_level,0,148,0,0,1,1,0,1,0,1,0,1,0,1,0,1,0,1
Signal-Android,2017-1,org.thoughtcrime.securesms.database.MmsSmsDatabase,top_level,4,231,0,2,1,14,0,1,1,1,0,1,0,1,12,1,0,1
Signal-Android,2017-1,org.thoughtcrime.securesms.database.NoExternalStorageException,top_level,1,8,0,1,0,,,0,,0,,0,,0,,0,,0
Signal-Android,2017-1,org.thoughtcrime.securesms.database.NoSuchMessageException,top_level,0,3,0,0,0,,,0,,0,,0,,0,,0,,0
Signal-Android,2017-1,org.thoughtcrime.securesms.database.NotInDirectoryException,top_level,0,1,0,0,0,,,0,,0,,0,,0,,0,,0
Signal-Android,2017-1,org.thoughtcrime.securesms.database.PduHeadersBuilder,top_level,0,32,0,0,1,4,0,1,0,1,0,1,0,1,4,1,0,1
Signal-Android,2017-1,org.thoughtcrime.securesms.database.PlaintextBackupExporter,top_level,2,34,0,0,1,9,0,1,0,1,0,1,0,1,8,1,0,1
Signal-Android,2017-1,org.thoughtcrime.securesms.database.PlaintextBackupImporter,top_level,4,76,0,0,1,23,0,1,0,1,0,1,0,1,22,1,0,1
Signal-Android,2017-1,org.thoughtcrime.securesms.database.PushDatabase,top_level,1,97,0,1,1,3,0,1,0,1,0,1,0,1,3,1,0,1
Signal-Android,2017-1,org.thoughtcrime.securesms.database.RecipientPreferenceDatabase,top_level,0,175,0,0,1,5,1,1,0,1,0,1,0,1,4,1,0,1
Signal-Android,2017-1,org.thoughtcrime.securesms.database.SmsDatabase,top_level,38,504,0,27,1,66,0,1,0,1,0,1,0,1,54,1,1,1
Signal-Android,2017-1,org.thoughtcrime.securesms.database.SmsMigrator,top_level,0,157,0,0,1,12,0,1,0,1,0,1,0,1,11,1,0,1
Signal-Android,2017-1,org.thoughtcrime.securesms.database.TextSecureDirectory,top_level,0,163,0,0,1,3,0,1,0,1,0,1,0,1,2,1,0,1
Signal-Android,2017-1,org.thoughtcrime.securesms.database.ThreadDatabase,top_level,29,382,0,14,1,38,0,1,0,1,1,1,0,1,35,1,0,1
Signal-Android,2017-1,org.thoughtcrime.securesms.database.XmlBackup,top_level,15,139,0,1,1,24,1,1,0,1,0,1,0,1,17,1,0,1
Signal-Android,2017-1,org.thoughtcrime.securesms.database.documents.Document<T>,top_level,2,3,0,1,0,,,0,,0,,0,,0,,0,,0
Signal-Android,2017-1,org.thoughtcrime.securesms.database.documents.IdentityKeyMismatch,top_level,3,39,0,3,1,2,0,1,0,1,0,1,0,1,1,1,0,1
Signal-Android,2017-1,org.thoughtcrime.securesms.database.documents.IdentityKeyMismatchList,top_level,3,14,0,2,1,1,0,1,0,1,0,1,0,1,0,1,0,1
Signal-Android,2017-1,org.thoughtcrime.securesms.database.documents.NetworkFailure,top_level,4,16,0,4,1,1,0,1,0,1,0,1,0,1,0,1,0,1
Signal-Android,2017-1,org.thoughtcrime.securesms.database.documents.NetworkFailureList,top_level,3,15,0,2,1,1,0,1,0,1,0,1,0,1,0,1,0,1
Signal-Android,2017-1,org.thoughtcrime.securesms.database.loaders.BlockedContactsLoader,top_level,0,7,0,0,1,1,0,1,0,1,0,1,0,1,1,1,0,1
Signal-Android,2017-1,org.thoughtcrime.securesms.database.loaders.ConversationListLoader,top_level,0,34,0,0,1,6,0,1,0,1,0,1,0,1,6,1,0,1
Signal-Android,2017-1,org.thoughtcrime.securesms.database.loaders.ConversationLoader,top_level,1,12,0,1,1,2,0,1,0,1,0,1,0,1,1,1,0,1
Signal-Android,2017-1,org.thoughtcrime.securesms.database.loaders.CountryListLoader,top_level,0,18,0,0,1,4,0,1,0,1,0,1,0,1,4,1,0,1
Signal-Android,2017-1,org.thoughtcrime.securesms.database.loaders.DeviceListLoader,top_level,0,25,0,0,1,2,0,1,0,1,0,1,0,1,2,1,0,1
Signal-Android,2017-1,org.thoughtcrime.securesms.database.loaders.IdentityLoader,top_level,0,8,0,0,1,1,0,1,0,1,0,1,0,1,1,1,0,1
Signal-Android,2017-1,org.thoughtcrime.securesms.database.loaders.MessageDetailsLoader,top_level,0,16,0,0,1,2,0,1,0,1,0,1,0,1,2,1,0,1
Signal-Android,2017-1,org.thoughtcrime.securesms.database.loaders.RecentPhotosLoader,top_level,0,18,0,0,1,2,0,1,0,1,0,1,1,1,1,1,0,1
Signal-Android,2017-1,org.thoughtcrime.securesms.database.model.DisplayRecord,top_level,22,82,0,22,1,15,0,1,0,1,0,1,0,1,15,1,0,1
Signal-Android,2017-1,org.thoughtcrime.securesms.database.model.MediaMmsMessageRecord,top_level,8,53,0,5,1,7,0,1,0,1,1,1,0,1,6,1,0,1
Signal-Android,2017-1,org.thoughtcrime.securesms.database.model.MessageRecord,top_level,26,118,0,24,1,33,0,1,0,1,1,1,0,1,26,1,0,1
Signal-Android,2017-1,org.thoughtcrime.securesms.database.model.NotificationMmsMessageRecord,top_level,12,55,0,12,1,2,0,1,0,1,1,1,0,1,1,1,0,1
Signal-Android,2017-1,org.thoughtcrime.securesms.database.model.SmsMessageRecord,top_level,3,56,0,3,1,14,0,1,0,1,1,1,0,1,7,1,0,1
Signal-Android,2017-1,org.thoughtcrime.securesms.database.model.ThreadRecord,top_level,6,82,0,6,1,31,1,1,0,1,1,1,0,1,23,1,0,1
Signal-Android,2017-1,org.thoughtcrime.securesms.dependencies.AxolotlStorageModule,top_level,1,13,0,1,0,,,0,,0,,0,,0,,0,,0
Signal-Android,2017-1,org.thoughtcrime.securesms.dependencies.InjectableType,top_level,0,1,0,0,0,,,0,,0,,0,,0,,0,,0
Signal-Android,2017-1,org.thoughtcrime.securesms.dependencies.RedPhoneCommunicationModule,top_level,0,11,0,0,0,,,0,,0,,0,,0,,0,,0
Signal-Android,2017-1,org.thoughtcrime.securesms.dependencies.SignalCommunicationModule,top_level,1,62,0,1,1,1,0,1,0,1,0,1,0,1,0,1,0,1
Signal-Android,2017-1,org.thoughtcrime.securesms.dom.AttrImpl,top_level,3,38,0,3,1,3,0,1,0,1,0,1,0,1,0,1,0,1
Signal-Android,2017-1,org.thoughtcrime.securesms.dom.DocumentImpl,top_level,7,69,0,7,1,13,0,1,0,1,0,1,0,1,0,1,0,1
Signal-Android,2017-1,org.thoughtcrime.securesms.dom.ElementImpl,top_level,2,67,0,2,1,13,0,1,0,1,0,1,0,1,1,1,0,1
Signal-Android,2017-1,org.thoughtcrime.securesms.dom.NamedNodeMapImpl,top_level,1,35,0,1,1,6,0,1,0,1,0,1,0,1,1,1,0,1
Signal-Android,2017-1,org.thoughtcrime.securesms.dom.NodeImpl,top_level,4,118,0,4,1,17,0,1,0,1,0,1,0,1,4,1,1,1
Signal-Android,2017-1,org.thoughtcrime.securesms.dom.NodeListImpl,top_level,2,44,0,1,1,3,0,1,0,1,0,1,0,1,3,1,0,1
Signal-Android,2017-1,org.thoughtcrime.securesms.dom.events.EventImpl,top_level,11,54,0,11,0,,,0,,0,,0,,0,,0,,0
Signal-Android,2017-1,org.thoughtcrime.securesms.dom.events.EventTargetImpl,top_level,0,54,0,0,1,18,0,1,0,1,0,1,0,1,13,1,0,1
Signal-Android,2017-1,org.thoughtcrime.securesms.dom.smil.ElementParallelTimeContainerImpl,top_level,9,76,0,2,1,24,0,1,0,1,0,1,0,1,20,1,0,1
Signal-Android,2017-1,org.thoughtcrime.securesms.dom.smil.ElementSequentialTimeContainerImpl,top_level,4,23,0,1,1,4,0,1,0,1,0,1,0,1,4,1,0,1
Signal-Android,2017-1,org.thoughtcrime.securesms.dom.smil.ElementTimeContainerImpl,top_level,0,4,0,0,0,,,0,,0,,0,,0,,0,,0
Signal-Android,2017-1,org.thoughtcrime.securesms.dom.smil.ElementTimeImpl,top_level,48,166,0,15,1,34,0,1,0,1,0,1,0,1,25,1,0,1
Signal-Android,2017-1,org.thoughtcrime.securesms.dom.smil.SmilDocumentImpl,top_level,18,130,0,18,1,30,0,1,0,1,0,1,0,1,16,1,0,1
Signal-Android,2017-1,org.thoughtcrime.securesms.dom.smil.SmilElementImpl,top_level,0,6,0,0,1,1,0,1,0,1,0,1,0,1,0,1,0,1
Signal-Android,2017-1,org.thoughtcrime.securesms.dom.smil.SmilLayoutElementImpl,top_level,1,23,0,1,1,4,0,1,0,1,0,1,0,1,4,1,0,1
Signal-Android,2017-1,org.thoughtcrime.securesms.dom.smil.SmilMediaElementImpl,top_level,17,169,0,17,1,45,0,1,0,1,0,1,0,1,20,1,1,1
Signal-Android,2017-1,org.thoughtcrime.securesms.dom.smil.SmilParElementImpl,top_level,19,89,0,19,1,18,0,1,0,1,0,1,0,1,9,1,0,1
Signal-Android,2017-1,org.thoughtcrime.securesms.dom.smil.SmilRefElementImpl,top_level,0,4,0,0,0,,,0,,0,,0,,0,,0,,0
Signal-Android,2017-1,org.thoughtcrime.securesms.dom.smil.SmilRegionElementImpl,top_level,34,168,0,10,0,,,0,,0,,0,,0,,0,,0
Signal-Android,2017-1,org.thoughtcrime.securesms.dom.smil.SmilRegionMediaElementImpl,top_level,0,18,0,0,1,6,0,1,0,1,0,1,0,1,6,1,0,1
Signal-Android,2017-1,org.thoughtcrime.securesms.dom.smil.SmilRootLayoutElementImpl,top_level,4,33,0,4,1,4,0,1,0,1,0,1,0,1,0,1,0,1
Signal-Android,2017-1,org.thoughtcrime.securesms.dom.smil.TimeImpl,top_level,7,102,0,7,0,,,0,,0,,0,,0,,0,,0
Signal-Android,2017-1,org.thoughtcrime.securesms.dom.smil.TimeListImpl,top_level,1,12,0,1,0,,,0,,0,,0,,0,,0,,0
Signal-Android,2017-1,org.thoughtcrime.securesms.dom.smil.parser.SmilXmlSerializer,top_level,0,32,0,0,1,5,0,1,0,1,0,1,0,1,4,1,0,1
Signal-Android,2017-1,org.thoughtcrime.securesms.events.PartProgressEvent,top_level,0,8,0,0,0,,,0,,0,,0,,0,,0,,0
Signal-Android,2017-1,org.thoughtcrime.securesms.events.RedPhoneEvent,top_level,1,32,0,1,0,,,0,,0,,0,,0,,0,,0
Signal-Android,2017-1,org.thoughtcrime.securesms.gcm.GcmBroadcastReceiver,top_level,0,50,0,0,1,8,0,1,0,1,0,1,0,1,8,1,0,1
Signal-Android,2017-1,org.thoughtcrime.securesms.giph.model.GiphyImage,top_level,1,45,0,1,0,,,0,,0,,0,,0,,0,,0
Signal-Android,2017-1,org.thoughtcrime.securesms.giph.model.GiphyResponse,top_level,0,5,0,0,0,,,0,,0,,0,,0,,0,,0
Signal-Android,2017-1,org.thoughtcrime.securesms.giph.net.GiphyGifLoader,top_level,0,9,0,0,0,,,0,,0,,0,,0,,0,,0
Signal-Android,2017-1,org.thoughtcrime.securesms.giph.net.GiphyLoader,top_level,0,30,0,0,1,7,0,1,0,1,0,1,1,1,5,1,0,1
Signal-Android,2017-1,org.thoughtcrime.securesms.giph.net.GiphyProxySelector,top_level,3,34,0,2,1,3,0,1,0,1,0,1,0,1,3,1,0,1
Signal-Android,2017-1,org.thoughtcrime.securesms.giph.net.GiphyStickerLoader,top_level,0,9,0,0,0,,,0,,0,,0,,0,,0,,0
Signal-Android,2017-1,org.thoughtcrime.securesms.giph.ui.AspectRatioImageView,top_level,11,39,0,7,0,,,0,,0,,0,,0,,0,,0
Signal-Android,2017-1,org.thoughtcrime.securesms.giph.ui.GiphyActivity,top_level,4,92,0,4,1,9,0,1,0,1,0,1,0,1,9,1,0,1
Signal-Android,2017-1,org.thoughtcrime.securesms.giph.ui.GiphyActivityToolbar,top_level,6,104,0,5,1,10,0,1,0,1,0,1,0,1,5,1,0,1
Signal-Android,2017-1,org.thoughtcrime.securesms.giph.ui.GiphyAdapter,top_level,5,94,0,4,1,14,0,1,0,1,0,1,0,1,13,1,0,1
Signal-Android,2017-1,org.thoughtcrime.securesms.giph.ui.GiphyFragment,top_level,2,61,0,1,1,2,0,1,0,1,0,1,0,1,2,1,0,1
Signal-Android,2017-1,org.thoughtcrime.securesms.giph.ui.GiphyGifFragment,top_level,0,4,0,0,0,,,0,,0,,0,,0,,0,,0
Signal-Android,2017-1,org.thoughtcrime.securesms.giph.ui.GiphyStickerFragment,top_level,0,4,0,0,0,,,0,,0,,0,,0,,0,,0
Signal-Android,2017-1,org.thoughtcrime.securesms.giph.util.InfiniteScrollListener,top_level,1,24,0,1,1,5,0,1,0,1,0,1,1,1,2,1,0,1
Signal-Android,2017-1,org.thoughtcrime.securesms.giph.util.RecyclerViewPositionHelper,top_level,10,48,0,5,1,5,0,1,0,1,0,1,0,1,2,1,0,1
Signal-Android,2017-1,org.thoughtcrime.securesms.glide.OkHttpStreamFetcher,top_level,6,38,0,2,1,4,0,1,0,1,0,1,0,1,4,1,0,1
Signal-Android,2017-1,org.thoughtcrime.securesms.glide.OkHttpUrlLoader,top_level,0,26,0,0,0,,,0,,0,,0,,0,,0,,0
Signal-Android,2017-1,org.thoughtcrime.securesms.groups.GroupManager,top_level,0,67,0,0,1,6,0,1,0,1,0,1,0,1,3,1,0,1
Signal-Android,2017-1,org.thoughtcrime.securesms.groups.GroupMessageProcessor,top_level,0,137,0,0,1,47,0,1,0,1,0,1,0,1,44,1,0,1
Signal-Android,2017-1,org.thoughtcrime.securesms.jobs.AttachmentDownloadJob,top_level,2,96,0,2,1,3,0,1,0,1,0,1,0,1,2,1,0,1
Signal-Android,2017-1,org.thoughtcrime.securesms.jobs.AvatarDownloadJob,top_level,2,45,0,2,1,2,0,1,0,1,0,1,0,1,1,1,0,1
Signal-Android,2017-1,org.thoughtcrime.securesms.jobs.CleanPreKeysJob,top_level,2,56,0,2,1,4,0,1,0,1,0,1,0,1,3,1,0,1
Signal-Android,2017-1,org.thoughtcrime.securesms.jobs.ContextJob,top_level,0,9,0,0,0,,,0,,0,,0,,0,,0,,0
Signal-Android,2017-1,org.thoughtcrime.securesms.jobs.CreateSignedPreKeyJob,top_level,2,31,0,2,1,1,0,1,0,1,0,1,0,1,0,1,0,1
Signal-Android,2017-1,org.thoughtcrime.securesms.jobs.DeliveryReceiptJob,top_level,3,33,0,3,1,1,0,1,0,1,0,1,0,1,0,1,0,1
Signal-Android,2017-1,org.thoughtcrime.securesms.jobs.DirectoryRefreshJob,top_level,5,36,0,3,1,2,0,1,0,1,0,1,0,1,1,1,0,1
Signal-Android,2017-1,org.thoughtcrime.securesms.jobs.GcmRefreshJob,top_level,7,47,0,4,1,2,0,1,0,1,0,1,0,1,1,1,0,1
Signal-Android,2017-1,org.thoughtcrime.securesms.jobs.IdentityUpdateJob,top_level,2,36,0,2,1,2,0,1,0,1,0,1,0,1,2,1,0,1
Signal-Android,2017-1,org.thoughtcrime.securesms.jobs.MasterSecretDecryptJob,top_level,2,46,0,2,1,6,0,1,0,1,0,1,0,1,6,1,0,1
Signal-Android,2017-1,org.thoughtcrime.securesms.jobs.MasterSecretJob,top_level,1,18,0,1,1,1,0,1,0,1,0,1,0,1,0,1,0,1
Signal-Android,2017-1,org.thoughtcrime.securesms.jobs.MmsDownloadJob,top_level,5,117,0,2,1,25,0,1,0,1,0,1,0,1,19,1,0,1
Signal-Android,2017-1,org.thoughtcrime.securesms.jobs.MmsReceiveJob,top_level,8,48,0,3,1,3,0,1,0,1,0,1,0,1,2,1,0,1
Signal-Android,2017-1,org.thoughtcrime.securesms.jobs.MmsSendJob,top_level,2,117,0,2,1,7,0,1,0,1,0,1,0,1,6,1,0,1
Signal-Android,2017-1,org.thoughtcrime.securesms.jobs.MultiDeviceBlockedUpdateJob,top_level,2,31,0,2,1,3,0,1,0,1,0,1,0,1,2,1,0,1
Signal-Android,2017-1,org.thoughtcrime.securesms.jobs.MultiDeviceContactUpdateJob,top_level,7,124,0,4,1,11,0,1,0,1,0,1,0,1,9,1,0,1
Signal-Android,2017-1,org.thoughtcrime.securesms.jobs.MultiDeviceGroupUpdateJob,top_level,2,61,0,2,1,3,0,1,0,1,0,1,0,1,2,1,0,1
Signal-Android,2017-1,org.thoughtcrime.securesms.jobs.MultiDeviceReadUpdateJob,top_level,2,39,0,2,0,,,0,,0,,0,,0,,0,,0
Signal-Android,2017-1,org.thoughtcrime.securesms.jobs.PushContentReceiveJob,top_level,4,27,0,3,0,,,0,,0,,0,,0,,0,,0
Signal-Android,2017-1,org.thoughtcrime.securesms.jobs.PushDecryptJob,top_level,6,386,0,3,1,113,0,1,0,1,0,1,0,1,104,1,0,1
Signal-Android,2017-1,org.thoughtcrime.securesms.jobs.PushGroupSendJob,top_level,2,94,0,2,1,15,0,1,0,1,0,1,0,1,13,1,0,1
Signal-Android,2017-1,org.thoughtcrime.securesms.jobs.PushGroupUpdateJob,top_level,5,48,0,3,1,4,0,1,0,1,0,1,0,1,4,1,0,1
Signal-Android,2017-1,org.thoughtcrime.securesms.jobs.PushMediaSendJob,top_level,2,73,0,2,1,11,0,1,0,1,0,1,0,1,8,1,0,1
Signal-Android,2017-1,org.thoughtcrime.securesms.jobs.PushNotificationReceiveJob,top_level,3,24,0,3,0,,,0,,0,,0,,0,,0,,0
Signal-Android,2017-1,org.thoughtcrime.securesms.jobs.PushReceivedJob,top_level,0,41,0,0,1,4,0,1,0,1,0,1,0,1,4,1,0,1
Signal-Android,2017-1,org.thoughtcrime.securesms.jobs.PushSendJob,top_level,0,43,0,0,1,3,0,1,0,1,0,1,0,1,3,1,0,1
Signal-Android,2017-1,org.thoughtcrime.securesms.jobs.PushTextSendJob,top_level,4,63,0,2,1,8,0,1,0,1,0,1,0,1,7,1,0,1
Signal-Android,2017-1,org.thoughtcrime.securesms.jobs.RefreshAttributesJob,top_level,3,27,0,3,0,,,0,,0,,0,,0,,0,,0
Signal-Android,2017-1,org.thoughtcrime.securesms.jobs.RefreshPreKeysJob,top_level,2,37,0,2,1,2,0,1,0,1,0,1,0,1,1,1,0,1
Signal-Android,2017-1,org.thoughtcrime.securesms.jobs.RequestGroupInfoJob,top_level,3,32,0,3,0,,,0,,0,,0,,0,,0,,0
Signal-Android,2017-1,org.thoughtcrime.securesms.jobs.SendJob,top_level,0,34,0,0,1,1,0,1,0,1,0,1,0,1,0,1,0,1
Signal-Android,2017-1,org.thoughtcrime.securesms.jobs.SmsReceiveJob,top_level,7,55,0,3,1,3,0,1,0,1,0,1,0,1,3,1,0,1
Signal-Android,2017-1,org.thoughtcrime.securesms.jobs.SmsSendJob,top_level,2,105,0,2,1,12,0,1,0,1,0,1,0,1,9,1,0,1
Signal-Android,2017-1,org.thoughtcrime.securesms.jobs.SmsSentJob,top_level,3,52,0,3,1,5,0,1,0,1,0,1,0,1,5,1,0,1
Signal-Android,2017-1,org.thoughtcrime.securesms.jobs.TrimThreadJob,top_level,4,23,0,3,1,1,0,1,0,1,0,1,0,1,1,1,0,1
Signal-Android,2017-1,org.thoughtcrime.securesms.jobs.persistence.EncryptingJobSerializer,top_level,1,27,0,1,1,1,0,1,0,1,0,1,0,1,1,1,0,1
Signal-Android,2017-1,org.thoughtcrime.securesms.jobs.requirements.MasterSecretRequirement,top_level,1,10,0,1,0,,,0,,0,,0,,0,,0,,0
Signal-Android,2017-1,org.thoughtcrime.securesms.jobs.requirements.MasterSecretRequirementProvider,top_level,0,15,0,0,1,1,0,1,0,1,0,1,0,1,0,1,0,1
Signal-Android,2017-1,org.thoughtcrime.securesms.jobs.requirements.MediaNetworkRequirement,top_level,8,54,0,4,1,10,0,1,0,1,0,1,0,1,10,1,0,1
Signal-Android,2017-1,org.thoughtcrime.securesms.jobs.requirements.MediaNetworkRequirementProvider,top_level,2,7,0,1,0,,,0,,0,,0,,0,,0,,0
Signal-Android,2017-1,org.thoughtcrime.securesms.jobs.requirements.NetworkOrServiceRequirement,top_level,1,12,0,1,0,,,0,,0,,0,,0,,0,,0
Signal-Android,2017-1,org.thoughtcrime.securesms.jobs.requirements.ServiceRequirement,top_level,1,12,0,1,0,,,0,,0,,0,,0,,0,,0
Signal-Android,2017-1,org.thoughtcrime.securesms.jobs.requirements.ServiceRequirementProvider,top_level,5,25,0,2,0,,,0,,0,,0,,0,,0,,0
Signal-Android,2017-1,org.thoughtcrime.securesms.mms.ApnUnavailableException,top_level,1,8,0,1,0,,,0,,0,,0,,0,,0,,0
Signal-Android,2017-1,org.thoughtcrime.securesms.mms.AttachmentManager,top_level,4,223,0,3,1,11,0,1,0,1,0,1,0,1,8,1,0,1
Signal-Android,2017-1,org.thoughtcrime.securesms.mms.AttachmentStreamLocalUriFetcher,top_level,4,20,0,2,1,2,0,1,0,1,0,1,0,1,0,1,0,1
Signal-Android,2017-1,org.thoughtcrime.securesms.mms.AttachmentStreamUriLoader,top_level,0,28,0,0,1,1,0,1,0,1,0,1,0,1,0,1,0,1
Signal-Android,2017-1,org.thoughtcrime.securesms.mms.AttachmentTypeSelectorAdapter,top_level,1,49,0,1,1,8,0,1,0,1,0,1,0,1,8,1,0,1
Signal-Android,2017-1,org.thoughtcrime.securesms.mms.AudioSlide,top_level,3,27,0,3,0,,,0,,0,,0,,0,,0,,0
Signal-Android,2017-1,org.thoughtcrime.securesms.mms.CompatMmsConnection,top_level,0,40,0,0,1,1,0,1,0,1,0,1,0,1,0,1,0,1
Signal-Android,2017-1,org.thoughtcrime.securesms.mms.ContactPhotoLocalUriFetcher,top_level,0,11,0,0,1,2,0,1,0,1,0,1,0,1,2,1,0,1
Signal-Android,2017-1,org.thoughtcrime.securesms.mms.ContactPhotoUriLoader,top_level,0,17,0,0,0,,,0,,0,,0,,0,,0,,0
Signal-Android,2017-1,org.thoughtcrime.securesms.mms.DecryptableStreamLocalUriFetcher,top_level,0,15,0,0,1,2,0,1,0,1,0,1,0,1,0,1,0,1
Signal-Android,2017-1,org.thoughtcrime.securesms.mms.DecryptableStreamUriLoader,top_level,0,28,0,0,0,,,0,,0,,0,,0,,0,,0
Signal-Android,2017-1,org.thoughtcrime.securesms.mms.GifSlide,top_level,0,9,0,0,0,,,0,,0,,0,,0,,0,,0
Signal-Android,2017-1,org.thoughtcrime.securesms.mms.ImageSlide,top_level,1,16,0,1,0,,,0,,0,,0,,0,,0,,0
Signal-Android,2017-1,org.thoughtcrime.securesms.mms.IncomingLegacyMmsConnection,top_level,2,68,0,1,1,4,0,1,0,1,0,1,0,1,4,1,0,1
Signal-Android,2017-1,org.thoughtcrime.securesms.mms.IncomingLollipopMmsConnection,top_level,0,41,0,0,1,5,0,1,0,1,0,1,0,1,5,1,0,1
Signal-Android,2017-1,org.thoughtcrime.securesms.mms.IncomingMediaMessage,top_level,6,69,0,6,1,2,1,1,0,1,1,1,0,1,0,1,0,1
Signal-Android,2017-1,org.thoughtcrime.securesms.mms.IncomingMmsConnection,top_level,1,2,0,0,0,,,0,,0,,0,,0,,0,,0
Signal-Android,2017-1,org.thoughtcrime.securesms.mms.LegacyMmsConnection,top_level,1,162,0,1,1,22,1,1,0,1,0,1,1,1,17,1,0,1
Signal-Android,2017-1,org.thoughtcrime.securesms.mms.LocationSlide,top_level,1,16,0,1,0,,,0,,0,,0,,0,,0,,0
Signal-Android,2017-1,org.thoughtcrime.securesms.mms.LollipopMmsConnection,top_level,5,34,0,3,1,2,0,1,0,1,0,1,0,1,2,1,0,1
Signal-Android,2017-1,org.thoughtcrime.securesms.mms.MediaConstraints,top_level,4,41,0,4,1,2,0,1,0,1,0,1,2,1,0,1,0,1
Signal-Android,2017-1,org.thoughtcrime.securesms.mms.MediaNotFoundException,top_level,1,8,0,1,0,,,0,,0,,0,,0,,0,,0
Signal-Android,2017-1,org.thoughtcrime.securesms.mms.MediaStream,top_level,0,10,0,0,0,,,0,,0,,0,,0,,0,,0
Signal-Android,2017-1,org.thoughtcrime.securesms.mms.MediaTooLargeException,top_level,1,8,0,1,0,,,0,,0,,0,,0,,0,,0
Signal-Android,2017-1,org.thoughtcrime.securesms.mms.MmsMediaConstraints,top_level,4,22,0,4,0,,,0,,0,,0,,0,,0,,0
Signal-Android,2017-1,org.thoughtcrime.securesms.mms.MmsRadio,top_level,18,78,0,6,1,7,0,1,0,1,0,1,0,1,4,1,0,1
Signal-Android,2017-1,org.thoughtcrime.securesms.mms.MmsRadioException,top_level,0,3,0,0,0,,,0,,0,,0,,0,,0,,0
Signal-Android,2017-1,org.thoughtcrime.securesms.mms.MmsSendResult,top_level,3,10,0,3,0,,,0,,0,,0,,0,,0,,0
Signal-Android,2017-1,org.thoughtcrime.securesms.mms.OutgoingExpirationUpdateMessage,top_level,1,7,0,1,0,,,0,,0,,0,,0,,0,,0
Signal-Android,2017-1,org.thoughtcrime.securesms.mms.OutgoingGroupMediaMessage,top_level,3,30,0,3,1,2,0,1,0,1,0,1,0,1,2,1,0,1
Signal-Android,2017-1,org.thoughtcrime.securesms.mms.OutgoingLegacyMmsConnection,top_level,8,80,0,2,1,6,0,1,0,1,0,1,0,1,6,1,0,1
Signal-Android,2017-1,org.thoughtcrime.securesms.mms.OutgoingLollipopMmsConnection,top_level,0,40,0,0,1,4,0,1,0,1,0,1,0,1,4,1,0,1
Signal-Android,2017-1,org.thoughtcrime.securesms.mms.OutgoingMediaMessage,top_level,8,60,0,8,1,1,1,1,0,1,0,1,0,1,0,1,0,1
Signal-Android,2017-1,org.thoughtcrime.securesms.mms.OutgoingMmsConnection,top_level,1,2,0,0,0,,,0,,0,,0,,0,,0,,0
Signal-Android,2017-1,org.thoughtcrime.securesms.mms.OutgoingSecureMediaMessage,top_level,1,12,0,1,0,,,0,,0,,0,,0,,0,,0
Signal-Android,2017-1,org.thoughtcrime.securesms.mms.PartAuthority,top_level,0,53,0,0,1,6,0,1,0,1,0,1,0,1,5,1,0,1
Signal-Android,2017-1,org.thoughtcrime.securesms.mms.PartParser,top_level,0,41,0,0,1,7,0,1,0,1,0,1,0,1,5,1,0,1
Signal-Android,2017-1,org.thoughtcrime.securesms.mms.PartUriParser,top_level,2,10,0,2,1,1,0,1,0,1,0,1,0,1,1,1,0,1
Signal-Android,2017-1,org.thoughtcrime.securesms.mms.PushMediaConstraints,top_level,4,23,0,4,0,,,0,,0,,0,,0,,0,,0
Signal-Android,2017-1,org.thoughtcrime.securesms.mms.RoundedCorners,top_level,0,52,0,0,1,2,0,1,0,1,0,1,0,1,2,1,0,1
Signal-Android,2017-1,org.thoughtcrime.securesms.mms.Slide,top_level,10,63,0,10,1,8,0,1,0,1,0,1,0,1,8,1,0,1
Signal-Android,2017-1,org.thoughtcrime.securesms.mms.SlideClickListener,top_level,1,2,0,0,0,,,0,,0,,0,,0,,0,,0
Signal-Android,2017-1,org.thoughtcrime.securesms.mms.SlideDeck,top_level,7,45,0,3,1,2,0,1,0,1,0,1,0,1,2,1,0,1
Signal-Android,2017-1,org.thoughtcrime.securesms.mms.TextSecureGlideModule,top_level,0,13,0,0,0,,,0,,0,,0,,0,,0,,0
Signal-Android,2017-1,org.thoughtcrime.securesms.mms.TextTransport,top_level,2,5,0,2,1,1,0,1,0,1,0,1,0,1,1,1,0,1
Signal-Android,2017-1,org.thoughtcrime.securesms.mms.VideoSlide,top_level,4,23,0,4,0,,,0,,0,,0,,0,,0,,0
Signal-Android,2017-1,org.thoughtcrime.securesms.notifications.AbstractNotificationBuilder,top_level,2,42,0,1,1,2,0,1,0,1,0,1,0,1,2,1,0,1
Signal-Android,2017-1,org.thoughtcrime.securesms.notifications.AndroidAutoHeardReceiver,top_level,0,26,0,0,1,2,0,1,0,1,0,1,0,1,2,1,0,1
Signal-Android,2017-1,org.thoughtcrime.securesms.notifications.AndroidAutoReplyReceiver,top_level,0,42,0,0,1,5,0,1,0,1,0,1,0,1,5,1,0,1
Signal-Android,2017-1,org.thoughtcrime.securesms.notifications.FailedNotificationBuilder,top_level,0,12,0,0,0,,,0,,0,,0,,0,,0,,0
Signal-Android,2017-1,org.thoughtcrime.securesms.notifications.MarkReadReceiver,top_level,0,39,0,0,1,6,0,1,0,1,0,1,0,1,6,1,0,1
Signal-Android,2017-1,org.thoughtcrime.securesms.notifications.MasterSecretBroadcastReceiver,top_level,0,5,0,0,0,,,0,,0,,0,,0,,0,,0
Signal-Android,2017-1,org.thoughtcrime.securesms.notifications.MessageNotifier,top_level,3,337,0,0,1,90,0,1,0,1,0,1,0,1,73,1,1,1
Signal-Android,2017-1,org.thoughtcrime.securesms.notifications.MultipleRecipientNotificationBuilder,top_level,1,42,0,1,1,1,0,1,0,1,0,1,0,1,1,1,0,1
Signal-Android,2017-1,org.thoughtcrime.securesms.notifications.NotificationItem,top_level,2,41,0,2,1,4,1,1,0,1,0,1,0,1,3,1,0,1
Signal-Android,2017-1,org.thoughtcrime.securesms.notifications.NotificationState,top_level,4,90,0,4,1,4,0,1,0,1,0,1,0,1,4,1,0,1
Signal-Android,2017-1,org.thoughtcrime.securesms.notifications.RemoteReplyReceiver,top_level,0,32,0,0,1,6,0,1,0,1,0,1,0,1,6,1,0,1
Signal-Android,2017-1,org.thoughtcrime.securesms.notifications.SingleRecipientNotificationBuilder,top_level,1,144,0,1,1,14,0,1,0,1,0,1,0,1,14,1,0,1
Signal-Android,2017-1,org.thoughtcrime.securesms.preferences.AdvancedPreferenceFragment,top_level,6,139,0,3,1,9,0,1,0,1,0,1,0,1,8,1,0,1
Signal-Android,2017-1,org.thoughtcrime.securesms.preferences.AdvancedRingtonePreference,top_level,0,13,0,0,0,,,0,,0,,0,,0,,0,,0
Signal-Android,2017-1,org.thoughtcrime.securesms.preferences.AppProtectionPreferenceFragment,top_level,5,109,0,3,1,9,0,1,0,1,0,1,0,1,9,1,0,1
Signal-Android,2017-1,org.thoughtcrime.securesms.preferences.AppearancePreferenceFragment,top_level,3,33,0,3,1,6,0,1,0,1,0,1,0,1,6,1,0,1
Signal-Android,2017-1,org.thoughtcrime.securesms.preferences.BlockedContactListItem,top_level,1,31,0,1,0,,,0,,0,,0,,0,,0,,0
Signal-Android,2017-1,org.thoughtcrime.securesms.preferences.ChatsPreferenceFragment,top_level,2,79,0,2,1,8,0,1,0,1,0,1,0,1,8,1,0,1
Signal-Android,2017-1,org.thoughtcrime.securesms.preferences.ColorPreference,top_level,7,132,0,5,1,18,0,1,0,1,0,1,0,1,17,1,0,1
Signal-Android,2017-1,org.thoughtcrime.securesms.preferences.LedBlinkPatternListPreference,top_level,5,72,0,3,1,9,0,1,0,1,0,1,0,1,8,1,0,1
Signal-Android,2017-1,org.thoughtcrime.securesms.preferences.ListSummaryPreferenceFragment,top_level,0,12,0,0,1,6,0,1,0,1,0,1,0,1,6,1,0,1
Signal-Android,2017-1,org.thoughtcrime.securesms.preferences.MmsPreferencesActivity,top_level,3,30,0,3,1,4,0,1,0,1,0,1,0,1,3,1,0,1
Signal-Android,2017-1,org.thoughtcrime.securesms.preferences.MmsPreferencesFragment,top_level,1,41,0,1,1,1,0,1,0,1,0,1,0,1,1,1,0,1
Signal-Android,2017-1,org.thoughtcrime.securesms.preferences.NotificationPrivacyPreference,top_level,2,8,0,2,0,,,0,,0,,0,,0,,0,,0
Signal-Android,2017-1,org.thoughtcrime.securesms.preferences.NotificationsPreferenceFragment,top_level,1,56,0,1,1,4,0,1,0,1,0,1,0,1,4,1,0,1
Signal-Android,2017-1,org.thoughtcrime.securesms.preferences.SmsMmsPreferenceFragment,top_level,9,64,0,2,1,6,0,1,0,1,0,1,0,1,6,1,0,1
Signal-Android,2017-1,org.thoughtcrime.securesms.providers.MmsBodyProvider,top_level,1,66,0,1,1,7,0,1,0,1,0,1,0,1,7,1,0,1
Signal-Android,2017-1,org.thoughtcrime.securesms.providers.PartProvider,top_level,1,64,0,1,1,3,0,1,0,1,0,1,0,1,3,1,0,1
Signal-Android,2017-1,org.thoughtcrime.securesms.providers.PersistentBlobProvider,top_level,0,95,0,0,1,10,0,1,0,1,0,1,0,1,9,1,0,1
Signal-Android,2017-1,org.thoughtcrime.securesms.providers.SingleUseBlobProvider,top_level,2,23,0,1,1,2,0,1,0,1,0,1,0,1,1,1,0,1
Signal-Android,2017-1,org.thoughtcrime.securesms.push.AccountManagerFactory,top_level,0,9,0,0,1,1,0,1,0,1,0,1,0,1,0,1,0,1
Signal-Android,2017-1,org.thoughtcrime.securesms.push.GoogleFrontingTrustStore,top_level,0,10,0,0,1,1,0,1,0,1,0,1,0,1,1,1,0,1
Signal-Android,2017-1,org.thoughtcrime.securesms.push.SecurityEventListener,top_level,0,8,0,0,0,,,0,,0,,0,,0,,0,,0
Signal-Android,2017-1,org.thoughtcrime.securesms.push.SignalServiceNetworkAccess,top_level,0,43,0,0,0,,,0,,0,,0,,0,,0,,0
Signal-Android,2017-1,org.thoughtcrime.securesms.push.SignalServiceTrustStore,top_level,0,10,0,0,1,1,0,1,0,1,0,1,0,1,1,1,0,1
Signal-Android,2017-1,org.thoughtcrime.securesms.qr.QrCode,top_level,0,14,0,0,1,2,0,1,0,1,0,1,0,1,1,1,0,1
Signal-Android,2017-1,org.thoughtcrime.securesms.qr.ScanListener,top_level,1,2,0,0,0,,,0,,0,,0,,0,,0,,0
Signal-Android,2017-1,org.thoughtcrime.securesms.qr.ScanningThread,top_level,8,59,0,2,1,8,0,1,0,1,0,1,0,1,6,1,0,1
Signal-Android,2017-1,org.thoughtcrime.securesms.recipients.Recipient,top_level,10,95,0,8,1,1,0,1,0,1,0,1,0,1,0,1,0,1
Signal-Android,2017-1,org.thoughtcrime.securesms.recipients.RecipientFactory,top_level,0,60,0,0,1,8,0,1,0,1,0,1,0,1,7,1,0,1
Signal-Android,2017-1,org.thoughtcrime.securesms.recipients.RecipientFormattingException,top_level,1,9,0,1,0,,,0,,0,,0,,0,,0,,0
Signal-Android,2017-1,org.thoughtcrime.securesms.recipients.RecipientProvider,top_level,1,140,0,1,1,11,1,1,0,1,0,1,0,1,8,1,0,1
Signal-Android,2017-1,org.thoughtcrime.securesms.recipients.Recipients,top_level,25,172,0,17,1,11,0,1,0,1,0,1,0,1,10,1,1,1
Signal-Android,2017-1,org.thoughtcrime.securesms.recipients.RecipientsFormatter,top_level,0,28,0,0,1,4,0,1,0,1,0,1,0,1,3,1,0,1
Signal-Android,2017-1,org.thoughtcrime.securesms.scribbles.ScribbleActivity,top_level,16,160,0,10,1,13,0,1,0,1,0,1,0,1,9,1,0,1
Signal-Android,2017-1,org.thoughtcrime.securesms.scribbles.ScribbleToolbar,top_level,10,141,0,7,1,10,0,1,0,1,0,1,0,1,3,1,0,1
Signal-Android,2017-1,org.thoughtcrime.securesms.scribbles.StickerLoader,top_level,0,17,0,0,1,2,0,1,0,1,0,1,0,1,2,1,0,1
Signal-Android,2017-1,org.thoughtcrime.securesms.scribbles.StickerSelectActivity,top_level,0,51,0,0,1,2,0,1,0,1,0,1,0,1,2,1,0,1
Signal-Android,2017-1,org.thoughtcrime.securesms.scribbles.StickerSelectFragment,top_level,1,76,0,1,1,7,0,1,0,1,0,1,0,1,6,1,0,1
Signal-Android,2017-1,org.thoughtcrime.securesms.scribbles.multitouch.BaseGestureDetector,top_level,6,43,0,4,1,3,0,1,0,1,0,1,0,1,3,1,0,1
Signal-Android,2017-1,org.thoughtcrime.securesms.scribbles.multitouch.MoveGestureDetector,top_level,2,71,0,2,1,3,0,1,0,1,0,1,0,1,1,1,0,1
Signal-Android,2017-1,org.thoughtcrime.securesms.scribbles.multitouch.RotateGestureDetector,top_level,2,69,0,2,0,,,0,,0,,0,,0,,0,,0
Signal-Android,2017-1,org.thoughtcrime.securesms.scribbles.multitouch.ShoveGestureDetector,top_level,2,90,0,2,1,2,0,1,0,1,0,1,0,1,2,1,0,1
Signal-Android,2017-1,org.thoughtcrime.securesms.scribbles.multitouch.TwoFingerGestureDetector,top_level,4,86,0,2,1,7,0,1,0,1,0,1,0,1,5,1,0,1
Signal-Android,2017-1,org.thoughtcrime.securesms.scribbles.viewmodel.Font,top_level,9,26,0,7,1,1,1,1,0,1,0,1,0,1,0,1,0,1
Signal-Android,2017-1,org.thoughtcrime.securesms.scribbles.viewmodel.Layer,top_level,21,58,0,19,0,,,0,,0,,0,,0,,0,,0
Signal-Android,2017-1,org.thoughtcrime.securesms.scribbles.viewmodel.TextLayer,top_level,8,38,0,6,1,1,1,1,0,1,0,1,0,1,0,1,0,1
Signal-Android,2017-1,org.thoughtcrime.securesms.scribbles.widget.CanvasView,top_level,33,366,0,24,1,25,0,1,0,1,0,1,0,1,14,1,1,1
Signal-Android,2017-1,org.thoughtcrime.securesms.scribbles.widget.MotionView,top_level,12,244,0,7,1,30,0,1,0,1,0,1,0,1,26,1,1,1
Signal-Android,2017-1,org.thoughtcrime.securesms.scribbles.widget.ScribbleView,top_level,7,98,0,6,0,,,0,,0,,0,,0,,0,,0
Signal-Android,2017-1,org.thoughtcrime.securesms.scribbles.widget.VerticalSlideColorPicker,top_level,9,97,0,7,1,1,1,1,0,1,0,1,0,1,0,1,0,1
Signal-Android,2017-1,org.thoughtcrime.securesms.scribbles.widget.entity.ImageEntity,top_level,4,32,0,3,0,,,0,,0,,0,,0,,0,,0
Signal-Android,2017-1,org.thoughtcrime.securesms.scribbles.widget.entity.MotionEntity,top_level,12,111,0,11,1,1,0,1,0,1,0,1,0,1,0,1,0,1
Signal-Android,2017-1,org.thoughtcrime.securesms.scribbles.widget.entity.TextEntity,top_level,10,82,0,4,1,2,0,1,0,1,0,1,0,1,2,1,0,1
Signal-Android,2017-1,org.thoughtcrime.securesms.service.AccountAuthenticatorService,top_level,2,40,0,1,1,2,0,1,0,1,0,1,0,1,2,1,0,1
Signal-Android,2017-1,org.thoughtcrime.securesms.service.AccountVerificationTimeoutException,top_level,1,8,0,1,0,,,0,,0,,0,,0,,0,,0
Signal-Android,2017-1,org.thoughtcrime.securesms.service.ApplicationMigrationService,top_level,12,123,0,8,1,9,1,1,0,1,0,1,0,1,8,1,0,1
Signal-Android,2017-1,org.thoughtcrime.securesms.service.ContactsSyncAdapterService,top_level,2,10,0,1,0,,,0,,0,,0,,0,,0,,0
Signal-Android,2017-1,org.thoughtcrime.securesms.service.DirectoryRefreshListener,top_level,0,29,0,0,1,2,0,1,0,1,0,1,0,1,2,1,0,1
Signal-Android,2017-1,org.thoughtcrime.securesms.service.ExpirationListener,top_level,0,10,0,0,1,4,0,1,0,1,0,1,0,1,4,1,0,1
Signal-Android,2017-1,org.thoughtcrime.securesms.service.ExpiringMessageManager,top_level,3,83,0,3,1,2,0,1,0,1,0,1,0,1,2,1,0,1
Signal-Android,2017-1,org.thoughtcrime.securesms.service.KeyCachingService,top_level,24,184,0,14,1,8,0,1,0,1,0,1,0,1,6,1,0,1
Signal-Android,2017-1,org.thoughtcrime.securesms.service.MasterSecretIntentService,top_level,0,7,0,0,0,,,0,,0,,0,,0,,0,,0
Signal-Android,2017-1,org.thoughtcrime.securesms.service.MessageRetrievalService,top_level,16,103,0,8,1,4,0,1,0,1,0,1,0,1,1,1,0,1
Signal-Android,2017-1,org.thoughtcrime.securesms.service.MmsListener,top_level,0,26,0,0,1,5,0,1,0,1,0,1,0,1,4,1,0,1
Signal-Android,2017-1,org.thoughtcrime.securesms.service.PanicResponderListener,top_level,0,8,0,0,0,,,0,,0,,0,,0,,0,,0
Signal-Android,2017-1,org.thoughtcrime.securesms.service.QuickResponseService,top_level,1,32,0,1,1,8,0,1,0,1,0,1,0,1,8,1,0,1
Signal-Android,2017-1,org.thoughtcrime.securesms.service.RegistrationNotifier,top_level,0,13,0,0,0,,,0,,0,,0,,0,,0,,0
Signal-Android,2017-1,org.thoughtcrime.securesms.service.RegistrationService,top_level,14,216,0,9,1,9,1,1,0,1,0,1,0,1,6,1,0,1
Signal-Android,2017-1,org.thoughtcrime.securesms.service.SmsDeliveryListener,top_level,0,26,0,0,1,2,0,1,0,1,0,1,0,1,2,1,0,1
Signal-Android,2017-1,org.thoughtcrime.securesms.service.SmsListener,top_level,0,75,0,0,1,16,0,1,0,1,0,1,0,1,12,1,0,1
Signal-Android,2017-1,org.thoughtcrime.securesms.sms.IncomingEncryptedMessage,top_level,1,9,0,1,0,,,0,,0,,0,,0,,0,,0
Signal-Android,2017-1,org.thoughtcrime.securesms.sms.IncomingEndSessionMessage,top_level,1,11,0,1,0,,,0,,0,,0,,0,,0,,0
Signal-Android,2017-1,org.thoughtcrime.securesms.sms.IncomingGroupMessage,top_level,3,15,0,3,1,2,0,1,0,1,0,1,0,1,2,1,0,1
Signal-Android,2017-1,org.thoughtcrime.securesms.sms.IncomingIdentityUpdateMessage,top_level,1,6,0,1,0,,,0,,0,,0,,0,,0,,0
Signal-Android,2017-1,org.thoughtcrime.securesms.sms.IncomingJoinedMessage,top_level,2,9,0,2,0,,,0,,0,,0,,0,,0,,0
Signal-Android,2017-1,org.thoughtcrime.securesms.sms.IncomingPreKeyBundleMessage,top_level,1,9,0,1,0,,,0,,0,,0,,0,,0,,0
Signal-Android,2017-1,org.thoughtcrime.securesms.sms.IncomingTextMessage,top_level,14,161,0,14,0,,,0,,0,,0,,0,,0,,0
Signal-Android,2017-1,org.thoughtcrime.securesms.sms.MessageSender,top_level,0,166,0,0,1,27,0,1,0,1,0,1,0,1,23,1,1,1
Signal-Android,2017-1,org.thoughtcrime.securesms.sms.OutgoingEncryptedMessage,top_level,1,11,0,1,0,,,0,,0,,0,,0,,0,,0
Signal-Android,2017-1,org.thoughtcrime.securesms.sms.OutgoingEndSessionMessage,top_level,1,11,0,1,0,,,0,,0,,0,,0,,0,,0
Signal-Android,2017-1,org.thoughtcrime.securesms.sms.OutgoingKeyExchangeMessage,top_level,1,11,0,1,0,,,0,,0,,0,,0,,0,,0
Signal-Android,2017-1,org.thoughtcrime.securesms.sms.OutgoingPrekeyBundleMessage,top_level,1,9,0,1,0,,,0,,0,,0,,0,,0,,0
Signal-Android,2017-1,org.thoughtcrime.securesms.sms.OutgoingTextMessage,top_level,6,44,0,6,1,4,0,1,0,1,0,1,0,1,4,1,0,1
Signal-Android,2017-1,org.thoughtcrime.securesms.sms.TelephonyServiceState,top_level,0,47,0,0,1,2,0,1,0,1,0,1,0,1,2,1,0,1
Signal-Android,2017-1,org.thoughtcrime.securesms.transport.InsecureFallbackApprovalException,top_level,0,5,0,0,0,,,0,,0,,0,,0,,0,,0
Signal-Android,2017-1,org.thoughtcrime.securesms.transport.RetryLaterException,top_level,0,3,0,0,0,,,0,,0,,0,,0,,0,,0
Signal-Android,2017-1,org.thoughtcrime.securesms.transport.UndeliverableMessageException,top_level,1,8,0,1,0,,,0,,0,,0,,0,,0,,0
Signal-Android,2017-1,org.thoughtcrime.securesms.util.AbstractCursorLoader,top_level,8,49,0,3,1,1,0,1,0,1,0,1,0,1,1,1,0,1
Signal-Android,2017-1,org.thoughtcrime.securesms.util.AsyncLoader<D>,top_level,8,24,1,4,0,,,0,,0,,0,,0,,0,,0
Signal-Android,2017-1,org.thoughtcrime.securesms.util.Base64,top_level,59,737,0,1,1,74,0,1,1,1,0,1,0,1,8,1,1,1
Signal-Android,2017-1,org.thoughtcrime.securesms.util.BitmapDecodingException,top_level,0,5,0,0,0,,,0,,0,,0,,0,,0,,0
Signal-Android,2017-1,org.thoughtcrime.securesms.util.BitmapUtil,top_level,18,209,0,0,1,25,0,1,0,1,0,1,0,1,12,1,1,1
Signal-Android,2017-1,org.thoughtcrime.securesms.util.CharacterCalculator,top_level,0,10,0,0,0,,,0,,0,,0,,0,,0,,0
Signal-Android,2017-1,org.thoughtcrime.securesms.util.Conversions,top_level,25,110,0,0,1,2,0,1,0,1,0,1,0,1,0,1,0,1
Signal-Android,2017-1,org.thoughtcrime.securesms.util.DateUtils,top_level,0,59,0,0,1,5,0,1,0,1,0,1,0,1,5,1,0,1
Signal-Android,2017-1,org.thoughtcrime.securesms.util.Dialogs,top_level,0,15,0,0,1,1,0,1,0,1,0,1,0,1,0,1,0,1
Signal-Android,2017-1,org.thoughtcrime.securesms.util.DirectoryHelper,top_level,0,139,0,0,1,28,0,1,0,1,0,1,0,1,21,1,0,1
Signal-Android,2017-1,org.thoughtcrime.securesms.util.DynamicIntroTheme,top_level,0,6,0,0,1,1,0,1,0,1,0,1,0,1,1,1,0,1
Signal-Android,2017-1,org.thoughtcrime.securesms.util.DynamicLanguage,top_level,0,43,0,0,1,9,0,1,0,1,0,1,0,1,8,1,0,1
Signal-Android,2017-1,org.thoughtcrime.securesms.util.DynamicNoActionBarTheme,top_level,0,6,0,0,1,1,0,1,0,1,0,1,0,1,1,1,0,1
Signal-Android,2017-1,org.thoughtcrime.securesms.util.DynamicTheme,top_level,0,21,0,0,1,2,0,1,0,1,0,1,0,1,1,1,0,1
Signal-Android,2017-1,org.thoughtcrime.securesms.util.ExpirationUtil,top_level,0,33,0,0,1,27,0,1,0,1,0,1,0,1,26,1,0,1
Signal-Android,2017-1,org.thoughtcrime.securesms.util.FileUtils,top_level,0,4,0,0,1,1,0,1,0,1,0,1,0,1,0,1,0,1
Signal-Android,2017-1,org.thoughtcrime.securesms.util.FutureTaskListener<V>,top_level,2,3,0,1,0,,,0,,0,,0,,0,,0,,0
Signal-Android,2017-1,org.thoughtcrime.securesms.util.GroupUtil,top_level,0,49,0,0,1,5,0,1,0,1,0,1,0,1,4,1,0,1
Signal-Android,2017-1,org.thoughtcrime.securesms.util.Hex,top_level,0,75,0,0,1,1,0,1,0,1,0,1,0,1,0,1,0,1
Signal-Android,2017-1,org.thoughtcrime.securesms.util.IdentityUtil,top_level,0,20,0,0,1,3,0,1,0,1,0,1,0,1,2,1,0,1
Signal-Android,2017-1,org.thoughtcrime.securesms.util.JsonUtils,top_level,0,16,0,0,1,1,0,1,0,1,0,1,0,1,0,1,0,1
Signal-Android,2017-1,"org.thoughtcrime.securesms.util.LRUCache<K,V>",top_level,1,7,0,1,0,,,0,,0,,0,,0,,0,,0
Signal-Android,2017-1,org.thoughtcrime.securesms.util.LinkedBlockingLifoQueue<E>,top_level,3,12,0,3,0,,,0,,0,,0,,0,,0,,0
Signal-Android,2017-1,org.thoughtcrime.securesms.util.ListenableFutureTask<V>,top_level,6,50,0,4,0,,,0,,0,,0,,0,,0,,0
Signal-Android,2017-1,org.thoughtcrime.securesms.util.MathUtils,top_level,1,11,0,0,1,1,0,1,0,1,0,1,0,1,0,1,0,1
Signal-Android,2017-1,org.thoughtcrime.securesms.util.MediaUtil,top_level,0,90,0,0,1,11,0,1,0,1,0,1,0,1,10,1,0,1
Signal-Android,2017-1,org.thoughtcrime.securesms.util.MmsCharacterCalculator,top_level,0,5,0,0,0,,,0,,0,,0,,0,,0,,0
Signal-Android,2017-1,org.thoughtcrime.securesms.util.NumberUtil,top_level,0,20,0,0,1,2,0,1,0,1,0,1,0,1,1,1,0,1
Signal-Android,2017-1,org.thoughtcrime.securesms.util.ParcelUtil,top_level,0,15,0,0,1,5,0,1,0,1,0,1,0,1,4,1,0,1
Signal-Android,2017-1,org.thoughtcrime.securesms.util.PushCharacterCalculator,top_level,0,5,0,0,0,,,0,,0,,0,,0,,0,,0
Signal-Android,2017-1,org.thoughtcrime.securesms.util.RedPhoneCallTypes,top_level,0,4,0,0,0,,,0,,0,,0,,0,,0,,0
Signal-Android,2017-1,org.thoughtcrime.securesms.util.ResUtil,top_level,0,21,0,0,1,4,0,1,0,1,0,1,0,1,3,1,0,1
Signal-Android,2017-1,org.thoughtcrime.securesms.util.Rfc5724Uri,top_level,0,33,0,0,1,3,0,1,0,1,0,1,0,1,3,1,0,1
Signal-Android,2017-1,org.thoughtcrime.securesms.util.SaveAttachmentTask,top_level,0,112,0,0,1,10,0,1,0,1,0,1,0,1,9,1,0,1
Signal-Android,2017-1,org.thoughtcrime.securesms.util.SelectedRecipientsAdapter,top_level,6,88,0,4,1,15,0,1,0,1,0,1,0,1,15,1,0,1
Signal-Android,2017-1,org.thoughtcrime.securesms.util.ServiceUtil,top_level,0,13,0,0,1,1,0,1,0,1,0,1,0,1,0,1,0,1
Signal-Android,2017-1,org.thoughtcrime.securesms.util.ShortCodeUtil,top_level,0,23,0,0,1,7,0,1,0,1,0,1,0,1,6,1,0,1
Signal-Android,2017-1,org.thoughtcrime.securesms.util.SmilUtil,top_level,0,80,0,0,1,17,0,1,0,1,0,1,0,1,16,1,0,1
Signal-Android,2017-1,org.thoughtcrime.securesms.util.SmsCharacterCalculator,top_level,0,13,0,0,0,,,0,,0,,0,,0,,0,,0
Signal-Android,2017-1,org.thoughtcrime.securesms.util.SpanUtil,top_level,0,19,0,0,1,1,0,1,0,1,0,1,0,1,0,1,0,1
Signal-Android,2017-1,org.thoughtcrime.securesms.util.TaggedFutureTask<V>,top_level,0,10,0,0,0,,,0,,0,,0,,0,,0,,0
Signal-Android,2017-1,org.thoughtcrime.securesms.util.TelephonyUtil,top_level,0,24,0,0,1,9,0,1,0,1,0,1,0,1,8,1,0,1
Signal-Android,2017-1,org.thoughtcrime.securesms.util.TextSecurePreferences,top_level,0,315,0,0,1,26,0,1,0,1,0,1,0,1,22,1,1,1
Signal-Android,2017-1,org.thoughtcrime.securesms.util.ThreadUtil,top_level,0,6,0,0,1,1,0,1,0,1,0,1,0,1,0,1,0,1
Signal-Android,2017-1,org.thoughtcrime.securesms.util.Trimmer,top_level,0,36,0,0,1,4,0,1,0,1,0,1,0,1,2,1,0,1
Signal-Android,2017-1,org.thoughtcrime.securesms.util.Util,top_level,16,234,0,0,1,35,0,1,0,1,0,1,1,1,28,1,1,1
Signal-Android,2017-1,org.thoughtcrime.securesms.util.VersionTracker,top_level,0,9,0,0,1,1,0,1,0,1,0,1,0,1,0,1,0,1
Signal-Android,2017-1,org.thoughtcrime.securesms.util.ViewUtil,top_level,0,106,0,0,1,2,0,1,0,1,0,1,0,1,0,1,0,1
Signal-Android,2017-1,org.thoughtcrime.securesms.util.WorkerThread,top_level,2,17,0,1,1,1,0,1,0,1,0,1,0,1,1,1,0,1
Signal-Android,2017-1,org.thoughtcrime.securesms.util.concurrent.AssertedSuccessListener<T>,top_level,0,4,0,0,0,,,0,,0,,0,,0,,0,,0
Signal-Android,2017-1,org.thoughtcrime.securesms.util.concurrent.ListenableFuture<T>,top_level,1,5,0,1,0,,,0,,0,,0,,0,,0,,0
Signal-Android,2017-1,org.thoughtcrime.securesms.util.concurrent.SettableFuture<T>,top_level,13,62,1,6,0,,,0,,0,,0,,0,,0,,0
Signal-Android,2017-1,org.thoughtcrime.securesms.util.deque.BlockingDeque<E>,top_level,29,36,0,18,0,,,0,,0,,0,,0,,0,,0
Signal-Android,2017-1,org.thoughtcrime.securesms.util.deque.Deque<E>,top_level,27,28,0,21,0,,,0,,0,,0,,0,,0,,0
Signal-Android,2017-1,org.thoughtcrime.securesms.util.deque.LinkedBlockingDeque<E>,top_level,68,528,0,37,0,,,0,,0,,0,,0,,0,,0
Signal-Android,2017-1,org.thoughtcrime.securesms.util.dualsim.SubscriptionInfoCompat,top_level,1,10,0,1,0,,,0,,0,,0,,0,,0,,0
Signal-Android,2017-1,org.thoughtcrime.securesms.util.dualsim.SubscriptionManagerCompat,top_level,0,23,0,0,1,3,0,1,0,1,0,1,0,1,3,1,0,1
Signal-Android,2017-1,"org.thoughtcrime.securesms.util.task.ProgressDialogAsyncTask<Params,Progress,Result>",top_level,4,21,0,2,0,,,0,,0,,0,,0,,0,,0
Signal-Android,2017-1,org.thoughtcrime.securesms.util.task.SnackbarAsyncTask<Params>,top_level,4,61,1,3,0,,,0,,0,,0,,0,,0,,0
Signal-Android,2017-1,org.thoughtcrime.securesms.video.EncryptedMediaDataSource,top_level,6,30,0,3,0,,,0,,0,,0,,0,,0,,0
Signal-Android,2017-1,org.thoughtcrime.securesms.video.VideoPlayer,top_level,2,36,0,1,1,1,0,1,0,1,0,1,0,1,1,1,0,1
Signal-Android,2017-1,ws.com.google.android.mms.ContentType,top_level,1,153,0,1,1,1,0,1,0,1,0,1,0,1,0,1,0,1
Signal-Android,2017-1,ws.com.google.android.mms.InvalidHeaderValueException,top_level,1,6,0,1,0,,,0,,0,,0,,0,,0,,0
Signal-Android,2017-1,ws.com.google.android.mms.MmsException,top_level,1,10,0,1,0,,,0,,0,,0,,0,,0,,0
Signal-Android,2017-1,ws.com.google.android.mms.pdu.AcknowledgeInd,top_level,5,17,0,5,0,,,0,,0,,0,,0,,0,,0
Signal-Android,2017-1,ws.com.google.android.mms.pdu.Base64,top_level,15,68,0,0,1,2,0,1,0,1,0,1,0,1,0,1,0,1
Signal-Android,2017-1,ws.com.google.android.mms.pdu.CharacterSets,top_level,1,96,0,1,1,1,0,1,0,1,0,1,0,1,0,1,0,1
Signal-Android,2017-1,ws.com.google.android.mms.pdu.DeliveryInd,top_level,7,22,0,7,0,,,0,,0,,0,,0,,0,,0
Signal-Android,2017-1,ws.com.google.android.mms.pdu.EncodedStringValue,top_level,14,116,0,7,0,,,0,,0,,0,,0,,0,,0
Signal-Android,2017-1,ws.com.google.android.mms.pdu.GenericPdu,top_level,5,20,0,5,0,,,0,,0,,0,,0,,0,,0
Signal-Android,2017-1,ws.com.google.android.mms.pdu.MultimediaMessagePdu,top_level,5,29,0,5,0,,,0,,0,,0,,0,,0,,0
Signal-Android,2017-1,ws.com.google.android.mms.pdu.NotificationInd,top_level,16,44,0,16,0,,,0,,0,,0,,0,,0,,0
Signal-Android,2017-1,ws.com.google.android.mms.pdu.NotifyRespInd,top_level,7,23,0,7,0,,,0,,0,,0,,0,,0,,0
Signal-Android,2017-1,ws.com.google.android.mms.pdu.PduBody,top_level,3,56,0,3,1,7,0,1,0,1,0,1,0,1,0,1,0,1
Signal-Android,2017-1,ws.com.google.android.mms.pdu.PduComposer,top_level,114,516,0,18,1,50,0,1,2,1,0,1,0,1,18,1,1,1
Signal-Android,2017-1,ws.com.google.android.mms.pdu.PduContentTypes,top_level,0,86,0,0,0,,,0,,0,,0,,0,,0,,0
Signal-Android,2017-1,ws.com.google.android.mms.pdu.PduHeaders,top_level,100,405,0,9,1,26,0,1,1,1,0,1,0,1,3,1,0,1
Signal-Android,2017-1,ws.com.google.android.mms.pdu.PduParser,top_level,29,989,0,1,1,107,0,1,5,1,0,1,0,1,16,1,1,1
Signal-Android,2017-1,ws.com.google.android.mms.pdu.PduPart,top_level,33,141,0,19,1,7,0,1,0,1,0,1,0,1,0,1,0,1
Signal-Android,2017-1,ws.com.google.android.mms.pdu.QuotedPrintable,top_level,9,24,0,0,1,2,0,1,0,1,0,1,0,1,0,1,0,1
Signal-Android,2017-1,ws.com.google.android.mms.pdu.ReadOrigInd,top_level,7,26,0,7,0,,,0,,0,,0,,0,,0,,0
Signal-Android,2017-1,ws.com.google.android.mms.pdu.ReadRecInd,top_level,6,31,0,6,0,,,0,,0,,0,,0,,0,,0
Signal-Android,2017-1,ws.com.google.android.mms.pdu.RetrieveConf,top_level,15,48,0,15,0,,,0,,0,,0,,0,,0,,0
Signal-Android,2017-1,ws.com.google.android.mms.pdu.SendConf,top_level,7,18,0,7,0,,,0,,0,,0,,0,,0,,0
Signal-Android,2017-1,ws.com.google.android.mms.pdu.SendReq,top_level,17,72,0,16,1,2,0,1,0,1,0,1,0,1,1,1,0,1
Signal-Android,2018-1,org.thoughtcrime.securesms.ApplicationContext,top_level,19,93,0,11,1,5,0,1,0,1,0,1,0,1,3,1,0,1
Signal-Android,2018-1,org.thoughtcrime.securesms.ApplicationPreferencesActivity,top_level,4,179,0,3,1,17,0,1,0,1,0,1,0,1,13,1,0,1
Signal-Android,2018-1,org.thoughtcrime.securesms.BaseActionBarActivity,top_level,10,45,0,4,1,6,0,1,0,1,0,1,0,1,6,1,0,1
Signal-Android,2018-1,org.thoughtcrime.securesms.BaseActivity,top_level,1,14,0,0,0,,,0,,0,,0,,0,,0,,0
Signal-Android,2018-1,org.thoughtcrime.securesms.BasicIntroFragment,top_level,2,31,0,1,1,6,0,1,0,1,0,1,0,1,6,1,0,1
Signal-Android,2018-1,org.thoughtcrime.securesms.BindableConversationItem,top_level,2,8,0,0,0,,,0,,0,,0,,0,,0,,0
Signal-Android,2018-1,org.thoughtcrime.securesms.BindableConversationListItem,top_level,1,4,0,0,0,,,0,,0,,0,,0,,0,,0
Signal-Android,2018-1,org.thoughtcrime.securesms.BlockedContactsActivity,top_level,2,68,0,2,1,6,0,1,0,1,0,1,0,1,6,1,0,1
Signal-Android,2018-1,org.thoughtcrime.securesms.ClearProfileAvatarActivity,top_level,1,14,0,1,0,,,0,,0,,0,,0,,0,,0
Signal-Android,2018-1,org.thoughtcrime.securesms.ConfirmIdentityDialog,top_level,1,107,0,1,1,11,0,1,0,1,0,1,0,1,5,1,0,1
Signal-Android,2018-1,org.thoughtcrime.securesms.ContactSelectionActivity,top_level,6,74,0,6,1,10,0,1,0,1,0,1,0,1,10,1,0,1
Signal-Android,2018-1,org.thoughtcrime.securesms.ContactSelectionListFragment,top_level,16,176,0,9,1,23,0,1,0,1,0,1,0,1,21,1,0,1
Signal-Android,2018-1,org.thoughtcrime.securesms.ConversationActivity,top_level,154,1365,0,66,1,192,0,1,0,1,0,1,0,1,168,1,1,1
Signal-Android,2018-1,org.thoughtcrime.securesms.ConversationAdapter<V>,top_level,36,255,0,9,0,,,0,,0,,0,,0,,0,,0
Signal-Android,2018-1,org.thoughtcrime.securesms.ConversationFragment,top_level,17,409,0,9,1,93,0,1,0,1,0,1,0,1,86,1,1,1
Signal-Android,2018-1,org.thoughtcrime.securesms.ConversationItem,top_level,19,441,0,9,1,87,0,1,0,1,0,1,0,1,76,1,0,1
Signal-Android,2018-1,org.thoughtcrime.securesms.ConversationListActivity,top_level,15,121,0,13,1,7,0,1,0,1,0,1,0,1,4,1,0,1
Signal-Android,2018-1,org.thoughtcrime.securesms.ConversationListAdapter,top_level,9,103,0,5,1,13,0,1,0,1,0,1,0,1,13,1,0,1
Signal-Android,2018-1,org.thoughtcrime.securesms.ConversationListArchiveActivity,top_level,3,40,0,3,1,2,0,1,0,1,0,1,0,1,2,1,0,1
Signal-Android,2018-1,org.thoughtcrime.securesms.ConversationListFragment,top_level,12,366,0,9,1,83,0,1,0,1,0,1,0,1,72,1,0,1
Signal-Android,2018-1,org.thoughtcrime.securesms.ConversationListItem,top_level,8,165,0,7,1,16,0,1,0,1,0,1,0,1,14,1,0,1
Signal-Android,2018-1,org.thoughtcrime.securesms.ConversationListItemAction,top_level,2,18,0,2,1,1,0,1,0,1,0,1,0,1,1,1,0,1
Signal-Android,2018-1,org.thoughtcrime.securesms.ConversationListItemInboxZero,top_level,1,14,0,1,0,,,0,,0,,0,,0,,0,,0
Signal-Android,2018-1,org.thoughtcrime.securesms.ConversationPopupActivity,top_level,8,72,0,6,1,16,0,1,0,1,0,1,0,1,15,1,0,1
Signal-Android,2018-1,org.thoughtcrime.securesms.ConversationTitleView,top_level,4,77,0,3,1,5,0,1,0,1,0,1,0,1,5,1,0,1
Signal-Android,2018-1,org.thoughtcrime.securesms.ConversationUpdateItem,top_level,3,134,0,2,1,8,0,1,0,1,0,1,0,1,5,1,0,1
Signal-Android,2018-1,org.thoughtcrime.securesms.CountrySelectionActivity,top_level,0,13,0,0,1,2,0,1,0,1,0,1,0,1,2,1,0,1
Signal-Android,2018-1,org.thoughtcrime.securesms.CountrySelectionFragment,top_level,0,47,0,0,1,4,0,1,0,1,0,1,0,1,4,1,0,1
Signal-Android,2018-1,org.thoughtcrime.securesms.CreateProfileActivity,top_level,25,303,0,10,1,46,0,1,0,1,0,1,0,1,32,1,0,1
Signal-Android,2018-1,org.thoughtcrime.securesms.DatabaseMigrationActivity,top_level,13,112,0,11,1,7,0,1,0,1,0,1,0,1,4,1,0,1
Signal-Android,2018-1,org.thoughtcrime.securesms.DatabaseUpgradeActivity,top_level,4,193,0,1,1,26,0,1,0,1,0,1,0,1,17,1,0,1
Signal-Android,2018-1,org.thoughtcrime.securesms.DeviceActivity,top_level,2,148,0,2,1,20,0,1,0,1,0,1,0,1,16,1,0,1
Signal-Android,2018-1,org.thoughtcrime.securesms.DeviceAddFragment,top_level,2,59,0,2,1,6,0,1,0,1,0,1,0,1,4,1,0,1
Signal-Android,2018-1,org.thoughtcrime.securesms.DeviceLinkFragment,top_level,0,28,0,0,1,2,0,1,0,1,0,1,0,1,2,1,0,1
Signal-Android,2018-1,org.thoughtcrime.securesms.DeviceListFragment,top_level,2,121,0,2,1,19,0,1,0,1,0,1,0,1,16,1,0,1
Signal-Android,2018-1,org.thoughtcrime.securesms.DeviceListItem,top_level,2,31,0,2,1,3,0,1,0,1,0,1,0,1,3,1,0,1
Signal-Android,2018-1,org.thoughtcrime.securesms.DeviceProvisioningActivity,top_level,1,33,0,1,1,2,0,1,0,1,0,1,0,1,2,1,0,1
Signal-Android,2018-1,org.thoughtcrime.securesms.DummyActivity,top_level,0,5,0,0,0,,,0,,0,,0,,0,,0,,0
Signal-Android,2018-1,org.thoughtcrime.securesms.ExperienceUpgradeActivity,top_level,0,167,0,0,1,32,0,1,0,1,0,1,0,1,32,1,0,1
Signal-Android,2018-1,org.thoughtcrime.securesms.ExpirationDialog,top_level,0,52,0,0,1,10,0,1,0,1,0,1,0,1,10,1,0,1
Signal-Android,2018-1,org.thoughtcrime.securesms.GroupCreateActivity,top_level,16,359,0,10,1,72,0,1,0,1,0,1,0,1,65,1,0,1
Signal-Android,2018-1,org.thoughtcrime.securesms.GroupMembersDialog,top_level,2,69,0,2,1,6,0,1,0,1,0,1,0,1,6,1,0,1
Signal-Android,2018-1,org.thoughtcrime.securesms.ImportExportActivity,top_level,2,21,0,2,1,3,0,1,0,1,0,1,0,1,1,1,0,1
Signal-Android,2018-1,org.thoughtcrime.securesms.ImportExportFragment,top_level,6,177,0,4,1,29,0,1,0,1,0,1,0,1,29,1,0,1
Signal-Android,2018-1,org.thoughtcrime.securesms.IntroPagerAdapter,top_level,1,18,0,1,1,1,0,1,0,1,0,1,0,1,0,1,0,1
Signal-Android,2018-1,org.thoughtcrime.securesms.InviteActivity,top_level,7,158,0,5,1,30,0,1,0,1,0,1,0,1,25,1,0,1
Signal-Android,2018-1,org.thoughtcrime.securesms.LogSubmitActivity,top_level,4,43,0,4,1,8,0,1,0,1,0,1,0,1,7,1,0,1
Signal-Android,2018-1,org.thoughtcrime.securesms.MasterSecretListener,top_level,1,2,0,1,0,,,0,,0,,0,,0,,0,,0
Signal-Android,2018-1,org.thoughtcrime.securesms.MediaDocumentsAdapter,top_level,7,65,0,2,1,17,0,1,0,1,0,1,0,1,17,1,0,1
Signal-Android,2018-1,org.thoughtcrime.securesms.MediaGalleryAdapter,top_level,2,67,0,2,1,6,0,1,0,1,0,1,0,1,6,1,0,1
Signal-Android,2018-1,org.thoughtcrime.securesms.MediaOverviewActivity,top_level,4,144,0,4,1,15,0,1,0,1,0,1,0,1,14,1,0,1
Signal-Android,2018-1,org.thoughtcrime.securesms.MediaPreviewActivity,top_level,24,297,0,12,1,38,0,1,0,1,0,1,0,1,36,1,0,1
Signal-Android,2018-1,org.thoughtcrime.securesms.MessageDetailsActivity,top_level,6,236,0,6,1,35,0,1,0,1,0,1,0,1,30,1,0,1
Signal-Android,2018-1,org.thoughtcrime.securesms.MessageDetailsRecipientAdapter,top_level,3,54,0,2,1,6,0,1,0,1,0,1,0,1,6,1,0,1
Signal-Android,2018-1,org.thoughtcrime.securesms.MessageRecipientListItem,top_level,4,119,0,2,1,14,0,1,0,1,0,1,0,1,8,1,0,1
Signal-Android,2018-1,org.thoughtcrime.securesms.MuteDialog,top_level,0,26,0,0,1,6,0,1,0,1,0,1,0,1,6,1,0,1
Signal-Android,2018-1,org.thoughtcrime.securesms.NewConversationActivity,top_level,3,41,0,3,1,7,0,1,0,1,0,1,0,1,7,1,0,1
Signal-Android,2018-1,org.thoughtcrime.securesms.PassphraseActivity,top_level,1,29,0,1,1,4,0,1,0,1,0,1,0,1,3,1,0,1
Signal-Android,2018-1,org.thoughtcrime.securesms.PassphraseChangeActivity,top_level,11,88,0,4,1,8,0,1,0,1,0,1,0,1,5,1,0,1
Signal-Android,2018-1,org.thoughtcrime.securesms.PassphraseCreateActivity,top_level,3,31,0,3,0,,,0,,0,,0,,0,,0,,0
Signal-Android,2018-1,org.thoughtcrime.securesms.PassphrasePromptActivity,top_level,9,106,0,6,1,6,0,1,0,1,0,1,0,1,4,1,0,1
Signal-Android,2018-1,org.thoughtcrime.securesms.PassphraseRequiredActionBarActivity,top_level,9,138,0,6,1,4,0,1,0,1,0,1,0,1,3,1,0,1
Signal-Android,2018-1,org.thoughtcrime.securesms.PlayServicesProblemActivity,top_level,0,6,0,0,0,,,0,,0,,0,,0,,0,,0
Signal-Android,2018-1,org.thoughtcrime.securesms.PlayServicesProblemFragment,top_level,2,23,0,1,1,1,0,1,0,1,0,1,0,1,1,1,0,1
Signal-Android,2018-1,org.thoughtcrime.securesms.PromptMmsActivity,top_level,1,23,0,1,1,5,0,1,0,1,0,1,0,1,3,1,0,1
Signal-Android,2018-1,org.thoughtcrime.securesms.PushContactSelectionActivity,top_level,0,17,0,0,1,2,0,1,0,1,0,1,0,1,2,1,0,1
Signal-Android,2018-1,org.thoughtcrime.securesms.ReadReceiptsIntroFragment,top_level,2,22,0,1,1,3,0,1,0,1,0,1,0,1,2,1,0,1
Signal-Android,2018-1,org.thoughtcrime.securesms.RecipientPreferenceActivity,top_level,5,353,0,4,1,50,0,1,0,1,0,1,0,1,41,1,0,1
Signal-Android,2018-1,org.thoughtcrime.securesms.RegistrationActivity,top_level,36,471,1,13,1,58,0,1,0,1,0,1,0,1,54,1,1,1
Signal-Android,2018-1,org.thoughtcrime.securesms.ShareActivity,top_level,17,199,0,10,1,25,0,1,0,1,0,1,0,1,22,1,0,1
Signal-Android,2018-1,org.thoughtcrime.securesms.SmsSendtoActivity,top_level,0,57,0,0,1,9,0,1,0,1,0,1,0,1,9,1,0,1
Signal-Android,2018-1,org.thoughtcrime.securesms.TextSecureExpiredException,top_level,0,3,0,0,0,,,0,,0,,0,,0,,0,,0
Signal-Android,2018-1,org.thoughtcrime.securesms.TextSecureTestCase,top_level,1,6,0,1,1,4,0,1,0,1,0,1,0,1,4,1,0,1
Signal-Android,2018-1,org.thoughtcrime.securesms.TransportOption,top_level,5,58,0,5,0,,,0,,0,,0,,0,,0,,0
Signal-Android,2018-1,org.thoughtcrime.securesms.TransportOptions,top_level,7,108,0,4,1,6,0,1,0,1,0,1,0,1,6,1,0,1
Signal-Android,2018-1,org.thoughtcrime.securesms.TransportOptionsAdapter,top_level,2,36,0,2,1,10,0,1,0,1,0,1,0,1,10,1,0,1
Signal-Android,2018-1,org.thoughtcrime.securesms.TransportOptionsPopup,top_level,0,24,0,0,0,,,0,,0,,0,,0,,0,,0
Signal-Android,2018-1,org.thoughtcrime.securesms.Unbindable,top_level,1,2,0,1,0,,,0,,0,,0,,0,,0,,0
Signal-Android,2018-1,org.thoughtcrime.securesms.VerifyIdentityActivity,top_level,1,394,0,1,1,60,0,1,0,1,0,1,0,1,54,1,1,1
Signal-Android,2018-1,org.thoughtcrime.securesms.WebRtcCallActivity,top_level,17,224,0,11,1,41,0,1,0,1,0,1,0,1,35,1,0,1
Signal-Android,2018-1,org.thoughtcrime.securesms.animation.AnimationCompleteListener,top_level,0,9,0,0,0,,,0,,0,,0,,0,,0,,0
Signal-Android,2018-1,org.thoughtcrime.securesms.attachments.Attachment,top_level,5,65,0,5,1,2,1,1,0,1,1,1,0,1,0,1,0,1
Signal-Android,2018-1,org.thoughtcrime.securesms.attachments.AttachmentId,top_level,5,26,0,5,0,,,0,,0,,0,,0,,0,,0
Signal-Android,2018-1,org.thoughtcrime.securesms.attachments.AttachmentServer,top_level,10,213,0,3,1,24,0,1,0,1,0,1,0,1,19,1,0,1
Signal-Android,2018-1,org.thoughtcrime.securesms.attachments.DatabaseAttachment,top_level,4,45,0,4,1,1,0,1,0,1,1,1,0,1,0,1,0,1
Signal-Android,2018-1,org.thoughtcrime.securesms.attachments.MmsNotificationAttachment,top_level,5,19,0,1,0,,,0,,0,,0,,0,,0,,0
Signal-Android,2018-1,org.thoughtcrime.securesms.attachments.PointerAttachment,top_level,0,29,0,0,1,11,0,1,0,1,0,1,0,1,11,1,0,1
Signal-Android,2018-1,org.thoughtcrime.securesms.attachments.UriAttachment,top_level,1,27,0,1,0,,,0,,0,,0,,0,,0,,0
Signal-Android,2018-1,org.thoughtcrime.securesms.audio.AudioCodec,top_level,7,120,0,5,1,9,0,1,0,1,0,1,0,1,7,1,0,1
Signal-Android,2018-1,org.thoughtcrime.securesms.audio.AudioRecorder,top_level,1,63,0,1,1,1,0,1,0,1,0,1,0,1,1,1,0,1
Signal-Android,2018-1,org.thoughtcrime.securesms.audio.AudioSlidePlayer,top_level,23,213,0,8,1,24,0,1,0,1,0,1,0,1,14,1,1,1
Signal-Android,2018-1,org.thoughtcrime.securesms.color.MaterialColor,top_level,0,82,0,0,1,18,0,1,0,1,0,1,0,1,18,1,0,1
Signal-Android,2018-1,org.thoughtcrime.securesms.color.MaterialColors,top_level,0,37,0,0,0,,,0,,0,,0,,0,,0,,0
Signal-Android,2018-1,org.thoughtcrime.securesms.components.AccessibleToggleButton,top_level,3,23,0,1,0,,,0,,0,,0,,0,,0,,0
Signal-Android,2018-1,org.thoughtcrime.securesms.components.AlertView,top_level,3,33,0,3,1,4,0,1,0,1,0,1,0,1,4,1,0,1
Signal-Android,2018-1,org.thoughtcrime.securesms.components.AnimatingToggle,top_level,0,33,0,0,0,,,0,,0,,0,,0,,0,,0
Signal-Android,2018-1,org.thoughtcrime.securesms.components.AttachmentTypeSelector,top_level,3,180,0,2,1,14,0,1,0,1,0,1,0,1,14,1,0,1
Signal-Android,2018-1,org.thoughtcrime.securesms.components.AudioView,top_level,28,201,0,13,1,12,0,1,0,1,0,1,0,1,10,1,0,1
Signal-Android,2018-1,org.thoughtcrime.securesms.components.AvatarImageView,top_level,0,47,0,0,1,5,0,1,0,1,0,1,0,1,5,1,0,1
Signal-Android,2018-1,org.thoughtcrime.securesms.components.BubbleDrawableBuilder,top_level,10,43,0,6,1,2,0,1,0,1,0,1,0,1,2,1,0,1
Signal-Android,2018-1,org.thoughtcrime.securesms.components.CircleColorImageView,top_level,0,15,0,0,0,,,0,,0,,0,,0,,0,,0
Signal-Android,2018-1,org.thoughtcrime.securesms.components.ComposeText,top_level,6,99,0,3,1,13,0,1,0,1,0,1,0,1,12,1,0,1
Signal-Android,2018-1,org.thoughtcrime.securesms.components.ContactFilterToolbar,top_level,4,89,0,3,1,10,0,1,0,1,0,1,0,1,5,1,0,1
Signal-Android,2018-1,org.thoughtcrime.securesms.components.CustomDefaultPreference,top_level,2,139,0,2,1,12,0,1,0,1,0,1,0,1,12,1,0,1
Signal-Android,2018-1,org.thoughtcrime.securesms.components.DeliveryStatusView,top_level,5,58,0,5,0,,,0,,0,,0,,0,,0,,0
Signal-Android,2018-1,org.thoughtcrime.securesms.components.DocumentView,top_level,4,109,0,4,1,6,0,1,0,1,0,1,0,1,5,1,0,1
Signal-Android,2018-1,org.thoughtcrime.securesms.components.ExpirationTimerView,top_level,7,49,0,5,1,3,0,1,0,1,0,1,0,1,3,1,0,1
Signal-Android,2018-1,org.thoughtcrime.securesms.components.FromTextView,top_level,0,36,0,0,0,,,0,,0,,0,,0,,0,,0
Signal-Android,2018-1,org.thoughtcrime.securesms.components.HidingLinearLayout,top_level,7,39,0,3,0,,,0,,0,,0,,0,,0,,0
Signal-Android,2018-1,org.thoughtcrime.securesms.components.HourglassView,top_level,1,41,0,1,0,,,0,,0,,0,,0,,0,,0
Signal-Android,2018-1,org.thoughtcrime.securesms.components.ImageDivet,top_level,6,62,0,5,1,5,0,1,0,1,0,1,0,1,5,1,0,1
Signal-Android,2018-1,org.thoughtcrime.securesms.components.InputAwareLayout,top_level,5,51,0,4,1,2,0,1,0,1,0,1,0,1,2,1,0,1
Signal-Android,2018-1,org.thoughtcrime.securesms.components.InputPanel,top_level,24,192,0,12,1,6,0,1,0,1,0,1,0,1,4,1,0,1
Signal-Android,2018-1,org.thoughtcrime.securesms.components.KeyboardAwareLinearLayout,top_level,34,129,0,19,1,15,0,1,0,1,0,1,0,1,14,1,0,1
Signal-Android,2018-1,org.thoughtcrime.securesms.components.MediaView,top_level,3,44,0,3,0,,,0,,0,,0,,0,,0,,0
Signal-Android,2018-1,org.thoughtcrime.securesms.components.MicrophoneRecorderView,top_level,5,122,0,3,1,5,0,1,0,1,0,1,0,1,1,1,0,1
Signal-Android,2018-1,org.thoughtcrime.securesms.components.PushRecipientsPanel,top_level,6,73,0,4,1,5,0,1,0,1,0,1,0,1,5,1,0,1
Signal-Android,2018-1,org.thoughtcrime.securesms.components.RatingManager,top_level,0,49,0,0,1,6,0,1,0,1,0,1,0,1,5,1,0,1
Signal-Android,2018-1,org.thoughtcrime.securesms.components.RecentPhotoViewRail,top_level,2,67,0,1,1,8,0,1,0,1,0,1,0,1,8,1,0,1
Signal-Android,2018-1,org.thoughtcrime.securesms.components.RecyclerViewFastScroller,top_level,14,130,0,6,1,5,0,1,0,1,0,1,0,1,4,1,0,1
Signal-Android,2018-1,org.thoughtcrime.securesms.components.RemovableEditableMediaView,top_level,1,40,0,1,1,1,0,1,0,1,0,1,0,1,0,1,0,1
Signal-Android,2018-1,org.thoughtcrime.securesms.components.RepeatableImageKey,top_level,4,56,0,3,1,1,0,1,0,1,0,1,0,1,0,1,0,1
Signal-Android,2018-1,org.thoughtcrime.securesms.components.SearchToolbar,top_level,12,85,0,6,1,20,0,1,0,1,0,1,0,1,20,1,0,1
Signal-Android,2018-1,org.thoughtcrime.securesms.components.SendButton,top_level,2,58,0,2,1,3,0,1,0,1,0,1,0,1,3,1,0,1
Signal-Android,2018-1,org.thoughtcrime.securesms.components.ShapeScrim,top_level,3,56,0,1,0,,,0,,0,,0,,0,,0,,0
Signal-Android,2018-1,org.thoughtcrime.securesms.components.SquareFrameLayout,top_level,2,21,0,1,0,,,0,,0,,0,,0,,0,,0
Signal-Android,2018-1,org.thoughtcrime.securesms.components.SquareImageView,top_level,1,13,0,1,0,,,0,,0,,0,,0,,0,,0
Signal-Android,2018-1,org.thoughtcrime.securesms.components.SquareLinearLayout,top_level,1,16,0,1,0,,,0,,0,,0,,0,,0,,0
Signal-Android,2018-1,org.thoughtcrime.securesms.components.SwitchPreferenceCompat,top_level,1,16,0,1,0,,,0,,0,,0,,0,,0,,0
Signal-Android,2018-1,org.thoughtcrime.securesms.components.ThreadPhotoRailView,top_level,2,58,0,1,1,4,0,1,0,1,0,1,0,1,4,1,0,1
Signal-Android,2018-1,org.thoughtcrime.securesms.components.ThumbnailView,top_level,6,117,0,4,1,19,0,1,0,1,0,1,0,1,17,1,0,1
Signal-Android,2018-1,org.thoughtcrime.securesms.components.TransferControlView,top_level,8,101,0,6,1,6,0,1,0,1,0,1,0,1,6,1,0,1
Signal-Android,2018-1,org.thoughtcrime.securesms.components.ZoomingImageView,top_level,1,70,0,1,0,,,0,,0,,0,,0,,0,,0
Signal-Android,2018-1,org.thoughtcrime.securesms.components.camera.CameraSurfaceView,top_level,1,17,0,1,0,,,0,,0,,0,,0,,0,,0
Signal-Android,2018-1,org.thoughtcrime.securesms.components.camera.CameraUtils,top_level,0,57,0,0,1,6,0,1,0,1,0,1,0,1,4,1,0,1
Signal-Android,2018-1,org.thoughtcrime.securesms.components.camera.CameraView,top_level,33,385,0,15,1,42,1,1,0,1,0,1,0,1,31,1,1,1
Signal-Android,2018-1,org.thoughtcrime.securesms.components.camera.QuickAttachmentDrawer,top_level,69,374,0,28,1,25,0,1,0,1,0,1,0,1,16,1,1,1
Signal-Android,2018-1,org.thoughtcrime.securesms.components.emoji.AnimatingImageSpan,top_level,0,4,0,0,0,,,0,,0,,0,,0,,0,,0
Signal-Android,2018-1,org.thoughtcrime.securesms.components.emoji.EmojiDrawer,top_level,12,111,0,8,1,7,0,1,0,1,0,1,0,1,4,1,0,1
Signal-Android,2018-1,org.thoughtcrime.securesms.components.emoji.EmojiEditText,top_level,0,28,0,0,1,1,0,1,0,1,0,1,0,1,1,1,0,1
Signal-Android,2018-1,org.thoughtcrime.securesms.components.emoji.EmojiFilter,top_level,0,12,0,0,1,1,0,1,0,1,0,1,0,1,0,1,0,1
Signal-Android,2018-1,org.thoughtcrime.securesms.components.emoji.EmojiPageModel,top_level,5,6,0,3,0,,,0,,0,,0,,0,,0,,0
Signal-Android,2018-1,org.thoughtcrime.securesms.components.emoji.EmojiPageView,top_level,5,57,0,2,1,4,0,1,0,1,0,1,0,1,3,1,0,1
Signal-Android,2018-1,org.thoughtcrime.securesms.components.emoji.EmojiPages,top_level,0,83,0,0,0,,,0,,0,,0,,0,,0,,0
Signal-Android,2018-1,org.thoughtcrime.securesms.components.emoji.EmojiProvider,top_level,0,98,0,0,1,2,0,1,0,1,0,1,0,1,0,1,0,1
Signal-Android,2018-1,org.thoughtcrime.securesms.components.emoji.EmojiSpan,top_level,0,19,0,0,0,,,0,,0,,0,,0,,0,,0
Signal-Android,2018-1,org.thoughtcrime.securesms.components.emoji.EmojiTextView,top_level,13,67,0,5,1,6,0,1,0,1,0,1,0,1,5,1,0,1
Signal-Android,2018-1,org.thoughtcrime.securesms.components.emoji.EmojiToggle,top_level,5,30,0,5,1,4,0,1,0,1,0,1,0,1,4,1,0,1
Signal-Android,2018-1,org.thoughtcrime.securesms.components.emoji.EmojiView,top_level,1,43,0,1,1,1,0,1,0,1,0,1,0,1,1,1,0,1
Signal-Android,2018-1,org.thoughtcrime.securesms.components.emoji.RecentEmojiPageModel,top_level,3,55,0,3,1,4,0,1,0,1,0,1,0,1,4,1,0,1
Signal-Android,2018-1,org.thoughtcrime.securesms.components.emoji.StaticEmojiPageModel,top_level,3,18,0,3,0,,,0,,0,,0,,0,,0,,0
Signal-Android,2018-1,org.thoughtcrime.securesms.components.emoji.parsing.EmojiDrawInfo,top_level,1,16,0,1,0,,,0,,0,,0,,0,,0,,0
Signal-Android,2018-1,org.thoughtcrime.securesms.components.emoji.parsing.EmojiPageBitmap,top_level,0,58,0,0,1,8,0,1,0,1,0,1,0,1,8,1,0,1
Signal-Android,2018-1,org.thoughtcrime.securesms.components.emoji.parsing.EmojiParser,top_level,0,54,0,0,1,3,0,1,0,1,0,1,0,1,2,1,0,1
Signal-Android,2018-1,org.thoughtcrime.securesms.components.emoji.parsing.EmojiTree,top_level,0,56,0,0,1,11,0,1,0,1,0,1,0,1,10,1,0,1
Signal-Android,2018-1,org.thoughtcrime.securesms.components.emoji.parsing.Fitzpatrick,top_level,0,22,0,0,1,3,0,1,0,1,0,1,0,1,3,1,0,1
Signal-Android,2018-1,org.thoughtcrime.securesms.components.identity.UntrustedSendDialog,top_level,0,31,0,0,0,,,0,,0,,0,,0,,0,,0
Signal-Android,2018-1,org.thoughtcrime.securesms.components.identity.UnverifiedBannerView,top_level,2,48,0,2,1,1,0,1,0,1,0,1,0,1,1,1,0,1
Signal-Android,2018-1,org.thoughtcrime.securesms.components.identity.UnverifiedSendDialog,top_level,0,33,0,0,0,,,0,,0,,0,,0,,0,,0
Signal-Android,2018-1,org.thoughtcrime.securesms.components.location.SignalMapView,top_level,0,50,0,0,1,2,0,1,0,1,0,1,0,1,2,1,0,1
Signal-Android,2018-1,org.thoughtcrime.securesms.components.location.SignalPlace,top_level,1,37,0,1,0,,,0,,0,,0,,0,,0,,0
Signal-Android,2018-1,org.thoughtcrime.securesms.components.recyclerview.DeleteItemAnimator,top_level,1,11,0,1,0,,,0,,0,,0,,0,,0,,0
Signal-Android,2018-1,org.thoughtcrime.securesms.components.registration.CallMeCountDownView,top_level,8,57,0,5,1,3,0,1,0,1,0,1,0,1,3,1,0,1
Signal-Android,2018-1,org.thoughtcrime.securesms.components.registration.PulsingFloatingActionButton,top_level,5,26,0,3,1,2,0,1,0,1,0,1,0,1,2,1,0,1
Signal-Android,2018-1,org.thoughtcrime.securesms.components.registration.VerificationCodeView,top_level,9,90,0,4,1,14,0,1,0,1,0,1,0,1,14,1,0,1
Signal-Android,2018-1,org.thoughtcrime.securesms.components.registration.VerificationPinKeyboard,top_level,4,104,0,4,1,6,0,1,0,1,0,1,0,1,2,1,0,1
Signal-Android,2018-1,org.thoughtcrime.securesms.components.reminder.DefaultSmsReminder,top_level,0,25,0,0,0,,,0,,0,,0,,0,,0,,0
Signal-Android,2018-1,org.thoughtcrime.securesms.components.reminder.DozeReminder,top_level,0,22,0,0,0,,,0,,0,,0,,0,,0,,0
Signal-Android,2018-1,org.thoughtcrime.securesms.components.reminder.ExpiredBuildReminder,top_level,2,21,0,1,0,,,0,,0,,0,,0,,0,,0
Signal-Android,2018-1,org.thoughtcrime.securesms.components.reminder.InviteReminder,top_level,0,13,0,0,1,1,0,1,0,1,0,1,0,1,1,1,0,1
Signal-Android,2018-1,org.thoughtcrime.securesms.components.reminder.OutdatedBuildReminder,top_level,2,25,0,1,1,1,0,1,0,1,0,1,0,1,1,1,0,1
Signal-Android,2018-1,org.thoughtcrime.securesms.components.reminder.PushRegistrationReminder,top_level,1,18,0,1,0,,,0,,0,,0,,0,,0,,0
Signal-Android,2018-1,org.thoughtcrime.securesms.components.reminder.Reminder,top_level,1,23,0,1,1,3,1,1,0,1,0,1,0,1,0,1,0,1
Signal-Android,2018-1,org.thoughtcrime.securesms.components.reminder.ReminderView,top_level,4,43,0,4,1,2,0,1,0,1,0,1,0,1,2,1,0,1
Signal-Android,2018-1,org.thoughtcrime.securesms.components.reminder.ShareReminder,top_level,0,23,0,0,1,1,0,1,0,1,0,1,0,1,1,1,0,1
Signal-Android,2018-1,org.thoughtcrime.securesms.components.reminder.SystemSmsImportReminder,top_level,0,27,0,0,0,,,0,,0,,0,,0,,0,,0
Signal-Android,2018-1,org.thoughtcrime.securesms.components.reminder.UnauthorizedReminder,top_level,1,10,0,1,0,,,0,,0,,0,,0,,0,,0
Signal-Android,2018-1,org.thoughtcrime.securesms.components.subsampling.AttachmentBitmapDecoder,top_level,0,18,0,0,1,1,0,1,0,1,0,1,0,1,0,1,0,1
Signal-Android,2018-1,org.thoughtcrime.securesms.components.subsampling.AttachmentRegionDecoder,top_level,3,40,0,2,1,2,0,1,0,1,0,1,0,1,1,1,0,1
Signal-Android,2018-1,org.thoughtcrime.securesms.components.viewpager.ExtendedOnPageChangedListener,top_level,6,11,0,4,0,,,0,,0,,0,,0,,0,,0
Signal-Android,2018-1,org.thoughtcrime.securesms.components.webrtc.PercentFrameLayout,top_level,15,66,0,7,1,6,0,1,0,1,0,1,0,1,6,1,0,1
Signal-Android,2018-1,org.thoughtcrime.securesms.components.webrtc.WebRtcAnswerDeclineButton,top_level,8,190,0,6,1,39,0,1,0,1,0,1,0,1,30,1,0,1
Signal-Android,2018-1,org.thoughtcrime.securesms.components.webrtc.WebRtcCallControls,top_level,17,111,0,10,1,5,0,1,0,1,0,1,0,1,5,1,0,1
Signal-Android,2018-1,org.thoughtcrime.securesms.components.webrtc.WebRtcCallScreen,top_level,18,188,0,8,1,26,0,1,0,1,0,1,0,1,23,1,0,1
Signal-Android,2018-1,org.thoughtcrime.securesms.contacts.ArrayListCursor,top_level,9,94,0,9,1,13,0,1,0,1,0,1,0,1,7,1,0,1
Signal-Android,2018-1,org.thoughtcrime.securesms.contacts.ContactAccessor,top_level,1,192,0,0,1,10,0,1,0,1,0,1,0,1,10,1,0,1
Signal-Android,2018-1,org.thoughtcrime.securesms.contacts.ContactIdentityManager,top_level,1,12,0,1,0,,,0,,0,,0,,0,,0,,0
Signal-Android,2018-1,org.thoughtcrime.securesms.contacts.ContactIdentityManagerGingerbread,top_level,7,71,0,3,1,3,0,1,0,1,0,1,0,1,3,1,0,1
Signal-Android,2018-1,org.thoughtcrime.securesms.contacts.ContactIdentityManagerICS,top_level,1,43,0,1,1,2,0,1,0,1,0,1,0,1,2,1,0,1
Signal-Android,2018-1,org.thoughtcrime.securesms.contacts.ContactSelectionListAdapter,top_level,7,135,0,5,1,16,0,1,0,1,0,1,0,1,16,1,0,1
Signal-Android,2018-1,org.thoughtcrime.securesms.contacts.ContactSelectionListItem,top_level,2,73,0,2,0,,,0,,0,,0,,0,,0,,0
Signal-Android,2018-1,org.thoughtcrime.securesms.contacts.ContactsCursorLoader,top_level,0,71,0,0,1,18,0,1,0,1,0,1,0,1,11,1,0,1
Signal-Android,2018-1,org.thoughtcrime.securesms.contacts.ContactsDatabase,top_level,0,370,0,0,1,99,0,1,0,1,0,1,0,1,91,1,0,1
Signal-Android,2018-1,org.thoughtcrime.securesms.contacts.ContactsSyncAdapter,top_level,1,19,0,1,0,,,0,,0,,0,,0,,0,,0
Signal-Android,2018-1,org.thoughtcrime.securesms.contacts.NameAndNumber,top_level,1,7,0,1,0,,,0,,0,,0,,0,,0,,0
Signal-Android,2018-1,org.thoughtcrime.securesms.contacts.RecipientsAdapter,top_level,0,72,0,0,1,10,0,1,0,1,0,1,0,1,7,1,0,1
Signal-Android,2018-1,org.thoughtcrime.securesms.contacts.RecipientsEditor,top_level,8,178,0,4,1,13,0,1,0,1,0,1,0,1,10,1,0,1
Signal-Android,2018-1,org.thoughtcrime.securesms.contacts.avatars.ContactColors,top_level,0,4,0,0,1,3,0,1,0,1,0,1,0,1,2,1,0,1
Signal-Android,2018-1,org.thoughtcrime.securesms.contacts.avatars.ContactPhoto,top_level,1,2,0,0,0,,,0,,0,,0,,0,,0,,0
Signal-Android,2018-1,org.thoughtcrime.securesms.contacts.avatars.FallbackContactPhoto,top_level,3,4,0,0,0,,,0,,0,,0,,0,,0,,0
Signal-Android,2018-1,org.thoughtcrime.securesms.contacts.avatars.GeneratedContactPhoto,top_level,0,27,0,0,1,9,0,1,0,1,0,1,0,1,9,1,0,1
Signal-Android,2018-1,org.thoughtcrime.securesms.contacts.avatars.GroupRecordContactPhoto,top_level,1,25,0,1,1,6,0,1,0,1,0,1,0,1,5,1,0,1
Signal-Android,2018-1,org.thoughtcrime.securesms.contacts.avatars.ProfileContactPhoto,top_level,1,21,0,1,1,2,0,1,0,1,0,1,0,1,1,1,0,1
Signal-Android,2018-1,org.thoughtcrime.securesms.contacts.avatars.ResourceContactPhoto,top_level,2,31,0,2,1,3,0,1,0,1,0,1,0,1,3,1,0,1
Signal-Android,2018-1,org.thoughtcrime.securesms.contacts.avatars.SystemContactPhoto,top_level,1,24,0,1,1,4,0,1,0,1,0,1,0,1,3,1,0,1
Signal-Android,2018-1,org.thoughtcrime.securesms.contacts.avatars.TransparentContactPhoto,top_level,1,11,0,1,1,1,0,1,0,1,0,1,0,1,1,1,0,1
Signal-Android,2018-1,org.thoughtcrime.securesms.crypto.AsymmetricMasterCipher,top_level,6,53,0,3,1,5,0,1,0,1,0,1,0,1,5,1,0,1
Signal-Android,2018-1,org.thoughtcrime.securesms.crypto.AsymmetricMasterSecret,top_level,0,10,0,0,0,,,0,,0,,0,,0,,0,,0
Signal-Android,2018-1,org.thoughtcrime.securesms.crypto.DecryptingPartInputStream,top_level,0,71,0,0,1,4,0,1,0,1,0,1,0,1,3,1,0,1
Signal-Android,2018-1,org.thoughtcrime.securesms.crypto.EncryptingPartOutputStream,top_level,7,54,0,3,1,3,0,1,0,1,0,1,0,1,3,1,0,1
Signal-Android,2018-1,org.thoughtcrime.securesms.crypto.IdentityKeyParcelable,top_level,1,27,0,1,1,1,0,1,0,1,0,1,0,1,1,1,0,1
Signal-Android,2018-1,org.thoughtcrime.securesms.crypto.IdentityKeyUtil,top_level,0,67,0,0,1,17,0,1,0,1,0,1,0,1,16,1,0,1
Signal-Android,2018-1,org.thoughtcrime.securesms.crypto.InvalidPassphraseException,top_level,1,9,0,1,0,,,0,,0,,0,,0,,0,,0
Signal-Android,2018-1,org.thoughtcrime.securesms.crypto.MasterCipher,top_level,4,101,0,2,1,1,0,1,0,1,0,1,0,1,1,1,0,1
Signal-Android,2018-1,org.thoughtcrime.securesms.crypto.MasterSecret,top_level,2,48,0,2,1,9,0,1,0,1,0,1,0,1,9,1,0,1
Signal-Android,2018-1,org.thoughtcrime.securesms.crypto.MasterSecretUnion,top_level,0,13,0,0,0,,,0,,0,,0,,0,,0,,0
Signal-Android,2018-1,org.thoughtcrime.securesms.crypto.MasterSecretUtil,top_level,5,208,0,0,1,39,0,1,0,1,0,1,0,1,36,1,1,1
Signal-Android,2018-1,org.thoughtcrime.securesms.crypto.MediaKey,top_level,0,14,0,0,1,4,0,1,0,1,0,1,0,1,3,1,0,1
Signal-Android,2018-1,org.thoughtcrime.securesms.crypto.PRNGFixes,top_level,21,145,0,1,1,20,0,1,0,1,0,1,0,1,14,1,0,1
Signal-Android,2018-1,org.thoughtcrime.securesms.crypto.PreKeyUtil,top_level,0,121,0,0,1,11,0,1,0,1,0,1,0,1,10,1,0,1
Signal-Android,2018-1,org.thoughtcrime.securesms.crypto.ProfileKeyUtil,top_level,0,12,0,0,1,1,0,1,0,1,0,1,0,1,0,1,0,1
Signal-Android,2018-1,org.thoughtcrime.securesms.crypto.PublicKey,top_level,10,40,0,8,1,1,0,1,0,1,0,1,0,1,1,1,0,1
Signal-Android,2018-1,org.thoughtcrime.securesms.crypto.SecurityEvent,top_level,0,6,0,0,1,1,0,1,0,1,0,1,0,1,0,1,0,1
Signal-Android,2018-1,org.thoughtcrime.securesms.crypto.SessionUtil,top_level,0,20,0,0,1,3,0,1,0,1,0,1,0,1,2,1,0,1
Signal-Android,2018-1,org.thoughtcrime.securesms.crypto.storage.SignalProtocolStoreImpl,top_level,5,67,0,5,1,1,0,1,0,1,0,1,0,1,0,1,0,1
Signal-Android,2018-1,org.thoughtcrime.securesms.crypto.storage.TextSecureIdentityKeyStore,top_level,1,72,0,1,1,14,0,1,0,1,0,1,0,1,14,1,0,1
Signal-Android,2018-1,org.thoughtcrime.securesms.crypto.storage.TextSecurePreKeyStore,top_level,9,141,0,5,1,12,0,1,0,1,0,1,0,1,10,1,0,1
Signal-Android,2018-1,org.thoughtcrime.securesms.crypto.storage.TextSecureSessionStore,top_level,8,138,0,2,1,19,0,1,0,1,0,1,0,1,15,1,1,1
Signal-Android,2018-1,org.thoughtcrime.securesms.database.Address,top_level,7,132,0,7,1,24,0,1,0,1,0,1,0,1,15,1,0,1
Signal-Android,2018-1,org.thoughtcrime.securesms.database.ApnDatabase,top_level,0,98,0,0,1,3,0,1,0,1,0,1,0,1,2,1,0,1
Signal-Android,2018-1,org.thoughtcrime.securesms.database.AttachmentDatabase,top_level,8,389,0,2,1,49,0,1,0,1,0,1,0,1,46,1,0,1
Signal-Android,2018-1,org.thoughtcrime.securesms.database.ContentValuesBuilder,top_level,0,19,0,0,0,,,0,,0,,0,,0,,0,,0
Signal-Android,2018-1,org.thoughtcrime.securesms.database.CursorRecyclerViewAdapter<VH>,top_level,26,126,0,15,0,,,0,,0,,0,,0,,0,,0
Signal-Android,2018-1,org.thoughtcrime.securesms.database.Database,top_level,2,22,0,2,1,2,0,1,0,1,0,1,0,1,2,1,0,1
Signal-Android,2018-1,org.thoughtcrime.securesms.database.DatabaseFactory,top_level,0,1027,0,0,1,114,0,1,2,1,0,1,0,1,78,1,2,1
Signal-Android,2018-1,org.thoughtcrime.securesms.database.DraftDatabase,top_level,2,97,0,2,1,4,1,1,0,1,0,1,0,1,3,1,0,1
Signal-Android,2018-1,org.thoughtcrime.securesms.database.EarlyReceiptCache,top_level,0,20,0,0,1,1,0,1,0,1,0,1,0,1,1,1,0,1
Signal-Android,2018-1,org.thoughtcrime.securesms.database.EncryptingSmsDatabase,top_level,0,113,0,0,1,17,0,1,0,1,0,1,0,1,17,1,0,1
Signal-Android,2018-1,"org.thoughtcrime.securesms.database.FastCursorRecyclerViewAdapter<VH,T>",top_level,19,58,0,14,0,,,0,,0,,0,,0,,0,,0
Signal-Android,2018-1,org.thoughtcrime.securesms.database.GroupDatabase,top_level,3,267,0,2,1,13,1,1,0,1,1,1,0,1,11,1,0,1
Signal-Android,2018-1,org.thoughtcrime.securesms.database.GroupReceiptDatabase,top_level,2,63,0,2,1,1,0,1,0,1,0,1,0,1,1,1,0,1
Signal-Android,2018-1,org.thoughtcrime.securesms.database.IdentityDatabase,top_level,0,132,0,0,1,6,1,1,0,1,0,1,0,1,5,1,0,1
Signal-Android,2018-1,org.thoughtcrime.securesms.database.MediaDatabase,top_level,0,76,0,0,1,2,0,1,0,1,0,1,0,1,2,1,0,1
Signal-Android,2018-1,org.thoughtcrime.securesms.database.MessagingDatabase,top_level,3,144,0,3,1,10,1,1,0,1,0,1,0,1,8,1,0,1
Signal-Android,2018-1,org.thoughtcrime.securesms.database.MmsDatabase,top_level,34,796,0,22,1,112,1,1,0,1,0,1,0,1,90,1,1,1
Signal-Android,2018-1,org.thoughtcrime.securesms.database.MmsSmsColumns,top_level,0,158,0,0,1,1,0,1,0,1,0,1,0,1,0,1,0,1
Signal-Android,2018-1,org.thoughtcrime.securesms.database.MmsSmsDatabase,top_level,4,262,0,2,1,16,0,1,1,1,0,1,0,1,14,1,0,1
Signal-Android,2018-1,org.thoughtcrime.securesms.database.NoExternalStorageException,top_level,1,8,0,1,0,,,0,,0,,0,,0,,0,,0
Signal-Android,2018-1,org.thoughtcrime.securesms.database.NoSuchMessageException,top_level,0,3,0,0,0,,,0,,0,,0,,0,,0,,0
Signal-Android,2018-1,org.thoughtcrime.securesms.database.NotInDirectoryException,top_level,0,1,0,0,0,,,0,,0,,0,,0,,0,,0
Signal-Android,2018-1,org.thoughtcrime.securesms.database.PlaintextBackupExporter,top_level,0,31,0,0,1,10,0,1,0,1,0,1,0,1,9,1,0,1
Signal-Android,2018-1,org.thoughtcrime.securesms.database.PlaintextBackupImporter,top_level,1,66,0,0,1,21,0,1,0,1,0,1,0,1,20,1,0,1
Signal-Android,2018-1,org.thoughtcrime.securesms.database.PushDatabase,top_level,1,97,0,1,1,3,0,1,0,1,0,1,0,1,3,1,0,1
Signal-Android,2018-1,org.thoughtcrime.securesms.database.RecipientDatabase,top_level,1,381,0,1,1,25,1,1,0,1,1,1,0,1,19,1,1,1
Signal-Android,2018-1,org.thoughtcrime.securesms.database.SmsDatabase,top_level,39,542,0,28,1,83,0,1,0,1,0,1,0,1,66,1,1,1
Signal-Android,2018-1,org.thoughtcrime.securesms.database.SmsMigrator,top_level,0,163,0,0,1,19,0,1,0,1,0,1,0,1,18,1,0,1
Signal-Android,2018-1,org.thoughtcrime.securesms.database.ThreadDatabase,top_level,35,450,0,16,1,45,0,1,0,1,1,1,0,1,41,1,0,1
Signal-Android,2018-1,org.thoughtcrime.securesms.database.XmlBackup,top_level,17,154,0,1,1,27,1,1,0,1,1,1,0,1,19,1,0,1
Signal-Android,2018-1,org.thoughtcrime.securesms.database.documents.Document<T>,top_level,2,3,0,1,0,,,0,,0,,0,,0,,0,,0
Signal-Android,2018-1,org.thoughtcrime.securesms.database.documents.IdentityKeyMismatch,top_level,2,40,0,2,1,3,0,1,0,1,0,1,0,1,2,1,0,1
Signal-Android,2018-1,org.thoughtcrime.securesms.database.documents.IdentityKeyMismatchList,top_level,3,15,0,2,1,1,0,1,0,1,0,1,0,1,0,1,0,1
Signal-Android,2018-1,org.thoughtcrime.securesms.database.documents.NetworkFailure,top_level,2,17,0,2,1,1,0,1,0,1,0,1,0,1,0,1,0,1
Signal-Android,2018-1,org.thoughtcrime.securesms.database.documents.NetworkFailureList,top_level,3,15,0,2,1,1,0,1,0,1,0,1,0,1,0,1,0,1
Signal-Android,2018-1,org.thoughtcrime.securesms.database.identity.IdentityRecordList,top_level,10,51,0,4,1,1,0,1,0,1,0,1,0,1,1,1,0,1
Signal-Android,2018-1,org.thoughtcrime.securesms.database.loaders.BlockedContactsLoader,top_level,0,7,0,0,1,1,0,1,0,1,0,1,0,1,1,1,0,1
Signal-Android,2018-1,org.thoughtcrime.securesms.database.loaders.BucketedThreadMediaLoader,top_level,6,113,0,3,1,31,0,1,0,1,0,1,0,1,31,1,0,1
Signal-Android,2018-1,org.thoughtcrime.securesms.database.loaders.ConversationListLoader,top_level,0,41,0,0,1,7,0,1,0,1,0,1,0,1,7,1,0,1
Signal-Android,2018-1,org.thoughtcrime.securesms.database.loaders.ConversationLoader,top_level,3,24,0,3,1,3,0,1,0,1,0,1,0,1,2,1,0,1
Signal-Android,2018-1,org.thoughtcrime.securesms.database.loaders.CountryListLoader,top_level,0,18,0,0,1,4,0,1,0,1,0,1,0,1,4,1,0,1
Signal-Android,2018-1,org.thoughtcrime.securesms.database.loaders.DeviceListLoader,top_level,0,25,0,0,1,2,0,1,0,1,0,1,0,1,2,1,0,1
Signal-Android,2018-1,org.thoughtcrime.securesms.database.loaders.MessageDetailsLoader,top_level,0,16,0,0,1,2,0,1,0,1,0,1,0,1,2,1,0,1
Signal-Android,2018-1,org.thoughtcrime.securesms.database.loaders.PagingMediaLoader,top_level,0,20,0,0,1,3,0,1,0,1,0,1,0,1,3,1,0,1
Signal-Android,2018-1,org.thoughtcrime.securesms.database.loaders.RecentPhotosLoader,top_level,0,21,0,0,1,2,0,1,0,1,0,1,1,1,1,1,0,1
Signal-Android,2018-1,org.thoughtcrime.securesms.database.loaders.ThreadMediaLoader,top_level,0,18,0,0,1,3,0,1,0,1,0,1,0,1,3,1,0,1
Signal-Android,2018-1,org.thoughtcrime.securesms.database.model.DisplayRecord,top_level,25,93,0,25,1,20,0,1,0,1,1,1,0,1,19,1,0,1
Signal-Android,2018-1,org.thoughtcrime.securesms.database.model.MediaMmsMessageRecord,top_level,2,38,0,2,1,6,0,1,0,1,1,1,0,1,5,1,0,1
Signal-Android,2018-1,org.thoughtcrime.securesms.database.model.MessageRecord,top_level,27,127,0,25,1,39,0,1,0,1,1,1,0,1,31,1,1,1
Signal-Android,2018-1,org.thoughtcrime.securesms.database.model.MmsMessageRecord,top_level,6,24,0,3,1,2,0,1,0,1,1,1,0,1,1,1,0,1
Signal-Android,2018-1,org.thoughtcrime.securesms.database.model.NotificationMmsMessageRecord,top_level,10,54,0,10,1,1,0,1,0,1,1,1,0,1,0,1,0,1
Signal-Android,2018-1,org.thoughtcrime.securesms.database.model.SmsMessageRecord,top_level,3,53,0,3,1,14,0,1,0,1,1,1,0,1,7,1,0,1
Signal-Android,2018-1,org.thoughtcrime.securesms.database.model.ThreadRecord,top_level,7,92,0,7,1,31,1,1,0,1,1,1,0,1,22,1,0,1
Signal-Android,2018-1,org.thoughtcrime.securesms.dependencies.AxolotlStorageModule,top_level,1,13,0,1,0,,,0,,0,,0,,0,,0,,0
Signal-Android,2018-1,org.thoughtcrime.securesms.dependencies.InjectableType,top_level,0,1,0,0,0,,,0,,0,,0,,0,,0,,0
Signal-Android,2018-1,org.thoughtcrime.securesms.dependencies.SignalCommunicationModule,top_level,0,93,0,0,1,1,0,1,0,1,0,1,0,1,0,1,0,1
Signal-Android,2018-1,org.thoughtcrime.securesms.events.PartProgressEvent,top_level,0,8,0,0,0,,,0,,0,,0,,0,,0,,0
Signal-Android,2018-1,org.thoughtcrime.securesms.events.RedPhoneEvent,top_level,1,32,0,1,0,,,0,,0,,0,,0,,0,,0
Signal-Android,2018-1,org.thoughtcrime.securesms.events.ReminderUpdateEvent,top_level,0,1,0,0,0,,,0,,0,,0,,0,,0,,0
Signal-Android,2018-1,org.thoughtcrime.securesms.events.WebRtcViewModel,top_level,5,53,0,5,1,1,1,1,0,1,0,1,0,1,0,1,0,1
Signal-Android,2018-1,org.thoughtcrime.securesms.gcm.GcmBroadcastReceiver,top_level,0,22,0,0,1,2,0,1,0,1,0,1,0,1,2,1,0,1
Signal-Android,2018-1,org.thoughtcrime.securesms.giph.model.GiphyImage,top_level,4,51,0,4,0,,,0,,0,,0,,0,,0,,0
Signal-Android,2018-1,org.thoughtcrime.securesms.giph.model.GiphyPaddedUrl,top_level,2,22,0,2,1,1,0,1,0,1,0,1,0,1,0,1,0,1
Signal-Android,2018-1,org.thoughtcrime.securesms.giph.model.GiphyResponse,top_level,0,5,0,0,0,,,0,,0,,0,,0,,0,,0
Signal-Android,2018-1,org.thoughtcrime.securesms.giph.net.GiphyGifLoader,top_level,0,9,0,0,0,,,0,,0,,0,,0,,0,,0
Signal-Android,2018-1,org.thoughtcrime.securesms.giph.net.GiphyLoader,top_level,0,30,0,0,1,7,0,1,0,1,0,1,1,1,5,1,0,1
Signal-Android,2018-1,org.thoughtcrime.securesms.giph.net.GiphyProxySelector,top_level,3,34,0,2,1,3,0,1,0,1,0,1,0,1,3,1,0,1
Signal-Android,2018-1,org.thoughtcrime.securesms.giph.net.GiphyStickerLoader,top_level,0,9,0,0,0,,,0,,0,,0,,0,,0,,0
Signal-Android,2018-1,org.thoughtcrime.securesms.giph.ui.AspectRatioImageView,top_level,11,39,0,7,0,,,0,,0,,0,,0,,0,,0
Signal-Android,2018-1,org.thoughtcrime.securesms.giph.ui.GiphyActivity,top_level,4,92,0,4,1,9,0,1,0,1,0,1,0,1,9,1,0,1
Signal-Android,2018-1,org.thoughtcrime.securesms.giph.ui.GiphyActivityToolbar,top_level,6,107,0,5,1,10,0,1,0,1,0,1,0,1,5,1,0,1
Signal-Android,2018-1,org.thoughtcrime.securesms.giph.ui.GiphyAdapter,top_level,5,96,0,4,1,9,0,1,0,1,0,1,0,1,8,1,0,1
Signal-Android,2018-1,org.thoughtcrime.securesms.giph.ui.GiphyFragment,top_level,2,61,0,1,1,2,0,1,0,1,0,1,0,1,2,1,0,1
Signal-Android,2018-1,org.thoughtcrime.securesms.giph.ui.GiphyGifFragment,top_level,0,4,0,0,0,,,0,,0,,0,,0,,0,,0
Signal-Android,2018-1,org.thoughtcrime.securesms.giph.ui.GiphyStickerFragment,top_level,0,4,0,0,0,,,0,,0,,0,,0,,0,,0
Signal-Android,2018-1,org.thoughtcrime.securesms.giph.util.InfiniteScrollListener,top_level,1,24,0,1,1,5,0,1,0,1,0,1,1,1,2,1,0,1
Signal-Android,2018-1,org.thoughtcrime.securesms.giph.util.RecyclerViewPositionHelper,top_level,10,48,0,5,1,5,0,1,0,1,0,1,0,1,2,1,0,1
Signal-Android,2018-1,org.thoughtcrime.securesms.glide.ContactPhotoFetcher,top_level,4,29,0,2,0,,,0,,0,,0,,0,,0,,0
Signal-Android,2018-1,org.thoughtcrime.securesms.glide.ContactPhotoLoader,top_level,0,20,0,0,0,,,0,,0,,0,,0,,0,,0
Signal-Android,2018-1,org.thoughtcrime.securesms.glide.GiphyPaddedUrlFetcher,top_level,11,156,0,2,1,16,0,1,0,1,0,1,0,1,10,1,0,1
Signal-Android,2018-1,org.thoughtcrime.securesms.glide.GiphyPaddedUrlLoader,top_level,0,20,0,0,0,,,0,,0,,0,,0,,0,,0
Signal-Android,2018-1,org.thoughtcrime.securesms.glide.OkHttpStreamFetcher,top_level,5,45,0,2,1,5,0,1,0,1,0,1,0,1,5,1,0,1
Signal-Android,2018-1,org.thoughtcrime.securesms.glide.OkHttpUrlLoader,top_level,0,31,0,0,0,,,0,,0,,0,,0,,0,,0
Signal-Android,2018-1,org.thoughtcrime.securesms.groups.GroupManager,top_level,0,83,0,0,1,10,0,1,0,1,0,1,0,1,6,1,0,1
Signal-Android,2018-1,org.thoughtcrime.securesms.groups.GroupMessageProcessor,top_level,0,149,0,0,1,59,0,1,0,1,0,1,0,1,54,1,0,1
Signal-Android,2018-1,org.thoughtcrime.securesms.jobs.AttachmentDownloadJob,top_level,2,112,0,2,1,3,0,1,0,1,0,1,0,1,2,1,0,1
Signal-Android,2018-1,org.thoughtcrime.securesms.jobs.AttachmentFileNameJob,top_level,2,35,0,2,1,2,0,1,0,1,0,1,0,1,2,1,0,1
Signal-Android,2018-1,org.thoughtcrime.securesms.jobs.AvatarDownloadJob,top_level,2,51,0,2,1,9,0,1,0,1,0,1,0,1,8,1,0,1
Signal-Android,2018-1,org.thoughtcrime.securesms.jobs.CleanPreKeysJob,top_level,2,58,0,2,1,2,0,1,0,1,0,1,0,1,1,1,0,1
Signal-Android,2018-1,org.thoughtcrime.securesms.jobs.ContextJob,top_level,0,9,0,0,0,,,0,,0,,0,,0,,0,,0
Signal-Android,2018-1,org.thoughtcrime.securesms.jobs.CreateSignedPreKeyJob,top_level,2,31,0,2,1,1,0,1,0,1,0,1,0,1,0,1,0,1
Signal-Android,2018-1,org.thoughtcrime.securesms.jobs.DirectoryRefreshJob,top_level,5,38,0,3,1,2,0,1,0,1,0,1,0,1,1,1,0,1
Signal-Android,2018-1,org.thoughtcrime.securesms.jobs.GcmRefreshJob,top_level,6,45,0,4,1,2,0,1,0,1,0,1,0,1,1,1,0,1
Signal-Android,2018-1,org.thoughtcrime.securesms.jobs.MasterSecretDecryptJob,top_level,2,46,0,2,1,6,0,1,0,1,0,1,0,1,6,1,0,1
Signal-Android,2018-1,org.thoughtcrime.securesms.jobs.MasterSecretJob,top_level,1,18,0,1,1,1,0,1,0,1,0,1,0,1,0,1,0,1
Signal-Android,2018-1,org.thoughtcrime.securesms.jobs.MmsDownloadJob,top_level,5,137,0,2,1,34,0,1,0,1,0,1,0,1,23,1,0,1
Signal-Android,2018-1,org.thoughtcrime.securesms.jobs.MmsReceiveJob,top_level,8,48,0,3,1,4,0,1,0,1,0,1,0,1,3,1,0,1
Signal-Android,2018-1,org.thoughtcrime.securesms.jobs.MmsSendJob,top_level,2,163,0,2,1,37,0,1,1,1,0,1,0,1,26,1,1,1
Signal-Android,2018-1,org.thoughtcrime.securesms.jobs.MultiDeviceBlockedUpdateJob,top_level,2,30,0,2,1,3,0,1,0,1,0,1,0,1,2,1,0,1
Signal-Android,2018-1,org.thoughtcrime.securesms.jobs.MultiDeviceContactUpdateJob,top_level,8,148,0,3,1,24,0,1,0,1,0,1,0,1,22,1,0,1
Signal-Android,2018-1,org.thoughtcrime.securesms.jobs.MultiDeviceGroupUpdateJob,top_level,2,63,0,2,1,3,0,1,0,1,0,1,0,1,2,1,0,1
Signal-Android,2018-1,org.thoughtcrime.securesms.jobs.MultiDeviceProfileKeyUpdateJob,top_level,2,41,0,2,1,2,0,1,0,1,0,1,0,1,1,1,0,1
Signal-Android,2018-1,org.thoughtcrime.securesms.jobs.MultiDeviceReadReceiptUpdateJob,top_level,3,23,0,3,0,,,0,,0,,0,,0,,0,,0
Signal-Android,2018-1,org.thoughtcrime.securesms.jobs.MultiDeviceReadUpdateJob,top_level,2,37,0,2,0,,,0,,0,,0,,0,,0,,0
Signal-Android,2018-1,org.thoughtcrime.securesms.jobs.MultiDeviceVerifiedUpdateJob,top_level,6,49,0,3,1,1,0,1,0,1,0,1,0,1,1,1,0,1
Signal-Android,2018-1,org.thoughtcrime.securesms.jobs.PushContentReceiveJob,top_level,4,27,0,3,0,,,0,,0,,0,,0,,0,,0
Signal-Android,2018-1,org.thoughtcrime.securesms.jobs.PushDecryptJob,top_level,6,523,0,3,1,222,0,1,0,1,0,1,0,1,206,1,1,1
Signal-Android,2018-1,org.thoughtcrime.securesms.jobs.PushGroupSendJob,top_level,2,105,0,2,1,23,0,1,0,1,0,1,0,1,19,1,0,1
Signal-Android,2018-1,org.thoughtcrime.securesms.jobs.PushGroupUpdateJob,top_level,6,50,0,3,1,8,0,1,0,1,0,1,0,1,8,1,0,1
Signal-Android,2018-1,org.thoughtcrime.securesms.jobs.PushMediaSendJob,top_level,2,71,0,2,1,5,0,1,0,1,0,1,0,1,4,1,0,1
Signal-Android,2018-1,org.thoughtcrime.securesms.jobs.PushNotificationReceiveJob,top_level,3,24,0,3,0,,,0,,0,,0,,0,,0,,0
Signal-Android,2018-1,org.thoughtcrime.securesms.jobs.PushReceivedJob,top_level,0,30,0,0,1,5,0,1,0,1,0,1,0,1,5,1,0,1
Signal-Android,2018-1,org.thoughtcrime.securesms.jobs.PushSendJob,top_level,0,54,0,0,1,6,0,1,0,1,0,1,0,1,4,1,0,1
Signal-Android,2018-1,org.thoughtcrime.securesms.jobs.PushTextSendJob,top_level,4,62,0,2,1,8,0,1,0,1,0,1,0,1,7,1,0,1
Signal-Android,2018-1,org.thoughtcrime.securesms.jobs.RefreshAttributesJob,top_level,3,25,0,3,0,,,0,,0,,0,,0,,0,,0
Signal-Android,2018-1,org.thoughtcrime.securesms.jobs.RefreshPreKeysJob,top_level,2,37,0,2,1,3,0,1,0,1,0,1,0,1,2,1,0,1
Signal-Android,2018-1,org.thoughtcrime.securesms.jobs.RequestGroupInfoJob,top_level,3,31,0,3,0,,,0,,0,,0,,0,,0,,0
Signal-Android,2018-1,org.thoughtcrime.securesms.jobs.RetrieveProfileAvatarJob,top_level,7,46,0,3,1,5,0,1,0,1,0,1,0,1,4,1,0,1
Signal-Android,2018-1,org.thoughtcrime.securesms.jobs.RetrieveProfileJob,top_level,5,75,0,3,1,10,0,1,0,1,0,1,0,1,10,1,0,1
Signal-Android,2018-1,org.thoughtcrime.securesms.jobs.RotateSignedPreKeyJob,top_level,2,29,0,2,1,1,0,1,0,1,0,1,0,1,1,1,0,1
Signal-Android,2018-1,org.thoughtcrime.securesms.jobs.SendJob,top_level,0,34,0,0,1,1,0,1,0,1,0,1,0,1,0,1,0,1
Signal-Android,2018-1,org.thoughtcrime.securesms.jobs.SendReadReceiptJob,top_level,4,30,0,3,1,1,0,1,0,1,0,1,0,1,0,1,0,1
Signal-Android,2018-1,org.thoughtcrime.securesms.jobs.SmsReceiveJob,top_level,8,60,0,3,1,9,0,1,0,1,0,1,0,1,9,1,0,1
Signal-Android,2018-1,org.thoughtcrime.securesms.jobs.SmsSendJob,top_level,2,108,0,2,1,13,0,1,0,1,0,1,0,1,10,1,0,1
Signal-Android,2018-1,org.thoughtcrime.securesms.jobs.SmsSentJob,top_level,3,52,0,3,1,6,0,1,0,1,0,1,0,1,6,1,0,1
Signal-Android,2018-1,org.thoughtcrime.securesms.jobs.TrimThreadJob,top_level,4,23,0,3,1,1,0,1,0,1,0,1,0,1,1,1,0,1
Signal-Android,2018-1,org.thoughtcrime.securesms.jobs.UpdateApkJob,top_level,12,135,1,6,1,17,0,1,0,1,0,1,0,1,16,1,0,1
Signal-Android,2018-1,org.thoughtcrime.securesms.jobs.persistence.EncryptingJobSerializer,top_level,1,27,0,1,1,1,0,1,0,1,0,1,0,1,1,1,0,1
Signal-Android,2018-1,org.thoughtcrime.securesms.jobs.requirements.MasterSecretRequirement,top_level,1,10,0,1,0,,,0,,0,,0,,0,,0,,0
Signal-Android,2018-1,org.thoughtcrime.securesms.jobs.requirements.MasterSecretRequirementProvider,top_level,0,15,0,0,1,1,0,1,0,1,0,1,0,1,0,1,0,1
Signal-Android,2018-1,org.thoughtcrime.securesms.jobs.requirements.NetworkOrServiceRequirement,top_level,1,12,0,1,0,,,0,,0,,0,,0,,0,,0
Signal-Android,2018-1,org.thoughtcrime.securesms.jobs.requirements.ServiceRequirement,top_level,1,12,0,1,0,,,0,,0,,0,,0,,0,,0
Signal-Android,2018-1,org.thoughtcrime.securesms.jobs.requirements.ServiceRequirementProvider,top_level,5,25,0,2,0,,,0,,0,,0,,0,,0,,0
Signal-Android,2018-1,org.thoughtcrime.securesms.mms.ApnUnavailableException,top_level,1,8,0,1,0,,,0,,0,,0,,0,,0,,0
Signal-Android,2018-1,org.thoughtcrime.securesms.mms.AttachmentManager,top_level,5,313,0,3,1,57,0,1,1,1,0,1,0,1,47,1,0,1
Signal-Android,2018-1,org.thoughtcrime.securesms.mms.AttachmentStreamLocalUriFetcher,top_level,4,37,0,2,0,,,0,,0,,0,,0,,0,,0
Signal-Android,2018-1,org.thoughtcrime.securesms.mms.AttachmentStreamUriLoader,top_level,1,37,0,1,1,1,0,1,0,1,0,1,0,1,1,1,0,1
Signal-Android,2018-1,org.thoughtcrime.securesms.mms.AudioSlide,top_level,3,27,0,3,0,,,0,,0,,0,,0,,0,,0
Signal-Android,2018-1,org.thoughtcrime.securesms.mms.CompatMmsConnection,top_level,0,53,0,0,1,3,0,1,0,1,0,1,0,1,0,1,0,1
Signal-Android,2018-1,org.thoughtcrime.securesms.mms.ContactPhotoLocalUriFetcher,top_level,0,11,0,0,1,2,0,1,0,1,0,1,0,1,2,1,0,1
Signal-Android,2018-1,org.thoughtcrime.securesms.mms.DecryptableStreamLocalUriFetcher,top_level,0,21,0,0,1,3,0,1,0,1,0,1,0,1,1,1,0,1
Signal-Android,2018-1,org.thoughtcrime.securesms.mms.DecryptableStreamUriLoader,top_level,1,38,0,1,1,1,0,1,0,1,0,1,0,1,1,1,0,1
Signal-Android,2018-1,org.thoughtcrime.securesms.mms.DocumentSlide,top_level,1,10,0,1,0,,,0,,0,,0,,0,,0,,0
Signal-Android,2018-1,org.thoughtcrime.securesms.mms.GifSlide,top_level,0,9,0,0,0,,,0,,0,,0,,0,,0,,0
Signal-Android,2018-1,org.thoughtcrime.securesms.mms.ImageSlide,top_level,1,16,0,1,0,,,0,,0,,0,,0,,0,,0
Signal-Android,2018-1,org.thoughtcrime.securesms.mms.IncomingLegacyMmsConnection,top_level,2,68,0,1,1,4,0,1,0,1,0,1,0,1,4,1,0,1
Signal-Android,2018-1,org.thoughtcrime.securesms.mms.IncomingLollipopMmsConnection,top_level,0,41,0,0,1,5,0,1,0,1,0,1,0,1,5,1,0,1
Signal-Android,2018-1,org.thoughtcrime.securesms.mms.IncomingMediaMessage,top_level,6,67,0,6,1,2,1,1,0,1,1,1,0,1,0,1,0,1
Signal-Android,2018-1,org.thoughtcrime.securesms.mms.IncomingMmsConnection,top_level,1,3,0,0,0,,,0,,0,,0,,0,,0,,0
Signal-Android,2018-1,org.thoughtcrime.securesms.mms.LegacyMmsConnection,top_level,1,159,0,1,1,21,1,1,0,1,0,1,1,1,16,1,0,1
Signal-Android,2018-1,org.thoughtcrime.securesms.mms.LocationSlide,top_level,1,16,0,1,0,,,0,,0,,0,,0,,0,,0
Signal-Android,2018-1,org.thoughtcrime.securesms.mms.LollipopMmsConnection,top_level,5,34,0,3,1,2,0,1,0,1,0,1,0,1,2,1,0,1
Signal-Android,2018-1,org.thoughtcrime.securesms.mms.MediaConstraints,top_level,2,44,0,0,0,,,0,,0,,0,,0,,0,,0
Signal-Android,2018-1,org.thoughtcrime.securesms.mms.MediaNotFoundException,top_level,1,8,0,1,0,,,0,,0,,0,,0,,0,,0
Signal-Android,2018-1,org.thoughtcrime.securesms.mms.MediaStream,top_level,0,10,0,0,0,,,0,,0,,0,,0,,0,,0
Signal-Android,2018-1,org.thoughtcrime.securesms.mms.MediaTooLargeException,top_level,1,8,0,1,0,,,0,,0,,0,,0,,0,,0
Signal-Android,2018-1,org.thoughtcrime.securesms.mms.MmsConfigManager,top_level,0,19,0,0,1,4,0,1,0,1,0,1,0,1,3,1,0,1
Signal-Android,2018-1,org.thoughtcrime.securesms.mms.MmsException,top_level,1,10,0,1,0,,,0,,0,,0,,0,,0,,0
Signal-Android,2018-1,org.thoughtcrime.securesms.mms.MmsMediaConstraints,top_level,1,41,0,1,0,,,0,,0,,0,,0,,0,,0
Signal-Android,2018-1,org.thoughtcrime.securesms.mms.MmsRadio,top_level,24,95,0,6,1,12,0,1,0,1,0,1,0,1,8,1,0,1
Signal-Android,2018-1,org.thoughtcrime.securesms.mms.MmsRadioException,top_level,0,5,0,0,0,,,0,,0,,0,,0,,0,,0
Signal-Android,2018-1,org.thoughtcrime.securesms.mms.MmsSendResult,top_level,3,10,0,3,0,,,0,,0,,0,,0,,0,,0
Signal-Android,2018-1,org.thoughtcrime.securesms.mms.MmsSlide,top_level,0,7,0,0,0,,,0,,0,,0,,0,,0,,0
Signal-Android,2018-1,org.thoughtcrime.securesms.mms.OutgoingExpirationUpdateMessage,top_level,1,7,0,1,0,,,0,,0,,0,,0,,0,,0
Signal-Android,2018-1,org.thoughtcrime.securesms.mms.OutgoingGroupMediaMessage,top_level,3,30,0,3,1,2,0,1,0,1,0,1,0,1,2,1,0,1
Signal-Android,2018-1,org.thoughtcrime.securesms.mms.OutgoingLegacyMmsConnection,top_level,8,80,0,2,1,6,0,1,0,1,0,1,0,1,6,1,0,1
Signal-Android,2018-1,org.thoughtcrime.securesms.mms.OutgoingLollipopMmsConnection,top_level,0,47,0,0,1,4,0,1,0,1,0,1,0,1,4,1,0,1
Signal-Android,2018-1,org.thoughtcrime.securesms.mms.OutgoingMediaMessage,top_level,8,60,0,8,1,1,1,1,0,1,0,1,0,1,0,1,0,1
Signal-Android,2018-1,org.thoughtcrime.securesms.mms.OutgoingMmsConnection,top_level,1,3,0,0,0,,,0,,0,,0,,0,,0,,0
Signal-Android,2018-1,org.thoughtcrime.securesms.mms.OutgoingSecureMediaMessage,top_level,1,12,0,1,0,,,0,,0,,0,,0,,0,,0
Signal-Android,2018-1,org.thoughtcrime.securesms.mms.PartAuthority,top_level,0,86,0,0,1,4,0,1,0,1,0,1,0,1,3,1,0,1
Signal-Android,2018-1,org.thoughtcrime.securesms.mms.PartParser,top_level,0,41,0,0,1,7,0,1,0,1,0,1,0,1,5,1,0,1
Signal-Android,2018-1,org.thoughtcrime.securesms.mms.PartUriParser,top_level,2,10,0,2,1,1,0,1,0,1,0,1,0,1,1,1,0,1
Signal-Android,2018-1,org.thoughtcrime.securesms.mms.PushMediaConstraints,top_level,0,26,0,0,0,,,0,,0,,0,,0,,0,,0
Signal-Android,2018-1,org.thoughtcrime.securesms.mms.SignalGlideModule,top_level,1,19,0,1,0,,,0,,0,,0,,0,,0,,0
Signal-Android,2018-1,org.thoughtcrime.securesms.mms.Slide,top_level,12,80,0,12,1,10,0,1,0,1,0,1,0,1,9,1,0,1
Signal-Android,2018-1,org.thoughtcrime.securesms.mms.SlideClickListener,top_level,1,2,0,0,0,,,0,,0,,0,,0,,0,,0
Signal-Android,2018-1,org.thoughtcrime.securesms.mms.SlideDeck,top_level,8,50,0,3,1,2,0,1,0,1,0,1,0,1,2,1,0,1
Signal-Android,2018-1,org.thoughtcrime.securesms.mms.TextTransport,top_level,2,5,0,2,1,1,0,1,0,1,0,1,0,1,1,1,0,1
Signal-Android,2018-1,org.thoughtcrime.securesms.mms.VideoSlide,top_level,4,23,0,4,0,,,0,,0,,0,,0,,0,,0
Signal-Android,2018-1,org.thoughtcrime.securesms.notifications.AbstractNotificationBuilder,top_level,2,44,0,1,1,4,0,1,0,1,0,1,0,1,4,1,0,1
Signal-Android,2018-1,org.thoughtcrime.securesms.notifications.AndroidAutoHeardReceiver,top_level,0,26,0,0,1,2,0,1,0,1,0,1,0,1,2,1,0,1
Signal-Android,2018-1,org.thoughtcrime.securesms.notifications.AndroidAutoReplyReceiver,top_level,0,41,0,0,1,2,0,1,0,1,0,1,0,1,2,1,0,1
Signal-Android,2018-1,org.thoughtcrime.securesms.notifications.DeleteNotificationReceiver,top_level,0,19,0,0,1,5,0,1,0,1,0,1,3,1,2,1,0,1
Signal-Android,2018-1,org.thoughtcrime.securesms.notifications.FailedNotificationBuilder,top_level,0,12,0,0,0,,,0,,0,,0,,0,,0,,0
Signal-Android,2018-1,org.thoughtcrime.securesms.notifications.MarkReadReceiver,top_level,0,47,0,0,1,10,0,1,0,1,0,1,0,1,10,1,0,1
Signal-Android,2018-1,org.thoughtcrime.securesms.notifications.MasterSecretBroadcastReceiver,top_level,0,5,0,0,0,,,0,,0,,0,,0,,0,,0
Signal-Android,2018-1,org.thoughtcrime.securesms.notifications.MessageNotifier,top_level,3,320,0,0,1,87,0,1,0,1,0,1,0,1,72,1,1,1
Signal-Android,2018-1,org.thoughtcrime.securesms.notifications.MultipleRecipientNotificationBuilder,top_level,1,41,0,1,1,1,0,1,0,1,0,1,0,1,1,1,0,1
Signal-Android,2018-1,org.thoughtcrime.securesms.notifications.NotificationItem,top_level,4,50,0,4,1,4,1,1,0,1,0,1,0,1,3,1,0,1
Signal-Android,2018-1,org.thoughtcrime.securesms.notifications.NotificationState,top_level,4,105,0,4,1,4,0,1,0,1,0,1,0,1,4,1,0,1
Signal-Android,2018-1,org.thoughtcrime.securesms.notifications.PendingMessageNotificationBuilder,top_level,0,14,0,0,0,,,0,,0,,0,,0,,0,,0
Signal-Android,2018-1,org.thoughtcrime.securesms.notifications.RemoteReplyReceiver,top_level,0,31,0,0,1,6,0,1,0,1,0,1,0,1,6,1,0,1
Signal-Android,2018-1,org.thoughtcrime.securesms.notifications.SingleRecipientNotificationBuilder,top_level,1,161,0,1,1,19,0,1,0,1,0,1,0,1,18,1,0,1
Signal-Android,2018-1,org.thoughtcrime.securesms.permissions.Permissions,top_level,0,182,0,0,1,9,0,1,0,1,0,1,0,1,5,1,0,1
Signal-Android,2018-1,org.thoughtcrime.securesms.permissions.PermissionsRequest,top_level,0,51,0,0,1,7,0,1,0,1,0,1,0,1,0,1,0,1
Signal-Android,2018-1,org.thoughtcrime.securesms.permissions.RationaleDialog,top_level,0,21,0,0,1,6,0,1,0,1,0,1,0,1,5,1,0,1
Signal-Android,2018-1,org.thoughtcrime.securesms.preferences.AdvancedPreferenceFragment,top_level,6,134,0,3,1,9,0,1,0,1,0,1,0,1,8,1,0,1
Signal-Android,2018-1,org.thoughtcrime.securesms.preferences.AppProtectionPreferenceFragment,top_level,5,121,0,3,1,9,0,1,0,1,0,1,0,1,9,1,0,1
Signal-Android,2018-1,org.thoughtcrime.securesms.preferences.AppearancePreferenceFragment,top_level,3,35,0,3,1,6,0,1,0,1,0,1,0,1,6,1,0,1
Signal-Android,2018-1,org.thoughtcrime.securesms.preferences.BlockedContactListItem,top_level,1,31,0,1,0,,,0,,0,,0,,0,,0,,0
Signal-Android,2018-1,org.thoughtcrime.securesms.preferences.ChatsPreferenceFragment,top_level,2,84,0,2,1,8,0,1,0,1,0,1,0,1,8,1,0,1
Signal-Android,2018-1,org.thoughtcrime.securesms.preferences.CorrectedPreferenceFragment,top_level,0,21,0,0,1,4,0,1,0,1,0,1,0,1,3,1,0,1
Signal-Android,2018-1,org.thoughtcrime.securesms.preferences.ListSummaryPreferenceFragment,top_level,0,12,0,0,1,6,0,1,0,1,0,1,0,1,6,1,0,1
Signal-Android,2018-1,org.thoughtcrime.securesms.preferences.MmsPreferencesActivity,top_level,3,30,0,3,1,4,0,1,0,1,0,1,0,1,3,1,0,1
Signal-Android,2018-1,org.thoughtcrime.securesms.preferences.MmsPreferencesFragment,top_level,1,43,0,1,1,1,0,1,0,1,0,1,0,1,1,1,0,1
Signal-Android,2018-1,org.thoughtcrime.securesms.preferences.NotificationsPreferenceFragment,top_level,1,84,0,1,1,7,0,1,0,1,0,1,0,1,7,1,0,1
Signal-Android,2018-1,org.thoughtcrime.securesms.preferences.SmsMmsPreferenceFragment,top_level,11,70,0,3,1,6,0,1,0,1,0,1,0,1,6,1,0,1
Signal-Android,2018-1,org.thoughtcrime.securesms.preferences.widgets.ColorPickerPreference,top_level,16,87,0,12,1,1,1,1,0,1,0,1,0,1,0,1,0,1
Signal-Android,2018-1,org.thoughtcrime.securesms.preferences.widgets.ColorPickerPreferenceDialogFragmentCompat,top_level,3,34,0,2,1,7,0,1,0,1,0,1,0,1,7,1,0,1
Signal-Android,2018-1,org.thoughtcrime.securesms.preferences.widgets.LEDColorListPreference,top_level,1,46,0,1,1,17,0,1,0,1,0,1,0,1,17,1,0,1
Signal-Android,2018-1,org.thoughtcrime.securesms.preferences.widgets.NotificationPrivacyPreference,top_level,2,8,0,2,0,,,0,,0,,0,,0,,0,,0
Signal-Android,2018-1,org.thoughtcrime.securesms.preferences.widgets.ProfilePreference,top_level,4,39,0,2,1,4,0,1,0,1,0,1,0,1,4,1,0,1
Signal-Android,2018-1,org.thoughtcrime.securesms.preferences.widgets.SignalListPreference,top_level,1,30,0,1,0,,,0,,0,,0,,0,,0,,0
Signal-Android,2018-1,org.thoughtcrime.securesms.preferences.widgets.SignalPreference,top_level,1,28,0,1,0,,,0,,0,,0,,0,,0,,0
Signal-Android,2018-1,org.thoughtcrime.securesms.profiles.AvatarHelper,top_level,0,19,0,0,1,2,0,1,0,1,0,1,0,1,1,1,0,1
Signal-Android,2018-1,org.thoughtcrime.securesms.profiles.GroupShareProfileView,top_level,2,33,0,1,1,1,0,1,0,1,0,1,0,1,0,1,0,1
Signal-Android,2018-1,org.thoughtcrime.securesms.profiles.ProfileMediaConstraints,top_level,0,22,0,0,0,,,0,,0,,0,,0,,0,,0
Signal-Android,2018-1,org.thoughtcrime.securesms.profiles.SystemProfileUtil,top_level,0,54,0,0,1,15,0,1,0,1,0,1,0,1,8,1,0,1
Signal-Android,2018-1,org.thoughtcrime.securesms.profiles.UnknownSenderView,top_level,7,60,0,3,1,12,0,1,0,1,0,1,0,1,12,1,0,1
Signal-Android,2018-1,org.thoughtcrime.securesms.providers.MmsBodyProvider,top_level,1,66,0,1,1,7,0,1,0,1,0,1,0,1,7,1,0,1
Signal-Android,2018-1,org.thoughtcrime.securesms.providers.PartProvider,top_level,1,83,0,1,1,5,0,1,0,1,0,1,0,1,5,1,0,1
Signal-Android,2018-1,org.thoughtcrime.securesms.providers.PersistentBlobProvider,top_level,0,142,0,0,1,15,0,1,0,1,0,1,0,1,14,1,0,1
Signal-Android,2018-1,org.thoughtcrime.securesms.providers.SingleUseBlobProvider,top_level,2,23,0,1,1,2,0,1,0,1,0,1,0,1,1,1,0,1
Signal-Android,2018-1,org.thoughtcrime.securesms.push.AccountManagerFactory,top_level,0,20,0,0,1,1,0,1,0,1,0,1,0,1,0,1,0,1
Signal-Android,2018-1,org.thoughtcrime.securesms.push.GoogleFrontingTrustStore,top_level,0,10,0,0,1,1,0,1,0,1,0,1,0,1,1,1,0,1
Signal-Android,2018-1,org.thoughtcrime.securesms.push.SecurityEventListener,top_level,0,8,0,0,0,,,0,,0,,0,,0,,0,,0
Signal-Android,2018-1,org.thoughtcrime.securesms.push.SignalServiceNetworkAccess,top_level,0,135,0,0,0,,,0,,0,,0,,0,,0,,0
Signal-Android,2018-1,org.thoughtcrime.securesms.push.SignalServiceTrustStore,top_level,0,10,0,0,1,1,0,1,0,1,0,1,0,1,1,1,0,1
Signal-Android,2018-1,org.thoughtcrime.securesms.qr.QrCode,top_level,0,14,0,0,1,2,0,1,0,1,0,1,0,1,1,1,0,1
Signal-Android,2018-1,org.thoughtcrime.securesms.qr.ScanListener,top_level,1,2,0,0,0,,,0,,0,,0,,0,,0,,0
Signal-Android,2018-1,org.thoughtcrime.securesms.qr.ScanningThread,top_level,8,59,0,2,1,8,0,1,0,1,0,1,0,1,6,1,0,1
Signal-Android,2018-1,org.thoughtcrime.securesms.recipients.Recipient,top_level,23,341,0,21,1,21,0,1,1,1,0,1,0,1,13,1,1,1
Signal-Android,2018-1,org.thoughtcrime.securesms.recipients.RecipientFormattingException,top_level,1,9,0,1,0,,,0,,0,,0,,0,,0,,0
Signal-Android,2018-1,org.thoughtcrime.securesms.recipients.RecipientModifiedListener,top_level,1,2,0,0,0,,,0,,0,,0,,0,,0,,0
Signal-Android,2018-1,org.thoughtcrime.securesms.recipients.RecipientProvider,top_level,0,114,0,0,1,25,0,1,0,1,0,1,0,1,17,1,0,1
Signal-Android,2018-1,org.thoughtcrime.securesms.recipients.RecipientsFormatter,top_level,0,28,0,0,1,4,0,1,0,1,0,1,0,1,3,1,0,1
Signal-Android,2018-1,org.thoughtcrime.securesms.scribbles.ScribbleActivity,top_level,16,160,0,10,1,13,0,1,0,1,0,1,0,1,9,1,0,1
Signal-Android,2018-1,org.thoughtcrime.securesms.scribbles.ScribbleToolbar,top_level,10,141,0,7,1,10,0,1,0,1,0,1,0,1,3,1,0,1
Signal-Android,2018-1,org.thoughtcrime.securesms.scribbles.StickerLoader,top_level,0,17,0,0,1,2,0,1,0,1,0,1,0,1,2,1,0,1
Signal-Android,2018-1,org.thoughtcrime.securesms.scribbles.StickerSelectActivity,top_level,0,51,0,0,1,2,0,1,0,1,0,1,0,1,2,1,0,1
Signal-Android,2018-1,org.thoughtcrime.securesms.scribbles.StickerSelectFragment,top_level,1,75,0,1,1,6,0,1,0,1,0,1,0,1,5,1,0,1
Signal-Android,2018-1,org.thoughtcrime.securesms.scribbles.multitouch.BaseGestureDetector,top_level,6,43,0,4,1,3,0,1,0,1,0,1,0,1,3,1,0,1
Signal-Android,2018-1,org.thoughtcrime.securesms.scribbles.multitouch.MoveGestureDetector,top_level,2,71,0,2,1,3,0,1,0,1,0,1,0,1,1,1,0,1
Signal-Android,2018-1,org.thoughtcrime.securesms.scribbles.multitouch.RotateGestureDetector,top_level,2,69,0,2,0,,,0,,0,,0,,0,,0,,0
Signal-Android,2018-1,org.thoughtcrime.securesms.scribbles.multitouch.ShoveGestureDetector,top_level,2,90,0,2,1,2,0,1,0,1,0,1,0,1,2,1,0,1
Signal-Android,2018-1,org.thoughtcrime.securesms.scribbles.multitouch.TwoFingerGestureDetector,top_level,4,86,0,2,1,7,0,1,0,1,0,1,0,1,5,1,0,1
Signal-Android,2018-1,org.thoughtcrime.securesms.scribbles.viewmodel.Font,top_level,9,26,0,7,1,1,1,1,0,1,0,1,0,1,0,1,0,1
Signal-Android,2018-1,org.thoughtcrime.securesms.scribbles.viewmodel.Layer,top_level,21,58,0,19,0,,,0,,0,,0,,0,,0,,0
Signal-Android,2018-1,org.thoughtcrime.securesms.scribbles.viewmodel.TextLayer,top_level,8,38,0,6,1,1,1,1,0,1,0,1,0,1,0,1,0,1
Signal-Android,2018-1,org.thoughtcrime.securesms.scribbles.widget.CanvasView,top_level,32,314,0,24,1,23,0,1,0,1,0,1,0,1,14,1,1,1
Signal-Android,2018-1,org.thoughtcrime.securesms.scribbles.widget.MotionView,top_level,12,244,0,7,1,30,0,1,0,1,0,1,0,1,26,1,1,1
Signal-Android,2018-1,org.thoughtcrime.securesms.scribbles.widget.ScribbleView,top_level,7,96,0,6,0,,,0,,0,,0,,0,,0,,0
Signal-Android,2018-1,org.thoughtcrime.securesms.scribbles.widget.VerticalSlideColorPicker,top_level,9,97,0,7,1,1,1,1,0,1,0,1,0,1,0,1,0,1
Signal-Android,2018-1,org.thoughtcrime.securesms.scribbles.widget.entity.ImageEntity,top_level,4,32,0,3,0,,,0,,0,,0,,0,,0,,0
Signal-Android,2018-1,org.thoughtcrime.securesms.scribbles.widget.entity.MotionEntity,top_level,12,111,0,11,1,1,0,1,0,1,0,1,0,1,0,1,0,1
Signal-Android,2018-1,org.thoughtcrime.securesms.scribbles.widget.entity.TextEntity,top_level,10,82,0,4,1,2,0,1,0,1,0,1,0,1,2,1,0,1
Signal-Android,2018-1,org.thoughtcrime.securesms.service.AccountAuthenticatorService,top_level,2,40,0,1,1,2,0,1,0,1,0,1,0,1,2,1,0,1
Signal-Android,2018-1,org.thoughtcrime.securesms.service.AccountVerificationTimeoutException,top_level,1,8,0,1,0,,,0,,0,,0,,0,,0,,0
Signal-Android,2018-1,org.thoughtcrime.securesms.service.ApplicationMigrationService,top_level,12,123,0,8,1,9,1,1,0,1,0,1,0,1,8,1,0,1
Signal-Android,2018-1,org.thoughtcrime.securesms.service.BootReceiver,top_level,0,6,0,0,1,1,0,1,0,1,0,1,0,1,1,1,0,1
Signal-Android,2018-1,org.thoughtcrime.securesms.service.ContactsSyncAdapterService,top_level,2,10,0,1,0,,,0,,0,,0,,0,,0,,0
Signal-Android,2018-1,org.thoughtcrime.securesms.service.DirectShareService,top_level,0,46,0,0,1,21,0,1,0,1,0,1,0,1,21,1,0,1
Signal-Android,2018-1,org.thoughtcrime.securesms.service.DirectoryRefreshListener,top_level,0,16,0,0,0,,,0,,0,,0,,0,,0,,0
Signal-Android,2018-1,org.thoughtcrime.securesms.service.ExpirationListener,top_level,0,10,0,0,1,4,0,1,0,1,0,1,0,1,4,1,0,1
Signal-Android,2018-1,org.thoughtcrime.securesms.service.ExpiringMessageManager,top_level,3,83,0,3,1,2,0,1,0,1,0,1,0,1,2,1,0,1
Signal-Android,2018-1,org.thoughtcrime.securesms.service.KeyCachingService,top_level,24,184,0,14,1,9,0,1,0,1,0,1,0,1,6,1,0,1
Signal-Android,2018-1,org.thoughtcrime.securesms.service.MasterSecretIntentService,top_level,0,7,0,0,0,,,0,,0,,0,,0,,0,,0
Signal-Android,2018-1,org.thoughtcrime.securesms.service.MessageRetrievalService,top_level,14,139,0,9,1,7,0,1,0,1,0,1,1,1,2,1,0,1
Signal-Android,2018-1,org.thoughtcrime.securesms.service.MmsListener,top_level,0,26,0,0,1,5,0,1,0,1,0,1,0,1,4,1,0,1
Signal-Android,2018-1,org.thoughtcrime.securesms.service.PanicResponderListener,top_level,0,8,0,0,0,,,0,,0,,0,,0,,0,,0
Signal-Android,2018-1,org.thoughtcrime.securesms.service.PersistentAlarmManagerListener,top_level,0,15,0,0,1,2,0,1,0,1,0,1,0,1,2,1,0,1
Signal-Android,2018-1,org.thoughtcrime.securesms.service.PersistentConnectionBootListener,top_level,0,9,0,0,1,2,0,1,0,1,0,1,0,1,1,1,0,1
Signal-Android,2018-1,org.thoughtcrime.securesms.service.QuickResponseService,top_level,1,28,0,1,1,7,0,1,0,1,0,1,0,1,7,1,0,1
Signal-Android,2018-1,org.thoughtcrime.securesms.service.RotateSignedPreKeyListener,top_level,0,16,0,0,0,,,0,,0,,0,,0,,0,,0
Signal-Android,2018-1,org.thoughtcrime.securesms.service.SmsDeliveryListener,top_level,0,26,0,0,1,2,0,1,0,1,0,1,0,1,2,1,0,1
Signal-Android,2018-1,org.thoughtcrime.securesms.service.SmsListener,top_level,0,76,0,0,1,16,0,1,0,1,0,1,0,1,12,1,0,1
Signal-Android,2018-1,org.thoughtcrime.securesms.service.UpdateApkReadyListener,top_level,0,59,0,0,1,8,0,1,0,1,0,1,0,1,7,1,0,1
Signal-Android,2018-1,org.thoughtcrime.securesms.service.UpdateApkRefreshListener,top_level,0,19,0,0,0,,,0,,0,,0,,0,,0,,0
Signal-Android,2018-1,org.thoughtcrime.securesms.service.WebRtcCallService,top_level,30,783,0,18,1,80,0,1,0,1,0,1,2,1,62,1,0,1
Signal-Android,2018-1,org.thoughtcrime.securesms.sms.IncomingEncryptedMessage,top_level,1,9,0,1,0,,,0,,0,,0,,0,,0,,0
Signal-Android,2018-1,org.thoughtcrime.securesms.sms.IncomingEndSessionMessage,top_level,1,11,0,1,0,,,0,,0,,0,,0,,0,,0
Signal-Android,2018-1,org.thoughtcrime.securesms.sms.IncomingGroupMessage,top_level,3,15,0,3,1,2,0,1,0,1,0,1,0,1,2,1,0,1
Signal-Android,2018-1,org.thoughtcrime.securesms.sms.IncomingIdentityDefaultMessage,top_level,1,6,0,1,0,,,0,,0,,0,,0,,0,,0
Signal-Android,2018-1,org.thoughtcrime.securesms.sms.IncomingIdentityUpdateMessage,top_level,1,6,0,1,0,,,0,,0,,0,,0,,0,,0
Signal-Android,2018-1,org.thoughtcrime.securesms.sms.IncomingIdentityVerifiedMessage,top_level,1,6,0,1,0,,,0,,0,,0,,0,,0,,0
Signal-Android,2018-1,org.thoughtcrime.securesms.sms.IncomingJoinedMessage,top_level,2,9,0,2,0,,,0,,0,,0,,0,,0,,0
Signal-Android,2018-1,org.thoughtcrime.securesms.sms.IncomingPreKeyBundleMessage,top_level,2,14,0,2,0,,,0,,0,,0,,0,,0,,0
Signal-Android,2018-1,org.thoughtcrime.securesms.sms.IncomingTextMessage,top_level,18,170,0,18,1,1,0,1,0,1,0,1,0,1,0,1,0,1
Signal-Android,2018-1,org.thoughtcrime.securesms.sms.MessageSender,top_level,0,151,0,0,1,20,0,1,0,1,0,1,0,1,17,1,0,1
Signal-Android,2018-1,org.thoughtcrime.securesms.sms.OutgoingEncryptedMessage,top_level,1,11,0,1,0,,,0,,0,,0,,0,,0,,0
Signal-Android,2018-1,org.thoughtcrime.securesms.sms.OutgoingEndSessionMessage,top_level,1,11,0,1,0,,,0,,0,,0,,0,,0,,0
Signal-Android,2018-1,org.thoughtcrime.securesms.sms.OutgoingIdentityDefaultMessage,top_level,1,10,0,1,0,,,0,,0,,0,,0,,0,,0
Signal-Android,2018-1,org.thoughtcrime.securesms.sms.OutgoingIdentityVerifiedMessage,top_level,1,11,0,1,0,,,0,,0,,0,,0,,0,,0
Signal-Android,2018-1,org.thoughtcrime.securesms.sms.OutgoingKeyExchangeMessage,top_level,1,11,0,1,0,,,0,,0,,0,,0,,0,,0
Signal-Android,2018-1,org.thoughtcrime.securesms.sms.OutgoingPrekeyBundleMessage,top_level,1,9,0,1,0,,,0,,0,,0,,0,,0,,0
Signal-Android,2018-1,org.thoughtcrime.securesms.sms.OutgoingTextMessage,top_level,8,48,0,8,1,4,0,1,0,1,0,1,0,1,4,1,0,1
Signal-Android,2018-1,org.thoughtcrime.securesms.sms.TelephonyServiceState,top_level,0,47,0,0,1,2,0,1,0,1,0,1,0,1,2,1,0,1
Signal-Android,2018-1,org.thoughtcrime.securesms.transport.InsecureFallbackApprovalException,top_level,0,5,0,0,0,,,0,,0,,0,,0,,0,,0
Signal-Android,2018-1,org.thoughtcrime.securesms.transport.RetryLaterException,top_level,0,3,0,0,0,,,0,,0,,0,,0,,0,,0
Signal-Android,2018-1,org.thoughtcrime.securesms.transport.UndeliverableMessageException,top_level,1,8,0,1,0,,,0,,0,,0,,0,,0,,0
Signal-Android,2018-1,org.thoughtcrime.securesms.util.AbstractCursorLoader,top_level,8,51,0,3,1,1,0,1,0,1,0,1,0,1,1,1,0,1
Signal-Android,2018-1,org.thoughtcrime.securesms.util.AsyncLoader<D>,top_level,8,24,1,4,0,,,0,,0,,0,,0,,0,,0
Signal-Android,2018-1,org.thoughtcrime.securesms.util.AttachmentUtil,top_level,0,35,0,0,1,9,0,1,0,1,0,1,0,1,8,1,0,1
Signal-Android,2018-1,org.thoughtcrime.securesms.util.Base64,top_level,59,737,0,1,1,74,0,1,1,1,0,1,0,1,8,1,1,1
Signal-Android,2018-1,org.thoughtcrime.securesms.util.BitmapDecodingException,top_level,0,5,0,0,0,,,0,,0,,0,,0,,0,,0
Signal-Android,2018-1,org.thoughtcrime.securesms.util.BitmapUtil,top_level,18,186,0,0,1,31,0,1,0,1,0,1,0,1,19,1,1,1
Signal-Android,2018-1,org.thoughtcrime.securesms.util.CharacterCalculator,top_level,0,10,0,0,0,,,0,,0,,0,,0,,0,,0
Signal-Android,2018-1,org.thoughtcrime.securesms.util.Conversions,top_level,25,110,0,0,1,2,0,1,0,1,0,1,0,1,0,1,0,1
Signal-Android,2018-1,org.thoughtcrime.securesms.util.DateUtils,top_level,1,70,0,0,1,6,0,1,0,1,0,1,0,1,6,1,0,1
Signal-Android,2018-1,org.thoughtcrime.securesms.util.DelimiterUtil,top_level,0,8,0,0,1,1,0,1,0,1,0,1,0,1,0,1,0,1
Signal-Android,2018-1,org.thoughtcrime.securesms.util.Dialogs,top_level,0,15,0,0,1,1,0,1,0,1,0,1,0,1,0,1,0,1
Signal-Android,2018-1,org.thoughtcrime.securesms.util.DirectoryHelper,top_level,0,134,0,0,1,41,0,1,0,1,0,1,0,1,39,1,0,1
Signal-Android,2018-1,org.thoughtcrime.securesms.util.DynamicIntroTheme,top_level,0,6,0,0,1,1,0,1,0,1,0,1,0,1,1,1,0,1
Signal-Android,2018-1,org.thoughtcrime.securesms.util.DynamicLanguage,top_level,0,43,0,0,1,9,0,1,0,1,0,1,0,1,8,1,0,1
Signal-Android,2018-1,org.thoughtcrime.securesms.util.DynamicNoActionBarTheme,top_level,0,6,0,0,1,1,0,1,0,1,0,1,0,1,1,1,0,1
Signal-Android,2018-1,org.thoughtcrime.securesms.util.DynamicTheme,top_level,0,21,0,0,1,2,0,1,0,1,0,1,0,1,1,1,0,1
Signal-Android,2018-1,org.thoughtcrime.securesms.util.ExpirationUtil,top_level,0,33,0,0,1,27,0,1,0,1,0,1,0,1,26,1,0,1
Signal-Android,2018-1,org.thoughtcrime.securesms.util.FileProviderUtil,top_level,0,5,0,0,1,1,0,1,0,1,0,1,0,1,0,1,0,1
Signal-Android,2018-1,org.thoughtcrime.securesms.util.FileUtils,top_level,0,14,0,0,1,3,0,1,0,1,0,1,0,1,2,1,0,1
Signal-Android,2018-1,org.thoughtcrime.securesms.util.FutureTaskListener<V>,top_level,2,3,0,1,0,,,0,,0,,0,,0,,0,,0
Signal-Android,2018-1,org.thoughtcrime.securesms.util.GroupUtil,top_level,0,62,0,0,1,5,0,1,0,1,0,1,0,1,4,1,0,1
Signal-Android,2018-1,org.thoughtcrime.securesms.util.Hex,top_level,0,75,0,0,1,1,0,1,0,1,0,1,0,1,0,1,0,1
Signal-Android,2018-1,org.thoughtcrime.securesms.util.IdentityUtil,top_level,0,137,0,0,1,43,0,1,0,1,0,1,0,1,37,1,0,1
Signal-Android,2018-1,org.thoughtcrime.securesms.util.IntentUtils,top_level,0,4,0,0,1,3,0,1,0,1,0,1,0,1,2,1,0,1
Signal-Android,2018-1,org.thoughtcrime.securesms.util.JsonUtils,top_level,0,16,0,0,1,1,0,1,0,1,0,1,0,1,0,1,0,1
Signal-Android,2018-1,"org.thoughtcrime.securesms.util.LRUCache<K,V>",top_level,1,7,0,1,0,,,0,,0,,0,,0,,0,,0
Signal-Android,2018-1,org.thoughtcrime.securesms.util.LimitedInputStream,top_level,6,20,0,2,1,1,0,1,0,1,0,1,0,1,0,1,0,1
Signal-Android,2018-1,org.thoughtcrime.securesms.util.LinkedBlockingLifoQueue<E>,top_level,3,12,0,3,0,,,0,,0,,0,,0,,0,,0
Signal-Android,2018-1,org.thoughtcrime.securesms.util.ListenableFutureTask<V>,top_level,6,62,0,4,0,,,0,,0,,0,,0,,0,,0
Signal-Android,2018-1,org.thoughtcrime.securesms.util.LongClickCopySpan,top_level,1,42,0,1,1,4,0,1,0,1,0,1,0,1,4,1,0,1
Signal-Android,2018-1,org.thoughtcrime.securesms.util.LongClickMovementMethod,top_level,0,62,0,0,1,5,0,1,0,1,0,1,0,1,4,1,0,1
Signal-Android,2018-1,org.thoughtcrime.securesms.util.MathUtils,top_level,1,11,0,0,1,1,0,1,0,1,0,1,0,1,0,1,0,1
Signal-Android,2018-1,org.thoughtcrime.securesms.util.MediaUtil,top_level,0,129,0,0,1,17,0,1,0,1,0,1,0,1,16,1,0,1
Signal-Android,2018-1,org.thoughtcrime.securesms.util.MemoryFileUtil,top_level,0,20,0,0,1,7,0,1,0,1,0,1,0,1,5,1,0,1
Signal-Android,2018-1,org.thoughtcrime.securesms.util.MmsCharacterCalculator,top_level,0,5,0,0,0,,,0,,0,,0,,0,,0,,0
Signal-Android,2018-1,org.thoughtcrime.securesms.util.NumberUtil,top_level,0,7,0,0,1,2,0,1,0,1,0,1,0,1,1,1,0,1
Signal-Android,2018-1,org.thoughtcrime.securesms.util.ParcelUtil,top_level,0,15,0,0,1,5,0,1,0,1,0,1,0,1,4,1,0,1
Signal-Android,2018-1,org.thoughtcrime.securesms.util.PlayServicesUtil,top_level,0,34,0,0,1,4,0,1,0,1,0,1,0,1,2,1,0,1
Signal-Android,2018-1,org.thoughtcrime.securesms.util.PushCharacterCalculator,top_level,0,5,0,0,0,,,0,,0,,0,,0,,0,,0
Signal-Android,2018-1,org.thoughtcrime.securesms.util.RedPhoneCallTypes,top_level,0,4,0,0,0,,,0,,0,,0,,0,,0,,0
Signal-Android,2018-1,org.thoughtcrime.securesms.util.ResUtil,top_level,0,21,0,0,1,4,0,1,0,1,0,1,0,1,3,1,0,1
Signal-Android,2018-1,org.thoughtcrime.securesms.util.Rfc5724Uri,top_level,0,33,0,0,1,3,0,1,0,1,0,1,0,1,3,1,0,1
Signal-Android,2018-1,org.thoughtcrime.securesms.util.SaveAttachmentTask,top_level,0,139,0,0,1,11,1,1,0,1,0,1,0,1,9,1,0,1
Signal-Android,2018-1,org.thoughtcrime.securesms.util.SelectedRecipientsAdapter,top_level,6,88,0,4,1,16,0,1,0,1,0,1,0,1,16,1,0,1
Signal-Android,2018-1,org.thoughtcrime.securesms.util.ServiceUtil,top_level,0,19,0,0,1,1,0,1,0,1,0,1,0,1,0,1,0,1
Signal-Android,2018-1,org.thoughtcrime.securesms.util.ShortCodeUtil,top_level,0,23,0,0,1,7,0,1,0,1,0,1,0,1,6,1,0,1
Signal-Android,2018-1,org.thoughtcrime.securesms.util.SmsCharacterCalculator,top_level,0,24,0,0,1,1,0,1,0,1,0,1,0,1,0,1,0,1
Signal-Android,2018-1,"org.thoughtcrime.securesms.util.SoftHashMap<K,V>",top_level,12,115,0,9,0,,,0,,0,,0,,0,,0,,0
Signal-Android,2018-1,org.thoughtcrime.securesms.util.SpanUtil,top_level,0,19,0,0,1,1,0,1,0,1,0,1,0,1,0,1,0,1
Signal-Android,2018-1,org.thoughtcrime.securesms.util.StickyHeaderDecoration,top_level,1,101,0,1,1,18,0,1,0,1,0,1,0,1,16,1,0,1
Signal-Android,2018-1,org.thoughtcrime.securesms.util.StorageUtil,top_level,2,23,0,0,1,3,0,1,0,1,0,1,0,1,2,1,0,1
Signal-Android,2018-1,org.thoughtcrime.securesms.util.TaggedFutureTask<V>,top_level,0,10,0,0,0,,,0,,0,,0,,0,,0,,0
Signal-Android,2018-1,org.thoughtcrime.securesms.util.TelephonyUtil,top_level,0,24,0,0,1,9,0,1,0,1,0,1,0,1,8,1,0,1
Signal-Android,2018-1,org.thoughtcrime.securesms.util.TextSecurePreferences,top_level,0,414,0,0,1,31,0,1,0,1,0,1,0,1,27,1,1,1
Signal-Android,2018-1,org.thoughtcrime.securesms.util.ThreadUtil,top_level,0,6,0,0,1,1,0,1,0,1,0,1,0,1,0,1,0,1
Signal-Android,2018-1,org.thoughtcrime.securesms.util.Trimmer,top_level,0,36,0,0,1,4,0,1,0,1,0,1,0,1,2,1,0,1
Signal-Android,2018-1,org.thoughtcrime.securesms.util.Util,top_level,16,247,0,0,1,30,0,1,0,1,0,1,1,1,23,1,1,1
Signal-Android,2018-1,org.thoughtcrime.securesms.util.VerifySpan,top_level,0,19,0,0,0,,,0,,0,,0,,0,,0,,0
Signal-Android,2018-1,org.thoughtcrime.securesms.util.VersionTracker,top_level,0,9,0,0,1,1,0,1,0,1,0,1,0,1,0,1,0,1
Signal-Android,2018-1,org.thoughtcrime.securesms.util.ViewUtil,top_level,0,110,0,0,1,4,0,1,0,1,0,1,0,1,2,1,0,1
Signal-Android,2018-1,org.thoughtcrime.securesms.util.WorkerThread,top_level,2,17,0,1,1,1,0,1,0,1,0,1,0,1,1,1,0,1
Signal-Android,2018-1,org.thoughtcrime.securesms.util.concurrent.AssertedSuccessListener<T>,top_level,0,4,0,0,0,,,0,,0,,0,,0,,0,,0
Signal-Android,2018-1,org.thoughtcrime.securesms.util.concurrent.ListenableFuture<T>,top_level,1,5,0,1,0,,,0,,0,,0,,0,,0,,0
Signal-Android,2018-1,org.thoughtcrime.securesms.util.concurrent.SettableFuture<T>,top_level,13,62,1,6,0,,,0,,0,,0,,0,,0,,0
Signal-Android,2018-1,org.thoughtcrime.securesms.util.dualsim.SubscriptionInfoCompat,top_level,3,18,0,3,1,1,1,1,0,1,0,1,0,1,0,1,0,1
Signal-Android,2018-1,org.thoughtcrime.securesms.util.dualsim.SubscriptionManagerCompat,top_level,0,30,0,0,1,3,0,1,0,1,0,1,0,1,3,1,0,1
Signal-Android,2018-1,org.thoughtcrime.securesms.util.spans.CenterAlignedRelativeSizeSpan,top_level,1,11,0,1,0,,,0,,0,,0,,0,,0,,0
Signal-Android,2018-1,"org.thoughtcrime.securesms.util.task.ProgressDialogAsyncTask<Params,Progress,Result>",top_level,4,21,0,2,0,,,0,,0,,0,,0,,0,,0
Signal-Android,2018-1,org.thoughtcrime.securesms.util.task.SnackbarAsyncTask<Params>,top_level,4,61,1,3,0,,,0,,0,,0,,0,,0,,0
Signal-Android,2018-1,org.thoughtcrime.securesms.util.views.Stub<T>,top_level,3,12,1,2,0,,,0,,0,,0,,0,,0,,0
Signal-Android,2018-1,org.thoughtcrime.securesms.video.EncryptedMediaDataSource,top_level,6,30,0,3,1,3,0,1,0,1,0,1,0,1,3,1,0,1
Signal-Android,2018-1,org.thoughtcrime.securesms.video.VideoPlayer,top_level,7,103,0,2,1,3,0,1,0,1,0,1,0,1,2,1,0,1
Signal-Android,2018-1,org.thoughtcrime.securesms.video.exo.AttachmentDataSource,top_level,2,21,0,2,0,,,0,,0,,0,,0,,0,,0
Signal-Android,2018-1,org.thoughtcrime.securesms.video.exo.AttachmentDataSourceFactory,top_level,0,16,0,0,0,,,0,,0,,0,,0,,0,,0
Signal-Android,2018-1,org.thoughtcrime.securesms.video.exo.PartDataSource,top_level,4,39,0,2,1,3,0,1,0,1,0,1,0,1,2,1,0,1
Signal-Android,2018-1,org.thoughtcrime.securesms.webrtc.CallNotificationBuilder,top_level,0,40,0,0,1,1,0,1,0,1,0,1,0,1,0,1,0,1
Signal-Android,2018-1,org.thoughtcrime.securesms.webrtc.IncomingPstnCallReceiver,top_level,0,35,0,0,1,8,0,1,0,1,0,1,0,1,8,1,0,1
Signal-Android,2018-1,org.thoughtcrime.securesms.webrtc.PeerConnectionFactoryOptions,top_level,1,3,0,1,0,,,0,,0,,0,,0,,0,,0
Signal-Android,2018-1,org.thoughtcrime.securesms.webrtc.PeerConnectionWrapper,top_level,11,200,0,4,1,3,0,1,0,1,0,1,0,1,2,1,0,1
Signal-Android,2018-1,org.thoughtcrime.securesms.webrtc.UncaughtExceptionHandlerManager,top_level,2,18,0,2,1,1,0,1,0,1,0,1,0,1,1,1,0,1
Signal-Android,2018-1,org.thoughtcrime.securesms.webrtc.VoiceCallShare,top_level,0,23,0,0,1,10,0,1,0,1,0,1,0,1,9,1,0,1
Signal-Android,2018-1,org.thoughtcrime.securesms.webrtc.WebRtcDataProtos,top_level,1,1436,0,1,1,89,0,1,0,1,0,1,4,1,62,1,1,1
Signal-Android,2018-1,org.thoughtcrime.securesms.webrtc.audio.BluetoothStateManager,top_level,21,122,0,5,1,17,0,1,0,1,0,1,0,1,10,1,0,1
Signal-Android,2018-1,org.thoughtcrime.securesms.webrtc.audio.IncomingRinger,top_level,9,75,0,2,1,4,0,1,0,1,0,1,0,1,4,1,0,1
Signal-Android,2018-1,org.thoughtcrime.securesms.webrtc.audio.OutgoingRinger,top_level,8,33,0,2,0,,,0,,0,,0,,0,,0,,0
Signal-Android,2018-1,org.thoughtcrime.securesms.webrtc.audio.SignalAudioManager,top_level,9,59,0,5,1,13,0,1,0,1,0,1,0,1,13,1,0,1
Signal-Android,2018-1,org.thoughtcrime.securesms.webrtc.locks.AccelerometerListener,top_level,14,74,0,3,1,3,0,1,0,1,0,1,0,1,0,1,0,1
Signal-Android,2018-1,org.thoughtcrime.securesms.webrtc.locks.LockManager,top_level,15,103,0,3,1,2,0,1,0,1,0,1,0,1,1,1,0,1
Signal-Android,2018-1,org.thoughtcrime.securesms.webrtc.locks.ProximityLock,top_level,11,49,0,2,1,6,0,1,0,1,0,1,0,1,6,1,0,1
Signal-Android,2019-1,org.signal.signing.ApkSignerUtil,top_level,0,67,0,0,1,12,0,1,0,1,0,1,0,1,11,1,0,1
Signal-Android,2019-1,org.thoughtcrime.securesms.ApplicationContext,top_level,31,150,0,19,1,8,0,1,0,1,0,1,0,1,5,1,0,1
Signal-Android,2019-1,org.thoughtcrime.securesms.ApplicationPreferencesActivity,top_level,4,177,0,3,1,17,0,1,0,1,0,1,0,1,15,1,0,1
Signal-Android,2019-1,org.thoughtcrime.securesms.BaseActionBarActivity,top_level,10,45,0,4,1,6,0,1,0,1,0,1,0,1,6,1,0,1
Signal-Android,2019-1,org.thoughtcrime.securesms.BaseActivity,top_level,1,14,0,0,0,,,0,,0,,0,,0,,0,,0
Signal-Android,2019-1,org.thoughtcrime.securesms.BasicIntroFragment,top_level,2,31,0,1,1,6,0,1,0,1,0,1,0,1,6,1,0,1
Signal-Android,2019-1,org.thoughtcrime.securesms.BindableConversationItem,top_level,3,17,0,1,0,,,0,,0,,0,,0,,0,,0
Signal-Android,2019-1,org.thoughtcrime.securesms.BindableConversationListItem,top_level,1,5,0,0,0,,,0,,0,,0,,0,,0,,0
Signal-Android,2019-1,org.thoughtcrime.securesms.BlockedContactsActivity,top_level,2,68,0,2,1,6,0,1,0,1,0,1,0,1,6,1,0,1
Signal-Android,2019-1,org.thoughtcrime.securesms.ClearProfileAvatarActivity,top_level,1,14,0,1,0,,,0,,0,,0,,0,,0,,0
Signal-Android,2019-1,org.thoughtcrime.securesms.ConfirmIdentityDialog,top_level,1,107,0,1,1,9,0,1,0,1,0,1,0,1,3,1,0,1
Signal-Android,2019-1,org.thoughtcrime.securesms.ContactSelectionActivity,top_level,6,67,0,6,1,10,0,1,0,1,0,1,0,1,10,1,0,1
Signal-Android,2019-1,org.thoughtcrime.securesms.ContactSelectionListFragment,top_level,16,173,0,9,1,23,0,1,0,1,0,1,0,1,21,1,0,1
Signal-Android,2019-1,org.thoughtcrime.securesms.ConversationActivity,top_level,153,1535,0,66,1,216,0,1,0,1,0,1,0,1,189,1,1,1
Signal-Android,2019-1,org.thoughtcrime.securesms.ConversationAdapter<V>,top_level,38,265,0,10,0,,,0,,0,,0,,0,,0,,0
Signal-Android,2019-1,org.thoughtcrime.securesms.ConversationFragment,top_level,38,615,0,14,1,133,0,1,0,1,0,1,0,1,117,1,1,1
Signal-Android,2019-1,org.thoughtcrime.securesms.ConversationItem,top_level,20,631,0,7,1,141,0,1,0,1,0,1,0,1,118,1,0,1
Signal-Android,2019-1,org.thoughtcrime.securesms.ConversationListActivity,top_level,14,156,0,12,1,23,0,1,0,1,0,1,0,1,18,1,0,1
Signal-Android,2019-1,org.thoughtcrime.securesms.ConversationListAdapter,top_level,10,106,0,6,1,14,0,1,0,1,0,1,0,1,13,1,0,1
Signal-Android,2019-1,org.thoughtcrime.securesms.ConversationListArchiveActivity,top_level,3,39,0,3,1,2,0,1,0,1,0,1,0,1,2,1,0,1
Signal-Android,2019-1,org.thoughtcrime.securesms.ConversationListFragment,top_level,14,336,0,10,1,85,0,1,0,1,0,1,0,1,73,1,0,1
Signal-Android,2019-1,org.thoughtcrime.securesms.ConversationListItem,top_level,8,249,0,7,1,15,0,1,0,1,0,1,0,1,11,1,1,1
Signal-Android,2019-1,org.thoughtcrime.securesms.ConversationListItemAction,top_level,2,23,0,2,1,1,0,1,0,1,0,1,0,1,1,1,0,1
Signal-Android,2019-1,org.thoughtcrime.securesms.ConversationListItemInboxZero,top_level,1,19,0,1,0,,,0,,0,,0,,0,,0,,0
Signal-Android,2019-1,org.thoughtcrime.securesms.ConversationPopupActivity,top_level,8,72,0,6,1,16,0,1,0,1,0,1,0,1,15,1,0,1
Signal-Android,2019-1,org.thoughtcrime.securesms.ConversationTitleView,top_level,4,77,0,3,1,5,0,1,0,1,0,1,0,1,5,1,0,1
Signal-Android,2019-1,org.thoughtcrime.securesms.ConversationUpdateItem,top_level,3,149,0,2,1,6,0,1,0,1,0,1,0,1,4,1,0,1
Signal-Android,2019-1,org.thoughtcrime.securesms.CountrySelectionActivity,top_level,0,13,0,0,1,2,0,1,0,1,0,1,0,1,2,1,0,1
Signal-Android,2019-1,org.thoughtcrime.securesms.CountrySelectionFragment,top_level,0,47,0,0,1,4,0,1,0,1,0,1,0,1,4,1,0,1
Signal-Android,2019-1,org.thoughtcrime.securesms.CreateProfileActivity,top_level,25,304,0,10,1,46,0,1,0,1,0,1,0,1,32,1,0,1
Signal-Android,2019-1,org.thoughtcrime.securesms.DatabaseMigrationActivity,top_level,13,112,0,11,1,7,0,1,0,1,0,1,0,1,4,1,0,1
Signal-Android,2019-1,org.thoughtcrime.securesms.DatabaseUpgradeActivity,top_level,4,256,0,1,1,37,0,1,1,1,0,1,0,1,25,1,1,1
Signal-Android,2019-1,org.thoughtcrime.securesms.DeviceActivity,top_level,2,149,0,2,1,20,0,1,0,1,0,1,0,1,16,1,0,1
Signal-Android,2019-1,org.thoughtcrime.securesms.DeviceAddFragment,top_level,2,59,0,2,1,5,0,1,0,1,0,1,0,1,4,1,0,1
Signal-Android,2019-1,org.thoughtcrime.securesms.DeviceLinkFragment,top_level,0,28,0,0,1,2,0,1,0,1,0,1,0,1,2,1,0,1
Signal-Android,2019-1,org.thoughtcrime.securesms.DeviceListFragment,top_level,2,124,0,2,1,19,0,1,0,1,0,1,0,1,16,1,0,1
Signal-Android,2019-1,org.thoughtcrime.securesms.DeviceListItem,top_level,2,31,0,2,1,3,0,1,0,1,0,1,0,1,3,1,0,1
Signal-Android,2019-1,org.thoughtcrime.securesms.DeviceProvisioningActivity,top_level,1,27,0,1,1,2,0,1,0,1,0,1,0,1,2,1,0,1
Signal-Android,2019-1,org.thoughtcrime.securesms.DummyActivity,top_level,0,5,0,0,0,,,0,,0,,0,,0,,0,,0
Signal-Android,2019-1,org.thoughtcrime.securesms.ExperienceUpgradeActivity,top_level,1,202,0,1,1,37,0,1,0,1,0,1,0,1,37,1,0,1
Signal-Android,2019-1,org.thoughtcrime.securesms.ExpirationDialog,top_level,0,48,0,0,1,10,0,1,0,1,0,1,0,1,10,1,0,1
Signal-Android,2019-1,org.thoughtcrime.securesms.GroupCreateActivity,top_level,16,349,0,10,1,72,0,1,0,1,0,1,0,1,65,1,0,1
Signal-Android,2019-1,org.thoughtcrime.securesms.GroupMembersDialog,top_level,2,69,0,2,1,6,0,1,0,1,0,1,0,1,6,1,0,1
Signal-Android,2019-1,org.thoughtcrime.securesms.IntroPagerAdapter,top_level,1,18,0,1,1,1,0,1,0,1,0,1,0,1,0,1,0,1
Signal-Android,2019-1,org.thoughtcrime.securesms.InviteActivity,top_level,7,147,0,5,1,27,0,1,0,1,0,1,0,1,26,1,0,1
Signal-Android,2019-1,org.thoughtcrime.securesms.LogSubmitActivity,top_level,4,43,0,4,1,8,0,1,0,1,0,1,0,1,7,1,0,1
Signal-Android,2019-1,org.thoughtcrime.securesms.MasterSecretListener,top_level,1,2,0,1,0,,,0,,0,,0,,0,,0,,0
Signal-Android,2019-1,org.thoughtcrime.securesms.MediaDocumentsAdapter,top_level,7,63,0,2,1,17,0,1,0,1,0,1,0,1,17,1,0,1
Signal-Android,2019-1,org.thoughtcrime.securesms.MediaGalleryAdapter,top_level,7,83,0,5,1,6,0,1,0,1,0,1,0,1,6,1,0,1
Signal-Android,2019-1,org.thoughtcrime.securesms.MediaOverviewActivity,top_level,6,294,0,6,1,41,0,1,0,1,0,1,0,1,38,1,0,1
Signal-Android,2019-1,org.thoughtcrime.securesms.MediaPreviewActivity,top_level,40,414,0,16,1,51,0,1,0,1,0,1,0,1,45,1,1,1
Signal-Android,2019-1,org.thoughtcrime.securesms.MessageDetailsActivity,top_level,6,267,0,6,1,38,0,1,0,1,0,1,0,1,32,1,0,1
Signal-Android,2019-1,org.thoughtcrime.securesms.MessageDetailsRecipientAdapter,top_level,3,56,0,2,1,6,0,1,0,1,0,1,0,1,6,1,0,1
Signal-Android,2019-1,org.thoughtcrime.securesms.MessageRecipientListItem,top_level,4,88,0,2,1,14,0,1,0,1,0,1,0,1,7,1,0,1
Signal-Android,2019-1,org.thoughtcrime.securesms.MuteDialog,top_level,0,26,0,0,1,6,0,1,0,1,0,1,0,1,6,1,0,1
Signal-Android,2019-1,org.thoughtcrime.securesms.NewConversationActivity,top_level,3,43,0,3,1,7,0,1,0,1,0,1,0,1,7,1,0,1
Signal-Android,2019-1,org.thoughtcrime.securesms.PassphraseActivity,top_level,1,29,0,1,1,4,0,1,0,1,0,1,0,1,3,1,0,1
Signal-Android,2019-1,org.thoughtcrime.securesms.PassphraseChangeActivity,top_level,11,88,0,4,1,8,0,1,0,1,0,1,0,1,5,1,0,1
Signal-Android,2019-1,org.thoughtcrime.securesms.PassphraseCreateActivity,top_level,3,32,0,3,0,,,0,,0,,0,,0,,0,,0
Signal-Android,2019-1,org.thoughtcrime.securesms.PassphrasePromptActivity,top_level,30,222,0,11,1,20,0,1,0,1,0,1,0,1,16,1,0,1
Signal-Android,2019-1,org.thoughtcrime.securesms.PassphraseRequiredActionBarActivity,top_level,17,126,0,9,1,5,0,1,0,1,0,1,0,1,4,1,0,1
Signal-Android,2019-1,org.thoughtcrime.securesms.PlayServicesProblemActivity,top_level,0,6,0,0,0,,,0,,0,,0,,0,,0,,0
Signal-Android,2019-1,org.thoughtcrime.securesms.PlayServicesProblemFragment,top_level,2,23,0,1,1,1,0,1,0,1,0,1,0,1,1,1,0,1
Signal-Android,2019-1,org.thoughtcrime.securesms.PromptMmsActivity,top_level,1,15,0,1,1,2,0,1,0,1,0,1,0,1,2,1,0,1
Signal-Android,2019-1,org.thoughtcrime.securesms.PushContactSelectionActivity,top_level,0,16,0,0,1,3,0,1,0,1,0,1,0,1,3,1,0,1
Signal-Android,2019-1,org.thoughtcrime.securesms.ReadReceiptsIntroFragment,top_level,2,25,0,1,1,3,0,1,0,1,0,1,0,1,2,1,0,1
Signal-Android,2019-1,org.thoughtcrime.securesms.RecipientPreferenceActivity,top_level,5,501,0,4,1,78,0,1,0,1,0,1,0,1,70,1,0,1
Signal-Android,2019-1,org.thoughtcrime.securesms.RegistrationActivity,top_level,46,752,1,17,1,97,0,1,0,1,0,1,0,1,84,1,1,1
Signal-Android,2019-1,org.thoughtcrime.securesms.ShareActivity,top_level,17,197,0,10,1,25,0,1,0,1,0,1,0,1,22,1,0,1
Signal-Android,2019-1,org.thoughtcrime.securesms.ShortcutLauncherActivity,top_level,0,23,0,0,1,2,0,1,0,1,0,1,0,1,2,1,0,1
Signal-Android,2019-1,org.thoughtcrime.securesms.SmsSendtoActivity,top_level,0,57,0,0,1,9,0,1,0,1,0,1,0,1,9,1,0,1
Signal-Android,2019-1,org.thoughtcrime.securesms.TextSecureExpiredException,top_level,0,3,0,0,0,,,0,,0,,0,,0,,0,,0
Signal-Android,2019-1,org.thoughtcrime.securesms.TextSecureTestCase,top_level,1,6,0,1,1,4,0,1,0,1,0,1,0,1,4,1,0,1
Signal-Android,2019-1,org.thoughtcrime.securesms.TransportOption,top_level,6,92,0,6,0,,,0,,0,,0,,0,,0,,0
Signal-Android,2019-1,org.thoughtcrime.securesms.TransportOptions,top_level,7,108,0,4,1,6,0,1,0,1,0,1,0,1,6,1,0,1
Signal-Android,2019-1,org.thoughtcrime.securesms.TransportOptionsAdapter,top_level,2,36,0,2,1,10,0,1,0,1,0,1,0,1,10,1,0,1
Signal-Android,2019-1,org.thoughtcrime.securesms.TransportOptionsPopup,top_level,0,24,0,0,0,,,0,,0,,0,,0,,0,,0
Signal-Android,2019-1,org.thoughtcrime.securesms.TypingIndicatorIntroFragment,top_level,3,37,0,2,1,6,0,1,0,1,0,1,0,1,5,1,0,1
Signal-Android,2019-1,org.thoughtcrime.securesms.Unbindable,top_level,1,2,0,1,0,,,0,,0,,0,,0,,0,,0
Signal-Android,2019-1,org.thoughtcrime.securesms.VerifyIdentityActivity,top_level,1,392,0,1,1,59,0,1,0,1,0,1,0,1,53,1,1,1
Signal-Android,2019-1,org.thoughtcrime.securesms.WebRtcCallActivity,top_level,16,229,0,12,1,43,0,1,0,1,0,1,0,1,37,1,0,1
Signal-Android,2019-1,org.thoughtcrime.securesms.animation.AnimationCompleteListener,top_level,0,9,0,0,0,,,0,,0,,0,,0,,0,,0
Signal-Android,2019-1,org.thoughtcrime.securesms.attachments.Attachment,top_level,8,83,0,8,1,2,1,1,0,1,1,1,0,1,0,1,0,1
Signal-Android,2019-1,org.thoughtcrime.securesms.attachments.AttachmentId,top_level,5,28,0,5,0,,,0,,0,,0,,0,,0,,0
Signal-Android,2019-1,org.thoughtcrime.securesms.attachments.AttachmentServer,top_level,10,208,0,3,1,24,0,1,0,1,0,1,0,1,19,1,0,1
Signal-Android,2019-1,org.thoughtcrime.securesms.attachments.DatabaseAttachment,top_level,4,46,0,4,1,1,0,1,0,1,1,1,0,1,0,1,0,1
Signal-Android,2019-1,org.thoughtcrime.securesms.attachments.MmsNotificationAttachment,top_level,5,19,0,1,0,,,0,,0,,0,,0,,0,,0
Signal-Android,2019-1,org.thoughtcrime.securesms.attachments.PointerAttachment,top_level,0,61,0,0,1,50,0,1,0,1,0,1,0,1,49,1,0,1
Signal-Android,2019-1,org.thoughtcrime.securesms.attachments.UriAttachment,top_level,1,27,0,1,1,1,0,1,0,1,1,1,0,1,0,1,0,1
Signal-Android,2019-1,org.thoughtcrime.securesms.audio.AudioCodec,top_level,7,120,0,5,1,9,0,1,0,1,0,1,0,1,7,1,0,1
Signal-Android,2019-1,org.thoughtcrime.securesms.audio.AudioRecorder,top_level,3,48,0,1,0,,,0,,0,,0,,0,,0,,0
Signal-Android,2019-1,org.thoughtcrime.securesms.audio.AudioSlidePlayer,top_level,24,213,0,8,1,25,0,1,0,1,0,1,0,1,13,1,1,1
Signal-Android,2019-1,org.thoughtcrime.securesms.backup.BackupDialog,top_level,0,50,0,0,1,3,0,1,0,1,0,1,0,1,2,1,0,1
Signal-Android,2019-1,org.thoughtcrime.securesms.backup.BackupProtos,top_level,1,3791,0,1,1,272,0,1,1,1,0,1,8,1,177,1,5,1
Signal-Android,2019-1,org.thoughtcrime.securesms.backup.FullBackupBase,top_level,0,31,0,0,1,6,0,1,0,1,0,1,0,1,4,1,0,1
Signal-Android,2019-1,org.thoughtcrime.securesms.backup.FullBackupExporter,top_level,0,210,0,0,1,30,0,1,0,1,0,1,0,1,21,1,1,1
Signal-Android,2019-1,org.thoughtcrime.securesms.backup.FullBackupImporter,top_level,0,165,0,0,1,23,0,1,0,1,0,1,0,1,18,1,0,1
Signal-Android,2019-1,org.thoughtcrime.securesms.camera.Camera1Controller,top_level,24,159,0,11,1,17,0,1,0,1,0,1,0,1,13,1,0,1
Signal-Android,2019-1,org.thoughtcrime.securesms.camera.Camera1Fragment,top_level,21,186,0,8,1,12,0,1,0,1,0,1,0,1,9,1,0,1
Signal-Android,2019-1,org.thoughtcrime.securesms.camera.CameraActivity,top_level,13,96,0,8,1,19,0,1,0,1,0,1,0,1,18,1,0,1
Signal-Android,2019-1,org.thoughtcrime.securesms.camera.FlipTransformation,top_level,0,13,0,0,1,2,0,1,0,1,0,1,0,1,2,1,0,1
Signal-Android,2019-1,org.thoughtcrime.securesms.camera.OrderEnforcer<E>,top_level,12,41,0,4,0,,,0,,0,,0,,0,,0,,0
Signal-Android,2019-1,org.thoughtcrime.securesms.color.MaterialColor,top_level,0,84,0,0,1,9,0,1,0,1,0,1,0,1,9,1,0,1
Signal-Android,2019-1,org.thoughtcrime.securesms.color.MaterialColors,top_level,0,34,0,0,0,,,0,,0,,0,,0,,0,,0
Signal-Android,2019-1,org.thoughtcrime.securesms.components.AccessibleToggleButton,top_level,3,23,0,1,0,,,0,,0,,0,,0,,0,,0
Signal-Android,2019-1,org.thoughtcrime.securesms.components.AlbumThumbnailView,top_level,10,85,0,4,1,10,0,1,0,1,0,1,0,1,10,1,0,1
Signal-Android,2019-1,org.thoughtcrime.securesms.components.AlertView,top_level,3,36,0,3,1,7,0,1,0,1,0,1,0,1,7,1,0,1
Signal-Android,2019-1,org.thoughtcrime.securesms.components.AnimatingToggle,top_level,0,33,0,0,0,,,0,,0,,0,,0,,0,,0
Signal-Android,2019-1,org.thoughtcrime.securesms.components.AttachmentTypeSelector,top_level,3,180,0,2,1,14,0,1,0,1,0,1,0,1,14,1,0,1
Signal-Android,2019-1,org.thoughtcrime.securesms.components.AudioView,top_level,28,200,0,13,1,12,0,1,0,1,0,1,0,1,10,1,0,1
Signal-Android,2019-1,org.thoughtcrime.securesms.components.AvatarImageView,top_level,0,70,0,0,1,9,0,1,0,1,0,1,0,1,9,1,0,1
Signal-Android,2019-1,org.thoughtcrime.securesms.components.BubbleDrawableBuilder,top_level,10,43,0,6,1,2,0,1,0,1,0,1,0,1,2,1,0,1
Signal-Android,2019-1,org.thoughtcrime.securesms.components.CircleColorImageView,top_level,0,15,0,0,0,,,0,,0,,0,,0,,0,,0
Signal-Android,2019-1,org.thoughtcrime.securesms.components.ComposeText,top_level,6,99,0,3,1,13,0,1,0,1,0,1,0,1,12,1,0,1
Signal-Android,2019-1,org.thoughtcrime.securesms.components.ContactFilterToolbar,top_level,4,89,0,3,1,10,0,1,0,1,0,1,0,1,5,1,0,1
Signal-Android,2019-1,org.thoughtcrime.securesms.components.ControllableTabLayout,top_level,4,15,0,1,0,,,0,,0,,0,,0,,0,,0
Signal-Android,2019-1,org.thoughtcrime.securesms.components.ControllableViewPager,top_level,0,11,0,0,0,,,0,,0,,0,,0,,0,,0
Signal-Android,2019-1,org.thoughtcrime.securesms.components.ConversationItemFooter,top_level,3,102,0,3,1,23,0,1,0,1,0,1,0,1,22,1,0,1
Signal-Android,2019-1,org.thoughtcrime.securesms.components.ConversationItemThumbnail,top_level,7,101,0,5,1,10,0,1,0,1,0,1,0,1,10,1,0,1
Signal-Android,2019-1,org.thoughtcrime.securesms.components.ConversationTypingView,top_level,1,24,0,1,1,3,0,1,0,1,0,1,0,1,3,1,0,1
Signal-Android,2019-1,org.thoughtcrime.securesms.components.CornerMask,top_level,7,47,0,7,0,,,0,,0,,0,,0,,0,,0
Signal-Android,2019-1,org.thoughtcrime.securesms.components.CustomDefaultPreference,top_level,2,139,0,2,1,12,0,1,0,1,0,1,0,1,12,1,0,1
Signal-Android,2019-1,org.thoughtcrime.securesms.components.DeliveryStatusView,top_level,6,63,0,6,0,,,0,,0,,0,,0,,0,,0
Signal-Android,2019-1,org.thoughtcrime.securesms.components.DocumentView,top_level,3,103,0,3,1,6,0,1,0,1,0,1,0,1,5,1,0,1
Signal-Android,2019-1,org.thoughtcrime.securesms.components.ExpirationTimerView,top_level,8,67,0,6,1,3,0,1,0,1,0,1,0,1,3,1,0,1
Signal-Android,2019-1,org.thoughtcrime.securesms.components.FromTextView,top_level,0,36,0,0,0,,,0,,0,,0,,0,,0,,0
Signal-Android,2019-1,org.thoughtcrime.securesms.components.GlideBitmapListeningTarget,top_level,0,13,0,0,0,,,0,,0,,0,,0,,0,,0
Signal-Android,2019-1,org.thoughtcrime.securesms.components.GlideDrawableListeningTarget,top_level,0,13,0,0,0,,,0,,0,,0,,0,,0,,0
Signal-Android,2019-1,org.thoughtcrime.securesms.components.HidingLinearLayout,top_level,7,39,0,3,0,,,0,,0,,0,,0,,0,,0
Signal-Android,2019-1,org.thoughtcrime.securesms.components.HourglassView,top_level,2,44,0,2,0,,,0,,0,,0,,0,,0,,0
Signal-Android,2019-1,org.thoughtcrime.securesms.components.ImageDivet,top_level,6,62,0,5,1,5,0,1,0,1,0,1,0,1,5,1,0,1
Signal-Android,2019-1,org.thoughtcrime.securesms.components.InputAwareLayout,top_level,5,51,0,4,1,2,0,1,0,1,0,1,0,1,2,1,0,1
Signal-Android,2019-1,org.thoughtcrime.securesms.components.InputPanel,top_level,25,198,0,13,1,8,0,1,0,1,0,1,0,1,6,1,0,1
Signal-Android,2019-1,org.thoughtcrime.securesms.components.KeyboardAwareLinearLayout,top_level,36,132,0,20,1,16,0,1,0,1,0,1,0,1,14,1,0,1
Signal-Android,2019-1,org.thoughtcrime.securesms.components.MaxHeightScrollView,top_level,2,18,0,1,1,4,0,1,0,1,0,1,0,1,4,1,0,1
Signal-Android,2019-1,org.thoughtcrime.securesms.components.MediaView,top_level,7,52,0,4,1,3,0,1,0,1,0,1,0,1,3,1,0,1
Signal-Android,2019-1,org.thoughtcrime.securesms.components.MicrophoneRecorderView,top_level,5,120,0,3,1,5,0,1,0,1,0,1,0,1,1,1,0,1
Signal-Android,2019-1,org.thoughtcrime.securesms.components.PushRecipientsPanel,top_level,6,73,0,4,1,5,0,1,0,1,0,1,0,1,5,1,0,1
Signal-Android,2019-1,org.thoughtcrime.securesms.components.QuoteView,top_level,8,178,0,4,1,45,0,1,0,1,0,1,0,1,43,1,0,1
Signal-Android,2019-1,org.thoughtcrime.securesms.components.RatingManager,top_level,0,49,0,0,1,6,0,1,0,1,0,1,0,1,5,1,0,1
Signal-Android,2019-1,org.thoughtcrime.securesms.components.RecentPhotoViewRail,top_level,2,67,0,1,1,8,0,1,0,1,0,1,0,1,8,1,0,1
Signal-Android,2019-1,org.thoughtcrime.securesms.components.RecyclerViewFastScroller,top_level,14,130,0,6,1,5,0,1,0,1,0,1,0,1,4,1,0,1
Signal-Android,2019-1,org.thoughtcrime.securesms.components.RemovableEditableMediaView,top_level,1,40,0,1,1,1,0,1,0,1,0,1,0,1,0,1,0,1
Signal-Android,2019-1,org.thoughtcrime.securesms.components.RepeatableImageKey,top_level,4,56,0,3,1,1,0,1,0,1,0,1,0,1,0,1,0,1
Signal-Android,2019-1,org.thoughtcrime.securesms.components.SearchToolbar,top_level,12,85,0,6,1,20,0,1,0,1,0,1,0,1,20,1,0,1
Signal-Android,2019-1,org.thoughtcrime.securesms.components.SendButton,top_level,2,60,0,2,1,3,0,1,0,1,0,1,0,1,3,1,0,1
Signal-Android,2019-1,org.thoughtcrime.securesms.components.ShapeScrim,top_level,3,56,0,1,0,,,0,,0,,0,,0,,0,,0
Signal-Android,2019-1,org.thoughtcrime.securesms.components.SharedContactView,top_level,4,141,0,4,1,21,0,1,0,1,0,1,0,1,15,1,0,1
Signal-Android,2019-1,org.thoughtcrime.securesms.components.SquareFrameLayout,top_level,2,21,0,1,0,,,0,,0,,0,,0,,0,,0
Signal-Android,2019-1,org.thoughtcrime.securesms.components.SquareImageView,top_level,1,13,0,1,0,,,0,,0,,0,,0,,0,,0
Signal-Android,2019-1,org.thoughtcrime.securesms.components.SquareLinearLayout,top_level,1,16,0,1,0,,,0,,0,,0,,0,,0,,0
Signal-Android,2019-1,org.thoughtcrime.securesms.components.SwitchPreferenceCompat,top_level,4,24,0,2,0,,,0,,0,,0,,0,,0,,0
Signal-Android,2019-1,org.thoughtcrime.securesms.components.ThreadPhotoRailView,top_level,2,56,0,1,1,4,0,1,0,1,0,1,0,1,4,1,0,1
Signal-Android,2019-1,org.thoughtcrime.securesms.components.ThumbnailView,top_level,31,239,0,9,1,23,0,1,0,1,0,1,0,1,16,1,1,1
Signal-Android,2019-1,org.thoughtcrime.securesms.components.TransferControlView,top_level,12,151,0,8,1,14,0,1,0,1,0,1,0,1,12,1,1,1
Signal-Android,2019-1,org.thoughtcrime.securesms.components.TypingIndicatorView,top_level,2,72,0,2,1,7,0,1,0,1,0,1,0,1,7,1,0,1
Signal-Android,2019-1,org.thoughtcrime.securesms.components.TypingStatusRepository,top_level,3,104,0,2,1,6,0,1,0,1,0,1,0,1,6,1,0,1
Signal-Android,2019-1,org.thoughtcrime.securesms.components.TypingStatusSender,top_level,9,57,0,4,1,1,1,1,0,1,0,1,0,1,0,1,0,1
Signal-Android,2019-1,org.thoughtcrime.securesms.components.ZoomingImageView,top_level,1,63,0,1,0,,,0,,0,,0,,0,,0,,0
Signal-Android,2019-1,org.thoughtcrime.securesms.components.camera.CameraSurfaceView,top_level,1,17,0,1,0,,,0,,0,,0,,0,,0,,0
Signal-Android,2019-1,org.thoughtcrime.securesms.components.camera.CameraUtils,top_level,0,57,0,0,1,6,0,1,0,1,0,1,0,1,4,1,0,1
Signal-Android,2019-1,org.thoughtcrime.securesms.components.camera.CameraView,top_level,33,374,0,15,1,41,1,1,0,1,0,1,0,1,30,1,1,1
Signal-Android,2019-1,org.thoughtcrime.securesms.components.camera.QuickAttachmentDrawer,top_level,69,374,0,28,1,25,0,1,0,1,0,1,0,1,16,1,1,1
Signal-Android,2019-1,org.thoughtcrime.securesms.components.emoji.AnimatingImageSpan,top_level,0,4,0,0,0,,,0,,0,,0,,0,,0,,0
Signal-Android,2019-1,org.thoughtcrime.securesms.components.emoji.AsciiEmojiView,top_level,1,27,0,1,0,,,0,,0,,0,,0,,0,,0
Signal-Android,2019-1,org.thoughtcrime.securesms.components.emoji.CompositeEmojiPageModel,top_level,3,29,0,3,0,,,0,,0,,0,,0,,0,,0
Signal-Android,2019-1,org.thoughtcrime.securesms.components.emoji.Emoji,top_level,0,8,0,0,0,,,0,,0,,0,,0,,0,,0
Signal-Android,2019-1,org.thoughtcrime.securesms.components.emoji.EmojiDrawer,top_level,13,114,0,9,1,8,0,1,0,1,0,1,0,1,4,1,0,1
Signal-Android,2019-1,org.thoughtcrime.securesms.components.emoji.EmojiEditText,top_level,0,28,0,0,1,1,0,1,0,1,0,1,0,1,1,1,0,1
Signal-Android,2019-1,org.thoughtcrime.securesms.components.emoji.EmojiFilter,top_level,0,12,0,0,1,1,0,1,0,1,0,1,0,1,0,1,0,1
Signal-Android,2019-1,org.thoughtcrime.securesms.components.emoji.EmojiPageModel,top_level,6,7,0,3,0,,,0,,0,,0,,0,,0,,0
Signal-Android,2019-1,org.thoughtcrime.securesms.components.emoji.EmojiPageView,top_level,7,57,0,3,1,8,0,1,0,1,0,1,0,1,2,1,0,1
Signal-Android,2019-1,org.thoughtcrime.securesms.components.emoji.EmojiPageViewGridAdapter,top_level,5,68,0,3,1,15,0,1,0,1,0,1,0,1,15,1,0,1
Signal-Android,2019-1,org.thoughtcrime.securesms.components.emoji.EmojiPages,top_level,0,279,0,0,0,,,0,,0,,0,,0,,0,,0
Signal-Android,2019-1,org.thoughtcrime.securesms.components.emoji.EmojiProvider,top_level,0,99,0,0,1,2,0,1,0,1,0,1,0,1,0,1,0,1
Signal-Android,2019-1,org.thoughtcrime.securesms.components.emoji.EmojiSpan,top_level,0,27,0,0,1,1,0,1,0,1,0,1,0,1,0,1,0,1
Signal-Android,2019-1,org.thoughtcrime.securesms.components.emoji.EmojiStrings,top_level,0,2,0,0,0,,,0,,0,,0,,0,,0,,0
Signal-Android,2019-1,org.thoughtcrime.securesms.components.emoji.EmojiTextView,top_level,9,89,0,5,1,11,0,1,0,1,0,1,0,1,4,1,0,1
Signal-Android,2019-1,org.thoughtcrime.securesms.components.emoji.EmojiToggle,top_level,5,30,0,5,1,4,0,1,0,1,0,1,0,1,4,1,0,1
Signal-Android,2019-1,org.thoughtcrime.securesms.components.emoji.EmojiVariationSelectorPopup,top_level,0,25,0,0,1,4,0,1,0,1,0,1,0,1,4,1,0,1
Signal-Android,2019-1,org.thoughtcrime.securesms.components.emoji.RecentEmojiPageModel,top_level,3,59,0,3,1,6,0,1,0,1,0,1,0,1,6,1,0,1
Signal-Android,2019-1,org.thoughtcrime.securesms.components.emoji.StaticEmojiPageModel,top_level,3,35,0,3,0,,,0,,0,,0,,0,,0,,0
Signal-Android,2019-1,org.thoughtcrime.securesms.components.emoji.parsing.EmojiDrawInfo,top_level,1,16,0,1,0,,,0,,0,,0,,0,,0,,0
Signal-Android,2019-1,org.thoughtcrime.securesms.components.emoji.parsing.EmojiPageBitmap,top_level,0,60,0,0,1,4,0,1,0,1,0,1,0,1,4,1,0,1
Signal-Android,2019-1,org.thoughtcrime.securesms.components.emoji.parsing.EmojiParser,top_level,0,54,0,0,1,3,0,1,0,1,0,1,0,1,2,1,0,1
Signal-Android,2019-1,org.thoughtcrime.securesms.components.emoji.parsing.EmojiTree,top_level,0,56,0,0,1,11,0,1,0,1,0,1,0,1,10,1,0,1
Signal-Android,2019-1,org.thoughtcrime.securesms.components.emoji.parsing.Fitzpatrick,top_level,0,22,0,0,1,3,0,1,0,1,0,1,0,1,3,1,0,1
Signal-Android,2019-1,org.thoughtcrime.securesms.components.identity.UntrustedSendDialog,top_level,0,31,0,0,0,,,0,,0,,0,,0,,0,,0
Signal-Android,2019-1,org.thoughtcrime.securesms.components.identity.UnverifiedBannerView,top_level,2,48,0,2,1,1,0,1,0,1,0,1,0,1,1,1,0,1
Signal-Android,2019-1,org.thoughtcrime.securesms.components.identity.UnverifiedSendDialog,top_level,0,33,0,0,0,,,0,,0,,0,,0,,0,,0
Signal-Android,2019-1,org.thoughtcrime.securesms.components.location.SignalMapView,top_level,0,50,0,0,1,2,0,1,0,1,0,1,0,1,2,1,0,1
Signal-Android,2019-1,org.thoughtcrime.securesms.components.location.SignalPlace,top_level,1,40,0,1,1,4,0,1,0,1,0,1,0,1,4,1,0,1
Signal-Android,2019-1,org.thoughtcrime.securesms.components.recyclerview.DeleteItemAnimator,top_level,1,11,0,1,0,,,0,,0,,0,,0,,0,,0
Signal-Android,2019-1,org.thoughtcrime.securesms.components.recyclerview.SmoothScrollingLinearLayoutManager,top_level,0,14,0,0,0,,,0,,0,,0,,0,,0,,0
Signal-Android,2019-1,org.thoughtcrime.securesms.components.registration.CallMeCountDownView,top_level,8,57,0,5,1,3,0,1,0,1,0,1,0,1,3,1,0,1
Signal-Android,2019-1,org.thoughtcrime.securesms.components.registration.PulsingFloatingActionButton,top_level,5,26,0,3,1,2,0,1,0,1,0,1,0,1,2,1,0,1
Signal-Android,2019-1,org.thoughtcrime.securesms.components.registration.VerificationCodeView,top_level,9,90,0,4,1,14,0,1,0,1,0,1,0,1,14,1,0,1
Signal-Android,2019-1,org.thoughtcrime.securesms.components.registration.VerificationPinKeyboard,top_level,4,133,0,4,1,7,0,1,0,1,0,1,0,1,3,1,0,1
Signal-Android,2019-1,org.thoughtcrime.securesms.components.reminder.DefaultSmsReminder,top_level,0,25,0,0,0,,,0,,0,,0,,0,,0,,0
Signal-Android,2019-1,org.thoughtcrime.securesms.components.reminder.DozeReminder,top_level,0,22,0,0,0,,,0,,0,,0,,0,,0,,0
Signal-Android,2019-1,org.thoughtcrime.securesms.components.reminder.ExpiredBuildReminder,top_level,2,21,0,1,0,,,0,,0,,0,,0,,0,,0
Signal-Android,2019-1,org.thoughtcrime.securesms.components.reminder.InviteReminder,top_level,0,13,0,0,1,1,0,1,0,1,0,1,0,1,1,1,0,1
Signal-Android,2019-1,org.thoughtcrime.securesms.components.reminder.OutdatedBuildReminder,top_level,2,25,0,1,1,1,0,1,0,1,0,1,0,1,1,1,0,1
Signal-Android,2019-1,org.thoughtcrime.securesms.components.reminder.PushRegistrationReminder,top_level,1,15,0,1,0,,,0,,0,,0,,0,,0,,0
Signal-Android,2019-1,org.thoughtcrime.securesms.components.reminder.Reminder,top_level,2,27,0,2,1,3,1,1,0,1,0,1,0,1,0,1,0,1
Signal-Android,2019-1,org.thoughtcrime.securesms.components.reminder.ReminderView,top_level,4,50,0,4,1,2,0,1,0,1,0,1,0,1,2,1,0,1
Signal-Android,2019-1,org.thoughtcrime.securesms.components.reminder.ServiceOutageReminder,top_level,1,13,0,1,0,,,0,,0,,0,,0,,0,,0
Signal-Android,2019-1,org.thoughtcrime.securesms.components.reminder.ShareReminder,top_level,0,23,0,0,1,1,0,1,0,1,0,1,0,1,1,1,0,1
Signal-Android,2019-1,org.thoughtcrime.securesms.components.reminder.SystemSmsImportReminder,top_level,0,22,0,0,0,,,0,,0,,0,,0,,0,,0
Signal-Android,2019-1,org.thoughtcrime.securesms.components.reminder.UnauthorizedReminder,top_level,1,14,0,1,0,,,0,,0,,0,,0,,0,,0
Signal-Android,2019-1,org.thoughtcrime.securesms.components.subsampling.AttachmentBitmapDecoder,top_level,1,16,0,1,1,1,0,1,0,1,0,1,0,1,0,1,0,1
Signal-Android,2019-1,org.thoughtcrime.securesms.components.subsampling.AttachmentRegionDecoder,top_level,3,37,0,2,1,2,0,1,0,1,0,1,0,1,1,1,0,1
Signal-Android,2019-1,org.thoughtcrime.securesms.components.viewpager.ExtendedOnPageChangedListener,top_level,6,11,0,4,0,,,0,,0,,0,,0,,0,,0
Signal-Android,2019-1,org.thoughtcrime.securesms.components.viewpager.HackyViewPager,top_level,0,13,0,0,0,,,0,,0,,0,,0,,0,,0
Signal-Android,2019-1,org.thoughtcrime.securesms.components.webrtc.PercentFrameLayout,top_level,15,66,0,7,1,6,0,1,0,1,0,1,0,1,6,1,0,1
Signal-Android,2019-1,org.thoughtcrime.securesms.components.webrtc.WebRtcAnswerDeclineButton,top_level,9,190,0,6,1,39,0,1,0,1,0,1,0,1,30,1,0,1
Signal-Android,2019-1,org.thoughtcrime.securesms.components.webrtc.WebRtcCallControls,top_level,19,125,0,15,1,5,0,1,0,1,0,1,0,1,5,1,0,1
Signal-Android,2019-1,org.thoughtcrime.securesms.components.webrtc.WebRtcCallScreen,top_level,13,195,0,7,1,29,0,1,0,1,0,1,0,1,25,1,0,1
Signal-Android,2019-1,org.thoughtcrime.securesms.contacts.ArrayListCursor,top_level,9,94,0,9,1,13,0,1,0,1,0,1,0,1,7,1,0,1
Signal-Android,2019-1,org.thoughtcrime.securesms.contacts.ContactAccessor,top_level,1,192,0,0,1,10,0,1,0,1,0,1,0,1,10,1,0,1
Signal-Android,2019-1,org.thoughtcrime.securesms.contacts.ContactIdentityManager,top_level,1,12,0,1,0,,,0,,0,,0,,0,,0,,0
Signal-Android,2019-1,org.thoughtcrime.securesms.contacts.ContactIdentityManagerGingerbread,top_level,7,71,0,3,1,3,0,1,0,1,0,1,0,1,3,1,0,1
Signal-Android,2019-1,org.thoughtcrime.securesms.contacts.ContactIdentityManagerICS,top_level,1,43,0,1,1,2,0,1,0,1,0,1,0,1,2,1,0,1
Signal-Android,2019-1,org.thoughtcrime.securesms.contacts.ContactSelectionListAdapter,top_level,7,135,0,5,1,16,0,1,0,1,0,1,0,1,16,1,0,1
Signal-Android,2019-1,org.thoughtcrime.securesms.contacts.ContactSelectionListItem,top_level,2,73,0,2,0,,,0,,0,,0,,0,,0,,0
Signal-Android,2019-1,org.thoughtcrime.securesms.contacts.ContactsCursorLoader,top_level,3,152,0,0,1,18,0,1,0,1,0,1,0,1,18,1,0,1
Signal-Android,2019-1,org.thoughtcrime.securesms.contacts.ContactsDatabase,top_level,0,441,0,0,1,107,0,1,0,1,0,1,0,1,99,1,0,1
Signal-Android,2019-1,org.thoughtcrime.securesms.contacts.ContactsSyncAdapter,top_level,1,19,0,1,0,,,0,,0,,0,,0,,0,,0
Signal-Android,2019-1,org.thoughtcrime.securesms.contacts.NameAndNumber,top_level,1,7,0,1,0,,,0,,0,,0,,0,,0,,0
Signal-Android,2019-1,org.thoughtcrime.securesms.contacts.RecipientsAdapter,top_level,0,72,0,0,1,10,0,1,0,1,0,1,0,1,7,1,0,1
Signal-Android,2019-1,org.thoughtcrime.securesms.contacts.RecipientsEditor,top_level,8,178,0,4,1,13,0,1,0,1,0,1,0,1,10,1,0,1
Signal-Android,2019-1,org.thoughtcrime.securesms.contacts.avatars.ContactColors,top_level,0,17,0,0,1,1,0,1,0,1,0,1,0,1,0,1,0,1
Signal-Android,2019-1,org.thoughtcrime.securesms.contacts.avatars.ContactColorsLegacy,top_level,0,24,0,0,1,1,0,1,0,1,0,1,0,1,0,1,0,1
Signal-Android,2019-1,org.thoughtcrime.securesms.contacts.avatars.ContactPhoto,top_level,3,4,0,1,0,,,0,,0,,0,,0,,0,,0
Signal-Android,2019-1,org.thoughtcrime.securesms.contacts.avatars.FallbackContactPhoto,top_level,3,4,0,0,0,,,0,,0,,0,,0,,0,,0
Signal-Android,2019-1,org.thoughtcrime.securesms.contacts.avatars.GeneratedContactPhoto,top_level,0,45,0,0,1,12,0,1,0,1,0,1,0,1,12,1,0,1
Signal-Android,2019-1,org.thoughtcrime.securesms.contacts.avatars.GroupRecordContactPhoto,top_level,2,31,0,2,1,6,0,1,0,1,0,1,0,1,5,1,0,1
Signal-Android,2019-1,org.thoughtcrime.securesms.contacts.avatars.ProfileContactPhoto,top_level,2,27,0,2,1,2,0,1,0,1,0,1,0,1,1,1,0,1
Signal-Android,2019-1,org.thoughtcrime.securesms.contacts.avatars.ResourceContactPhoto,top_level,2,33,0,2,1,4,0,1,0,1,0,1,0,1,4,1,0,1
Signal-Android,2019-1,org.thoughtcrime.securesms.contacts.avatars.SystemContactPhoto,top_level,2,31,0,2,1,4,0,1,0,1,0,1,0,1,3,1,0,1
Signal-Android,2019-1,org.thoughtcrime.securesms.contacts.avatars.TransparentContactPhoto,top_level,1,11,0,1,1,1,0,1,0,1,0,1,0,1,1,1,0,1
Signal-Android,2019-1,org.thoughtcrime.securesms.contactshare.Contact,top_level,4,407,0,4,1,5,3,1,0,1,0,1,0,1,0,1,0,1
Signal-Android,2019-1,org.thoughtcrime.securesms.contactshare.ContactFieldAdapter,top_level,3,146,0,3,1,9,0,1,0,1,0,1,0,1,9,1,0,1
Signal-Android,2019-1,org.thoughtcrime.securesms.contactshare.ContactModelMapper,top_level,0,109,0,0,1,46,0,1,0,1,0,1,0,1,45,1,0,1
Signal-Android,2019-1,org.thoughtcrime.securesms.contactshare.ContactNameEditActivity,top_level,3,84,0,3,1,11,0,1,0,1,0,1,0,1,11,1,0,1
Signal-Android,2019-1,org.thoughtcrime.securesms.contactshare.ContactNameEditViewModel,top_level,4,79,0,2,1,19,0,1,0,1,0,1,0,1,19,1,0,1
Signal-Android,2019-1,org.thoughtcrime.securesms.contactshare.ContactRepository,top_level,2,231,0,1,1,54,0,1,0,1,0,1,0,1,44,1,1,1
Signal-Android,2019-1,org.thoughtcrime.securesms.contactshare.ContactShareEditActivity,top_level,2,70,0,2,1,8,0,1,0,1,0,1,0,1,8,1,0,1
Signal-Android,2019-1,org.thoughtcrime.securesms.contactshare.ContactShareEditAdapter,top_level,2,46,0,2,1,1,0,1,0,1,0,1,0,1,1,1,0,1
Signal-Android,2019-1,org.thoughtcrime.securesms.contactshare.ContactShareEditViewModel,top_level,0,61,0,0,1,11,0,1,0,1,0,1,0,1,10,1,0,1
Signal-Android,2019-1,org.thoughtcrime.securesms.contactshare.ContactUtil,top_level,0,120,0,0,1,62,0,1,0,1,0,1,0,1,54,1,0,1
Signal-Android,2019-1,org.thoughtcrime.securesms.contactshare.Selectable,top_level,2,3,0,2,0,,,0,,0,,0,,0,,0,,0
Signal-Android,2019-1,org.thoughtcrime.securesms.contactshare.SharedContactDetailsActivity,top_level,6,150,0,5,1,17,0,1,0,1,0,1,0,1,15,1,0,1
Signal-Android,2019-1,org.thoughtcrime.securesms.contactshare.SimpleTextWatcher,top_level,0,9,0,0,0,,,0,,0,,0,,0,,0,,0
Signal-Android,2019-1,org.thoughtcrime.securesms.crypto.AsymmetricMasterCipher,top_level,6,53,0,3,1,5,0,1,0,1,0,1,0,1,5,1,0,1
Signal-Android,2019-1,org.thoughtcrime.securesms.crypto.AsymmetricMasterSecret,top_level,0,10,0,0,0,,,0,,0,,0,,0,,0,,0
Signal-Android,2019-1,org.thoughtcrime.securesms.crypto.AttachmentSecret,top_level,7,52,0,7,0,,,0,,0,,0,,0,,0,,0
Signal-Android,2019-1,org.thoughtcrime.securesms.crypto.AttachmentSecretProvider,top_level,0,51,0,0,1,8,0,1,0,1,0,1,0,1,7,1,0,1
Signal-Android,2019-1,org.thoughtcrime.securesms.crypto.ClassicDecryptingPartInputStream,top_level,0,71,0,0,1,2,0,1,0,1,0,1,0,1,1,1,0,1
Signal-Android,2019-1,org.thoughtcrime.securesms.crypto.DatabaseSecret,top_level,2,13,0,2,0,,,0,,0,,0,,0,,0,,0
Signal-Android,2019-1,org.thoughtcrime.securesms.crypto.DatabaseSecretProvider,top_level,0,41,0,0,1,3,0,1,0,1,0,1,0,1,3,1,0,1
Signal-Android,2019-1,org.thoughtcrime.securesms.crypto.IdentityKeyParcelable,top_level,1,27,0,1,1,1,0,1,0,1,0,1,0,1,1,1,0,1
Signal-Android,2019-1,org.thoughtcrime.securesms.crypto.IdentityKeyUtil,top_level,0,82,0,0,1,17,0,1,0,1,0,1,0,1,16,1,0,1
Signal-Android,2019-1,org.thoughtcrime.securesms.crypto.InvalidPassphraseException,top_level,1,9,0,1,0,,,0,,0,,0,,0,,0,,0
Signal-Android,2019-1,org.thoughtcrime.securesms.crypto.KeyStoreHelper,top_level,6,89,0,0,1,13,0,1,0,1,0,1,0,1,11,1,0,1
Signal-Android,2019-1,org.thoughtcrime.securesms.crypto.MasterCipher,top_level,4,102,0,2,1,1,0,1,0,1,0,1,0,1,1,1,0,1
Signal-Android,2019-1,org.thoughtcrime.securesms.crypto.MasterSecret,top_level,2,48,0,2,1,9,0,1,0,1,0,1,0,1,9,1,0,1
Signal-Android,2019-1,org.thoughtcrime.securesms.crypto.MasterSecretUtil,top_level,5,208,0,0,1,39,0,1,0,1,0,1,0,1,36,1,1,1
Signal-Android,2019-1,org.thoughtcrime.securesms.crypto.ModernDecryptingPartInputStream,top_level,0,35,0,0,1,2,0,1,0,1,0,1,0,1,1,1,0,1
Signal-Android,2019-1,org.thoughtcrime.securesms.crypto.ModernEncryptingPartOutputStream,top_level,0,18,0,0,1,2,0,1,0,1,0,1,0,1,1,1,0,1
Signal-Android,2019-1,org.thoughtcrime.securesms.crypto.PRNGFixes,top_level,21,145,0,1,1,20,0,1,0,1,0,1,0,1,14,1,0,1
Signal-Android,2019-1,org.thoughtcrime.securesms.crypto.PreKeyUtil,top_level,0,34,0,0,1,3,0,1,0,1,0,1,0,1,2,1,0,1
Signal-Android,2019-1,org.thoughtcrime.securesms.crypto.ProfileKeyUtil,top_level,0,15,0,0,1,1,0,1,0,1,0,1,0,1,0,1,0,1
Signal-Android,2019-1,org.thoughtcrime.securesms.crypto.PublicKey,top_level,10,41,0,8,1,1,0,1,0,1,0,1,0,1,1,1,0,1
Signal-Android,2019-1,org.thoughtcrime.securesms.crypto.SecurityEvent,top_level,0,6,0,0,1,1,0,1,0,1,0,1,0,1,0,1,0,1
Signal-Android,2019-1,org.thoughtcrime.securesms.crypto.SessionUtil,top_level,0,10,0,0,1,1,0,1,0,1,0,1,0,1,0,1,0,1
Signal-Android,2019-1,org.thoughtcrime.securesms.crypto.UnidentifiedAccessUtil,top_level,0,69,0,0,1,4,0,1,0,1,0,1,0,1,3,1,0,1
Signal-Android,2019-1,org.thoughtcrime.securesms.crypto.storage.SignalProtocolStoreImpl,top_level,5,70,0,5,1,1,0,1,0,1,0,1,0,1,0,1,0,1
Signal-Android,2019-1,org.thoughtcrime.securesms.crypto.storage.TextSecureIdentityKeyStore,top_level,1,79,0,1,1,16,0,1,0,1,0,1,0,1,16,1,0,1
Signal-Android,2019-1,org.thoughtcrime.securesms.crypto.storage.TextSecurePreKeyStore,top_level,4,44,0,4,1,9,0,1,0,1,0,1,0,1,9,1,0,1
Signal-Android,2019-1,org.thoughtcrime.securesms.crypto.storage.TextSecureSessionStore,top_level,2,50,0,1,1,14,0,1,0,1,0,1,0,1,14,1,0,1
Signal-Android,2019-1,org.thoughtcrime.securesms.database.Address,top_level,7,132,0,7,1,24,0,1,0,1,0,1,0,1,15,1,0,1
Signal-Android,2019-1,org.thoughtcrime.securesms.database.ApnDatabase,top_level,0,98,0,0,1,3,0,1,0,1,0,1,0,1,2,1,0,1
Signal-Android,2019-1,org.thoughtcrime.securesms.database.AttachmentDatabase,top_level,6,500,0,2,1,54,0,1,0,1,0,1,0,1,49,1,0,1
Signal-Android,2019-1,org.thoughtcrime.securesms.database.ContentValuesBuilder,top_level,0,19,0,0,0,,,0,,0,,0,,0,,0,,0
Signal-Android,2019-1,org.thoughtcrime.securesms.database.CursorList<T>,top_level,11,108,0,9,0,,,0,,0,,0,,0,,0,,0
Signal-Android,2019-1,org.thoughtcrime.securesms.database.CursorRecyclerViewAdapter<VH>,top_level,26,128,0,15,0,,,0,,0,,0,,0,,0,,0
Signal-Android,2019-1,org.thoughtcrime.securesms.database.Database,top_level,3,26,0,3,1,6,0,1,0,1,0,1,0,1,6,1,0,1
Signal-Android,2019-1,org.thoughtcrime.securesms.database.DatabaseContentProviders,top_level,0,31,0,0,0,,,0,,0,,0,,0,,0,,0
Signal-Android,2019-1,org.thoughtcrime.securesms.database.DatabaseFactory,top_level,0,101,0,0,1,25,0,1,0,1,0,1,0,1,23,1,0,1
Signal-Android,2019-1,org.thoughtcrime.securesms.database.DraftDatabase,top_level,2,95,0,2,1,4,1,1,0,1,0,1,0,1,3,1,0,1
Signal-Android,2019-1,org.thoughtcrime.securesms.database.EarlyReceiptCache,top_level,0,20,0,0,1,1,0,1,0,1,0,1,0,1,1,1,0,1
Signal-Android,2019-1,"org.thoughtcrime.securesms.database.FastCursorRecyclerViewAdapter<VH,T>",top_level,19,59,0,14,0,,,0,,0,,0,,0,,0,,0
Signal-Android,2019-1,org.thoughtcrime.securesms.database.GroupDatabase,top_level,3,268,0,2,1,13,1,1,0,1,1,1,0,1,11,1,0,1
Signal-Android,2019-1,org.thoughtcrime.securesms.database.GroupReceiptDatabase,top_level,2,75,0,2,1,2,1,1,0,1,0,1,0,1,1,1,0,1
Signal-Android,2019-1,org.thoughtcrime.securesms.database.IdentityDatabase,top_level,0,133,0,0,1,6,1,1,0,1,0,1,0,1,5,1,0,1
Signal-Android,2019-1,org.thoughtcrime.securesms.database.MediaDatabase,top_level,0,84,0,0,1,6,1,1,0,1,0,1,0,1,5,1,0,1
Signal-Android,2019-1,org.thoughtcrime.securesms.database.MessagingDatabase,top_level,4,145,0,4,1,10,1,1,0,1,0,1,0,1,8,1,0,1
Signal-Android,2019-1,org.thoughtcrime.securesms.database.MmsDatabase,top_level,44,889,0,27,1,172,1,1,0,1,0,1,0,1,143,1,1,1
Signal-Android,2019-1,org.thoughtcrime.securesms.database.MmsSmsColumns,top_level,0,155,0,0,1,1,0,1,0,1,0,1,0,1,0,1,0,1
Signal-Android,2019-1,org.thoughtcrime.securesms.database.MmsSmsDatabase,top_level,7,293,0,3,1,21,0,1,1,1,0,1,0,1,19,1,0,1
Signal-Android,2019-1,org.thoughtcrime.securesms.database.NoExternalStorageException,top_level,1,8,0,1,0,,,0,,0,,0,,0,,0,,0
Signal-Android,2019-1,org.thoughtcrime.securesms.database.NoSuchMessageException,top_level,0,3,0,0,0,,,0,,0,,0,,0,,0,,0
Signal-Android,2019-1,org.thoughtcrime.securesms.database.NotInDirectoryException,top_level,0,1,0,0,0,,,0,,0,,0,,0,,0,,0
Signal-Android,2019-1,org.thoughtcrime.securesms.database.OneTimePreKeyDatabase,top_level,1,37,0,1,1,5,0,1,0,1,0,1,0,1,5,1,0,1
Signal-Android,2019-1,org.thoughtcrime.securesms.database.PushDatabase,top_level,1,106,0,1,1,3,0,1,0,1,0,1,0,1,3,1,0,1
Signal-Android,2019-1,org.thoughtcrime.securesms.database.RecipientDatabase,top_level,5,476,0,3,1,32,1,1,0,1,1,1,0,1,26,1,1,1
Signal-Android,2019-1,org.thoughtcrime.securesms.database.SearchDatabase,top_level,0,63,0,0,1,2,0,1,0,1,0,1,0,1,2,1,0,1
Signal-Android,2019-1,org.thoughtcrime.securesms.database.SessionDatabase,top_level,0,92,0,0,1,1,0,1,0,1,0,1,0,1,1,1,0,1
Signal-Android,2019-1,org.thoughtcrime.securesms.database.SignedPreKeyDatabase,top_level,1,60,0,1,1,5,0,1,0,1,0,1,0,1,5,1,0,1
Signal-Android,2019-1,org.thoughtcrime.securesms.database.SmsDatabase,top_level,43,559,0,31,1,80,0,1,0,1,0,1,0,1,62,1,1,1
Signal-Android,2019-1,org.thoughtcrime.securesms.database.SmsMigrator,top_level,0,148,0,0,1,19,0,1,0,1,0,1,0,1,18,1,0,1
Signal-Android,2019-1,org.thoughtcrime.securesms.database.ThreadDatabase,top_level,35,442,0,16,1,42,0,1,0,1,1,1,0,1,38,1,0,1
Signal-Android,2019-1,org.thoughtcrime.securesms.database.XmlBackup,top_level,17,154,0,1,1,27,1,1,0,1,1,1,0,1,19,1,0,1
Signal-Android,2019-1,org.thoughtcrime.securesms.database.documents.Document<T>,top_level,2,3,0,1,0,,,0,,0,,0,,0,,0,,0
Signal-Android,2019-1,org.thoughtcrime.securesms.database.documents.IdentityKeyMismatch,top_level,2,40,0,2,1,3,0,1,0,1,0,1,0,1,2,1,0,1
Signal-Android,2019-1,org.thoughtcrime.securesms.database.documents.IdentityKeyMismatchList,top_level,3,15,0,2,1,1,0,1,0,1,0,1,0,1,0,1,0,1
Signal-Android,2019-1,org.thoughtcrime.securesms.database.documents.NetworkFailure,top_level,2,17,0,2,1,1,0,1,0,1,0,1,0,1,0,1,0,1
Signal-Android,2019-1,org.thoughtcrime.securesms.database.documents.NetworkFailureList,top_level,3,15,0,2,1,1,0,1,0,1,0,1,0,1,0,1,0,1
Signal-Android,2019-1,org.thoughtcrime.securesms.database.helpers.ClassicOpenHelper,top_level,0,952,0,0,1,97,0,1,2,1,0,1,0,1,65,1,1,1
Signal-Android,2019-1,org.thoughtcrime.securesms.database.helpers.PreKeyMigrationHelper,top_level,0,122,0,0,1,22,0,1,0,1,0,1,0,1,12,1,0,1
Signal-Android,2019-1,org.thoughtcrime.securesms.database.helpers.SQLCipherMigrationHelper,top_level,1,144,0,0,1,13,0,1,1,1,0,1,0,1,3,1,0,1
Signal-Android,2019-1,org.thoughtcrime.securesms.database.helpers.SQLCipherOpenHelper,top_level,0,195,0,0,1,20,0,1,1,1,0,1,0,1,6,1,1,1
Signal-Android,2019-1,org.thoughtcrime.securesms.database.helpers.SessionStoreMigrationHelper,top_level,0,55,0,0,1,9,0,1,0,1,0,1,0,1,2,1,0,1
Signal-Android,2019-1,org.thoughtcrime.securesms.database.identity.IdentityRecordList,top_level,10,51,0,4,1,1,0,1,0,1,0,1,0,1,1,1,0,1
Signal-Android,2019-1,org.thoughtcrime.securesms.database.loaders.BlockedContactsLoader,top_level,0,7,0,0,1,1,0,1,0,1,0,1,0,1,1,1,0,1
Signal-Android,2019-1,org.thoughtcrime.securesms.database.loaders.BucketedThreadMediaLoader,top_level,7,118,0,4,1,33,0,1,0,1,0,1,0,1,33,1,0,1
Signal-Android,2019-1,org.thoughtcrime.securesms.database.loaders.ConversationListLoader,top_level,0,41,0,0,1,7,0,1,0,1,0,1,0,1,7,1,0,1
Signal-Android,2019-1,org.thoughtcrime.securesms.database.loaders.ConversationLoader,top_level,5,30,0,5,1,4,0,1,0,1,0,1,0,1,2,1,0,1
Signal-Android,2019-1,org.thoughtcrime.securesms.database.loaders.CountryListLoader,top_level,0,18,0,0,1,4,0,1,0,1,0,1,0,1,4,1,0,1
Signal-Android,2019-1,org.thoughtcrime.securesms.database.loaders.DeviceListLoader,top_level,0,55,0,0,1,18,0,1,0,1,0,1,0,1,18,1,0,1
Signal-Android,2019-1,org.thoughtcrime.securesms.database.loaders.MessageDetailsLoader,top_level,0,16,0,0,1,2,0,1,0,1,0,1,0,1,2,1,0,1
Signal-Android,2019-1,org.thoughtcrime.securesms.database.loaders.PagingMediaLoader,top_level,0,22,0,0,1,3,0,1,0,1,0,1,0,1,3,1,0,1
Signal-Android,2019-1,org.thoughtcrime.securesms.database.loaders.RecentPhotosLoader,top_level,0,21,0,0,1,2,0,1,0,1,0,1,1,1,1,1,0,1
Signal-Android,2019-1,org.thoughtcrime.securesms.database.loaders.ThreadMediaLoader,top_level,0,14,0,0,1,3,0,1,0,1,0,1,0,1,3,1,0,1
Signal-Android,2019-1,org.thoughtcrime.securesms.database.model.DisplayRecord,top_level,24,83,0,24,1,20,0,1,0,1,1,1,0,1,19,1,0,1
Signal-Android,2019-1,org.thoughtcrime.securesms.database.model.MediaMmsMessageRecord,top_level,2,36,0,2,1,4,0,1,0,1,1,1,0,1,3,1,0,1
Signal-Android,2019-1,org.thoughtcrime.securesms.database.model.MessageRecord,top_level,28,136,0,26,1,33,0,1,0,1,1,1,0,1,25,1,1,1
Signal-Android,2019-1,org.thoughtcrime.securesms.database.model.MmsMessageRecord,top_level,6,33,0,3,1,2,0,1,0,1,1,1,0,1,1,1,0,1
Signal-Android,2019-1,org.thoughtcrime.securesms.database.model.NotificationMmsMessageRecord,top_level,10,54,0,10,1,1,0,1,0,1,1,1,0,1,0,1,0,1
Signal-Android,2019-1,org.thoughtcrime.securesms.database.model.Quote,top_level,2,22,0,2,1,1,1,1,0,1,0,1,0,1,0,1,0,1
Signal-Android,2019-1,org.thoughtcrime.securesms.database.model.SmsMessageRecord,top_level,3,49,0,3,1,12,0,1,0,1,1,1,0,1,5,1,0,1
Signal-Android,2019-1,org.thoughtcrime.securesms.database.model.ThreadRecord,top_level,7,91,0,7,1,26,1,1,0,1,1,1,0,1,17,1,0,1
Signal-Android,2019-1,org.thoughtcrime.securesms.dependencies.AxolotlStorageModule,top_level,1,13,0,1,0,,,0,,0,,0,,0,,0,,0
Signal-Android,2019-1,org.thoughtcrime.securesms.dependencies.InjectableType,top_level,0,1,0,0,0,,,0,,0,,0,,0,,0,,0
Signal-Android,2019-1,org.thoughtcrime.securesms.dependencies.SignalCommunicationModule,top_level,0,109,0,0,1,1,0,1,0,1,0,1,0,1,0,1,0,1
Signal-Android,2019-1,org.thoughtcrime.securesms.devicelist.Device,top_level,3,18,0,3,1,1,1,1,0,1,0,1,0,1,0,1,0,1
Signal-Android,2019-1,org.thoughtcrime.securesms.devicelist.DeviceNameProtos,top_level,1,382,0,1,1,26,0,1,0,1,0,1,1,1,16,1,2,1
Signal-Android,2019-1,org.thoughtcrime.securesms.events.PartProgressEvent,top_level,0,8,0,0,0,,,0,,0,,0,,0,,0,,0
Signal-Android,2019-1,org.thoughtcrime.securesms.events.RedPhoneEvent,top_level,1,32,0,1,0,,,0,,0,,0,,0,,0,,0
Signal-Android,2019-1,org.thoughtcrime.securesms.events.ReminderUpdateEvent,top_level,0,1,0,0,0,,,0,,0,,0,,0,,0,,0
Signal-Android,2019-1,org.thoughtcrime.securesms.events.WebRtcViewModel,top_level,4,62,0,4,1,1,1,1,0,1,0,1,0,1,0,1,0,1
Signal-Android,2019-1,org.thoughtcrime.securesms.gcm.GcmBroadcastReceiver,top_level,3,81,0,0,1,3,0,1,0,1,0,1,0,1,3,1,0,1
Signal-Android,2019-1,org.thoughtcrime.securesms.giph.model.GiphyImage,top_level,6,55,0,6,0,,,0,,0,,0,,0,,0,,0
Signal-Android,2019-1,org.thoughtcrime.securesms.giph.model.GiphyPaddedUrl,top_level,2,22,0,2,1,1,0,1,0,1,0,1,0,1,0,1,0,1
Signal-Android,2019-1,org.thoughtcrime.securesms.giph.model.GiphyResponse,top_level,0,5,0,0,0,,,0,,0,,0,,0,,0,,0
Signal-Android,2019-1,org.thoughtcrime.securesms.giph.net.GiphyGifLoader,top_level,0,9,0,0,0,,,0,,0,,0,,0,,0,,0
Signal-Android,2019-1,org.thoughtcrime.securesms.giph.net.GiphyLoader,top_level,0,30,0,0,1,7,0,1,0,1,0,1,1,1,5,1,0,1
Signal-Android,2019-1,org.thoughtcrime.securesms.giph.net.GiphyProxySelector,top_level,3,34,0,2,1,3,0,1,0,1,0,1,0,1,3,1,0,1
Signal-Android,2019-1,org.thoughtcrime.securesms.giph.net.GiphyStickerLoader,top_level,0,9,0,0,0,,,0,,0,,0,,0,,0,,0
Signal-Android,2019-1,org.thoughtcrime.securesms.giph.ui.AspectRatioImageView,top_level,11,39,0,7,0,,,0,,0,,0,,0,,0,,0
Signal-Android,2019-1,org.thoughtcrime.securesms.giph.ui.GiphyActivity,top_level,4,100,0,4,1,12,0,1,0,1,0,1,0,1,12,1,0,1
Signal-Android,2019-1,org.thoughtcrime.securesms.giph.ui.GiphyActivityToolbar,top_level,6,107,0,5,1,10,0,1,0,1,0,1,0,1,5,1,0,1
Signal-Android,2019-1,org.thoughtcrime.securesms.giph.ui.GiphyAdapter,top_level,5,98,0,4,1,8,0,1,0,1,0,1,0,1,8,1,0,1
Signal-Android,2019-1,org.thoughtcrime.securesms.giph.ui.GiphyFragment,top_level,2,61,0,1,1,2,0,1,0,1,0,1,0,1,2,1,0,1
Signal-Android,2019-1,org.thoughtcrime.securesms.giph.ui.GiphyGifFragment,top_level,0,4,0,0,0,,,0,,0,,0,,0,,0,,0
Signal-Android,2019-1,org.thoughtcrime.securesms.giph.ui.GiphyStickerFragment,top_level,0,4,0,0,0,,,0,,0,,0,,0,,0,,0
Signal-Android,2019-1,org.thoughtcrime.securesms.giph.util.InfiniteScrollListener,top_level,1,24,0,1,1,5,0,1,0,1,0,1,1,1,2,1,0,1
Signal-Android,2019-1,org.thoughtcrime.securesms.giph.util.RecyclerViewPositionHelper,top_level,10,48,0,5,1,5,0,1,0,1,0,1,0,1,2,1,0,1
Signal-Android,2019-1,org.thoughtcrime.securesms.glide.ContactPhotoFetcher,top_level,4,29,0,2,0,,,0,,0,,0,,0,,0,,0
Signal-Android,2019-1,org.thoughtcrime.securesms.glide.ContactPhotoLoader,top_level,0,20,0,0,0,,,0,,0,,0,,0,,0,,0
Signal-Android,2019-1,org.thoughtcrime.securesms.glide.GiphyPaddedUrlFetcher,top_level,11,156,0,2,1,16,0,1,0,1,0,1,0,1,10,1,0,1
Signal-Android,2019-1,org.thoughtcrime.securesms.glide.GiphyPaddedUrlLoader,top_level,0,20,0,0,0,,,0,,0,,0,,0,,0,,0
Signal-Android,2019-1,org.thoughtcrime.securesms.glide.OkHttpStreamFetcher,top_level,5,45,0,2,1,5,0,1,0,1,0,1,0,1,5,1,0,1
Signal-Android,2019-1,org.thoughtcrime.securesms.glide.OkHttpUrlLoader,top_level,0,31,0,0,0,,,0,,0,,0,,0,,0,,0
Signal-Android,2019-1,org.thoughtcrime.securesms.glide.cache.EncryptedBitmapCacheDecoder,top_level,0,23,0,0,0,,,0,,0,,0,,0,,0,,0
Signal-Android,2019-1,org.thoughtcrime.securesms.glide.cache.EncryptedBitmapResourceEncoder,top_level,1,30,0,1,0,,,0,,0,,0,,0,,0,,0
Signal-Android,2019-1,org.thoughtcrime.securesms.glide.cache.EncryptedCacheEncoder,top_level,0,22,0,0,0,,,0,,0,,0,,0,,0,,0
Signal-Android,2019-1,org.thoughtcrime.securesms.glide.cache.EncryptedCoder,top_level,0,46,0,0,1,2,0,1,0,1,0,1,0,1,2,1,0,1
Signal-Android,2019-1,org.thoughtcrime.securesms.glide.cache.EncryptedGifCacheDecoder,top_level,0,21,0,0,0,,,0,,0,,0,,0,,0,,0
Signal-Android,2019-1,org.thoughtcrime.securesms.glide.cache.EncryptedGifDrawableResourceEncoder,top_level,1,17,0,1,0,,,0,,0,,0,,0,,0,,0
Signal-Android,2019-1,org.thoughtcrime.securesms.groups.GroupManager,top_level,0,80,0,0,1,10,0,1,0,1,0,1,0,1,6,1,0,1
Signal-Android,2019-1,org.thoughtcrime.securesms.groups.GroupMessageProcessor,top_level,0,143,0,0,1,58,0,1,0,1,0,1,0,1,53,1,0,1
Signal-Android,2019-1,org.thoughtcrime.securesms.jobmanager.EncryptionKeys,top_level,2,6,0,2,0,,,0,,0,,0,,0,,0,,0
Signal-Android,2019-1,org.thoughtcrime.securesms.jobmanager.Job,top_level,5,114,0,5,1,7,0,1,0,1,0,1,0,1,4,1,0,1
Signal-Android,2019-1,org.thoughtcrime.securesms.jobmanager.JobManager,top_level,0,40,0,0,0,,,0,,0,,0,,0,,0,,0
Signal-Android,2019-1,org.thoughtcrime.securesms.jobmanager.JobParameters,top_level,6,80,0,5,1,1,1,1,0,1,0,1,0,1,0,1,0,1
Signal-Android,2019-1,org.thoughtcrime.securesms.jobmanager.SafeData,top_level,0,25,0,0,1,1,0,1,0,1,0,1,0,1,1,1,0,1
Signal-Android,2019-1,org.thoughtcrime.securesms.jobmanager.WorkLockManager,top_level,0,43,0,0,1,5,0,1,0,1,0,1,0,1,5,1,0,1
Signal-Android,2019-1,org.thoughtcrime.securesms.jobmanager.dependencies.ContextDependent,top_level,1,2,0,0,0,,,0,,0,,0,,0,,0,,0
Signal-Android,2019-1,org.thoughtcrime.securesms.jobmanager.dependencies.DependencyInjector,top_level,1,2,0,0,0,,,0,,0,,0,,0,,0,,0
Signal-Android,2019-1,org.thoughtcrime.securesms.jobmanager.persistence.JavaJobSerializer,top_level,1,19,0,1,0,,,0,,0,,0,,0,,0,,0
Signal-Android,2019-1,org.thoughtcrime.securesms.jobmanager.persistence.JobSerializer,top_level,2,3,0,0,0,,,0,,0,,0,,0,,0,,0
Signal-Android,2019-1,org.thoughtcrime.securesms.jobmanager.persistence.PersistentStorage,top_level,1,46,0,1,0,,,0,,0,,0,,0,,0,,0
Signal-Android,2019-1,org.thoughtcrime.securesms.jobmanager.requirements.NetworkBackoffRequirement,top_level,0,16,0,0,0,,,0,,0,,0,,0,,0,,0
Signal-Android,2019-1,org.thoughtcrime.securesms.jobmanager.requirements.NetworkRequirement,top_level,2,13,0,2,1,2,0,1,0,1,0,1,0,1,2,1,0,1
Signal-Android,2019-1,org.thoughtcrime.securesms.jobmanager.requirements.NetworkRequirementProvider,top_level,0,16,0,0,0,,,0,,0,,0,,0,,0,,0
Signal-Android,2019-1,org.thoughtcrime.securesms.jobmanager.requirements.Requirement,top_level,2,3,0,0,0,,,0,,0,,0,,0,,0,,0
Signal-Android,2019-1,org.thoughtcrime.securesms.jobmanager.requirements.RequirementListener,top_level,1,2,0,1,0,,,0,,0,,0,,0,,0,,0
Signal-Android,2019-1,org.thoughtcrime.securesms.jobmanager.requirements.RequirementProvider,top_level,1,2,0,0,0,,,0,,0,,0,,0,,0,,0
Signal-Android,2019-1,org.thoughtcrime.securesms.jobmanager.requirements.SimpleRequirement,top_level,1,7,0,1,0,,,0,,0,,0,,0,,0,,0
Signal-Android,2019-1,org.thoughtcrime.securesms.jobmanager.util.Base64,top_level,15,328,0,1,1,20,0,1,2,1,0,1,0,1,0,1,0,1
Signal-Android,2019-1,org.thoughtcrime.securesms.jobs.AttachmentDownloadJob,top_level,10,136,0,3,1,8,0,1,0,1,0,1,0,1,7,1,0,1
Signal-Android,2019-1,org.thoughtcrime.securesms.jobs.AvatarDownloadJob,top_level,8,59,0,2,1,10,0,1,0,1,0,1,0,1,9,1,0,1
Signal-Android,2019-1,org.thoughtcrime.securesms.jobs.CleanPreKeysJob,top_level,7,62,0,2,1,2,0,1,0,1,0,1,0,1,1,1,0,1
Signal-Android,2019-1,org.thoughtcrime.securesms.jobs.ContextJob,top_level,0,11,0,0,0,,,0,,0,,0,,0,,0,,0
Signal-Android,2019-1,org.thoughtcrime.securesms.jobs.CreateSignedPreKeyJob,top_level,4,34,0,2,1,1,0,1,0,1,0,1,0,1,0,1,0,1
Signal-Android,2019-1,org.thoughtcrime.securesms.jobs.DirectoryRefreshJob,top_level,3,43,0,2,1,4,0,1,0,1,0,1,0,1,3,1,0,1
Signal-Android,2019-1,org.thoughtcrime.securesms.jobs.GcmRefreshJob,top_level,5,52,0,3,1,2,0,1,0,1,0,1,0,1,1,1,0,1
Signal-Android,2019-1,org.thoughtcrime.securesms.jobs.LocalBackupJob,top_level,6,50,0,2,1,3,0,1,0,1,0,1,0,1,3,1,0,1
Signal-Android,2019-1,org.thoughtcrime.securesms.jobs.MmsDownloadJob,top_level,21,148,0,4,1,38,0,1,0,1,0,1,0,1,27,1,0,1
Signal-Android,2019-1,org.thoughtcrime.securesms.jobs.MmsReceiveJob,top_level,7,60,0,2,1,6,0,1,0,1,0,1,0,1,5,1,0,1
Signal-Android,2019-1,org.thoughtcrime.securesms.jobs.MmsSendJob,top_level,5,175,0,2,1,38,0,1,1,1,0,1,0,1,27,1,1,1
Signal-Android,2019-1,org.thoughtcrime.securesms.jobs.MultiDeviceBlockedUpdateJob,top_level,5,41,0,2,1,6,0,1,0,1,0,1,0,1,5,1,0,1
Signal-Android,2019-1,org.thoughtcrime.securesms.jobs.MultiDeviceConfigurationUpdateJob,top_level,3,46,0,2,1,3,0,1,0,1,0,1,0,1,3,1,0,1
Signal-Android,2019-1,org.thoughtcrime.securesms.jobs.MultiDeviceContactUpdateJob,top_level,14,183,0,3,1,36,0,1,0,1,0,1,0,1,31,1,1,1
Signal-Android,2019-1,org.thoughtcrime.securesms.jobs.MultiDeviceGroupUpdateJob,top_level,11,74,0,2,1,11,0,1,0,1,0,1,0,1,7,1,0,1
Signal-Android,2019-1,org.thoughtcrime.securesms.jobs.MultiDeviceProfileKeyUpdateJob,top_level,3,45,0,2,1,2,0,1,0,1,0,1,0,1,1,1,0,1
Signal-Android,2019-1,org.thoughtcrime.securesms.jobs.MultiDeviceReadReceiptUpdateJob,top_level,3,34,0,2,1,1,0,1,0,1,0,1,0,1,1,1,0,1
Signal-Android,2019-1,org.thoughtcrime.securesms.jobs.MultiDeviceReadUpdateJob,top_level,4,56,0,2,1,1,0,1,0,1,0,1,0,1,1,1,0,1
Signal-Android,2019-1,org.thoughtcrime.securesms.jobs.MultiDeviceVerifiedUpdateJob,top_level,5,69,0,2,1,5,0,1,0,1,0,1,0,1,5,1,0,1
Signal-Android,2019-1,org.thoughtcrime.securesms.jobs.PushContentReceiveJob,top_level,3,32,0,2,1,1,0,1,0,1,0,1,0,1,1,1,0,1
Signal-Android,2019-1,org.thoughtcrime.securesms.jobs.PushDecryptJob,top_level,6,661,0,4,1,295,0,1,0,1,0,1,0,1,274,1,1,1
Signal-Android,2019-1,org.thoughtcrime.securesms.jobs.PushGroupSendJob,top_level,21,146,0,3,1,65,0,1,0,1,0,1,0,1,54,1,0,1
Signal-Android,2019-1,org.thoughtcrime.securesms.jobs.PushGroupUpdateJob,top_level,5,68,0,2,1,12,0,1,0,1,0,1,0,1,11,1,0,1
Signal-Android,2019-1,org.thoughtcrime.securesms.jobs.PushMediaSendJob,top_level,16,104,0,3,1,18,0,1,0,1,0,1,0,1,15,1,0,1
Signal-Android,2019-1,org.thoughtcrime.securesms.jobs.PushNotificationReceiveJob,top_level,2,38,0,2,0,,,0,,0,,0,,0,,0,,0
Signal-Android,2019-1,org.thoughtcrime.securesms.jobs.PushReceivedJob,top_level,0,30,0,0,1,2,0,1,0,1,0,1,0,1,2,1,0,1
Signal-Android,2019-1,org.thoughtcrime.securesms.jobs.PushSendJob,top_level,9,122,0,4,1,17,0,1,0,1,0,1,0,1,15,1,0,1
Signal-Android,2019-1,org.thoughtcrime.securesms.jobs.PushTextSendJob,top_level,18,93,0,3,1,21,0,1,0,1,0,1,0,1,19,1,0,1
Signal-Android,2019-1,org.thoughtcrime.securesms.jobs.RefreshAttributesJob,top_level,2,35,0,2,0,,,0,,0,,0,,0,,0,,0
Signal-Android,2019-1,org.thoughtcrime.securesms.jobs.RefreshPreKeysJob,top_level,5,41,0,2,1,3,0,1,0,1,0,1,0,1,2,1,0,1
Signal-Android,2019-1,org.thoughtcrime.securesms.jobs.RefreshUnidentifiedDeliveryAbilityJob,top_level,2,41,0,2,1,2,0,1,0,1,0,1,0,1,2,1,0,1
Signal-Android,2019-1,org.thoughtcrime.securesms.jobs.RequestGroupInfoJob,top_level,2,47,0,2,1,2,0,1,0,1,0,1,0,1,2,1,0,1
Signal-Android,2019-1,org.thoughtcrime.securesms.jobs.RetrieveProfileAvatarJob,top_level,6,58,0,2,1,8,0,1,0,1,0,1,0,1,7,1,0,1
Signal-Android,2019-1,org.thoughtcrime.securesms.jobs.RetrieveProfileJob,top_level,4,121,0,2,1,18,0,1,0,1,0,1,0,1,17,1,0,1
Signal-Android,2019-1,org.thoughtcrime.securesms.jobs.RotateCertificateJob,top_level,3,31,0,3,0,,,0,,0,,0,,0,,0,,0
Signal-Android,2019-1,org.thoughtcrime.securesms.jobs.RotateProfileKeyJob,top_level,2,38,0,2,1,2,0,1,0,1,0,1,0,1,2,1,0,1
Signal-Android,2019-1,org.thoughtcrime.securesms.jobs.RotateSignedPreKeyJob,top_level,2,33,0,2,1,1,0,1,0,1,0,1,0,1,1,1,0,1
Signal-Android,2019-1,org.thoughtcrime.securesms.jobs.SendDeliveryReceiptJob,top_level,3,50,0,3,1,4,0,1,0,1,0,1,0,1,3,1,0,1
Signal-Android,2019-1,org.thoughtcrime.securesms.jobs.SendJob,top_level,3,53,0,2,1,3,0,1,0,1,0,1,0,1,2,1,0,1
Signal-Android,2019-1,org.thoughtcrime.securesms.jobs.SendReadReceiptJob,top_level,3,51,0,2,1,4,0,1,0,1,0,1,0,1,3,1,0,1
Signal-Android,2019-1,org.thoughtcrime.securesms.jobs.ServiceOutageDetectionJob,top_level,6,51,0,2,1,4,0,1,0,1,0,1,0,1,3,1,0,1
Signal-Android,2019-1,org.thoughtcrime.securesms.jobs.SmsReceiveJob,top_level,6,77,0,2,1,11,0,1,0,1,0,1,0,1,11,1,0,1
Signal-Android,2019-1,org.thoughtcrime.securesms.jobs.SmsSendJob,top_level,12,140,0,4,1,17,0,1,0,1,0,1,0,1,13,1,0,1
Signal-Android,2019-1,org.thoughtcrime.securesms.jobs.SmsSentJob,top_level,10,70,0,4,1,10,0,1,0,1,0,1,0,1,10,1,0,1
Signal-Android,2019-1,org.thoughtcrime.securesms.jobs.TrimThreadJob,top_level,3,29,0,2,1,2,0,1,0,1,0,1,0,1,2,1,0,1
Signal-Android,2019-1,org.thoughtcrime.securesms.jobs.TypingSendJob,top_level,7,48,0,2,1,10,0,1,0,1,0,1,0,1,10,1,0,1
Signal-Android,2019-1,org.thoughtcrime.securesms.jobs.UpdateApkJob,top_level,11,139,1,5,1,17,0,1,0,1,0,1,0,1,16,1,0,1
Signal-Android,2019-1,org.thoughtcrime.securesms.jobs.requirements.MasterSecretRequirement,top_level,1,10,0,1,0,,,0,,0,,0,,0,,0,,0
Signal-Android,2019-1,org.thoughtcrime.securesms.jobs.requirements.MasterSecretRequirementProvider,top_level,0,15,0,0,1,1,0,1,0,1,0,1,0,1,0,1,0,1
Signal-Android,2019-1,org.thoughtcrime.securesms.jobs.requirements.NetworkOrServiceRequirement,top_level,1,12,0,1,0,,,0,,0,,0,,0,,0,,0
Signal-Android,2019-1,org.thoughtcrime.securesms.jobs.requirements.ServiceRequirement,top_level,1,12,0,1,0,,,0,,0,,0,,0,,0,,0
Signal-Android,2019-1,org.thoughtcrime.securesms.jobs.requirements.ServiceRequirementProvider,top_level,5,25,0,2,0,,,0,,0,,0,,0,,0,,0
Signal-Android,2019-1,org.thoughtcrime.securesms.jobs.requirements.SqlCipherMigrationRequirement,top_level,1,12,0,1,0,,,0,,0,,0,,0,,0,,0
Signal-Android,2019-1,org.thoughtcrime.securesms.jobs.requirements.SqlCipherMigrationRequirementProvider,top_level,3,11,0,2,0,,,0,,0,,0,,0,,0,,0
Signal-Android,2019-1,org.thoughtcrime.securesms.lock.RegistrationLockDialog,top_level,0,144,0,0,1,11,0,1,0,1,0,1,0,1,8,1,0,1
Signal-Android,2019-1,org.thoughtcrime.securesms.lock.RegistrationLockReminders,top_level,0,26,0,0,1,1,0,1,0,1,0,1,0,1,0,1,0,1
Signal-Android,2019-1,org.thoughtcrime.securesms.logging.AndroidLogger,top_level,0,19,0,0,1,6,0,1,0,1,0,1,0,1,6,1,0,1
Signal-Android,2019-1,org.thoughtcrime.securesms.logging.CustomSignalProtocolLogger,top_level,0,22,0,0,0,,,0,,0,,0,,0,,0,,0
Signal-Android,2019-1,org.thoughtcrime.securesms.logging.GrowingBuffer,top_level,3,6,0,1,0,,,0,,0,,0,,0,,0,,0
Signal-Android,2019-1,org.thoughtcrime.securesms.logging.Log,top_level,1,72,0,0,1,8,0,1,0,1,0,1,0,1,6,1,0,1
Signal-Android,2019-1,org.thoughtcrime.securesms.logging.LogFile,top_level,0,69,0,0,0,,,0,,0,,0,,0,,0,,0
Signal-Android,2019-1,org.thoughtcrime.securesms.logging.LogSecretProvider,top_level,0,28,0,0,1,3,0,1,0,1,0,1,0,1,2,1,0,1
Signal-Android,2019-1,org.thoughtcrime.securesms.logging.PersistentLogger,top_level,8,132,0,3,1,4,0,1,0,1,0,1,0,1,3,1,0,1
Signal-Android,2019-1,org.thoughtcrime.securesms.logging.UncaughtExceptionLogger,top_level,0,11,0,0,1,1,0,1,0,1,0,1,0,1,0,1,0,1
Signal-Android,2019-1,org.thoughtcrime.securesms.logsubmit.ShareIntentListAdapter,top_level,0,16,0,0,1,14,0,1,0,1,0,1,0,1,14,1,0,1
Signal-Android,2019-1,org.thoughtcrime.securesms.logsubmit.SubmitLogFragment,top_level,8,332,0,4,1,34,0,1,0,1,0,1,0,1,28,1,0,1
Signal-Android,2019-1,org.thoughtcrime.securesms.logsubmit.util.Scrubber,top_level,1,27,0,1,1,11,0,1,0,1,0,1,0,1,11,1,0,1
Signal-Android,2019-1,org.thoughtcrime.securesms.mediapreview.AlbumRailAdapter,top_level,4,50,0,4,1,8,0,1,0,1,0,1,0,1,8,1,0,1
Signal-Android,2019-1,org.thoughtcrime.securesms.mediapreview.MediaPreviewViewModel,top_level,3,55,0,1,1,8,0,1,0,1,0,1,0,1,8,1,0,1
Signal-Android,2019-1,org.thoughtcrime.securesms.mms.ApnUnavailableException,top_level,1,8,0,1,0,,,0,,0,,0,,0,,0,,0
Signal-Android,2019-1,org.thoughtcrime.securesms.mms.AttachmentManager,top_level,5,339,0,3,1,61,0,1,1,1,0,1,0,1,51,1,0,1
Signal-Android,2019-1,org.thoughtcrime.securesms.mms.AttachmentStreamLocalUriFetcher,top_level,4,37,0,2,0,,,0,,0,,0,,0,,0,,0
Signal-Android,2019-1,org.thoughtcrime.securesms.mms.AttachmentStreamUriLoader,top_level,1,37,0,1,1,1,0,1,0,1,0,1,0,1,1,1,0,1
Signal-Android,2019-1,org.thoughtcrime.securesms.mms.AudioSlide,top_level,3,27,0,3,0,,,0,,0,,0,,0,,0,,0
Signal-Android,2019-1,org.thoughtcrime.securesms.mms.CompatMmsConnection,top_level,0,53,0,0,1,3,0,1,0,1,0,1,0,1,0,1,0,1
Signal-Android,2019-1,org.thoughtcrime.securesms.mms.ContactPhotoLocalUriFetcher,top_level,0,11,0,0,1,2,0,1,0,1,0,1,0,1,2,1,0,1
Signal-Android,2019-1,org.thoughtcrime.securesms.mms.DecryptableStreamLocalUriFetcher,top_level,0,19,0,0,1,2,0,1,0,1,0,1,0,1,1,1,0,1
Signal-Android,2019-1,org.thoughtcrime.securesms.mms.DecryptableStreamUriLoader,top_level,1,36,0,1,1,1,0,1,0,1,0,1,0,1,1,1,0,1
Signal-Android,2019-1,org.thoughtcrime.securesms.mms.DocumentSlide,top_level,1,10,0,1,0,,,0,,0,,0,,0,,0,,0
Signal-Android,2019-1,org.thoughtcrime.securesms.mms.GifSlide,top_level,0,9,0,0,0,,,0,,0,,0,,0,,0,,0
Signal-Android,2019-1,org.thoughtcrime.securesms.mms.ImageSlide,top_level,1,20,0,1,0,,,0,,0,,0,,0,,0,,0
Signal-Android,2019-1,org.thoughtcrime.securesms.mms.IncomingLegacyMmsConnection,top_level,2,72,0,1,1,4,0,1,0,1,0,1,0,1,4,1,0,1
Signal-Android,2019-1,org.thoughtcrime.securesms.mms.IncomingLollipopMmsConnection,top_level,3,52,0,1,1,5,0,1,0,1,0,1,0,1,5,1,0,1
Signal-Android,2019-1,org.thoughtcrime.securesms.mms.IncomingMediaMessage,top_level,7,83,0,7,1,2,1,1,0,1,1,1,0,1,0,1,0,1
Signal-Android,2019-1,org.thoughtcrime.securesms.mms.IncomingMmsConnection,top_level,1,3,0,0,0,,,0,,0,,0,,0,,0,,0
Signal-Android,2019-1,org.thoughtcrime.securesms.mms.LegacyMmsConnection,top_level,1,159,0,1,1,21,1,1,0,1,0,1,1,1,16,1,0,1
Signal-Android,2019-1,org.thoughtcrime.securesms.mms.LocationSlide,top_level,1,16,0,1,0,,,0,,0,,0,,0,,0,,0
Signal-Android,2019-1,org.thoughtcrime.securesms.mms.LollipopMmsConnection,top_level,5,34,0,3,1,2,0,1,0,1,0,1,0,1,2,1,0,1
Signal-Android,2019-1,org.thoughtcrime.securesms.mms.MediaConstraints,top_level,2,42,0,0,0,,,0,,0,,0,,0,,0,,0
Signal-Android,2019-1,org.thoughtcrime.securesms.mms.MediaNotFoundException,top_level,1,8,0,1,0,,,0,,0,,0,,0,,0,,0
Signal-Android,2019-1,org.thoughtcrime.securesms.mms.MediaStream,top_level,2,18,0,2,1,1,1,1,0,1,0,1,0,1,0,1,0,1
Signal-Android,2019-1,org.thoughtcrime.securesms.mms.MediaTooLargeException,top_level,1,8,0,1,0,,,0,,0,,0,,0,,0,,0
Signal-Android,2019-1,org.thoughtcrime.securesms.mms.MmsConfigManager,top_level,0,19,0,0,1,4,0,1,0,1,0,1,0,1,3,1,0,1
Signal-Android,2019-1,org.thoughtcrime.securesms.mms.MmsException,top_level,1,10,0,1,0,,,0,,0,,0,,0,,0,,0
Signal-Android,2019-1,org.thoughtcrime.securesms.mms.MmsMediaConstraints,top_level,1,41,0,1,0,,,0,,0,,0,,0,,0,,0
Signal-Android,2019-1,org.thoughtcrime.securesms.mms.MmsRadio,top_level,24,95,0,6,1,12,0,1,0,1,0,1,0,1,8,1,0,1
Signal-Android,2019-1,org.thoughtcrime.securesms.mms.MmsRadioException,top_level,0,5,0,0,0,,,0,,0,,0,,0,,0,,0
Signal-Android,2019-1,org.thoughtcrime.securesms.mms.MmsSendResult,top_level,3,10,0,3,0,,,0,,0,,0,,0,,0,,0
Signal-Android,2019-1,org.thoughtcrime.securesms.mms.MmsSlide,top_level,0,7,0,0,0,,,0,,0,,0,,0,,0,,0
Signal-Android,2019-1,org.thoughtcrime.securesms.mms.OutgoingExpirationUpdateMessage,top_level,1,7,0,1,0,,,0,,0,,0,,0,,0,,0
Signal-Android,2019-1,org.thoughtcrime.securesms.mms.OutgoingGroupMediaMessage,top_level,3,34,0,3,1,2,0,1,0,1,0,1,0,1,2,1,0,1
Signal-Android,2019-1,org.thoughtcrime.securesms.mms.OutgoingLegacyMmsConnection,top_level,8,80,0,2,1,6,0,1,0,1,0,1,0,1,6,1,0,1
Signal-Android,2019-1,org.thoughtcrime.securesms.mms.OutgoingLollipopMmsConnection,top_level,0,47,0,0,1,4,0,1,0,1,0,1,0,1,4,1,0,1
Signal-Android,2019-1,org.thoughtcrime.securesms.mms.OutgoingMediaMessage,top_level,8,85,0,8,1,2,1,1,0,1,1,1,0,1,0,1,0,1
Signal-Android,2019-1,org.thoughtcrime.securesms.mms.OutgoingMmsConnection,top_level,1,3,0,0,0,,,0,,0,,0,,0,,0,,0
Signal-Android,2019-1,org.thoughtcrime.securesms.mms.OutgoingSecureMediaMessage,top_level,1,14,0,1,0,,,0,,0,,0,,0,,0,,0
Signal-Android,2019-1,org.thoughtcrime.securesms.mms.PartAuthority,top_level,0,86,0,0,1,4,0,1,0,1,0,1,0,1,3,1,0,1
Signal-Android,2019-1,org.thoughtcrime.securesms.mms.PartParser,top_level,0,41,0,0,1,7,0,1,0,1,0,1,0,1,5,1,0,1
Signal-Android,2019-1,org.thoughtcrime.securesms.mms.PartUriParser,top_level,2,10,0,2,1,1,0,1,0,1,0,1,0,1,1,1,0,1
Signal-Android,2019-1,org.thoughtcrime.securesms.mms.PushMediaConstraints,top_level,0,26,0,0,0,,,0,,0,,0,,0,,0,,0
Signal-Android,2019-1,org.thoughtcrime.securesms.mms.QuoteId,top_level,1,29,0,1,0,,,0,,0,,0,,0,,0,,0
Signal-Android,2019-1,org.thoughtcrime.securesms.mms.QuoteModel,top_level,2,22,0,2,1,1,1,1,0,1,0,1,0,1,0,1,0,1
Signal-Android,2019-1,org.thoughtcrime.securesms.mms.SignalGlideModule,top_level,1,27,0,1,1,5,0,1,0,1,0,1,0,1,4,1,0,1
Signal-Android,2019-1,org.thoughtcrime.securesms.mms.Slide,top_level,12,97,0,12,1,11,0,1,0,1,1,1,0,1,9,1,0,1
Signal-Android,2019-1,org.thoughtcrime.securesms.mms.SlideClickListener,top_level,1,2,0,0,0,,,0,,0,,0,,0,,0,,0
Signal-Android,2019-1,org.thoughtcrime.securesms.mms.SlideDeck,top_level,8,52,0,3,1,4,0,1,0,1,0,1,0,1,4,1,0,1
Signal-Android,2019-1,org.thoughtcrime.securesms.mms.SlidesClickedListener,top_level,1,2,0,0,0,,,0,,0,,0,,0,,0,,0
Signal-Android,2019-1,org.thoughtcrime.securesms.mms.TextTransport,top_level,2,5,0,2,1,1,0,1,0,1,0,1,0,1,1,1,0,1
Signal-Android,2019-1,org.thoughtcrime.securesms.mms.VideoSlide,top_level,4,23,0,4,0,,,0,,0,,0,,0,,0,,0
Signal-Android,2019-1,org.thoughtcrime.securesms.notifications.AbstractNotificationBuilder,top_level,2,45,0,1,1,5,0,1,0,1,0,1,0,1,4,1,0,1
Signal-Android,2019-1,org.thoughtcrime.securesms.notifications.AndroidAutoHeardReceiver,top_level,0,26,0,0,1,2,0,1,0,1,0,1,0,1,2,1,0,1
Signal-Android,2019-1,org.thoughtcrime.securesms.notifications.AndroidAutoReplyReceiver,top_level,0,41,0,0,1,2,0,1,0,1,0,1,0,1,2,1,0,1
Signal-Android,2019-1,org.thoughtcrime.securesms.notifications.DeleteNotificationReceiver,top_level,0,19,0,0,1,5,0,1,0,1,0,1,3,1,2,1,0,1
Signal-Android,2019-1,org.thoughtcrime.securesms.notifications.FailedNotificationBuilder,top_level,0,13,0,0,0,,,0,,0,,0,,0,,0,,0
Signal-Android,2019-1,org.thoughtcrime.securesms.notifications.LocaleChangedReceiver,top_level,0,4,0,0,0,,,0,,0,,0,,0,,0,,0
Signal-Android,2019-1,org.thoughtcrime.securesms.notifications.MarkReadReceiver,top_level,0,48,0,0,1,10,0,1,0,1,0,1,0,1,10,1,0,1
Signal-Android,2019-1,org.thoughtcrime.securesms.notifications.MessageNotifier,top_level,3,324,0,0,1,86,0,1,0,1,0,1,0,1,69,1,1,1
Signal-Android,2019-1,org.thoughtcrime.securesms.notifications.MultipleRecipientNotificationBuilder,top_level,1,44,0,1,1,1,0,1,0,1,0,1,0,1,1,1,0,1
Signal-Android,2019-1,org.thoughtcrime.securesms.notifications.NotificationChannels,top_level,1,278,0,0,1,24,0,1,0,1,0,1,0,1,21,1,1,1
Signal-Android,2019-1,org.thoughtcrime.securesms.notifications.NotificationItem,top_level,4,50,0,4,1,4,1,1,0,1,0,1,0,1,3,1,0,1
Signal-Android,2019-1,org.thoughtcrime.securesms.notifications.NotificationState,top_level,4,107,0,4,1,6,0,1,0,1,0,1,0,1,6,1,0,1
Signal-Android,2019-1,org.thoughtcrime.securesms.notifications.PendingMessageNotificationBuilder,top_level,0,15,0,0,0,,,0,,0,,0,,0,,0,,0
Signal-Android,2019-1,org.thoughtcrime.securesms.notifications.RemoteReplyReceiver,top_level,0,34,0,0,1,7,0,1,0,1,0,1,0,1,7,1,0,1
Signal-Android,2019-1,org.thoughtcrime.securesms.notifications.SingleRecipientNotificationBuilder,top_level,1,155,0,1,1,19,0,1,0,1,0,1,0,1,18,1,0,1
Signal-Android,2019-1,org.thoughtcrime.securesms.permissions.Permissions,top_level,0,190,0,0,1,11,0,1,0,1,0,1,0,1,7,1,0,1
Signal-Android,2019-1,org.thoughtcrime.securesms.permissions.PermissionsRequest,top_level,0,51,0,0,1,7,0,1,0,1,0,1,0,1,0,1,0,1
Signal-Android,2019-1,org.thoughtcrime.securesms.permissions.RationaleDialog,top_level,0,21,0,0,1,6,0,1,0,1,0,1,0,1,5,1,0,1
Signal-Android,2019-1,org.thoughtcrime.securesms.preferences.AdvancedPreferenceFragment,top_level,6,131,0,3,1,8,0,1,0,1,0,1,0,1,7,1,0,1
Signal-Android,2019-1,org.thoughtcrime.securesms.preferences.AppProtectionPreferenceFragment,top_level,9,202,0,4,1,22,0,1,0,1,0,1,0,1,21,1,0,1
Signal-Android,2019-1,org.thoughtcrime.securesms.preferences.AppearancePreferenceFragment,top_level,3,35,0,3,1,6,0,1,0,1,0,1,0,1,6,1,0,1
Signal-Android,2019-1,org.thoughtcrime.securesms.preferences.BlockedContactListItem,top_level,1,31,0,1,0,,,0,,0,,0,,0,,0,,0
Signal-Android,2019-1,org.thoughtcrime.securesms.preferences.ChatsPreferenceFragment,top_level,4,142,0,4,1,22,0,1,0,1,0,1,0,1,21,1,0,1
Signal-Android,2019-1,org.thoughtcrime.securesms.preferences.CorrectedPreferenceFragment,top_level,0,42,0,0,1,6,0,1,0,1,0,1,0,1,5,1,0,1
Signal-Android,2019-1,org.thoughtcrime.securesms.preferences.ListSummaryPreferenceFragment,top_level,0,12,0,0,1,6,0,1,0,1,0,1,0,1,6,1,0,1
Signal-Android,2019-1,org.thoughtcrime.securesms.preferences.MmsPreferencesActivity,top_level,3,31,0,3,1,4,0,1,0,1,0,1,0,1,3,1,0,1
Signal-Android,2019-1,org.thoughtcrime.securesms.preferences.MmsPreferencesFragment,top_level,1,43,0,1,1,1,0,1,0,1,0,1,0,1,1,1,0,1
Signal-Android,2019-1,org.thoughtcrime.securesms.preferences.NotificationsPreferenceFragment,top_level,1,149,0,1,1,12,0,1,0,1,0,1,0,1,10,1,0,1
Signal-Android,2019-1,org.thoughtcrime.securesms.preferences.SmsMmsPreferenceFragment,top_level,13,72,0,3,1,6,0,1,0,1,0,1,0,1,6,1,0,1
Signal-Android,2019-1,org.thoughtcrime.securesms.preferences.widgets.ColorPickerPreference,top_level,16,87,0,12,1,1,1,1,0,1,0,1,0,1,0,1,0,1
Signal-Android,2019-1,org.thoughtcrime.securesms.preferences.widgets.ColorPickerPreferenceDialogFragmentCompat,top_level,3,34,0,2,1,7,0,1,0,1,0,1,0,1,7,1,0,1
Signal-Android,2019-1,org.thoughtcrime.securesms.preferences.widgets.ContactPreference,top_level,14,49,0,3,1,4,0,1,0,1,0,1,0,1,4,1,0,1
Signal-Android,2019-1,org.thoughtcrime.securesms.preferences.widgets.LEDColorListPreference,top_level,1,46,0,1,1,17,0,1,0,1,0,1,0,1,17,1,0,1
Signal-Android,2019-1,org.thoughtcrime.securesms.preferences.widgets.NotificationPrivacyPreference,top_level,2,8,0,2,0,,,0,,0,,0,,0,,0,,0
Signal-Android,2019-1,org.thoughtcrime.securesms.preferences.widgets.ProfilePreference,top_level,4,39,0,2,1,4,0,1,0,1,0,1,0,1,4,1,0,1
Signal-Android,2019-1,org.thoughtcrime.securesms.preferences.widgets.ProgressPreference,top_level,4,28,0,3,1,1,0,1,0,1,0,1,0,1,1,1,0,1
Signal-Android,2019-1,org.thoughtcrime.securesms.preferences.widgets.SignalListPreference,top_level,4,38,0,2,0,,,0,,0,,0,,0,,0,,0
Signal-Android,2019-1,org.thoughtcrime.securesms.preferences.widgets.SignalPreference,top_level,1,28,0,1,0,,,0,,0,,0,,0,,0,,0
Signal-Android,2019-1,org.thoughtcrime.securesms.profiles.AvatarHelper,top_level,0,24,0,0,1,3,0,1,0,1,0,1,0,1,2,1,0,1
Signal-Android,2019-1,org.thoughtcrime.securesms.profiles.GroupShareProfileView,top_level,2,33,0,1,1,1,0,1,0,1,0,1,0,1,0,1,0,1
Signal-Android,2019-1,org.thoughtcrime.securesms.profiles.ProfileMediaConstraints,top_level,0,22,0,0,0,,,0,,0,,0,,0,,0,,0
Signal-Android,2019-1,org.thoughtcrime.securesms.profiles.SystemProfileUtil,top_level,0,55,0,0,1,16,0,1,0,1,0,1,0,1,9,1,0,1
Signal-Android,2019-1,org.thoughtcrime.securesms.profiles.UnknownSenderView,top_level,7,60,0,3,1,12,0,1,0,1,0,1,0,1,12,1,0,1
Signal-Android,2019-1,org.thoughtcrime.securesms.providers.MemoryBlobProvider,top_level,2,42,0,1,1,3,0,1,0,1,0,1,0,1,3,1,0,1
Signal-Android,2019-1,org.thoughtcrime.securesms.providers.MmsBodyProvider,top_level,1,66,0,1,1,7,0,1,0,1,0,1,0,1,7,1,0,1
Signal-Android,2019-1,org.thoughtcrime.securesms.providers.PartProvider,top_level,1,81,0,1,1,5,0,1,0,1,0,1,0,1,5,1,0,1
Signal-Android,2019-1,org.thoughtcrime.securesms.providers.PersistentBlobProvider,top_level,0,147,0,0,1,16,0,1,0,1,0,1,0,1,16,1,0,1
Signal-Android,2019-1,org.thoughtcrime.securesms.push.AccountManagerFactory,top_level,0,20,0,0,1,1,0,1,0,1,0,1,0,1,0,1,0,1
Signal-Android,2019-1,org.thoughtcrime.securesms.push.DomainFrontingTrustStore,top_level,0,10,0,0,1,1,0,1,0,1,0,1,0,1,1,1,0,1
Signal-Android,2019-1,org.thoughtcrime.securesms.push.IasTrustStore,top_level,0,10,0,0,1,1,0,1,0,1,0,1,0,1,1,1,0,1
Signal-Android,2019-1,org.thoughtcrime.securesms.push.SecurityEventListener,top_level,0,8,0,0,0,,,0,,0,,0,,0,,0,,0
Signal-Android,2019-1,org.thoughtcrime.securesms.push.SignalServiceNetworkAccess,top_level,0,58,0,0,0,,,0,,0,,0,,0,,0,,0
Signal-Android,2019-1,org.thoughtcrime.securesms.push.SignalServiceTrustStore,top_level,0,10,0,0,1,1,0,1,0,1,0,1,0,1,1,1,0,1
Signal-Android,2019-1,org.thoughtcrime.securesms.qr.QrCode,top_level,0,14,0,0,1,2,0,1,0,1,0,1,0,1,1,1,0,1
Signal-Android,2019-1,org.thoughtcrime.securesms.qr.ScanListener,top_level,1,2,0,0,0,,,0,,0,,0,,0,,0,,0
Signal-Android,2019-1,org.thoughtcrime.securesms.qr.ScanningThread,top_level,8,59,0,2,1,8,0,1,0,1,0,1,0,1,6,1,0,1
Signal-Android,2019-1,org.thoughtcrime.securesms.recipients.Recipient,top_level,23,385,0,21,1,22,0,1,1,1,0,1,0,1,14,1,1,1
Signal-Android,2019-1,org.thoughtcrime.securesms.recipients.RecipientFormattingException,top_level,1,9,0,1,0,,,0,,0,,0,,0,,0,,0
Signal-Android,2019-1,org.thoughtcrime.securesms.recipients.RecipientModifiedListener,top_level,1,2,0,0,0,,,0,,0,,0,,0,,0,,0
Signal-Android,2019-1,org.thoughtcrime.securesms.recipients.RecipientProvider,top_level,0,122,0,0,1,25,0,1,0,1,0,1,0,1,17,1,0,1
Signal-Android,2019-1,org.thoughtcrime.securesms.recipients.RecipientsFormatter,top_level,0,28,0,0,1,4,0,1,0,1,0,1,0,1,3,1,0,1
Signal-Android,2019-1,org.thoughtcrime.securesms.scribbles.ScribbleActivity,top_level,3,31,0,3,1,7,0,1,0,1,0,1,0,1,7,1,0,1
Signal-Android,2019-1,org.thoughtcrime.securesms.scribbles.ScribbleFragment,top_level,10,178,0,8,1,12,0,1,0,1,0,1,0,1,10,1,0,1
Signal-Android,2019-1,org.thoughtcrime.securesms.scribbles.ScribbleHud,top_level,33,276,0,18,1,13,0,1,0,1,0,1,0,1,8,1,0,1
Signal-Android,2019-1,org.thoughtcrime.securesms.scribbles.StickerLoader,top_level,0,17,0,0,1,2,0,1,0,1,0,1,0,1,2,1,0,1
Signal-Android,2019-1,org.thoughtcrime.securesms.scribbles.StickerSelectActivity,top_level,0,51,0,0,1,2,0,1,0,1,0,1,0,1,2,1,0,1
Signal-Android,2019-1,org.thoughtcrime.securesms.scribbles.StickerSelectFragment,top_level,1,75,0,1,1,6,0,1,0,1,0,1,0,1,5,1,0,1
Signal-Android,2019-1,org.thoughtcrime.securesms.scribbles.multitouch.BaseGestureDetector,top_level,6,43,0,4,1,3,0,1,0,1,0,1,0,1,3,1,0,1
Signal-Android,2019-1,org.thoughtcrime.securesms.scribbles.multitouch.MoveGestureDetector,top_level,2,71,0,2,1,3,0,1,0,1,0,1,0,1,1,1,0,1
Signal-Android,2019-1,org.thoughtcrime.securesms.scribbles.multitouch.RotateGestureDetector,top_level,2,69,0,2,0,,,0,,0,,0,,0,,0,,0
Signal-Android,2019-1,org.thoughtcrime.securesms.scribbles.multitouch.ShoveGestureDetector,top_level,2,90,0,2,1,2,0,1,0,1,0,1,0,1,2,1,0,1
Signal-Android,2019-1,org.thoughtcrime.securesms.scribbles.multitouch.TwoFingerGestureDetector,top_level,4,87,0,2,1,7,0,1,0,1,0,1,0,1,5,1,0,1
Signal-Android,2019-1,org.thoughtcrime.securesms.scribbles.viewmodel.Font,top_level,9,26,0,7,1,1,1,1,0,1,0,1,0,1,0,1,0,1
Signal-Android,2019-1,org.thoughtcrime.securesms.scribbles.viewmodel.Layer,top_level,21,58,0,19,0,,,0,,0,,0,,0,,0,,0
Signal-Android,2019-1,org.thoughtcrime.securesms.scribbles.viewmodel.TextLayer,top_level,8,38,0,6,1,1,1,1,0,1,0,1,0,1,0,1,0,1
Signal-Android,2019-1,org.thoughtcrime.securesms.scribbles.widget.CanvasView,top_level,32,322,0,24,1,25,0,1,0,1,0,1,0,1,15,1,1,1
Signal-Android,2019-1,org.thoughtcrime.securesms.scribbles.widget.ColorPaletteAdapter,top_level,3,30,0,3,1,1,0,1,0,1,0,1,0,1,1,1,0,1
Signal-Android,2019-1,org.thoughtcrime.securesms.scribbles.widget.MotionView,top_level,12,257,0,7,1,30,0,1,0,1,0,1,0,1,26,1,1,1
Signal-Android,2019-1,org.thoughtcrime.securesms.scribbles.widget.ScribbleView,top_level,12,106,0,8,1,2,0,1,0,1,0,1,0,1,0,1,0,1
Signal-Android,2019-1,org.thoughtcrime.securesms.scribbles.widget.VerticalSlideColorPicker,top_level,11,119,0,8,1,2,1,1,0,1,0,1,0,1,0,1,0,1
Signal-Android,2019-1,org.thoughtcrime.securesms.scribbles.widget.entity.ImageEntity,top_level,4,32,0,3,0,,,0,,0,,0,,0,,0,,0
Signal-Android,2019-1,org.thoughtcrime.securesms.scribbles.widget.entity.MotionEntity,top_level,12,111,0,11,1,1,0,1,0,1,0,1,0,1,0,1,0,1
Signal-Android,2019-1,org.thoughtcrime.securesms.scribbles.widget.entity.TextEntity,top_level,10,82,0,4,1,2,0,1,0,1,0,1,0,1,2,1,0,1
Signal-Android,2019-1,org.thoughtcrime.securesms.search.SearchFragment,top_level,4,104,0,1,1,6,0,1,0,1,0,1,0,1,4,1,0,1
Signal-Android,2019-1,org.thoughtcrime.securesms.search.SearchListAdapter,top_level,12,126,0,7,1,9,0,1,0,1,0,1,0,1,8,1,0,1
Signal-Android,2019-1,org.thoughtcrime.securesms.search.SearchRepository,top_level,0,95,0,0,1,3,0,1,0,1,0,1,0,1,3,1,0,1
Signal-Android,2019-1,org.thoughtcrime.securesms.search.SearchViewModel,top_level,1,52,0,1,0,,,0,,0,,0,,0,,0,,0
Signal-Android,2019-1,org.thoughtcrime.securesms.search.model.MessageResult,top_level,0,13,0,0,1,1,1,1,0,1,0,1,0,1,0,1,0,1
Signal-Android,2019-1,org.thoughtcrime.securesms.search.model.SearchResult,top_level,3,38,0,3,0,,,0,,0,,0,,0,,0,,0
Signal-Android,2019-1,org.thoughtcrime.securesms.service.AccountAuthenticatorService,top_level,2,40,0,1,1,2,0,1,0,1,0,1,0,1,2,1,0,1
Signal-Android,2019-1,org.thoughtcrime.securesms.service.AccountVerificationTimeoutException,top_level,1,8,0,1,0,,,0,,0,,0,,0,,0,,0
Signal-Android,2019-1,org.thoughtcrime.securesms.service.ApplicationMigrationService,top_level,12,119,0,8,1,9,1,1,0,1,0,1,0,1,8,1,0,1
Signal-Android,2019-1,org.thoughtcrime.securesms.service.BootReceiver,top_level,0,4,0,0,0,,,0,,0,,0,,0,,0,,0
Signal-Android,2019-1,org.thoughtcrime.securesms.service.ContactsSyncAdapterService,top_level,2,10,0,1,0,,,0,,0,,0,,0,,0,,0
Signal-Android,2019-1,org.thoughtcrime.securesms.service.DirectShareService,top_level,0,47,0,0,1,21,0,1,0,1,0,1,0,1,21,1,0,1
Signal-Android,2019-1,org.thoughtcrime.securesms.service.DirectoryRefreshListener,top_level,0,16,0,0,0,,,0,,0,,0,,0,,0,,0
Signal-Android,2019-1,org.thoughtcrime.securesms.service.ExpirationListener,top_level,0,10,0,0,1,4,0,1,0,1,0,1,0,1,4,1,0,1
Signal-Android,2019-1,org.thoughtcrime.securesms.service.ExpiringMessageManager,top_level,3,86,0,3,1,4,0,1,0,1,0,1,0,1,4,1,0,1
Signal-Android,2019-1,org.thoughtcrime.securesms.service.GenericForegroundService,top_level,3,66,0,2,0,,,0,,0,,0,,0,,0,,0
Signal-Android,2019-1,org.thoughtcrime.securesms.service.IncomingMessageObserver,top_level,7,113,0,5,1,3,0,1,0,1,0,1,0,1,3,1,0,1
Signal-Android,2019-1,org.thoughtcrime.securesms.service.KeyCachingService,top_level,22,183,0,12,1,12,0,1,0,1,0,1,0,1,8,1,1,1
Signal-Android,2019-1,org.thoughtcrime.securesms.service.LocalBackupListener,top_level,0,15,0,0,0,,,0,,0,,0,,0,,0,,0
Signal-Android,2019-1,org.thoughtcrime.securesms.service.MmsListener,top_level,0,26,0,0,1,5,0,1,0,1,0,1,0,1,4,1,0,1
Signal-Android,2019-1,org.thoughtcrime.securesms.service.PanicResponderListener,top_level,0,8,0,0,0,,,0,,0,,0,,0,,0,,0
Signal-Android,2019-1,org.thoughtcrime.securesms.service.PersistentAlarmManagerListener,top_level,0,15,0,0,1,2,0,1,0,1,0,1,0,1,2,1,0,1
Signal-Android,2019-1,org.thoughtcrime.securesms.service.PersistentConnectionBootListener,top_level,0,6,0,0,1,1,0,1,0,1,0,1,0,1,1,1,0,1
Signal-Android,2019-1,org.thoughtcrime.securesms.service.QuickResponseService,top_level,1,28,0,1,1,7,0,1,0,1,0,1,0,1,7,1,0,1
Signal-Android,2019-1,org.thoughtcrime.securesms.service.RotateSenderCertificateListener,top_level,0,15,0,0,0,,,0,,0,,0,,0,,0,,0
Signal-Android,2019-1,org.thoughtcrime.securesms.service.RotateSignedPreKeyListener,top_level,0,16,0,0,0,,,0,,0,,0,,0,,0,,0
Signal-Android,2019-1,org.thoughtcrime.securesms.service.SmsDeliveryListener,top_level,0,34,0,0,1,3,0,1,0,1,0,1,0,1,2,1,0,1
Signal-Android,2019-1,org.thoughtcrime.securesms.service.SmsListener,top_level,0,76,0,0,1,16,0,1,0,1,0,1,0,1,12,1,0,1
Signal-Android,2019-1,org.thoughtcrime.securesms.service.UpdateApkReadyListener,top_level,0,59,0,0,1,8,0,1,0,1,0,1,0,1,7,1,0,1
Signal-Android,2019-1,org.thoughtcrime.securesms.service.UpdateApkRefreshListener,top_level,0,19,0,0,0,,,0,,0,,0,,0,,0,,0
Signal-Android,2019-1,org.thoughtcrime.securesms.service.WebRtcCallService,top_level,30,816,0,18,1,94,0,1,0,1,0,1,2,1,71,1,0,1
Signal-Android,2019-1,org.thoughtcrime.securesms.sms.IncomingEncryptedMessage,top_level,1,9,0,1,0,,,0,,0,,0,,0,,0,,0
Signal-Android,2019-1,org.thoughtcrime.securesms.sms.IncomingEndSessionMessage,top_level,1,11,0,1,0,,,0,,0,,0,,0,,0,,0
Signal-Android,2019-1,org.thoughtcrime.securesms.sms.IncomingGroupMessage,top_level,3,15,0,3,1,2,0,1,0,1,0,1,0,1,2,1,0,1
Signal-Android,2019-1,org.thoughtcrime.securesms.sms.IncomingIdentityDefaultMessage,top_level,1,6,0,1,0,,,0,,0,,0,,0,,0,,0
Signal-Android,2019-1,org.thoughtcrime.securesms.sms.IncomingIdentityUpdateMessage,top_level,1,6,0,1,0,,,0,,0,,0,,0,,0,,0
Signal-Android,2019-1,org.thoughtcrime.securesms.sms.IncomingIdentityVerifiedMessage,top_level,1,6,0,1,0,,,0,,0,,0,,0,,0,,0
Signal-Android,2019-1,org.thoughtcrime.securesms.sms.IncomingJoinedMessage,top_level,2,9,0,2,0,,,0,,0,,0,,0,,0,,0
Signal-Android,2019-1,org.thoughtcrime.securesms.sms.IncomingPreKeyBundleMessage,top_level,2,14,0,2,0,,,0,,0,,0,,0,,0,,0
Signal-Android,2019-1,org.thoughtcrime.securesms.sms.IncomingTextMessage,top_level,19,180,0,19,1,1,0,1,0,1,0,1,0,1,0,1,0,1
Signal-Android,2019-1,org.thoughtcrime.securesms.sms.MessageSender,top_level,0,152,0,0,1,22,0,1,0,1,0,1,0,1,18,1,1,1
Signal-Android,2019-1,org.thoughtcrime.securesms.sms.OutgoingEncryptedMessage,top_level,1,11,0,1,0,,,0,,0,,0,,0,,0,,0
Signal-Android,2019-1,org.thoughtcrime.securesms.sms.OutgoingEndSessionMessage,top_level,1,11,0,1,0,,,0,,0,,0,,0,,0,,0
Signal-Android,2019-1,org.thoughtcrime.securesms.sms.OutgoingIdentityDefaultMessage,top_level,1,10,0,1,0,,,0,,0,,0,,0,,0,,0
Signal-Android,2019-1,org.thoughtcrime.securesms.sms.OutgoingIdentityVerifiedMessage,top_level,1,11,0,1,0,,,0,,0,,0,,0,,0,,0
Signal-Android,2019-1,org.thoughtcrime.securesms.sms.OutgoingKeyExchangeMessage,top_level,1,11,0,1,0,,,0,,0,,0,,0,,0,,0
Signal-Android,2019-1,org.thoughtcrime.securesms.sms.OutgoingPrekeyBundleMessage,top_level,1,9,0,1,0,,,0,,0,,0,,0,,0,,0
Signal-Android,2019-1,org.thoughtcrime.securesms.sms.OutgoingTextMessage,top_level,8,48,0,8,0,,,0,,0,,0,,0,,0,,0
Signal-Android,2019-1,org.thoughtcrime.securesms.sms.TelephonyServiceState,top_level,0,47,0,0,1,2,0,1,0,1,0,1,0,1,2,1,0,1
Signal-Android,2019-1,org.thoughtcrime.securesms.transport.InsecureFallbackApprovalException,top_level,0,5,0,0,0,,,0,,0,,0,,0,,0,,0
Signal-Android,2019-1,org.thoughtcrime.securesms.transport.RetryLaterException,top_level,1,4,0,1,0,,,0,,0,,0,,0,,0,,0
Signal-Android,2019-1,org.thoughtcrime.securesms.transport.UndeliverableMessageException,top_level,1,8,0,1,0,,,0,,0,,0,,0,,0,,0
Signal-Android,2019-1,org.thoughtcrime.securesms.util.AbstractCursorLoader,top_level,8,51,0,3,1,1,0,1,0,1,0,1,0,1,1,1,0,1
Signal-Android,2019-1,org.thoughtcrime.securesms.util.AsyncLoader<D>,top_level,8,24,1,4,0,,,0,,0,,0,,0,,0,,0
Signal-Android,2019-1,org.thoughtcrime.securesms.util.AttachmentUtil,top_level,0,57,0,0,1,18,0,1,0,1,0,1,0,1,17,1,0,1
Signal-Android,2019-1,org.thoughtcrime.securesms.util.BackupUtil,top_level,19,87,0,0,1,14,0,1,0,1,0,1,0,1,13,1,0,1
Signal-Android,2019-1,org.thoughtcrime.securesms.util.Base64,top_level,59,737,0,1,1,74,0,1,1,1,0,1,0,1,8,1,1,1
Signal-Android,2019-1,org.thoughtcrime.securesms.util.BitmapDecodingException,top_level,0,5,0,0,0,,,0,,0,,0,,0,,0,,0
Signal-Android,2019-1,org.thoughtcrime.securesms.util.BitmapUtil,top_level,18,238,0,0,1,34,0,1,0,1,0,1,0,1,22,1,1,1
Signal-Android,2019-1,org.thoughtcrime.securesms.util.CharacterCalculator,top_level,0,25,0,0,0,,,0,,0,,0,,0,,0,,0
Signal-Android,2019-1,org.thoughtcrime.securesms.util.CommunicationActions,top_level,0,54,0,0,1,9,0,1,0,1,0,1,0,1,8,1,0,1
Signal-Android,2019-1,org.thoughtcrime.securesms.util.Conversions,top_level,25,110,0,0,1,2,0,1,0,1,0,1,0,1,0,1,0,1
Signal-Android,2019-1,org.thoughtcrime.securesms.util.DateUtils,top_level,2,77,0,0,1,7,0,1,0,1,0,1,0,1,7,1,0,1
Signal-Android,2019-1,org.thoughtcrime.securesms.util.Debouncer,top_level,2,11,0,2,0,,,0,,0,,0,,0,,0,,0
Signal-Android,2019-1,org.thoughtcrime.securesms.util.DelimiterUtil,top_level,0,8,0,0,1,1,0,1,0,1,0,1,0,1,0,1,0,1
Signal-Android,2019-1,org.thoughtcrime.securesms.util.Dialogs,top_level,0,15,0,0,1,1,0,1,0,1,0,1,0,1,0,1,0,1
Signal-Android,2019-1,org.thoughtcrime.securesms.util.DirectoryHelper,top_level,0,272,0,0,1,63,0,1,0,1,0,1,0,1,58,1,1,1
Signal-Android,2019-1,org.thoughtcrime.securesms.util.DynamicIntroTheme,top_level,0,6,0,0,1,1,0,1,0,1,0,1,0,1,1,1,0,1
Signal-Android,2019-1,org.thoughtcrime.securesms.util.DynamicLanguage,top_level,0,43,0,0,1,9,0,1,0,1,0,1,0,1,8,1,0,1
Signal-Android,2019-1,org.thoughtcrime.securesms.util.DynamicNoActionBarTheme,top_level,0,6,0,0,1,1,0,1,0,1,0,1,0,1,1,1,0,1
Signal-Android,2019-1,org.thoughtcrime.securesms.util.DynamicTheme,top_level,0,21,0,0,1,2,0,1,0,1,0,1,0,1,1,1,0,1
Signal-Android,2019-1,org.thoughtcrime.securesms.util.ExpirationUtil,top_level,0,33,0,0,1,27,0,1,0,1,0,1,0,1,26,1,0,1
Signal-Android,2019-1,org.thoughtcrime.securesms.util.FileProviderUtil,top_level,0,11,0,0,1,2,0,1,0,1,0,1,0,1,1,1,0,1
Signal-Android,2019-1,org.thoughtcrime.securesms.util.FileUtils,top_level,0,26,0,0,1,3,0,1,0,1,0,1,0,1,2,1,0,1
Signal-Android,2019-1,org.thoughtcrime.securesms.util.FutureTaskListener<V>,top_level,2,3,0,1,0,,,0,,0,,0,,0,,0,,0
Signal-Android,2019-1,org.thoughtcrime.securesms.util.GroupUtil,top_level,0,80,0,0,1,6,0,1,0,1,0,1,0,1,5,1,0,1
Signal-Android,2019-1,org.thoughtcrime.securesms.util.Hex,top_level,0,75,0,0,1,1,0,1,0,1,0,1,0,1,0,1,0,1
Signal-Android,2019-1,org.thoughtcrime.securesms.util.IdentityUtil,top_level,0,136,0,0,1,43,0,1,0,1,0,1,0,1,37,1,0,1
Signal-Android,2019-1,org.thoughtcrime.securesms.util.IntentUtils,top_level,0,4,0,0,1,3,0,1,0,1,0,1,0,1,2,1,0,1
Signal-Android,2019-1,org.thoughtcrime.securesms.util.JsonUtils,top_level,0,31,0,0,1,1,0,1,0,1,0,1,0,1,0,1,0,1
Signal-Android,2019-1,"org.thoughtcrime.securesms.util.LRUCache<K,V>",top_level,1,7,0,1,0,,,0,,0,,0,,0,,0,,0
Signal-Android,2019-1,org.thoughtcrime.securesms.util.LimitedInputStream,top_level,6,20,0,2,1,1,0,1,0,1,0,1,0,1,0,1,0,1
Signal-Android,2019-1,org.thoughtcrime.securesms.util.LinkedBlockingLifoQueue<E>,top_level,3,12,0,3,0,,,0,,0,,0,,0,,0,,0
Signal-Android,2019-1,org.thoughtcrime.securesms.util.ListenableFutureTask<V>,top_level,6,62,0,4,0,,,0,,0,,0,,0,,0,,0
Signal-Android,2019-1,org.thoughtcrime.securesms.util.LongClickCopySpan,top_level,1,42,0,1,1,4,0,1,0,1,0,1,0,1,4,1,0,1
Signal-Android,2019-1,org.thoughtcrime.securesms.util.LongClickMovementMethod,top_level,0,62,0,0,1,5,0,1,0,1,0,1,0,1,4,1,0,1
Signal-Android,2019-1,org.thoughtcrime.securesms.util.MathUtils,top_level,1,11,0,0,1,1,0,1,0,1,0,1,0,1,0,1,0,1
Signal-Android,2019-1,org.thoughtcrime.securesms.util.MediaUtil,top_level,0,158,0,0,1,26,0,1,0,1,0,1,0,1,17,1,1,1
Signal-Android,2019-1,org.thoughtcrime.securesms.util.MemoryFileUtil,top_level,0,20,0,0,1,7,0,1,0,1,0,1,0,1,5,1,0,1
Signal-Android,2019-1,org.thoughtcrime.securesms.util.MmsCharacterCalculator,top_level,0,5,0,0,0,,,0,,0,,0,,0,,0,,0
Signal-Android,2019-1,org.thoughtcrime.securesms.util.NumberUtil,top_level,0,7,0,0,1,2,0,1,0,1,0,1,0,1,1,1,0,1
Signal-Android,2019-1,org.thoughtcrime.securesms.util.ParcelUtil,top_level,0,15,0,0,1,5,0,1,0,1,0,1,0,1,4,1,0,1
Signal-Android,2019-1,org.thoughtcrime.securesms.util.PlayServicesUtil,top_level,0,34,0,0,1,4,0,1,0,1,0,1,0,1,2,1,0,1
Signal-Android,2019-1,org.thoughtcrime.securesms.util.PowerManagerCompat,top_level,0,5,0,0,1,1,0,1,0,1,0,1,0,1,0,1,0,1
Signal-Android,2019-1,org.thoughtcrime.securesms.util.PushCharacterCalculator,top_level,0,5,0,0,0,,,0,,0,,0,,0,,0,,0
Signal-Android,2019-1,org.thoughtcrime.securesms.util.RedPhoneCallTypes,top_level,0,4,0,0,0,,,0,,0,,0,,0,,0,,0
Signal-Android,2019-1,org.thoughtcrime.securesms.util.ResUtil,top_level,0,21,0,0,1,4,0,1,0,1,0,1,0,1,3,1,0,1
Signal-Android,2019-1,org.thoughtcrime.securesms.util.Rfc5724Uri,top_level,0,33,0,0,1,3,0,1,0,1,0,1,0,1,3,1,0,1
Signal-Android,2019-1,org.thoughtcrime.securesms.util.SaveAttachmentTask,top_level,0,138,0,0,1,13,1,1,0,1,0,1,0,1,11,1,0,1
Signal-Android,2019-1,org.thoughtcrime.securesms.util.SelectedRecipientsAdapter,top_level,6,88,0,4,1,16,0,1,0,1,0,1,0,1,16,1,0,1
Signal-Android,2019-1,org.thoughtcrime.securesms.util.ServiceUtil,top_level,0,19,0,0,1,1,0,1,0,1,0,1,0,1,0,1,0,1
Signal-Android,2019-1,org.thoughtcrime.securesms.util.ShortCodeUtil,top_level,0,21,0,0,1,6,0,1,0,1,0,1,0,1,5,1,0,1
Signal-Android,2019-1,org.thoughtcrime.securesms.util.SingleLiveEvent<T>,top_level,2,18,0,2,0,,,0,,0,,0,,0,,0,,0
Signal-Android,2019-1,org.thoughtcrime.securesms.util.SmsCharacterCalculator,top_level,0,24,0,0,1,1,0,1,0,1,0,1,0,1,0,1,0,1
Signal-Android,2019-1,"org.thoughtcrime.securesms.util.SoftHashMap<K,V>",top_level,12,115,0,9,0,,,0,,0,,0,,0,,0,,0
Signal-Android,2019-1,org.thoughtcrime.securesms.util.SpanUtil,top_level,0,19,0,0,1,1,0,1,0,1,0,1,0,1,0,1,0,1
Signal-Android,2019-1,org.thoughtcrime.securesms.util.StickyHeaderDecoration,top_level,2,103,0,2,1,18,0,1,0,1,0,1,0,1,16,1,0,1
Signal-Android,2019-1,org.thoughtcrime.securesms.util.Stopwatch,top_level,0,30,0,0,1,6,0,1,0,1,0,1,0,1,6,1,0,1
Signal-Android,2019-1,org.thoughtcrime.securesms.util.StorageUtil,top_level,2,40,0,0,1,7,0,1,0,1,0,1,0,1,5,1,0,1
Signal-Android,2019-1,org.thoughtcrime.securesms.util.TaggedFutureTask<V>,top_level,0,10,0,0,0,,,0,,0,,0,,0,,0,,0
Signal-Android,2019-1,org.thoughtcrime.securesms.util.TelephonyUtil,top_level,0,24,0,0,1,9,0,1,0,1,0,1,0,1,8,1,0,1
Signal-Android,2019-1,org.thoughtcrime.securesms.util.TextSecurePreferences,top_level,0,599,0,0,1,36,0,1,0,1,0,1,0,1,31,1,1,1
Signal-Android,2019-1,org.thoughtcrime.securesms.util.ThemeUtil,top_level,0,15,0,0,1,5,0,1,0,1,0,1,0,1,4,1,0,1
Signal-Android,2019-1,org.thoughtcrime.securesms.util.ThreadUtil,top_level,0,6,0,0,1,1,0,1,0,1,0,1,0,1,0,1,0,1
Signal-Android,2019-1,org.thoughtcrime.securesms.util.Trimmer,top_level,0,36,0,0,1,4,0,1,0,1,0,1,0,1,2,1,0,1
Signal-Android,2019-1,org.thoughtcrime.securesms.util.Util,top_level,16,254,0,0,1,29,0,1,0,1,0,1,1,1,22,1,1,1
Signal-Android,2019-1,org.thoughtcrime.securesms.util.VerifySpan,top_level,0,19,0,0,0,,,0,,0,,0,,0,,0,,0
Signal-Android,2019-1,org.thoughtcrime.securesms.util.VersionTracker,top_level,0,9,0,0,1,1,0,1,0,1,0,1,0,1,0,1,0,1
Signal-Android,2019-1,org.thoughtcrime.securesms.util.ViewUtil,top_level,0,128,0,0,1,6,0,1,0,1,0,1,0,1,4,1,0,1
Signal-Android,2019-1,org.thoughtcrime.securesms.util.WorkerThread,top_level,2,17,0,1,1,1,0,1,0,1,0,1,0,1,1,1,0,1
Signal-Android,2019-1,org.thoughtcrime.securesms.util.concurrent.AssertedSuccessListener<T>,top_level,0,4,0,0,0,,,0,,0,,0,,0,,0,,0
Signal-Android,2019-1,org.thoughtcrime.securesms.util.concurrent.LifecycleBoundTask,top_level,0,18,0,0,1,3,0,1,0,1,0,1,0,1,2,1,0,1
Signal-Android,2019-1,org.thoughtcrime.securesms.util.concurrent.ListenableFuture<T>,top_level,1,5,0,1,0,,,0,,0,,0,,0,,0,,0
Signal-Android,2019-1,org.thoughtcrime.securesms.util.concurrent.SettableFuture<T>,top_level,15,75,1,8,0,,,0,,0,,0,,0,,0,,0
Signal-Android,2019-1,org.thoughtcrime.securesms.util.concurrent.SignalExecutors,top_level,0,11,0,0,1,1,0,1,0,1,0,1,0,1,0,1,0,1
Signal-Android,2019-1,org.thoughtcrime.securesms.util.dualsim.SubscriptionInfoCompat,top_level,3,18,0,3,1,1,1,1,0,1,0,1,0,1,0,1,0,1
Signal-Android,2019-1,org.thoughtcrime.securesms.util.dualsim.SubscriptionManagerCompat,top_level,0,30,0,0,1,3,0,1,0,1,0,1,0,1,3,1,0,1
Signal-Android,2019-1,org.thoughtcrime.securesms.util.spans.CenterAlignedRelativeSizeSpan,top_level,1,11,0,1,0,,,0,,0,,0,,0,,0,,0
Signal-Android,2019-1,"org.thoughtcrime.securesms.util.task.ProgressDialogAsyncTask<Params,Progress,Result>",top_level,4,21,0,2,0,,,0,,0,,0,,0,,0,,0
Signal-Android,2019-1,org.thoughtcrime.securesms.util.task.SnackbarAsyncTask<Params>,top_level,4,61,1,3,0,,,0,,0,,0,,0,,0,,0
Signal-Android,2019-1,org.thoughtcrime.securesms.util.views.Stub<T>,top_level,3,12,1,2,0,,,0,,0,,0,,0,,0,,0
Signal-Android,2019-1,org.thoughtcrime.securesms.video.EncryptedMediaDataSource,top_level,8,37,0,5,1,4,0,1,0,1,0,1,0,1,4,1,0,1
Signal-Android,2019-1,org.thoughtcrime.securesms.video.VideoPlayer,top_level,9,104,0,3,1,3,0,1,0,1,0,1,0,1,2,1,0,1
Signal-Android,2019-1,org.thoughtcrime.securesms.video.exo.AttachmentDataSource,top_level,2,26,0,2,0,,,0,,0,,0,,0,,0,,0
Signal-Android,2019-1,org.thoughtcrime.securesms.video.exo.AttachmentDataSourceFactory,top_level,0,14,0,0,0,,,0,,0,,0,,0,,0,,0
Signal-Android,2019-1,org.thoughtcrime.securesms.video.exo.PartDataSource,top_level,4,37,0,2,1,2,0,1,0,1,0,1,0,1,2,1,0,1
Signal-Android,2019-1,org.thoughtcrime.securesms.webrtc.CallNotificationBuilder,top_level,0,40,0,0,1,1,0,1,0,1,0,1,0,1,0,1,0,1
Signal-Android,2019-1,org.thoughtcrime.securesms.webrtc.CameraState,top_level,4,15,0,4,0,,,0,,0,,0,,0,,0,,0
Signal-Android,2019-1,org.thoughtcrime.securesms.webrtc.IncomingPstnCallReceiver,top_level,0,35,0,0,1,8,0,1,0,1,0,1,0,1,8,1,0,1
Signal-Android,2019-1,org.thoughtcrime.securesms.webrtc.PeerConnectionFactoryOptions,top_level,1,3,0,1,0,,,0,,0,,0,,0,,0,,0
Signal-Android,2019-1,org.thoughtcrime.securesms.webrtc.PeerConnectionWrapper,top_level,7,242,0,5,1,2,0,1,0,1,0,1,0,1,2,1,0,1
Signal-Android,2019-1,org.thoughtcrime.securesms.webrtc.UncaughtExceptionHandlerManager,top_level,2,18,0,2,1,1,0,1,0,1,0,1,0,1,1,1,0,1
Signal-Android,2019-1,org.thoughtcrime.securesms.webrtc.VoiceCallShare,top_level,0,23,0,0,1,10,0,1,0,1,0,1,0,1,9,1,0,1
Signal-Android,2019-1,org.thoughtcrime.securesms.webrtc.WebRtcDataProtos,top_level,1,1436,0,1,1,89,0,1,0,1,0,1,4,1,62,1,1,1
Signal-Android,2019-1,org.thoughtcrime.securesms.webrtc.audio.BluetoothStateManager,top_level,22,128,0,5,1,17,0,1,0,1,0,1,0,1,10,1,0,1
Signal-Android,2019-1,org.thoughtcrime.securesms.webrtc.audio.IncomingRinger,top_level,2,73,0,1,1,3,0,1,0,1,0,1,0,1,3,1,0,1
Signal-Android,2019-1,org.thoughtcrime.securesms.webrtc.audio.OutgoingRinger,top_level,8,33,0,2,0,,,0,,0,,0,,0,,0,,0
Signal-Android,2019-1,org.thoughtcrime.securesms.webrtc.audio.SignalAudioManager,top_level,8,59,0,4,1,13,0,1,0,1,0,1,0,1,13,1,0,1
Signal-Android,2019-1,org.thoughtcrime.securesms.webrtc.locks.AccelerometerListener,top_level,14,74,0,3,1,3,0,1,0,1,0,1,0,1,0,1,0,1
Signal-Android,2019-1,org.thoughtcrime.securesms.webrtc.locks.LockManager,top_level,15,103,0,3,1,2,0,1,0,1,0,1,0,1,1,1,0,1
Signal-Android,2019-1,org.thoughtcrime.securesms.webrtc.locks.ProximityLock,top_level,11,49,0,2,1,6,0,1,0,1,0,1,0,1,6,1,0,1
Signal-Android,2020-1,org.signal.signing.ApkSignerUtil,top_level,0,67,0,0,1,12,0,1,0,1,0,1,0,1,11,1,0,1
Signal-Android,2020-1,org.thoughtcrime.securesms.ApplicationContext,top_level,41,197,0,22,1,18,0,1,0,1,0,1,0,1,14,1,1,1
Signal-Android,2020-1,org.thoughtcrime.securesms.ApplicationPreferencesActivity,top_level,4,163,0,3,1,21,0,1,0,1,0,1,0,1,17,1,0,1
Signal-Android,2020-1,org.thoughtcrime.securesms.BaseActionBarActivity,top_level,9,48,0,4,1,6,0,1,0,1,0,1,0,1,6,1,0,1
Signal-Android,2020-1,org.thoughtcrime.securesms.BaseActivity,top_level,2,21,0,1,0,,,0,,0,,0,,0,,0,,0
Signal-Android,2020-1,org.thoughtcrime.securesms.BasicIntroFragment,top_level,2,31,0,1,1,6,0,1,0,1,0,1,0,1,6,1,0,1
Signal-Android,2020-1,org.thoughtcrime.securesms.BindableConversationItem,top_level,3,23,0,1,0,,,0,,0,,0,,0,,0,,0
Signal-Android,2020-1,org.thoughtcrime.securesms.BindableConversationListItem,top_level,1,5,0,0,0,,,0,,0,,0,,0,,0,,0
Signal-Android,2020-1,org.thoughtcrime.securesms.BlockedContactsActivity,top_level,2,72,0,2,1,7,0,1,0,1,0,1,0,1,7,1,0,1
Signal-Android,2020-1,org.thoughtcrime.securesms.ClearProfileAvatarActivity,top_level,1,14,0,1,0,,,0,,0,,0,,0,,0,,0
Signal-Android,2020-1,org.thoughtcrime.securesms.ConfirmIdentityDialog,top_level,1,105,0,1,1,10,0,1,0,1,0,1,0,1,3,1,0,1
Signal-Android,2020-1,org.thoughtcrime.securesms.ContactSelectionActivity,top_level,6,67,0,6,1,10,0,1,0,1,0,1,0,1,10,1,0,1
Signal-Android,2020-1,org.thoughtcrime.securesms.ContactSelectionListFragment,top_level,17,223,0,9,1,28,0,1,0,1,0,1,0,1,25,1,0,1
Signal-Android,2020-1,org.thoughtcrime.securesms.CountrySelectionFragment,top_level,0,47,0,0,1,4,0,1,0,1,0,1,0,1,4,1,0,1
Signal-Android,2020-1,org.thoughtcrime.securesms.CreateProfileActivity,top_level,22,269,0,10,1,54,0,1,0,1,0,1,0,1,40,1,0,1
Signal-Android,2020-1,org.thoughtcrime.securesms.DatabaseMigrationActivity,top_level,13,112,0,11,1,7,0,1,0,1,0,1,0,1,4,1,0,1
Signal-Android,2020-1,org.thoughtcrime.securesms.DeviceActivity,top_level,4,156,0,3,1,23,0,1,0,1,0,1,0,1,19,1,0,1
Signal-Android,2020-1,org.thoughtcrime.securesms.DeviceAddFragment,top_level,2,59,0,2,1,5,0,1,0,1,0,1,0,1,4,1,0,1
Signal-Android,2020-1,org.thoughtcrime.securesms.DeviceLinkFragment,top_level,0,29,0,0,1,2,0,1,0,1,0,1,0,1,2,1,0,1
Signal-Android,2020-1,org.thoughtcrime.securesms.DeviceListFragment,top_level,2,121,0,2,1,18,0,1,0,1,0,1,0,1,15,1,0,1
Signal-Android,2020-1,org.thoughtcrime.securesms.DeviceListItem,top_level,2,31,0,2,1,3,0,1,0,1,0,1,0,1,3,1,0,1
Signal-Android,2020-1,org.thoughtcrime.securesms.DeviceProvisioningActivity,top_level,1,27,0,1,1,2,0,1,0,1,0,1,0,1,2,1,0,1
Signal-Android,2020-1,org.thoughtcrime.securesms.DummyActivity,top_level,0,5,0,0,0,,,0,,0,,0,,0,,0,,0
Signal-Android,2020-1,org.thoughtcrime.securesms.ExperienceUpgradeActivity,top_level,4,214,0,4,1,33,0,1,0,1,0,1,0,1,33,1,0,1
Signal-Android,2020-1,org.thoughtcrime.securesms.ExpirationDialog,top_level,0,48,0,0,1,10,0,1,0,1,0,1,0,1,10,1,0,1
Signal-Android,2020-1,org.thoughtcrime.securesms.GroupCreateActivity,top_level,17,355,0,11,1,75,0,1,0,1,0,1,0,1,68,1,0,1
Signal-Android,2020-1,org.thoughtcrime.securesms.GroupMembersDialog,top_level,2,65,0,2,1,3,0,1,0,1,0,1,0,1,3,1,0,1
Signal-Android,2020-1,org.thoughtcrime.securesms.IncomingMessageProcessor,top_level,2,52,0,2,1,5,0,1,0,1,0,1,0,1,5,1,0,1
Signal-Android,2020-1,org.thoughtcrime.securesms.IntroPagerAdapter,top_level,1,18,0,1,1,1,0,1,0,1,0,1,0,1,0,1,0,1
Signal-Android,2020-1,org.thoughtcrime.securesms.InviteActivity,top_level,14,166,0,10,1,34,0,1,0,1,0,1,0,1,31,1,0,1
Signal-Android,2020-1,org.thoughtcrime.securesms.LinkPreviewsIntroFragment,top_level,2,30,0,1,1,3,0,1,0,1,0,1,0,1,2,1,0,1
Signal-Android,2020-1,org.thoughtcrime.securesms.LogSubmitActivity,top_level,4,43,0,4,1,8,0,1,0,1,0,1,0,1,7,1,0,1
Signal-Android,2020-1,org.thoughtcrime.securesms.MainActivity,top_level,4,22,0,3,0,,,0,,0,,0,,0,,0,,0
Signal-Android,2020-1,org.thoughtcrime.securesms.MainFragment,top_level,0,8,0,0,0,,,0,,0,,0,,0,,0,,0
Signal-Android,2020-1,org.thoughtcrime.securesms.MainNavigator,top_level,7,44,0,6,1,9,0,1,0,1,0,1,0,1,9,1,0,1
Signal-Android,2020-1,org.thoughtcrime.securesms.MasterSecretListener,top_level,1,2,0,1,0,,,0,,0,,0,,0,,0,,0
Signal-Android,2020-1,org.thoughtcrime.securesms.MediaPreviewActivity,top_level,41,479,0,20,1,62,0,1,0,1,0,1,0,1,55,1,1,1
Signal-Android,2020-1,org.thoughtcrime.securesms.MessageDetailsActivity,top_level,6,264,0,6,1,38,0,1,0,1,0,1,0,1,32,1,0,1
Signal-Android,2020-1,org.thoughtcrime.securesms.MessageDetailsRecipientAdapter,top_level,2,55,0,2,1,3,0,1,0,1,0,1,0,1,3,1,0,1
Signal-Android,2020-1,org.thoughtcrime.securesms.MessageRecipientListItem,top_level,4,91,0,2,1,15,0,1,0,1,0,1,0,1,8,1,0,1
Signal-Android,2020-1,org.thoughtcrime.securesms.MuteDialog,top_level,0,26,0,0,1,6,0,1,0,1,0,1,0,1,6,1,0,1
Signal-Android,2020-1,org.thoughtcrime.securesms.NewConversationActivity,top_level,4,54,0,4,1,6,0,1,0,1,0,1,0,1,6,1,0,1
Signal-Android,2020-1,org.thoughtcrime.securesms.PassphraseActivity,top_level,1,29,0,1,1,4,0,1,0,1,0,1,0,1,3,1,0,1
Signal-Android,2020-1,org.thoughtcrime.securesms.PassphraseChangeActivity,top_level,11,88,0,4,1,8,0,1,0,1,0,1,0,1,5,1,0,1
Signal-Android,2020-1,org.thoughtcrime.securesms.PassphraseCreateActivity,top_level,3,33,0,3,0,,,0,,0,,0,,0,,0,,0
Signal-Android,2020-1,org.thoughtcrime.securesms.PassphrasePromptActivity,top_level,27,224,0,11,1,20,0,1,0,1,0,1,0,1,16,1,0,1
Signal-Android,2020-1,org.thoughtcrime.securesms.PassphraseRequiredActionBarActivity,top_level,20,131,0,11,1,5,0,1,0,1,0,1,0,1,4,1,0,1
Signal-Android,2020-1,org.thoughtcrime.securesms.PlayServicesProblemActivity,top_level,0,6,0,0,0,,,0,,0,,0,,0,,0,,0
Signal-Android,2020-1,org.thoughtcrime.securesms.PlayServicesProblemFragment,top_level,2,23,0,1,1,3,0,1,0,1,0,1,0,1,3,1,0,1
Signal-Android,2020-1,org.thoughtcrime.securesms.PromptMmsActivity,top_level,1,15,0,1,1,2,0,1,0,1,0,1,0,1,2,1,0,1
Signal-Android,2020-1,org.thoughtcrime.securesms.PushContactSelectionActivity,top_level,0,17,0,0,1,3,0,1,0,1,0,1,0,1,3,1,0,1
Signal-Android,2020-1,org.thoughtcrime.securesms.ReadReceiptsIntroFragment,top_level,2,24,0,1,1,3,0,1,0,1,0,1,0,1,2,1,0,1
Signal-Android,2020-1,org.thoughtcrime.securesms.RecipientPreferenceActivity,top_level,6,504,0,4,1,87,0,1,0,1,0,1,0,1,76,1,1,1
Signal-Android,2020-1,org.thoughtcrime.securesms.ShareActivity,top_level,16,205,0,9,1,24,0,1,0,1,0,1,0,1,21,1,0,1
Signal-Android,2020-1,org.thoughtcrime.securesms.ShortcutLauncherActivity,top_level,0,21,0,0,1,3,0,1,0,1,0,1,0,1,3,1,0,1
Signal-Android,2020-1,org.thoughtcrime.securesms.SmsSendtoActivity,top_level,0,57,0,0,1,9,0,1,0,1,0,1,0,1,9,1,0,1
Signal-Android,2020-1,org.thoughtcrime.securesms.TextSecureExpiredException,top_level,0,3,0,0,0,,,0,,0,,0,,0,,0,,0
Signal-Android,2020-1,org.thoughtcrime.securesms.TextSecureTestCase,top_level,1,6,0,1,1,4,0,1,0,1,0,1,0,1,4,1,0,1
Signal-Android,2020-1,org.thoughtcrime.securesms.TransportOption,top_level,6,92,0,6,0,,,0,,0,,0,,0,,0,,0
Signal-Android,2020-1,org.thoughtcrime.securesms.TransportOptions,top_level,7,119,0,4,1,6,0,1,0,1,0,1,0,1,6,1,0,1
Signal-Android,2020-1,org.thoughtcrime.securesms.TransportOptionsAdapter,top_level,2,36,0,2,1,10,0,1,0,1,0,1,0,1,10,1,0,1
Signal-Android,2020-1,org.thoughtcrime.securesms.TransportOptionsPopup,top_level,0,24,0,0,0,,,0,,0,,0,,0,,0,,0
Signal-Android,2020-1,org.thoughtcrime.securesms.TypingIndicatorIntroFragment,top_level,3,35,0,2,1,6,0,1,0,1,0,1,0,1,5,1,0,1
Signal-Android,2020-1,org.thoughtcrime.securesms.Unbindable,top_level,1,2,0,1,0,,,0,,0,,0,,0,,0,,0
Signal-Android,2020-1,org.thoughtcrime.securesms.VerifyIdentityActivity,top_level,1,385,0,1,1,62,0,1,0,1,0,1,0,1,57,1,1,1
Signal-Android,2020-1,org.thoughtcrime.securesms.WebRtcCallActivity,top_level,17,238,0,14,1,48,0,1,0,1,0,1,0,1,41,1,1,1
Signal-Android,2020-1,org.thoughtcrime.securesms.animation.AnimationCompleteListener,top_level,0,9,0,0,0,,,0,,0,,0,,0,,0,,0
Signal-Android,2020-1,org.thoughtcrime.securesms.animation.DepthPageTransformer,top_level,0,19,0,0,0,,,0,,0,,0,,0,,0,,0
Signal-Android,2020-1,org.thoughtcrime.securesms.attachments.Attachment,top_level,9,101,0,9,1,3,1,1,0,1,1,1,0,1,0,1,0,1
Signal-Android,2020-1,org.thoughtcrime.securesms.attachments.AttachmentId,top_level,5,28,0,5,0,,,0,,0,,0,,0,,0,,0
Signal-Android,2020-1,org.thoughtcrime.securesms.attachments.DatabaseAttachment,top_level,4,48,0,4,1,1,0,1,0,1,1,1,0,1,0,1,0,1
Signal-Android,2020-1,org.thoughtcrime.securesms.attachments.MmsNotificationAttachment,top_level,5,19,0,1,0,,,0,,0,,0,,0,,0,,0
Signal-Android,2020-1,org.thoughtcrime.securesms.attachments.PointerAttachment,top_level,0,72,0,0,1,53,0,1,0,1,0,1,0,1,52,1,0,1
Signal-Android,2020-1,org.thoughtcrime.securesms.attachments.TombstoneAttachment,top_level,0,9,0,0,0,,,0,,0,,0,,0,,0,,0
Signal-Android,2020-1,org.thoughtcrime.securesms.attachments.UriAttachment,top_level,1,29,0,1,1,2,0,1,0,1,2,1,0,1,0,1,0,1
Signal-Android,2020-1,org.thoughtcrime.securesms.audio.AudioCodec,top_level,7,120,0,5,1,9,0,1,0,1,0,1,0,1,7,1,0,1
Signal-Android,2020-1,org.thoughtcrime.securesms.audio.AudioRecorder,top_level,3,48,0,1,0,,,0,,0,,0,,0,,0,,0
Signal-Android,2020-1,org.thoughtcrime.securesms.audio.AudioSlidePlayer,top_level,24,209,0,8,1,27,0,1,0,1,0,1,0,1,13,1,1,1
Signal-Android,2020-1,org.thoughtcrime.securesms.avatar.AvatarSelection,top_level,1,65,0,1,1,20,0,1,0,1,0,1,0,1,20,1,0,1
Signal-Android,2020-1,org.thoughtcrime.securesms.backup.BackupDialog,top_level,0,50,0,0,1,3,0,1,0,1,0,1,0,1,2,1,0,1
Signal-Android,2020-1,org.thoughtcrime.securesms.backup.BackupPassphrase,top_level,0,21,0,0,1,3,0,1,0,1,0,1,0,1,2,1,0,1
Signal-Android,2020-1,org.thoughtcrime.securesms.backup.FullBackupBase,top_level,0,31,0,0,1,6,0,1,0,1,0,1,0,1,4,1,0,1
Signal-Android,2020-1,org.thoughtcrime.securesms.backup.FullBackupExporter,top_level,0,256,0,0,1,32,0,1,0,1,0,1,0,1,23,1,1,1
Signal-Android,2020-1,org.thoughtcrime.securesms.backup.FullBackupImporter,top_level,0,187,0,0,1,27,0,1,0,1,0,1,0,1,22,1,0,1
Signal-Android,2020-1,org.thoughtcrime.securesms.blurhash.Base83,top_level,6,27,0,1,0,,,0,,0,,0,,0,,0,,0
Signal-Android,2020-1,org.thoughtcrime.securesms.blurhash.BlurHash,top_level,1,19,0,1,1,1,0,1,0,1,0,1,0,1,0,1,0,1
Signal-Android,2020-1,org.thoughtcrime.securesms.blurhash.BlurHashDecoder,top_level,2,55,0,0,1,1,0,1,0,1,0,1,0,1,0,1,0,1
Signal-Android,2020-1,org.thoughtcrime.securesms.blurhash.BlurHashEncoder,top_level,6,74,0,1,1,2,0,1,0,1,0,1,0,1,0,1,0,1
Signal-Android,2020-1,org.thoughtcrime.securesms.blurhash.BlurHashModelLoader,top_level,1,34,0,1,0,,,0,,0,,0,,0,,0,,0
Signal-Android,2020-1,org.thoughtcrime.securesms.blurhash.BlurHashResourceDecoder,top_level,0,16,0,0,0,,,0,,0,,0,,0,,0,,0
Signal-Android,2020-1,org.thoughtcrime.securesms.blurhash.BlurHashUtil,top_level,10,24,0,1,0,,,0,,0,,0,,0,,0,,0
Signal-Android,2020-1,org.thoughtcrime.securesms.color.MaterialColor,top_level,0,84,0,0,1,9,0,1,0,1,0,1,0,1,9,1,0,1
Signal-Android,2020-1,org.thoughtcrime.securesms.color.MaterialColors,top_level,0,34,0,0,0,,,0,,0,,0,,0,,0,,0
Signal-Android,2020-1,org.thoughtcrime.securesms.components.AccessibleToggleButton,top_level,3,23,0,1,0,,,0,,0,,0,,0,,0,,0
Signal-Android,2020-1,org.thoughtcrime.securesms.components.AlbumThumbnailView,top_level,10,85,0,4,1,10,0,1,0,1,0,1,0,1,10,1,0,1
Signal-Android,2020-1,org.thoughtcrime.securesms.components.AlertView,top_level,3,36,0,3,1,7,0,1,0,1,0,1,0,1,7,1,0,1
Signal-Android,2020-1,org.thoughtcrime.securesms.components.AnimatingToggle,top_level,0,34,0,0,0,,,0,,0,,0,,0,,0,,0
Signal-Android,2020-1,org.thoughtcrime.securesms.components.ArcProgressBar,top_level,2,69,0,1,1,2,0,1,0,1,0,1,0,1,2,1,0,1
Signal-Android,2020-1,org.thoughtcrime.securesms.components.AttachmentTypeSelector,top_level,3,178,0,2,1,14,0,1,0,1,0,1,0,1,14,1,0,1
Signal-Android,2020-1,org.thoughtcrime.securesms.components.AudioView,top_level,37,219,0,18,1,10,0,1,0,1,0,1,0,1,7,1,0,1
Signal-Android,2020-1,org.thoughtcrime.securesms.components.AvatarImageView,top_level,0,99,0,0,1,15,0,1,0,1,0,1,0,1,15,1,0,1
Signal-Android,2020-1,org.thoughtcrime.securesms.components.BubbleDrawableBuilder,top_level,10,43,0,6,1,2,0,1,0,1,0,1,0,1,2,1,0,1
Signal-Android,2020-1,org.thoughtcrime.securesms.components.CircleColorImageView,top_level,0,15,0,0,0,,,0,,0,,0,,0,,0,,0
Signal-Android,2020-1,org.thoughtcrime.securesms.components.ComposeText,top_level,9,109,0,5,1,13,0,1,0,1,0,1,0,1,12,1,0,1
Signal-Android,2020-1,org.thoughtcrime.securesms.components.ContactFilterToolbar,top_level,4,103,0,3,1,12,0,1,0,1,0,1,0,1,7,1,0,1
Signal-Android,2020-1,org.thoughtcrime.securesms.components.ControllableTabLayout,top_level,4,15,0,1,0,,,0,,0,,0,,0,,0,,0
Signal-Android,2020-1,org.thoughtcrime.securesms.components.ControllableViewPager,top_level,0,11,0,0,0,,,0,,0,,0,,0,,0,,0
Signal-Android,2020-1,org.thoughtcrime.securesms.components.ConversationItemFooter,top_level,3,102,0,3,1,22,0,1,0,1,0,1,0,1,21,1,0,1
Signal-Android,2020-1,org.thoughtcrime.securesms.components.ConversationItemThumbnail,top_level,8,86,0,6,1,10,0,1,0,1,0,1,0,1,10,1,0,1
Signal-Android,2020-1,org.thoughtcrime.securesms.components.ConversationSearchBottomBar,top_level,7,43,0,4,1,1,0,1,0,1,0,1,0,1,1,1,0,1
Signal-Android,2020-1,org.thoughtcrime.securesms.components.ConversationTypingView,top_level,1,24,0,1,1,3,0,1,0,1,0,1,0,1,3,1,0,1
Signal-Android,2020-1,org.thoughtcrime.securesms.components.CornerMask,top_level,6,38,0,6,0,,,0,,0,,0,,0,,0,,0
Signal-Android,2020-1,org.thoughtcrime.securesms.components.CustomDefaultPreference,top_level,2,139,0,2,1,12,0,1,0,1,0,1,0,1,12,1,0,1
Signal-Android,2020-1,org.thoughtcrime.securesms.components.DarkSearchView,top_level,0,9,0,0,0,,,0,,0,,0,,0,,0,,0
Signal-Android,2020-1,org.thoughtcrime.securesms.components.DeliveryStatusView,top_level,6,63,0,6,0,,,0,,0,,0,,0,,0,,0
Signal-Android,2020-1,org.thoughtcrime.securesms.components.DocumentView,top_level,3,92,0,3,1,7,0,1,0,1,0,1,0,1,6,1,0,1
Signal-Android,2020-1,org.thoughtcrime.securesms.components.ExpirationTimerView,top_level,8,67,0,6,1,3,0,1,0,1,0,1,0,1,3,1,0,1
Signal-Android,2020-1,org.thoughtcrime.securesms.components.FromTextView,top_level,0,42,0,0,1,2,0,1,0,1,0,1,0,1,1,1,0,1
Signal-Android,2020-1,org.thoughtcrime.securesms.components.GlideBitmapListeningTarget,top_level,0,13,0,0,0,,,0,,0,,0,,0,,0,,0
Signal-Android,2020-1,org.thoughtcrime.securesms.components.GlideDrawableListeningTarget,top_level,0,13,0,0,0,,,0,,0,,0,,0,,0,,0
Signal-Android,2020-1,org.thoughtcrime.securesms.components.HidingLinearLayout,top_level,7,39,0,3,0,,,0,,0,,0,,0,,0,,0
Signal-Android,2020-1,org.thoughtcrime.securesms.components.HourglassView,top_level,2,43,0,2,0,,,0,,0,,0,,0,,0,,0
Signal-Android,2020-1,org.thoughtcrime.securesms.components.ImageDivet,top_level,6,60,0,5,1,5,0,1,0,1,0,1,0,1,5,1,0,1
Signal-Android,2020-1,org.thoughtcrime.securesms.components.InputAwareLayout,top_level,5,51,0,4,1,2,0,1,0,1,0,1,0,1,2,1,0,1
Signal-Android,2020-1,org.thoughtcrime.securesms.components.InputPanel,top_level,37,294,0,22,1,21,0,1,0,1,0,1,0,1,17,1,1,1
Signal-Android,2020-1,org.thoughtcrime.securesms.components.KeyboardAwareLinearLayout,top_level,40,147,0,22,1,20,0,1,0,1,0,1,0,1,18,1,1,1
Signal-Android,2020-1,org.thoughtcrime.securesms.components.LabeledEditText,top_level,1,46,0,1,1,8,0,1,0,1,0,1,0,1,6,1,0,1
Signal-Android,2020-1,org.thoughtcrime.securesms.components.LinkPreviewView,top_level,3,85,0,3,1,10,0,1,0,1,0,1,0,1,7,1,0,1
Signal-Android,2020-1,org.thoughtcrime.securesms.components.MaskView,top_level,2,39,0,2,1,3,0,1,0,1,0,1,0,1,2,1,0,1
Signal-Android,2020-1,org.thoughtcrime.securesms.components.MaxHeightFrameLayout,top_level,1,17,0,1,0,,,0,,0,,0,,0,,0,,0
Signal-Android,2020-1,org.thoughtcrime.securesms.components.MaxHeightScrollView,top_level,2,18,0,1,1,4,0,1,0,1,0,1,0,1,4,1,0,1
Signal-Android,2020-1,org.thoughtcrime.securesms.components.MicrophoneRecorderView,top_level,13,165,0,7,1,8,0,1,0,1,0,1,0,1,2,1,0,1
Signal-Android,2020-1,org.thoughtcrime.securesms.components.OutlinedThumbnailView,top_level,2,24,0,2,0,,,0,,0,,0,,0,,0,,0
Signal-Android,2020-1,org.thoughtcrime.securesms.components.Outliner,top_level,3,28,0,3,0,,,0,,0,,0,,0,,0,,0
Signal-Android,2020-1,org.thoughtcrime.securesms.components.PushRecipientsPanel,top_level,5,75,0,5,1,9,0,1,0,1,0,1,0,1,9,1,0,1
Signal-Android,2020-1,org.thoughtcrime.securesms.components.QuoteView,top_level,10,176,0,5,1,51,0,1,0,1,0,1,0,1,48,1,0,1
Signal-Android,2020-1,org.thoughtcrime.securesms.components.RatingManager,top_level,0,49,0,0,1,6,0,1,0,1,0,1,0,1,5,1,0,1
Signal-Android,2020-1,org.thoughtcrime.securesms.components.RecentPhotoViewRail,top_level,2,82,0,1,1,9,0,1,0,1,0,1,0,1,9,1,0,1
Signal-Android,2020-1,org.thoughtcrime.securesms.components.RecyclerViewFastScroller,top_level,12,124,0,6,1,5,0,1,0,1,0,1,0,1,4,1,0,1
Signal-Android,2020-1,org.thoughtcrime.securesms.components.RemovableEditableMediaView,top_level,1,40,0,1,1,1,0,1,0,1,0,1,0,1,0,1,0,1
Signal-Android,2020-1,org.thoughtcrime.securesms.components.RepeatableImageKey,top_level,4,45,0,3,0,,,0,,0,,0,,0,,0,,0
Signal-Android,2020-1,org.thoughtcrime.securesms.components.SearchToolbar,top_level,12,84,0,6,1,15,0,1,0,1,0,1,0,1,15,1,0,1
Signal-Android,2020-1,org.thoughtcrime.securesms.components.SearchView,top_level,0,7,0,0,0,,,0,,0,,0,,0,,0,,0
Signal-Android,2020-1,org.thoughtcrime.securesms.components.SendButton,top_level,2,61,0,2,1,3,0,1,0,1,0,1,0,1,3,1,0,1
Signal-Android,2020-1,org.thoughtcrime.securesms.components.ShapeScrim,top_level,3,56,0,1,0,,,0,,0,,0,,0,,0,,0
Signal-Android,2020-1,org.thoughtcrime.securesms.components.SharedContactView,top_level,4,134,0,4,1,22,0,1,0,1,0,1,0,1,16,1,0,1
Signal-Android,2020-1,org.thoughtcrime.securesms.components.SquareFrameLayout,top_level,2,21,0,1,0,,,0,,0,,0,,0,,0,,0
Signal-Android,2020-1,org.thoughtcrime.securesms.components.SquareImageView,top_level,1,10,0,1,0,,,0,,0,,0,,0,,0,,0
Signal-Android,2020-1,org.thoughtcrime.securesms.components.SquareLinearLayout,top_level,1,16,0,1,0,,,0,,0,,0,,0,,0,,0
Signal-Android,2020-1,org.thoughtcrime.securesms.components.StickerView,top_level,3,30,0,3,1,1,0,1,0,1,0,1,0,1,1,1,0,1
Signal-Android,2020-1,org.thoughtcrime.securesms.components.SwitchPreferenceCompat,top_level,4,24,0,2,0,,,0,,0,,0,,0,,0,,0
Signal-Android,2020-1,org.thoughtcrime.securesms.components.ThreadPhotoRailView,top_level,2,56,0,1,1,4,0,1,0,1,0,1,0,1,4,1,0,1
Signal-Android,2020-1,org.thoughtcrime.securesms.components.ThumbnailView,top_level,35,294,0,12,1,30,0,1,0,1,0,1,0,1,17,1,1,1
Signal-Android,2020-1,org.thoughtcrime.securesms.components.TooltipPopup,top_level,7,140,0,1,1,15,0,1,0,1,0,1,0,1,14,1,0,1
Signal-Android,2020-1,org.thoughtcrime.securesms.components.TransferControlView,top_level,12,137,0,8,1,9,0,1,0,1,0,1,0,1,9,1,0,1
Signal-Android,2020-1,org.thoughtcrime.securesms.components.TypingIndicatorView,top_level,2,72,0,2,1,7,0,1,0,1,0,1,0,1,7,1,0,1
Signal-Android,2020-1,org.thoughtcrime.securesms.components.TypingStatusRepository,top_level,3,104,0,2,1,2,0,1,0,1,0,1,0,1,2,1,0,1
Signal-Android,2020-1,org.thoughtcrime.securesms.components.TypingStatusSender,top_level,9,57,0,4,1,2,1,1,0,1,0,1,0,1,0,1,0,1
Signal-Android,2020-1,org.thoughtcrime.securesms.components.ZoomingImageView,top_level,1,65,0,1,0,,,0,,0,,0,,0,,0,,0
Signal-Android,2020-1,org.thoughtcrime.securesms.components.camera.CameraSurfaceView,top_level,1,17,0,1,0,,,0,,0,,0,,0,,0,,0
Signal-Android,2020-1,org.thoughtcrime.securesms.components.camera.CameraUtils,top_level,0,58,0,0,1,6,0,1,0,1,0,1,0,1,4,1,0,1
Signal-Android,2020-1,org.thoughtcrime.securesms.components.camera.CameraView,top_level,33,374,0,15,1,40,1,1,0,1,0,1,0,1,30,1,1,1
Signal-Android,2020-1,org.thoughtcrime.securesms.components.emoji.AnimatingImageSpan,top_level,0,4,0,0,0,,,0,,0,,0,,0,,0,,0
Signal-Android,2020-1,org.thoughtcrime.securesms.components.emoji.AsciiEmojiView,top_level,1,27,0,1,0,,,0,,0,,0,,0,,0,,0
Signal-Android,2020-1,org.thoughtcrime.securesms.components.emoji.CompositeEmojiPageModel,top_level,3,29,0,3,0,,,0,,0,,0,,0,,0,,0
Signal-Android,2020-1,org.thoughtcrime.securesms.components.emoji.Emoji,top_level,0,8,0,0,0,,,0,,0,,0,,0,,0,,0
Signal-Android,2020-1,org.thoughtcrime.securesms.components.emoji.EmojiEditText,top_level,0,28,0,0,1,1,0,1,0,1,0,1,0,1,1,1,0,1
Signal-Android,2020-1,org.thoughtcrime.securesms.components.emoji.EmojiFilter,top_level,0,12,0,0,1,1,0,1,0,1,0,1,0,1,0,1,0,1
Signal-Android,2020-1,org.thoughtcrime.securesms.components.emoji.EmojiImageView,top_level,0,7,0,0,1,1,0,1,0,1,0,1,0,1,1,1,0,1
Signal-Android,2020-1,org.thoughtcrime.securesms.components.emoji.EmojiKeyboardProvider,top_level,8,93,0,3,1,7,0,1,0,1,0,1,0,1,3,1,0,1
Signal-Android,2020-1,org.thoughtcrime.securesms.components.emoji.EmojiPageModel,top_level,6,7,0,3,0,,,0,,0,,0,,0,,0,,0
Signal-Android,2020-1,org.thoughtcrime.securesms.components.emoji.EmojiPageView,top_level,7,55,0,3,1,8,0,1,0,1,0,1,0,1,2,1,0,1
Signal-Android,2020-1,org.thoughtcrime.securesms.components.emoji.EmojiPageViewGridAdapter,top_level,5,68,0,3,1,15,0,1,0,1,0,1,0,1,15,1,0,1
Signal-Android,2020-1,org.thoughtcrime.securesms.components.emoji.EmojiPages,top_level,0,279,0,0,0,,,0,,0,,0,,0,,0,,0
Signal-Android,2020-1,org.thoughtcrime.securesms.components.emoji.EmojiProvider,top_level,0,99,0,0,1,2,0,1,0,1,0,1,0,1,0,1,0,1
Signal-Android,2020-1,org.thoughtcrime.securesms.components.emoji.EmojiSpan,top_level,0,27,0,0,1,1,0,1,0,1,0,1,0,1,0,1,0,1
Signal-Android,2020-1,org.thoughtcrime.securesms.components.emoji.EmojiStrings,top_level,0,2,0,0,0,,,0,,0,,0,,0,,0,,0
Signal-Android,2020-1,org.thoughtcrime.securesms.components.emoji.EmojiTextView,top_level,16,115,0,6,1,21,0,1,0,1,0,1,0,1,14,1,0,1
Signal-Android,2020-1,org.thoughtcrime.securesms.components.emoji.EmojiToggle,top_level,9,41,0,7,0,,,0,,0,,0,,0,,0,,0
Signal-Android,2020-1,org.thoughtcrime.securesms.components.emoji.EmojiVariationSelectorPopup,top_level,0,25,0,0,1,4,0,1,0,1,0,1,0,1,4,1,0,1
Signal-Android,2020-1,org.thoughtcrime.securesms.components.emoji.MediaKeyboard,top_level,22,179,0,12,1,13,0,1,0,1,0,1,0,1,12,1,0,1
Signal-Android,2020-1,org.thoughtcrime.securesms.components.emoji.MediaKeyboardBottomTabAdapter,top_level,4,55,0,4,1,1,0,1,0,1,0,1,0,1,1,1,0,1
Signal-Android,2020-1,org.thoughtcrime.securesms.components.emoji.MediaKeyboardProvider,top_level,3,27,0,3,0,,,0,,0,,0,,0,,0,,0
Signal-Android,2020-1,org.thoughtcrime.securesms.components.emoji.RecentEmojiPageModel,top_level,3,58,0,3,1,6,0,1,0,1,0,1,0,1,6,1,0,1
Signal-Android,2020-1,org.thoughtcrime.securesms.components.emoji.StaticEmojiPageModel,top_level,3,35,0,3,0,,,0,,0,,0,,0,,0,,0
Signal-Android,2020-1,org.thoughtcrime.securesms.components.emoji.parsing.EmojiDrawInfo,top_level,1,16,0,1,0,,,0,,0,,0,,0,,0,,0
Signal-Android,2020-1,org.thoughtcrime.securesms.components.emoji.parsing.EmojiPageBitmap,top_level,0,60,0,0,1,4,0,1,0,1,0,1,0,1,4,1,0,1
Signal-Android,2020-1,org.thoughtcrime.securesms.components.emoji.parsing.EmojiParser,top_level,0,56,0,0,1,3,0,1,0,1,0,1,0,1,2,1,0,1
Signal-Android,2020-1,org.thoughtcrime.securesms.components.emoji.parsing.EmojiTree,top_level,0,56,0,0,1,11,0,1,0,1,0,1,0,1,10,1,0,1
Signal-Android,2020-1,org.thoughtcrime.securesms.components.emoji.parsing.Fitzpatrick,top_level,0,22,0,0,1,3,0,1,0,1,0,1,0,1,3,1,0,1
Signal-Android,2020-1,org.thoughtcrime.securesms.components.identity.UntrustedSendDialog,top_level,0,31,0,0,0,,,0,,0,,0,,0,,0,,0
Signal-Android,2020-1,org.thoughtcrime.securesms.components.identity.UnverifiedBannerView,top_level,2,48,0,2,1,1,0,1,0,1,0,1,0,1,1,1,0,1
Signal-Android,2020-1,org.thoughtcrime.securesms.components.identity.UnverifiedSendDialog,top_level,0,33,0,0,0,,,0,,0,,0,,0,,0,,0
Signal-Android,2020-1,org.thoughtcrime.securesms.components.location.SignalMapView,top_level,0,50,0,0,1,2,0,1,0,1,0,1,0,1,2,1,0,1
Signal-Android,2020-1,org.thoughtcrime.securesms.components.location.SignalPlace,top_level,1,42,0,1,1,4,0,1,0,1,0,1,0,1,4,1,0,1
Signal-Android,2020-1,org.thoughtcrime.securesms.components.recyclerview.DeleteItemAnimator,top_level,1,11,0,1,0,,,0,,0,,0,,0,,0,,0
Signal-Android,2020-1,org.thoughtcrime.securesms.components.recyclerview.SmoothScrollingLinearLayoutManager,top_level,0,14,0,0,0,,,0,,0,,0,,0,,0,,0
Signal-Android,2020-1,org.thoughtcrime.securesms.components.registration.CallMeCountDownView,top_level,7,34,0,4,1,1,0,1,0,1,0,1,0,1,1,1,0,1
Signal-Android,2020-1,org.thoughtcrime.securesms.components.registration.PulsingFloatingActionButton,top_level,5,26,0,3,1,2,0,1,0,1,0,1,0,1,2,1,0,1
Signal-Android,2020-1,org.thoughtcrime.securesms.components.registration.VerificationCodeView,top_level,9,74,0,4,1,9,0,1,0,1,0,1,0,1,9,1,0,1
Signal-Android,2020-1,org.thoughtcrime.securesms.components.registration.VerificationPinKeyboard,top_level,4,133,0,4,1,7,0,1,0,1,0,1,0,1,3,1,0,1
Signal-Android,2020-1,org.thoughtcrime.securesms.components.reminder.DefaultSmsReminder,top_level,0,25,0,0,0,,,0,,0,,0,,0,,0,,0
Signal-Android,2020-1,org.thoughtcrime.securesms.components.reminder.DozeReminder,top_level,0,22,0,0,0,,,0,,0,,0,,0,,0,,0
Signal-Android,2020-1,org.thoughtcrime.securesms.components.reminder.ExpiredBuildReminder,top_level,2,21,0,1,0,,,0,,0,,0,,0,,0,,0
Signal-Android,2020-1,org.thoughtcrime.securesms.components.reminder.FirstInviteReminder,top_level,0,8,0,0,0,,,0,,0,,0,,0,,0,,0
Signal-Android,2020-1,org.thoughtcrime.securesms.components.reminder.OutdatedBuildReminder,top_level,2,25,0,1,1,1,0,1,0,1,0,1,0,1,1,1,0,1
Signal-Android,2020-1,org.thoughtcrime.securesms.components.reminder.PushRegistrationReminder,top_level,1,10,0,1,0,,,0,,0,,0,,0,,0,,0
Signal-Android,2020-1,org.thoughtcrime.securesms.components.reminder.Reminder,top_level,4,44,0,4,1,2,0,1,0,1,0,1,0,1,0,1,0,1
Signal-Android,2020-1,org.thoughtcrime.securesms.components.reminder.ReminderActionsAdapter,top_level,3,24,0,2,1,3,0,1,0,1,0,1,0,1,3,1,0,1
Signal-Android,2020-1,org.thoughtcrime.securesms.components.reminder.ReminderView,top_level,7,82,0,6,1,4,0,1,0,1,0,1,0,1,4,1,0,1
Signal-Android,2020-1,org.thoughtcrime.securesms.components.reminder.SecondInviteReminder,top_level,1,13,0,1,0,,,0,,0,,0,,0,,0,,0
Signal-Android,2020-1,org.thoughtcrime.securesms.components.reminder.ServiceOutageReminder,top_level,1,13,0,1,0,,,0,,0,,0,,0,,0,,0
Signal-Android,2020-1,org.thoughtcrime.securesms.components.reminder.ShareReminder,top_level,0,23,0,0,1,1,0,1,0,1,0,1,0,1,1,1,0,1
Signal-Android,2020-1,org.thoughtcrime.securesms.components.reminder.SystemSmsImportReminder,top_level,0,22,0,0,0,,,0,,0,,0,,0,,0,,0
Signal-Android,2020-1,org.thoughtcrime.securesms.components.reminder.UnauthorizedReminder,top_level,1,12,0,1,0,,,0,,0,,0,,0,,0,,0
Signal-Android,2020-1,org.thoughtcrime.securesms.components.subsampling.AttachmentBitmapDecoder,top_level,1,16,0,1,1,1,0,1,0,1,0,1,0,1,0,1,0,1
Signal-Android,2020-1,org.thoughtcrime.securesms.components.subsampling.AttachmentRegionDecoder,top_level,3,37,0,2,1,2,0,1,0,1,0,1,0,1,1,1,0,1
Signal-Android,2020-1,org.thoughtcrime.securesms.components.viewpager.ExtendedOnPageChangedListener,top_level,6,11,0,4,0,,,0,,0,,0,,0,,0,,0
Signal-Android,2020-1,org.thoughtcrime.securesms.components.viewpager.HackyViewPager,top_level,0,13,0,0,0,,,0,,0,,0,,0,,0,,0
Signal-Android,2020-1,org.thoughtcrime.securesms.components.webrtc.PercentFrameLayout,top_level,15,66,0,7,1,6,0,1,0,1,0,1,0,1,6,1,0,1
Signal-Android,2020-1,org.thoughtcrime.securesms.components.webrtc.WebRtcAnswerDeclineButton,top_level,12,224,0,8,1,41,0,1,0,1,0,1,0,1,33,1,0,1
Signal-Android,2020-1,org.thoughtcrime.securesms.components.webrtc.WebRtcCallControls,top_level,21,122,0,15,1,5,0,1,0,1,0,1,0,1,5,1,0,1
Signal-Android,2020-1,org.thoughtcrime.securesms.components.webrtc.WebRtcCallScreen,top_level,22,246,0,9,1,30,0,1,0,1,0,1,0,1,25,1,1,1
Signal-Android,2020-1,org.thoughtcrime.securesms.contacts.ArrayListCursor,top_level,9,94,0,9,1,13,0,1,0,1,0,1,0,1,7,1,0,1
Signal-Android,2020-1,org.thoughtcrime.securesms.contacts.ContactAccessor,top_level,1,194,0,0,1,17,0,1,0,1,0,1,0,1,17,1,0,1
Signal-Android,2020-1,org.thoughtcrime.securesms.contacts.ContactIdentityManager,top_level,1,9,0,1,0,,,0,,0,,0,,0,,0,,0
Signal-Android,2020-1,org.thoughtcrime.securesms.contacts.ContactIdentityManagerICS,top_level,1,41,0,1,1,2,0,1,0,1,0,1,0,1,2,1,0,1
Signal-Android,2020-1,org.thoughtcrime.securesms.contacts.ContactRepository,top_level,0,97,0,0,1,22,0,1,0,1,0,1,0,1,21,1,0,1
Signal-Android,2020-1,org.thoughtcrime.securesms.contacts.ContactSelectionListAdapter,top_level,7,143,0,5,1,13,0,1,0,1,0,1,0,1,13,1,0,1
Signal-Android,2020-1,org.thoughtcrime.securesms.contacts.ContactSelectionListItem,top_level,3,90,0,3,0,,,0,,0,,0,,0,,0,,0
Signal-Android,2020-1,org.thoughtcrime.securesms.contacts.ContactsCursorLoader,top_level,4,209,0,0,1,29,0,1,0,1,0,1,0,1,28,1,0,1
Signal-Android,2020-1,org.thoughtcrime.securesms.contacts.ContactsDatabase,top_level,0,325,0,0,1,100,0,1,0,1,0,1,0,1,94,1,0,1
Signal-Android,2020-1,org.thoughtcrime.securesms.contacts.ContactsSyncAdapter,top_level,1,19,0,1,0,,,0,,0,,0,,0,,0,,0
Signal-Android,2020-1,org.thoughtcrime.securesms.contacts.NameAndNumber,top_level,1,7,0,1,0,,,0,,0,,0,,0,,0,,0
Signal-Android,2020-1,org.thoughtcrime.securesms.contacts.RecipientsAdapter,top_level,0,72,0,0,1,10,0,1,0,1,0,1,0,1,7,1,0,1
Signal-Android,2020-1,org.thoughtcrime.securesms.contacts.RecipientsEditor,top_level,8,178,0,4,1,12,0,1,0,1,0,1,0,1,10,1,0,1
Signal-Android,2020-1,org.thoughtcrime.securesms.contacts.SelectedContact,top_level,1,30,0,1,1,2,0,1,0,1,0,1,0,1,1,1,0,1
Signal-Android,2020-1,org.thoughtcrime.securesms.contacts.avatars.ContactColors,top_level,0,17,0,0,1,1,0,1,0,1,0,1,0,1,0,1,0,1
Signal-Android,2020-1,org.thoughtcrime.securesms.contacts.avatars.ContactColorsLegacy,top_level,0,24,0,0,1,1,0,1,0,1,0,1,0,1,0,1,0,1
Signal-Android,2020-1,org.thoughtcrime.securesms.contacts.avatars.ContactPhoto,top_level,3,4,0,1,0,,,0,,0,,0,,0,,0,,0
Signal-Android,2020-1,org.thoughtcrime.securesms.contacts.avatars.FallbackContactPhoto,top_level,4,5,0,0,0,,,0,,0,,0,,0,,0,,0
Signal-Android,2020-1,org.thoughtcrime.securesms.contacts.avatars.GeneratedContactPhoto,top_level,0,48,0,0,1,12,0,1,0,1,0,1,0,1,12,1,0,1
Signal-Android,2020-1,org.thoughtcrime.securesms.contacts.avatars.GroupRecordContactPhoto,top_level,2,31,0,2,1,5,0,1,0,1,0,1,0,1,4,1,0,1
Signal-Android,2020-1,org.thoughtcrime.securesms.contacts.avatars.ProfileContactPhoto,top_level,2,28,0,2,1,3,0,1,0,1,0,1,0,1,2,1,0,1
Signal-Android,2020-1,org.thoughtcrime.securesms.contacts.avatars.ResourceContactPhoto,top_level,3,42,0,3,1,3,0,1,0,1,0,1,0,1,3,1,0,1
Signal-Android,2020-1,org.thoughtcrime.securesms.contacts.avatars.SystemContactPhoto,top_level,2,30,0,2,1,4,0,1,0,1,0,1,0,1,3,1,0,1
Signal-Android,2020-1,org.thoughtcrime.securesms.contacts.avatars.TransparentContactPhoto,top_level,1,14,0,1,1,1,0,1,0,1,0,1,0,1,1,1,0,1
Signal-Android,2020-1,org.thoughtcrime.securesms.contacts.sync.DirectoryHelper,top_level,0,20,0,0,1,2,0,1,0,1,0,1,0,1,1,1,0,1
Signal-Android,2020-1,org.thoughtcrime.securesms.contacts.sync.DirectoryHelperV1,top_level,0,213,0,0,1,58,0,1,0,1,0,1,0,1,53,1,1,1
Signal-Android,2020-1,org.thoughtcrime.securesms.contacts.sync.StorageSyncHelper,top_level,3,298,0,0,1,98,1,1,0,1,1,1,0,1,87,1,0,1
Signal-Android,2020-1,org.thoughtcrime.securesms.contactshare.Contact,top_level,4,407,0,4,1,5,3,1,0,1,0,1,0,1,0,1,0,1
Signal-Android,2020-1,org.thoughtcrime.securesms.contactshare.ContactFieldAdapter,top_level,3,150,0,3,1,11,0,1,0,1,0,1,0,1,11,1,0,1
Signal-Android,2020-1,org.thoughtcrime.securesms.contactshare.ContactModelMapper,top_level,0,109,0,0,1,46,0,1,0,1,0,1,0,1,45,1,0,1
Signal-Android,2020-1,org.thoughtcrime.securesms.contactshare.ContactNameEditActivity,top_level,3,83,0,3,1,10,0,1,0,1,0,1,0,1,10,1,0,1
Signal-Android,2020-1,org.thoughtcrime.securesms.contactshare.ContactNameEditViewModel,top_level,3,77,0,2,1,19,0,1,0,1,0,1,0,1,19,1,0,1
Signal-Android,2020-1,org.thoughtcrime.securesms.contactshare.ContactShareEditActivity,top_level,2,70,0,2,1,8,0,1,0,1,0,1,0,1,8,1,0,1
Signal-Android,2020-1,org.thoughtcrime.securesms.contactshare.ContactShareEditAdapter,top_level,2,46,0,2,1,1,0,1,0,1,0,1,0,1,1,1,0,1
Signal-Android,2020-1,org.thoughtcrime.securesms.contactshare.ContactShareEditViewModel,top_level,0,61,0,0,1,11,0,1,0,1,0,1,0,1,10,1,0,1
Signal-Android,2020-1,org.thoughtcrime.securesms.contactshare.ContactUtil,top_level,0,119,0,0,1,62,0,1,0,1,0,1,0,1,54,1,0,1
Signal-Android,2020-1,org.thoughtcrime.securesms.contactshare.ContactUtilTest_getPrettyPhoneNumber,top_level,1,23,0,1,0,,,0,,0,,0,,0,,0,,0
Signal-Android,2020-1,org.thoughtcrime.securesms.contactshare.Selectable,top_level,2,3,0,2,0,,,0,,0,,0,,0,,0,,0
Signal-Android,2020-1,org.thoughtcrime.securesms.contactshare.SharedContactDetailsActivity,top_level,6,146,0,5,1,17,0,1,0,1,0,1,0,1,16,1,0,1
Signal-Android,2020-1,org.thoughtcrime.securesms.contactshare.SharedContactRepository,top_level,2,231,0,1,1,55,0,1,0,1,0,1,0,1,45,1,1,1
Signal-Android,2020-1,org.thoughtcrime.securesms.contactshare.SimpleTextWatcher,top_level,0,9,0,0,0,,,0,,0,,0,,0,,0,,0
Signal-Android,2020-1,org.thoughtcrime.securesms.conversation.ConversationActivity,top_level,192,1898,0,80,1,323,0,1,2,1,1,1,0,1,280,1,1,1
Signal-Android,2020-1,org.thoughtcrime.securesms.conversation.ConversationAdapter<V>,top_level,38,273,0,10,0,,,0,,0,,0,,0,,0,,0
Signal-Android,2020-1,org.thoughtcrime.securesms.conversation.ConversationFragment,top_level,48,784,0,17,1,144,0,1,0,1,0,1,0,1,122,1,1,1
Signal-Android,2020-1,org.thoughtcrime.securesms.conversation.ConversationItem,top_level,23,893,0,9,1,223,0,1,1,1,0,1,0,1,194,1,0,1
Signal-Android,2020-1,org.thoughtcrime.securesms.conversation.ConversationItemBodyBubble,top_level,0,15,0,0,0,,,0,,0,,0,,0,,0,,0
Signal-Android,2020-1,org.thoughtcrime.securesms.conversation.ConversationItemReactionBubbles,top_level,2,101,0,2,1,15,0,1,0,1,0,1,0,1,8,1,0,1
Signal-Android,2020-1,org.thoughtcrime.securesms.conversation.ConversationItemSwipeCallback,top_level,5,113,0,3,1,7,0,1,0,1,0,1,0,1,6,1,0,1
Signal-Android,2020-1,org.thoughtcrime.securesms.conversation.ConversationItemTouchListener,top_level,1,11,0,1,0,,,0,,0,,0,,0,,0,,0
Signal-Android,2020-1,org.thoughtcrime.securesms.conversation.ConversationPopupActivity,top_level,8,68,0,6,1,16,0,1,0,1,0,1,0,1,16,1,0,1
Signal-Android,2020-1,org.thoughtcrime.securesms.conversation.ConversationReactionOverlay,top_level,21,347,0,13,1,85,0,1,0,1,0,1,0,1,71,1,1,1
Signal-Android,2020-1,org.thoughtcrime.securesms.conversation.ConversationSearchViewModel,top_level,8,67,0,5,1,5,0,1,0,1,0,1,0,1,5,1,0,1
Signal-Android,2020-1,org.thoughtcrime.securesms.conversation.ConversationStickerSuggestionAdapter,top_level,3,40,0,3,1,1,0,1,0,1,0,1,0,1,1,1,0,1
Signal-Android,2020-1,org.thoughtcrime.securesms.conversation.ConversationStickerViewModel,top_level,1,43,0,1,1,1,0,1,0,1,0,1,0,1,1,1,0,1
Signal-Android,2020-1,org.thoughtcrime.securesms.conversation.ConversationSwipeAnimationHelper,top_level,2,85,0,1,1,5,0,1,0,1,0,1,0,1,5,1,0,1
Signal-Android,2020-1,org.thoughtcrime.securesms.conversation.ConversationTitleView,top_level,12,114,0,7,1,7,0,1,0,1,0,1,0,1,7,1,0,1
Signal-Android,2020-1,org.thoughtcrime.securesms.conversation.ConversationUpdateItem,top_level,5,160,0,2,1,12,0,1,0,1,0,1,0,1,10,1,0,1
Signal-Android,2020-1,org.thoughtcrime.securesms.conversationlist.ConversationListAdapter,top_level,10,106,0,6,1,14,0,1,0,1,0,1,0,1,13,1,0,1
Signal-Android,2020-1,org.thoughtcrime.securesms.conversationlist.ConversationListArchiveFragment,top_level,8,66,0,7,1,10,0,1,0,1,0,1,0,1,8,1,0,1
Signal-Android,2020-1,org.thoughtcrime.securesms.conversationlist.ConversationListFragment,top_level,52,500,0,26,1,95,0,1,0,1,0,1,0,1,86,1,1,1
Signal-Android,2020-1,org.thoughtcrime.securesms.conversationlist.ConversationListItem,top_level,8,237,0,7,1,21,0,1,0,1,0,1,0,1,11,1,1,1
Signal-Android,2020-1,org.thoughtcrime.securesms.conversationlist.ConversationListItemAction,top_level,2,23,0,2,1,1,0,1,0,1,0,1,0,1,1,1,0,1
Signal-Android,2020-1,org.thoughtcrime.securesms.conversationlist.ConversationListItemInboxZero,top_level,1,19,0,1,0,,,0,,0,,0,,0,,0,,0
Signal-Android,2020-1,org.thoughtcrime.securesms.conversationlist.ConversationListSearchAdapter,top_level,12,125,0,7,1,9,0,1,0,1,0,1,0,1,8,1,0,1
Signal-Android,2020-1,org.thoughtcrime.securesms.conversationlist.ConversationListViewModel,top_level,1,39,0,1,1,1,0,1,0,1,0,1,0,1,1,1,0,1
Signal-Android,2020-1,org.thoughtcrime.securesms.conversationlist.model.MessageResult,top_level,0,16,0,0,1,1,1,1,0,1,0,1,0,1,0,1,0,1
Signal-Android,2020-1,org.thoughtcrime.securesms.conversationlist.model.SearchResult,top_level,2,26,0,2,1,1,1,1,0,1,0,1,0,1,0,1,0,1
Signal-Android,2020-1,org.thoughtcrime.securesms.crypto.AsymmetricMasterCipher,top_level,6,53,0,3,1,5,0,1,0,1,0,1,0,1,5,1,0,1
Signal-Android,2020-1,org.thoughtcrime.securesms.crypto.AsymmetricMasterSecret,top_level,0,10,0,0,0,,,0,,0,,0,,0,,0,,0
Signal-Android,2020-1,org.thoughtcrime.securesms.crypto.AttachmentSecret,top_level,7,52,0,7,0,,,0,,0,,0,,0,,0,,0
Signal-Android,2020-1,org.thoughtcrime.securesms.crypto.AttachmentSecretProvider,top_level,0,51,0,0,1,8,0,1,0,1,0,1,0,1,7,1,0,1
Signal-Android,2020-1,org.thoughtcrime.securesms.crypto.ClassicDecryptingPartInputStream,top_level,0,71,0,0,1,2,0,1,0,1,0,1,0,1,1,1,0,1
Signal-Android,2020-1,org.thoughtcrime.securesms.crypto.DatabaseSecret,top_level,2,13,0,2,0,,,0,,0,,0,,0,,0,,0
Signal-Android,2020-1,org.thoughtcrime.securesms.crypto.DatabaseSecretProvider,top_level,0,41,0,0,1,3,0,1,0,1,0,1,0,1,3,1,0,1
Signal-Android,2020-1,org.thoughtcrime.securesms.crypto.IdentityKeyParcelable,top_level,1,27,0,1,1,1,0,1,0,1,0,1,0,1,1,1,0,1
Signal-Android,2020-1,org.thoughtcrime.securesms.crypto.IdentityKeyUtil,top_level,0,82,0,0,1,17,0,1,0,1,0,1,0,1,16,1,0,1
Signal-Android,2020-1,org.thoughtcrime.securesms.crypto.InvalidPassphraseException,top_level,1,9,0,1,0,,,0,,0,,0,,0,,0,,0
Signal-Android,2020-1,org.thoughtcrime.securesms.crypto.KeyStoreHelper,top_level,6,89,0,0,1,13,0,1,0,1,0,1,0,1,11,1,0,1
Signal-Android,2020-1,org.thoughtcrime.securesms.crypto.MasterCipher,top_level,4,102,0,2,1,1,0,1,0,1,0,1,0,1,1,1,0,1
Signal-Android,2020-1,org.thoughtcrime.securesms.crypto.MasterSecret,top_level,2,48,0,2,1,9,0,1,0,1,0,1,0,1,9,1,0,1
Signal-Android,2020-1,org.thoughtcrime.securesms.crypto.MasterSecretUtil,top_level,5,208,0,0,1,38,0,1,0,1,0,1,0,1,35,1,1,1
Signal-Android,2020-1,org.thoughtcrime.securesms.crypto.ModernDecryptingPartInputStream,top_level,0,36,0,0,1,2,0,1,0,1,0,1,0,1,1,1,0,1
Signal-Android,2020-1,org.thoughtcrime.securesms.crypto.ModernEncryptingPartOutputStream,top_level,0,18,0,0,1,2,0,1,0,1,0,1,0,1,1,1,0,1
Signal-Android,2020-1,org.thoughtcrime.securesms.crypto.PreKeyUtil,top_level,0,34,0,0,1,3,0,1,0,1,0,1,0,1,2,1,0,1
Signal-Android,2020-1,org.thoughtcrime.securesms.crypto.ProfileKeyUtil,top_level,0,15,0,0,1,1,0,1,0,1,0,1,0,1,0,1,0,1
Signal-Android,2020-1,org.thoughtcrime.securesms.crypto.PublicKey,top_level,10,41,0,8,1,1,0,1,0,1,0,1,0,1,1,1,0,1
Signal-Android,2020-1,org.thoughtcrime.securesms.crypto.SecurityEvent,top_level,0,6,0,0,1,1,0,1,0,1,0,1,0,1,0,1,0,1
Signal-Android,2020-1,org.thoughtcrime.securesms.crypto.SessionUtil,top_level,0,10,0,0,1,2,0,1,0,1,0,1,0,1,1,1,0,1
Signal-Android,2020-1,org.thoughtcrime.securesms.crypto.UnidentifiedAccessUtil,top_level,0,67,0,0,1,7,0,1,0,1,0,1,0,1,6,1,0,1
Signal-Android,2020-1,org.thoughtcrime.securesms.crypto.storage.SignalProtocolStoreImpl,top_level,5,70,0,5,1,1,0,1,0,1,0,1,0,1,0,1,0,1
Signal-Android,2020-1,org.thoughtcrime.securesms.crypto.storage.TextSecureIdentityKeyStore,top_level,1,91,0,1,1,24,0,1,0,1,0,1,0,1,24,1,0,1
Signal-Android,2020-1,org.thoughtcrime.securesms.crypto.storage.TextSecurePreKeyStore,top_level,4,44,0,4,1,9,0,1,0,1,0,1,0,1,9,1,0,1
Signal-Android,2020-1,org.thoughtcrime.securesms.crypto.storage.TextSecureSessionStore,top_level,2,71,0,1,1,26,0,1,0,1,0,1,0,1,26,1,0,1
Signal-Android,2020-1,org.thoughtcrime.securesms.database.ApnDatabase,top_level,0,98,0,0,1,3,0,1,0,1,0,1,0,1,2,1,0,1
Signal-Android,2020-1,org.thoughtcrime.securesms.database.AttachmentDatabase,top_level,13,775,0,5,1,85,0,1,0,1,0,1,0,1,72,1,0,1
Signal-Android,2020-1,org.thoughtcrime.securesms.database.ContentValuesBuilder,top_level,0,19,0,0,0,,,0,,0,,0,,0,,0,,0
Signal-Android,2020-1,org.thoughtcrime.securesms.database.CursorList<T>,top_level,12,108,0,10,0,,,0,,0,,0,,0,,0,,0
Signal-Android,2020-1,org.thoughtcrime.securesms.database.CursorRecyclerViewAdapter<VH>,top_level,27,130,0,16,0,,,0,,0,,0,,0,,0,,0
Signal-Android,2020-1,org.thoughtcrime.securesms.database.Database,top_level,5,34,0,5,1,8,0,1,0,1,0,1,0,1,8,1,0,1
Signal-Android,2020-1,org.thoughtcrime.securesms.database.DatabaseContentProviders,top_level,0,35,0,0,0,,,0,,0,,0,,0,,0,,0
Signal-Android,2020-1,org.thoughtcrime.securesms.database.DatabaseFactory,top_level,1,116,0,1,1,31,0,1,0,1,0,1,0,1,28,1,0,1
Signal-Android,2020-1,org.thoughtcrime.securesms.database.DraftDatabase,top_level,2,95,0,2,1,4,1,1,0,1,0,1,0,1,3,1,0,1
Signal-Android,2020-1,org.thoughtcrime.securesms.database.EarlyReceiptCache,top_level,0,22,0,0,1,1,0,1,0,1,0,1,0,1,1,1,0,1
Signal-Android,2020-1,"org.thoughtcrime.securesms.database.FastCursorRecyclerViewAdapter<VH,T>",top_level,19,59,0,14,0,,,0,,0,,0,,0,,0,,0
Signal-Android,2020-1,org.thoughtcrime.securesms.database.GroupDatabase,top_level,2,296,0,2,1,28,1,1,0,1,1,1,0,1,26,1,0,1
Signal-Android,2020-1,org.thoughtcrime.securesms.database.GroupReceiptDatabase,top_level,2,75,0,2,1,2,1,1,0,1,0,1,0,1,1,1,0,1
Signal-Android,2020-1,org.thoughtcrime.securesms.database.IdentityDatabase,top_level,0,150,0,0,1,12,1,1,0,1,0,1,0,1,11,1,0,1
Signal-Android,2020-1,org.thoughtcrime.securesms.database.JobDatabase,top_level,1,186,0,1,1,13,0,1,0,1,0,1,3,1,9,1,0,1
Signal-Android,2020-1,org.thoughtcrime.securesms.database.MediaDatabase,top_level,9,197,0,1,1,11,2,1,0,1,0,1,0,1,9,1,0,1
Signal-Android,2020-1,org.thoughtcrime.securesms.database.MessagingDatabase,top_level,11,265,0,9,1,31,1,1,0,1,0,1,0,1,27,1,1,1
Signal-Android,2020-1,org.thoughtcrime.securesms.database.MmsDatabase,top_level,52,1052,0,31,1,201,1,1,0,1,0,1,0,1,175,1,1,1
Signal-Android,2020-1,org.thoughtcrime.securesms.database.MmsSmsColumns,top_level,0,164,0,0,1,1,0,1,0,1,0,1,0,1,0,1,0,1
Signal-Android,2020-1,org.thoughtcrime.securesms.database.MmsSmsDatabase,top_level,11,357,0,7,1,34,0,1,1,1,0,1,0,1,31,1,0,1
Signal-Android,2020-1,org.thoughtcrime.securesms.database.NoExternalStorageException,top_level,1,8,0,1,0,,,0,,0,,0,,0,,0,,0
Signal-Android,2020-1,org.thoughtcrime.securesms.database.NoSuchMessageException,top_level,0,3,0,0,0,,,0,,0,,0,,0,,0,,0
Signal-Android,2020-1,org.thoughtcrime.securesms.database.NotInDirectoryException,top_level,0,1,0,0,0,,,0,,0,,0,,0,,0,,0
Signal-Android,2020-1,org.thoughtcrime.securesms.database.ObservableContent,top_level,2,3,0,0,0,,,0,,0,,0,,0,,0,,0
Signal-Android,2020-1,org.thoughtcrime.securesms.database.OneTimePreKeyDatabase,top_level,1,37,0,1,1,5,0,1,0,1,0,1,0,1,5,1,0,1
Signal-Android,2020-1,org.thoughtcrime.securesms.database.PushDatabase,top_level,1,118,0,1,1,7,0,1,0,1,0,1,0,1,7,1,0,1
Signal-Android,2020-1,org.thoughtcrime.securesms.database.RecipientDatabase,top_level,7,1015,0,4,1,146,1,1,0,1,1,1,0,1,128,1,1,1
Signal-Android,2020-1,org.thoughtcrime.securesms.database.SearchDatabase,top_level,0,112,0,0,1,5,0,1,0,1,0,1,0,1,5,1,0,1
Signal-Android,2020-1,org.thoughtcrime.securesms.database.SessionDatabase,top_level,0,92,0,0,1,1,0,1,0,1,0,1,0,1,1,1,0,1
Signal-Android,2020-1,org.thoughtcrime.securesms.database.SignedPreKeyDatabase,top_level,1,60,0,1,1,5,0,1,0,1,0,1,0,1,5,1,0,1
Signal-Android,2020-1,org.thoughtcrime.securesms.database.SmsDatabase,top_level,46,600,0,34,1,82,0,1,0,1,0,1,0,1,64,1,1,1
Signal-Android,2020-1,org.thoughtcrime.securesms.database.SmsMigrator,top_level,0,163,0,0,1,22,0,1,0,1,0,1,0,1,21,1,0,1
Signal-Android,2020-1,org.thoughtcrime.securesms.database.StickerDatabase,top_level,6,281,0,2,1,21,0,1,0,1,0,1,0,1,19,1,0,1
Signal-Android,2020-1,org.thoughtcrime.securesms.database.StorageKeyDatabase,top_level,2,55,0,2,1,5,0,1,0,1,0,1,0,1,5,1,0,1
Signal-Android,2020-1,org.thoughtcrime.securesms.database.ThreadDatabase,top_level,35,527,0,16,1,57,0,1,0,1,1,1,0,1,52,1,1,1
Signal-Android,2020-1,org.thoughtcrime.securesms.database.XmlBackup,top_level,17,154,0,1,1,27,1,1,0,1,1,1,0,1,19,1,0,1
Signal-Android,2020-1,org.thoughtcrime.securesms.database.documents.Document<T>,top_level,2,3,0,1,0,,,0,,0,,0,,0,,0,,0
Signal-Android,2020-1,org.thoughtcrime.securesms.database.documents.IdentityKeyMismatch,top_level,2,48,0,2,1,1,0,1,0,1,0,1,0,1,1,1,0,1
Signal-Android,2020-1,org.thoughtcrime.securesms.database.documents.IdentityKeyMismatchList,top_level,3,15,0,2,1,1,0,1,0,1,0,1,0,1,0,1,0,1
Signal-Android,2020-1,org.thoughtcrime.securesms.database.documents.NetworkFailure,top_level,2,25,0,2,1,1,0,1,0,1,0,1,0,1,1,1,0,1
Signal-Android,2020-1,org.thoughtcrime.securesms.database.documents.NetworkFailureList,top_level,3,15,0,2,1,1,0,1,0,1,0,1,0,1,0,1,0,1
Signal-Android,2020-1,org.thoughtcrime.securesms.database.helpers.ClassicOpenHelper,top_level,0,961,0,0,1,94,0,1,2,1,0,1,0,1,62,1,1,1
Signal-Android,2020-1,org.thoughtcrime.securesms.database.helpers.PreKeyMigrationHelper,top_level,0,122,0,0,1,22,0,1,0,1,0,1,0,1,12,1,0,1
Signal-Android,2020-1,org.thoughtcrime.securesms.database.helpers.RecipientIdCleanupHelper,top_level,0,46,0,0,1,3,0,1,0,1,0,1,0,1,1,1,0,1
Signal-Android,2020-1,org.thoughtcrime.securesms.database.helpers.RecipientIdMigrationHelper,top_level,0,187,0,0,1,13,0,1,1,1,0,1,0,1,0,1,0,1
Signal-Android,2020-1,org.thoughtcrime.securesms.database.helpers.SQLCipherMigrationHelper,top_level,1,144,0,0,1,15,0,1,1,1,0,1,0,1,5,1,0,1
Signal-Android,2020-1,org.thoughtcrime.securesms.database.helpers.SQLCipherOpenHelper,top_level,0,446,0,0,1,29,0,1,1,1,0,1,0,1,14,1,1,1
Signal-Android,2020-1,org.thoughtcrime.securesms.database.helpers.SessionStoreMigrationHelper,top_level,0,55,0,0,1,8,0,1,0,1,0,1,0,1,1,1,0,1
Signal-Android,2020-1,org.thoughtcrime.securesms.database.identity.IdentityRecordList,top_level,10,51,0,4,1,1,0,1,0,1,0,1,0,1,1,1,0,1
Signal-Android,2020-1,org.thoughtcrime.securesms.database.loaders.BlockedContactsLoader,top_level,0,6,0,0,1,1,0,1,0,1,0,1,0,1,1,1,0,1
Signal-Android,2020-1,org.thoughtcrime.securesms.database.loaders.ConversationListLoader,top_level,0,42,0,0,1,8,0,1,0,1,0,1,0,1,8,1,0,1
Signal-Android,2020-1,org.thoughtcrime.securesms.database.loaders.ConversationLoader,top_level,5,30,0,5,1,4,0,1,0,1,0,1,0,1,2,1,0,1
Signal-Android,2020-1,org.thoughtcrime.securesms.database.loaders.CountryListLoader,top_level,0,24,0,0,1,3,0,1,0,1,0,1,0,1,3,1,0,1
Signal-Android,2020-1,org.thoughtcrime.securesms.database.loaders.DeviceListLoader,top_level,0,57,0,0,1,20,0,1,0,1,0,1,0,1,19,1,0,1
Signal-Android,2020-1,org.thoughtcrime.securesms.database.loaders.GroupedThreadMediaLoader,top_level,10,182,0,4,1,14,0,1,0,1,0,1,0,1,14,1,0,1
Signal-Android,2020-1,org.thoughtcrime.securesms.database.loaders.MediaLoader,top_level,0,8,0,0,0,,,0,,0,,0,,0,,0,,0
Signal-Android,2020-1,org.thoughtcrime.securesms.database.loaders.MessageDetailsLoader,top_level,0,16,0,0,1,2,0,1,0,1,0,1,0,1,2,1,0,1
Signal-Android,2020-1,org.thoughtcrime.securesms.database.loaders.PagingMediaLoader,top_level,0,22,0,0,1,2,0,1,0,1,0,1,0,1,2,1,0,1
Signal-Android,2020-1,org.thoughtcrime.securesms.database.loaders.RecentPhotosLoader,top_level,0,26,0,0,1,2,0,1,0,1,0,1,1,1,1,1,0,1
Signal-Android,2020-1,org.thoughtcrime.securesms.database.loaders.RecipientMediaLoader,top_level,0,18,0,0,1,1,0,1,0,1,0,1,0,1,1,1,0,1
Signal-Android,2020-1,org.thoughtcrime.securesms.database.loaders.ThreadMediaLoader,top_level,0,26,0,0,0,,,0,,0,,0,,0,,0,,0
Signal-Android,2020-1,org.thoughtcrime.securesms.database.model.DisplayRecord,top_level,24,81,0,24,1,20,0,1,0,1,0,1,0,1,20,1,0,1
Signal-Android,2020-1,org.thoughtcrime.securesms.database.model.IncomingSticker,top_level,3,41,0,3,1,1,1,1,0,1,0,1,0,1,0,1,0,1
Signal-Android,2020-1,org.thoughtcrime.securesms.database.model.MediaMmsMessageRecord,top_level,2,37,0,2,1,4,0,1,0,1,1,1,0,1,3,1,0,1
Signal-Android,2020-1,org.thoughtcrime.securesms.database.model.MessageRecord,top_level,29,140,0,27,1,32,0,1,0,1,1,1,0,1,24,1,1,1
Signal-Android,2020-1,org.thoughtcrime.securesms.database.model.MmsMessageRecord,top_level,7,45,0,4,1,2,0,1,0,1,1,1,0,1,1,1,0,1
Signal-Android,2020-1,org.thoughtcrime.securesms.database.model.NotificationMmsMessageRecord,top_level,10,55,0,10,1,1,0,1,0,1,1,1,0,1,0,1,0,1
Signal-Android,2020-1,org.thoughtcrime.securesms.database.model.Quote,top_level,2,22,0,2,1,1,1,1,0,1,0,1,0,1,0,1,0,1
Signal-Android,2020-1,org.thoughtcrime.securesms.database.model.ReactionRecord,top_level,2,21,0,2,1,1,1,1,0,1,0,1,0,1,0,1,0,1
Signal-Android,2020-1,org.thoughtcrime.securesms.database.model.SmsMessageRecord,top_level,3,54,0,3,1,14,0,1,0,1,1,1,0,1,7,1,0,1
Signal-Android,2020-1,org.thoughtcrime.securesms.database.model.Sticker,top_level,1,21,0,1,1,1,1,1,0,1,0,1,0,1,0,1,0,1
Signal-Android,2020-1,org.thoughtcrime.securesms.database.model.StickerPackRecord,top_level,2,45,0,2,1,1,1,1,0,1,0,1,0,1,0,1,0,1
Signal-Android,2020-1,org.thoughtcrime.securesms.database.model.StickerRecord,top_level,5,53,0,5,0,,,0,,0,,0,,0,,0,,0
Signal-Android,2020-1,org.thoughtcrime.securesms.database.model.ThreadRecord,top_level,7,106,0,7,1,27,1,1,0,1,1,1,0,1,18,1,0,1
Signal-Android,2020-1,org.thoughtcrime.securesms.dependencies.ApplicationDependencies,top_level,4,90,0,0,1,2,0,1,0,1,0,1,0,1,1,1,0,1
Signal-Android,2020-1,org.thoughtcrime.securesms.dependencies.ApplicationDependencyProvider,top_level,0,88,0,0,1,1,0,1,0,1,0,1,0,1,0,1,0,1
Signal-Android,2020-1,org.thoughtcrime.securesms.devicelist.Device,top_level,3,18,0,3,1,1,1,1,0,1,0,1,0,1,0,1,0,1
Signal-Android,2020-1,org.thoughtcrime.securesms.events.PartProgressEvent,top_level,0,13,0,0,1,1,1,1,0,1,0,1,0,1,0,1,0,1
Signal-Android,2020-1,org.thoughtcrime.securesms.events.RedPhoneEvent,top_level,1,32,0,1,0,,,0,,0,,0,,0,,0,,0
Signal-Android,2020-1,org.thoughtcrime.securesms.events.ReminderUpdateEvent,top_level,0,1,0,0,0,,,0,,0,,0,,0,,0,,0
Signal-Android,2020-1,org.thoughtcrime.securesms.events.WebRtcViewModel,top_level,4,76,0,4,1,2,1,1,0,1,0,1,0,1,1,1,0,1
Signal-Android,2020-1,org.thoughtcrime.securesms.experienceupgrades.StickersIntroFragment,top_level,2,23,0,1,1,4,0,1,0,1,0,1,0,1,3,1,0,1
Signal-Android,2020-1,org.thoughtcrime.securesms.gcm.FcmJobService,top_level,0,33,0,0,1,2,0,1,0,1,0,1,0,1,2,1,0,1
Signal-Android,2020-1,org.thoughtcrime.securesms.gcm.FcmService,top_level,0,33,0,0,1,1,0,1,0,1,0,1,0,1,1,1,0,1
Signal-Android,2020-1,org.thoughtcrime.securesms.gcm.FcmUtil,top_level,0,18,0,0,1,3,0,1,0,1,0,1,0,1,2,1,0,1
Signal-Android,2020-1,org.thoughtcrime.securesms.gcm.MessageRetriever,top_level,0,52,0,0,1,3,0,1,0,1,0,1,0,1,3,1,0,1
Signal-Android,2020-1,org.thoughtcrime.securesms.gcm.RestStrategy,top_level,4,49,0,1,1,4,0,1,0,1,0,1,0,1,4,1,0,1
Signal-Android,2020-1,org.thoughtcrime.securesms.giph.model.ChunkedImageUrl,top_level,2,26,0,2,1,2,0,1,0,1,0,1,0,1,0,1,0,1
Signal-Android,2020-1,org.thoughtcrime.securesms.giph.model.GiphyImage,top_level,17,74,0,9,0,,,0,,0,,0,,0,,0,,0
Signal-Android,2020-1,org.thoughtcrime.securesms.giph.model.GiphyResponse,top_level,0,5,0,0,0,,,0,,0,,0,,0,,0,,0
Signal-Android,2020-1,org.thoughtcrime.securesms.giph.net.GiphyGifLoader,top_level,0,9,0,0,0,,,0,,0,,0,,0,,0,,0
Signal-Android,2020-1,org.thoughtcrime.securesms.giph.net.GiphyLoader,top_level,0,34,0,0,1,11,0,1,0,1,0,1,1,1,9,1,0,1
Signal-Android,2020-1,org.thoughtcrime.securesms.giph.net.GiphyStickerLoader,top_level,0,9,0,0,0,,,0,,0,,0,,0,,0,,0
Signal-Android,2020-1,org.thoughtcrime.securesms.giph.ui.AspectRatioImageView,top_level,11,39,0,7,0,,,0,,0,,0,,0,,0,,0
Signal-Android,2020-1,org.thoughtcrime.securesms.giph.ui.GiphyActivity,top_level,5,111,0,5,1,19,0,1,0,1,0,1,0,1,18,1,0,1
Signal-Android,2020-1,org.thoughtcrime.securesms.giph.ui.GiphyActivityToolbar,top_level,9,112,0,7,1,6,0,1,0,1,0,1,0,1,5,1,0,1
Signal-Android,2020-1,org.thoughtcrime.securesms.giph.ui.GiphyActivityToolbarTextSecurePreferencesPersistence,top_level,2,12,0,2,1,1,0,1,0,1,0,1,0,1,0,1,0,1
Signal-Android,2020-1,org.thoughtcrime.securesms.giph.ui.GiphyAdapter,top_level,5,100,0,4,1,9,0,1,0,1,0,1,0,1,8,1,0,1
Signal-Android,2020-1,org.thoughtcrime.securesms.giph.ui.GiphyFragment,top_level,1,61,0,1,1,2,0,1,0,1,0,1,0,1,2,1,0,1
Signal-Android,2020-1,org.thoughtcrime.securesms.giph.ui.GiphyGifFragment,top_level,0,4,0,0,0,,,0,,0,,0,,0,,0,,0
Signal-Android,2020-1,org.thoughtcrime.securesms.giph.ui.GiphyStickerFragment,top_level,0,4,0,0,0,,,0,,0,,0,,0,,0,,0
Signal-Android,2020-1,org.thoughtcrime.securesms.giph.util.InfiniteScrollListener,top_level,1,24,0,1,1,5,0,1,0,1,0,1,1,1,2,1,0,1
Signal-Android,2020-1,org.thoughtcrime.securesms.giph.util.RecyclerViewPositionHelper,top_level,10,48,0,5,1,5,0,1,0,1,0,1,0,1,2,1,0,1
Signal-Android,2020-1,org.thoughtcrime.securesms.glide.ChunkedImageUrlFetcher,top_level,4,36,0,2,0,,,0,,0,,0,,0,,0,,0
Signal-Android,2020-1,org.thoughtcrime.securesms.glide.ChunkedImageUrlLoader,top_level,0,24,0,0,0,,,0,,0,,0,,0,,0,,0
Signal-Android,2020-1,org.thoughtcrime.securesms.glide.ContactPhotoFetcher,top_level,4,29,0,2,0,,,0,,0,,0,,0,,0,,0
Signal-Android,2020-1,org.thoughtcrime.securesms.glide.ContactPhotoLoader,top_level,0,19,0,0,0,,,0,,0,,0,,0,,0,,0
Signal-Android,2020-1,org.thoughtcrime.securesms.glide.OkHttpStreamFetcher,top_level,5,43,0,2,1,5,0,1,0,1,0,1,0,1,5,1,0,1
Signal-Android,2020-1,org.thoughtcrime.securesms.glide.OkHttpUrlLoader,top_level,0,30,0,0,0,,,0,,0,,0,,0,,0,,0
Signal-Android,2020-1,org.thoughtcrime.securesms.glide.PaddedHeadersInterceptor,top_level,0,19,0,0,1,4,0,1,0,1,0,1,0,1,4,1,0,1
Signal-Android,2020-1,org.thoughtcrime.securesms.glide.cache.EncryptedBitmapCacheDecoder,top_level,0,23,0,0,0,,,0,,0,,0,,0,,0,,0
Signal-Android,2020-1,org.thoughtcrime.securesms.glide.cache.EncryptedBitmapResourceEncoder,top_level,1,30,0,1,0,,,0,,0,,0,,0,,0,,0
Signal-Android,2020-1,org.thoughtcrime.securesms.glide.cache.EncryptedCacheEncoder,top_level,0,22,0,0,0,,,0,,0,,0,,0,,0,,0
Signal-Android,2020-1,org.thoughtcrime.securesms.glide.cache.EncryptedCoder,top_level,0,46,0,0,1,2,0,1,0,1,0,1,0,1,2,1,0,1
Signal-Android,2020-1,org.thoughtcrime.securesms.glide.cache.EncryptedGifCacheDecoder,top_level,0,21,0,0,0,,,0,,0,,0,,0,,0,,0
Signal-Android,2020-1,org.thoughtcrime.securesms.glide.cache.EncryptedGifDrawableResourceEncoder,top_level,1,17,0,1,0,,,0,,0,,0,,0,,0,,0
Signal-Android,2020-1,org.thoughtcrime.securesms.groups.GroupManager,top_level,0,31,0,0,1,1,0,1,0,1,0,1,0,1,0,1,0,1
Signal-Android,2020-1,org.thoughtcrime.securesms.groups.GroupMessageProcessor,top_level,0,158,0,0,1,86,0,1,0,1,0,1,0,1,76,1,0,1
Signal-Android,2020-1,org.thoughtcrime.securesms.groups.V1GroupManager,top_level,0,68,0,0,1,12,0,1,0,1,0,1,0,1,10,1,0,1
Signal-Android,2020-1,org.thoughtcrime.securesms.imageeditor.Bounds,top_level,4,32,0,0,1,2,0,1,0,1,0,1,1,1,0,1,0,1
Signal-Android,2020-1,org.thoughtcrime.securesms.imageeditor.CanvasMatrix,top_level,6,35,0,4,0,,,0,,0,,0,,0,,0,,0
Signal-Android,2020-1,org.thoughtcrime.securesms.imageeditor.ColorableRenderer,top_level,2,4,0,2,0,,,0,,0,,0,,0,,0,,0
Signal-Android,2020-1,org.thoughtcrime.securesms.imageeditor.DrawingSession,top_level,0,21,0,0,1,1,0,1,0,1,0,1,0,1,0,1,0,1
Signal-Android,2020-1,org.thoughtcrime.securesms.imageeditor.EditSession,top_level,5,6,0,1,0,,,0,,0,,0,,0,,0,,0
Signal-Android,2020-1,org.thoughtcrime.securesms.imageeditor.ElementDragEditSession,top_level,0,20,0,0,1,2,0,1,0,1,0,1,0,1,2,1,0,1
Signal-Android,2020-1,org.thoughtcrime.securesms.imageeditor.ElementEditSession,top_level,1,34,0,1,0,,,0,,0,,0,,0,,0,,0
Signal-Android,2020-1,org.thoughtcrime.securesms.imageeditor.ElementScaleEditSession,top_level,0,48,0,0,1,3,0,1,0,1,0,1,0,1,3,1,0,1
Signal-Android,2020-1,org.thoughtcrime.securesms.imageeditor.HiddenEditText,top_level,15,98,0,7,1,7,0,1,0,1,0,1,0,1,7,1,0,1
Signal-Android,2020-1,org.thoughtcrime.securesms.imageeditor.ImageEditorView,top_level,17,271,0,12,1,19,0,1,0,1,0,1,0,1,7,1,1,1
Signal-Android,2020-1,org.thoughtcrime.securesms.imageeditor.Renderer,top_level,2,3,0,1,0,,,0,,0,,0,,0,,0,,0
Signal-Android,2020-1,org.thoughtcrime.securesms.imageeditor.RendererContext,top_level,8,48,0,8,0,,,0,,0,,0,,0,,0,,0
Signal-Android,2020-1,org.thoughtcrime.securesms.imageeditor.ThumbDragEditSession,top_level,0,44,0,0,1,6,0,1,0,1,0,1,0,1,5,1,0,1
Signal-Android,2020-1,org.thoughtcrime.securesms.imageeditor.UndoRedoStackListener,top_level,1,2,0,1,0,,,0,,0,,0,,0,,0,,0
Signal-Android,2020-1,org.thoughtcrime.securesms.imageeditor.model.AlphaAnimation,top_level,6,37,0,3,1,4,0,1,0,1,0,1,0,1,4,1,0,1
Signal-Android,2020-1,org.thoughtcrime.securesms.imageeditor.model.AnimationMatrix,top_level,3,70,0,2,1,3,0,1,0,1,0,1,1,1,1,1,0,1
Signal-Android,2020-1,org.thoughtcrime.securesms.imageeditor.model.Bisect,top_level,0,53,0,0,1,1,0,1,0,1,0,1,0,1,0,1,0,1
Signal-Android,2020-1,org.thoughtcrime.securesms.imageeditor.model.CropThumbRenderer,top_level,2,42,0,2,1,4,0,1,0,1,0,1,0,1,4,1,0,1
Signal-Android,2020-1,org.thoughtcrime.securesms.imageeditor.model.EditorElement,top_level,13,172,0,8,1,5,0,1,0,1,0,1,0,1,3,1,1,1
Signal-Android,2020-1,org.thoughtcrime.securesms.imageeditor.model.EditorElementHierarchy,top_level,1,182,0,0,1,25,0,1,0,1,0,1,0,1,24,1,0,1
Signal-Android,2020-1,org.thoughtcrime.securesms.imageeditor.model.EditorFlags,top_level,25,69,0,24,0,,,0,,0,,0,,0,,0,,0
Signal-Android,2020-1,org.thoughtcrime.securesms.imageeditor.model.EditorModel,top_level,31,373,0,22,1,51,0,1,0,1,0,1,0,1,46,1,0,1
Signal-Android,2020-1,org.thoughtcrime.securesms.imageeditor.model.ElementStack,top_level,3,70,0,3,0,,,0,,0,,0,,0,,0,,0
Signal-Android,2020-1,org.thoughtcrime.securesms.imageeditor.model.InBoundsMemory,top_level,0,17,0,0,0,,,0,,0,,0,,0,,0,,0
Signal-Android,2020-1,org.thoughtcrime.securesms.imageeditor.model.ParcelUtils,top_level,1,15,0,1,0,,,0,,0,,0,,0,,0,,0
Signal-Android,2020-1,org.thoughtcrime.securesms.imageeditor.model.ThumbRenderer,top_level,2,39,0,1,1,2,0,1,0,1,0,1,0,1,0,1,0,1
Signal-Android,2020-1,org.thoughtcrime.securesms.imageeditor.model.UndoRedoStacks,top_level,2,48,0,2,0,,,0,,0,,0,,0,,0,,0
Signal-Android,2020-1,org.thoughtcrime.securesms.imageeditor.renderers.AutomaticControlPointBezierLine,top_level,25,112,0,10,0,,,0,,0,,0,,0,,0,,0
Signal-Android,2020-1,org.thoughtcrime.securesms.imageeditor.renderers.BezierDrawingRenderer,top_level,8,86,0,6,1,3,0,1,0,1,0,1,0,1,3,1,0,1
Signal-Android,2020-1,org.thoughtcrime.securesms.imageeditor.renderers.CropAreaRenderer,top_level,3,73,0,3,1,23,0,1,0,1,0,1,0,1,23,1,0,1
Signal-Android,2020-1,org.thoughtcrime.securesms.imageeditor.renderers.InvalidateableRenderer,top_level,2,12,0,1,0,,,0,,0,,0,,0,,0,,0
Signal-Android,2020-1,org.thoughtcrime.securesms.imageeditor.renderers.InverseFillRenderer,top_level,3,36,0,3,1,4,0,1,0,1,0,1,0,1,4,1,0,1
Signal-Android,2020-1,org.thoughtcrime.securesms.imageeditor.renderers.MultiLineTextRenderer,top_level,17,233,0,7,1,8,0,1,0,1,0,1,0,1,8,1,0,1
Signal-Android,2020-1,org.thoughtcrime.securesms.insights.InsightsAnimatorSetFactory,top_level,1,53,0,1,1,13,0,1,0,1,0,1,0,1,13,1,0,1
Signal-Android,2020-1,org.thoughtcrime.securesms.insights.InsightsConstants,top_level,1,4,0,1,0,,,0,,0,,0,,0,,0,,0
Signal-Android,2020-1,org.thoughtcrime.securesms.insights.InsightsDashboardDialogFragment,top_level,20,166,0,14,1,9,0,1,0,1,0,1,0,1,7,1,0,1
Signal-Android,2020-1,org.thoughtcrime.securesms.insights.InsightsDashboardState,top_level,3,34,0,2,1,3,0,1,0,1,0,1,0,1,3,1,0,1
Signal-Android,2020-1,org.thoughtcrime.securesms.insights.InsightsDashboardViewModel,top_level,2,32,0,2,1,1,0,1,0,1,0,1,0,1,1,1,0,1
Signal-Android,2020-1,org.thoughtcrime.securesms.insights.InsightsData,top_level,3,10,0,3,0,,,0,,0,,0,,0,,0,,0
Signal-Android,2020-1,org.thoughtcrime.securesms.insights.InsightsInsecureRecipientsAdapter,top_level,2,56,0,2,1,6,0,1,0,1,0,1,0,1,4,1,0,1
Signal-Android,2020-1,org.thoughtcrime.securesms.insights.InsightsLauncher,top_level,0,8,0,0,1,1,0,1,0,1,0,1,0,1,0,1,0,1
Signal-Android,2020-1,org.thoughtcrime.securesms.insights.InsightsModalDialogFragment,top_level,6,72,0,5,1,11,0,1,0,1,0,1,0,1,10,1,0,1
Signal-Android,2020-1,org.thoughtcrime.securesms.insights.InsightsModalState,top_level,3,26,0,2,1,2,0,1,0,1,0,1,0,1,2,1,0,1
Signal-Android,2020-1,org.thoughtcrime.securesms.insights.InsightsModalViewModel,top_level,1,23,0,1,1,1,0,1,0,1,0,1,0,1,1,1,0,1
Signal-Android,2020-1,org.thoughtcrime.securesms.insights.InsightsOptOut,top_level,1,7,0,1,0,,,0,,0,,0,,0,,0,,0
Signal-Android,2020-1,org.thoughtcrime.securesms.insights.InsightsRepository,top_level,0,48,0,0,0,,,0,,0,,0,,0,,0,,0
Signal-Android,2020-1,org.thoughtcrime.securesms.insights.InsightsUserAvatar,top_level,0,17,0,0,1,5,0,1,0,1,0,1,0,1,5,1,0,1
Signal-Android,2020-1,org.thoughtcrime.securesms.invites.InviteReminderModel,top_level,1,75,0,1,1,5,0,1,0,1,0,1,0,1,5,1,0,1
Signal-Android,2020-1,org.thoughtcrime.securesms.invites.InviteReminderRepository,top_level,2,19,0,1,0,,,0,,0,,0,,0,,0,,0
Signal-Android,2020-1,org.thoughtcrime.securesms.jobmanager.AlarmManagerScheduler,top_level,0,20,0,0,1,4,0,1,0,1,0,1,0,1,4,1,0,1
Signal-Android,2020-1,org.thoughtcrime.securesms.jobmanager.BootReceiver,top_level,0,5,0,0,0,,,0,,0,,0,,0,,0,,0
Signal-Android,2020-1,org.thoughtcrime.securesms.jobmanager.CompositeScheduler,top_level,0,8,0,0,0,,,0,,0,,0,,0,,0,,0
Signal-Android,2020-1,org.thoughtcrime.securesms.jobmanager.Constraint,top_level,3,7,0,1,0,,,0,,0,,0,,0,,0,,0
Signal-Android,2020-1,org.thoughtcrime.securesms.jobmanager.ConstraintInstantiator,top_level,0,9,0,0,1,1,0,1,0,1,0,1,0,1,1,1,0,1
Signal-Android,2020-1,org.thoughtcrime.securesms.jobmanager.ConstraintObserver,top_level,1,4,0,1,0,,,0,,0,,0,,0,,0,,0
Signal-Android,2020-1,org.thoughtcrime.securesms.jobmanager.Data,top_level,0,184,0,0,1,4,0,1,0,1,1,1,0,1,0,1,0,1
Signal-Android,2020-1,org.thoughtcrime.securesms.jobmanager.DependencyInjector,top_level,1,2,0,0,0,,,0,,0,,0,,0,,0,,0
Signal-Android,2020-1,org.thoughtcrime.securesms.jobmanager.ExecutorFactory,top_level,1,2,0,0,0,,,0,,0,,0,,0,,0,,0
Signal-Android,2020-1,org.thoughtcrime.securesms.jobmanager.InAppScheduler,top_level,0,17,0,0,1,1,0,1,0,1,0,1,0,1,1,1,0,1
Signal-Android,2020-1,org.thoughtcrime.securesms.jobmanager.Job,top_level,11,179,0,11,0,,,0,,0,,0,,0,,0,,0
Signal-Android,2020-1,org.thoughtcrime.securesms.jobmanager.JobController,top_level,3,228,0,3,1,64,0,1,0,1,0,1,0,1,62,1,0,1
Signal-Android,2020-1,org.thoughtcrime.securesms.jobmanager.JobInstantiator,top_level,0,9,0,0,1,1,0,1,0,1,0,1,0,1,1,1,0,1
Signal-Android,2020-1,org.thoughtcrime.securesms.jobmanager.JobLogger,top_level,0,15,0,0,1,7,0,1,0,1,0,1,0,1,6,1,0,1
Signal-Android,2020-1,org.thoughtcrime.securesms.jobmanager.JobManager,top_level,10,198,0,6,1,2,0,1,0,1,0,1,0,1,0,1,0,1
Signal-Android,2020-1,org.thoughtcrime.securesms.jobmanager.JobMigration,top_level,3,27,0,3,0,,,0,,0,,0,,0,,0,,0
Signal-Android,2020-1,org.thoughtcrime.securesms.jobmanager.JobMigrator,top_level,0,44,0,0,1,16,0,1,0,1,0,1,0,1,16,1,0,1
Signal-Android,2020-1,org.thoughtcrime.securesms.jobmanager.JobRunner,top_level,6,65,0,1,1,18,0,1,0,1,0,1,0,1,17,1,0,1
Signal-Android,2020-1,org.thoughtcrime.securesms.jobmanager.JobSchedulerScheduler,top_level,2,45,0,1,1,6,0,1,0,1,0,1,0,1,6,1,0,1
Signal-Android,2020-1,org.thoughtcrime.securesms.jobmanager.JobTracker,top_level,3,49,0,2,1,3,0,1,0,1,0,1,0,1,3,1,0,1
Signal-Android,2020-1,org.thoughtcrime.securesms.jobmanager.KeepAliveService,top_level,0,7,0,0,0,,,0,,0,,0,,0,,0,,0
Signal-Android,2020-1,org.thoughtcrime.securesms.jobmanager.Scheduler,top_level,1,2,0,0,0,,,0,,0,,0,,0,,0,,0
Signal-Android,2020-1,org.thoughtcrime.securesms.jobmanager.impl.CellServiceConstraint,top_level,1,20,0,1,1,1,0,1,0,1,0,1,0,1,1,1,0,1
Signal-Android,2020-1,org.thoughtcrime.securesms.jobmanager.impl.CellServiceConstraintObserver,top_level,1,24,0,1,0,,,0,,0,,0,,0,,0,,0
Signal-Android,2020-1,org.thoughtcrime.securesms.jobmanager.impl.DefaultExecutorFactory,top_level,0,4,0,0,0,,,0,,0,,0,,0,,0,,0
Signal-Android,2020-1,org.thoughtcrime.securesms.jobmanager.impl.JsonDataSerializer,top_level,0,16,0,0,0,,,0,,0,,0,,0,,0,,0
Signal-Android,2020-1,org.thoughtcrime.securesms.jobmanager.impl.NetworkConstraint,top_level,1,24,0,1,1,2,0,1,0,1,0,1,0,1,2,1,0,1
Signal-Android,2020-1,org.thoughtcrime.securesms.jobmanager.impl.NetworkConstraintObserver,top_level,0,14,0,0,0,,,0,,0,,0,,0,,0,,0
Signal-Android,2020-1,org.thoughtcrime.securesms.jobmanager.impl.NetworkOrCellServiceConstraint,top_level,1,22,0,1,0,,,0,,0,,0,,0,,0,,0
Signal-Android,2020-1,org.thoughtcrime.securesms.jobmanager.impl.SqlCipherMigrationConstraint,top_level,1,21,0,1,0,,,0,,0,,0,,0,,0,,0
Signal-Android,2020-1,org.thoughtcrime.securesms.jobmanager.impl.SqlCipherMigrationConstraintObserver,top_level,3,12,0,2,0,,,0,,0,,0,,0,,0,,0
Signal-Android,2020-1,org.thoughtcrime.securesms.jobmanager.migrations.RecipientIdFollowUpJobMigration,top_level,2,26,0,2,1,5,0,1,0,1,0,1,0,1,5,1,0,1
Signal-Android,2020-1,org.thoughtcrime.securesms.jobmanager.migrations.RecipientIdFollowUpJobMigration2,top_level,1,3,0,1,0,,,0,,0,,0,,0,,0,,0
Signal-Android,2020-1,org.thoughtcrime.securesms.jobmanager.migrations.RecipientIdJobMigration,top_level,0,147,0,0,1,64,0,1,0,1,0,1,0,1,60,1,0,1
Signal-Android,2020-1,org.thoughtcrime.securesms.jobmanager.persistence.ConstraintSpec,top_level,1,23,0,1,0,,,0,,0,,0,,0,,0,,0
Signal-Android,2020-1,org.thoughtcrime.securesms.jobmanager.persistence.DependencySpec,top_level,1,23,0,1,0,,,0,,0,,0,,0,,0,,0
Signal-Android,2020-1,org.thoughtcrime.securesms.jobmanager.persistence.FullSpec,top_level,1,27,0,1,0,,,0,,0,,0,,0,,0,,0
Signal-Android,2020-1,org.thoughtcrime.securesms.jobmanager.persistence.JobSpec,top_level,9,86,0,9,1,2,1,1,0,1,1,1,0,1,0,1,0,1
Signal-Android,2020-1,org.thoughtcrime.securesms.jobmanager.persistence.JobStorage,top_level,16,33,0,2,0,,,0,,0,,0,,0,,0,,0
Signal-Android,2020-1,org.thoughtcrime.securesms.jobmanager.workmanager.DataMigrator,top_level,0,96,0,0,1,9,0,1,0,1,0,1,0,1,1,1,0,1
Signal-Android,2020-1,org.thoughtcrime.securesms.jobmanager.workmanager.WorkManagerDatabase,top_level,0,47,0,0,1,3,0,1,0,1,0,1,0,1,3,1,0,1
Signal-Android,2020-1,org.thoughtcrime.securesms.jobmanager.workmanager.WorkManagerFactoryMappings,top_level,0,48,0,0,1,3,0,1,0,1,0,1,0,1,0,1,0,1
Signal-Android,2020-1,org.thoughtcrime.securesms.jobmanager.workmanager.WorkManagerMigrator,top_level,0,19,0,0,1,5,0,1,0,1,0,1,0,1,4,1,0,1
Signal-Android,2020-1,org.thoughtcrime.securesms.jobs.AttachmentCompressionJob,top_level,5,140,0,2,1,3,0,1,0,1,0,1,0,1,2,1,0,1
Signal-Android,2020-1,org.thoughtcrime.securesms.jobs.AttachmentCopyJob,top_level,3,57,0,2,0,,,0,,0,,0,,0,,0,,0
Signal-Android,2020-1,org.thoughtcrime.securesms.jobs.AttachmentDownloadJob,top_level,11,147,0,4,1,6,0,1,0,1,0,1,0,1,5,1,0,1
Signal-Android,2020-1,org.thoughtcrime.securesms.jobs.AttachmentUploadJob,top_level,3,109,0,2,1,12,0,1,0,1,0,1,0,1,11,1,0,1
Signal-Android,2020-1,org.thoughtcrime.securesms.jobs.AvatarDownloadJob,top_level,9,65,0,3,1,10,0,1,0,1,0,1,0,1,9,1,0,1
Signal-Android,2020-1,org.thoughtcrime.securesms.jobs.BaseJob,top_level,1,29,0,1,1,3,0,1,0,1,0,1,0,1,0,1,0,1
Signal-Android,2020-1,org.thoughtcrime.securesms.jobs.CleanPreKeysJob,top_level,8,66,0,3,1,2,0,1,0,1,0,1,0,1,1,1,0,1
Signal-Android,2020-1,org.thoughtcrime.securesms.jobs.CreateSignedPreKeyJob,top_level,4,40,0,2,1,2,0,1,0,1,0,1,0,1,1,1,0,1
Signal-Android,2020-1,org.thoughtcrime.securesms.jobs.DirectoryRefreshJob,top_level,4,50,0,3,1,2,0,1,0,1,0,1,0,1,1,1,0,1
Signal-Android,2020-1,org.thoughtcrime.securesms.jobs.FailingJob,top_level,1,20,0,1,0,,,0,,0,,0,,0,,0,,0
Signal-Android,2020-1,org.thoughtcrime.securesms.jobs.FastJobStorage,top_level,5,197,0,2,1,79,0,1,0,1,0,1,0,1,79,1,0,1
Signal-Android,2020-1,org.thoughtcrime.securesms.jobs.FcmRefreshJob,top_level,9,66,0,4,1,10,0,1,0,1,0,1,0,1,9,1,0,1
Signal-Android,2020-1,org.thoughtcrime.securesms.jobs.JobManagerFactories,top_level,0,87,0,0,1,1,0,1,0,1,0,1,0,1,0,1,0,1
Signal-Android,2020-1,org.thoughtcrime.securesms.jobs.LocalBackupJob,top_level,7,55,0,3,1,3,0,1,0,1,0,1,0,1,3,1,0,1
Signal-Android,2020-1,org.thoughtcrime.securesms.jobs.MmsDownloadJob,top_level,18,143,0,5,1,42,0,1,0,1,0,1,0,1,31,1,0,1
Signal-Android,2020-1,org.thoughtcrime.securesms.jobs.MmsReceiveJob,top_level,8,60,0,3,1,4,0,1,0,1,0,1,0,1,3,1,0,1
Signal-Android,2020-1,org.thoughtcrime.securesms.jobs.MmsSendJob,top_level,6,194,0,3,1,41,0,1,1,1,0,1,0,1,30,1,1,1
Signal-Android,2020-1,org.thoughtcrime.securesms.jobs.MultiDeviceBlockedUpdateJob,top_level,7,48,0,3,1,4,0,1,0,1,0,1,0,1,3,1,0,1
Signal-Android,2020-1,org.thoughtcrime.securesms.jobs.MultiDeviceConfigurationUpdateJob,top_level,4,69,0,3,0,,,0,,0,,0,,0,,0,,0
Signal-Android,2020-1,org.thoughtcrime.securesms.jobs.MultiDeviceContactUpdateJob,top_level,16,204,0,5,1,35,0,1,0,1,0,1,0,1,31,1,1,1
Signal-Android,2020-1,org.thoughtcrime.securesms.jobs.MultiDeviceGroupUpdateJob,top_level,12,88,0,3,1,14,0,1,0,1,0,1,0,1,10,1,0,1
Signal-Android,2020-1,org.thoughtcrime.securesms.jobs.MultiDeviceKeysUpdateJob,top_level,6,40,0,3,0,,,0,,0,,0,,0,,0,,0
Signal-Android,2020-1,org.thoughtcrime.securesms.jobs.MultiDeviceProfileContentUpdateJob,top_level,4,36,0,3,1,1,0,1,0,1,0,1,0,1,1,1,0,1
Signal-Android,2020-1,org.thoughtcrime.securesms.jobs.MultiDeviceProfileKeyUpdateJob,top_level,4,56,0,3,1,4,0,1,0,1,0,1,1,1,2,1,0,1
Signal-Android,2020-1,org.thoughtcrime.securesms.jobs.MultiDeviceReadUpdateJob,top_level,4,67,0,2,1,4,0,1,0,1,0,1,0,1,4,1,0,1
Signal-Android,2020-1,org.thoughtcrime.securesms.jobs.MultiDeviceStickerPackOperationJob,top_level,5,68,0,2,1,1,0,1,0,1,0,1,0,1,1,1,0,1
Signal-Android,2020-1,org.thoughtcrime.securesms.jobs.MultiDeviceStickerPackSyncJob,top_level,5,43,0,3,1,4,0,1,0,1,0,1,0,1,4,1,0,1
Signal-Android,2020-1,org.thoughtcrime.securesms.jobs.MultiDeviceStorageSyncRequestJob,top_level,4,36,0,3,1,1,0,1,0,1,0,1,0,1,1,1,0,1
Signal-Android,2020-1,org.thoughtcrime.securesms.jobs.MultiDeviceVerifiedUpdateJob,top_level,5,84,0,2,1,1,0,1,0,1,0,1,0,1,1,1,0,1
Signal-Android,2020-1,org.thoughtcrime.securesms.jobs.MultiDeviceViewOnceOpenJob,top_level,3,59,0,2,1,1,0,1,0,1,0,1,0,1,1,1,0,1
Signal-Android,2020-1,org.thoughtcrime.securesms.jobs.PushDecryptJob,top_level,6,884,0,4,1,445,0,1,1,1,0,1,0,1,422,1,1,1
Signal-Android,2020-1,org.thoughtcrime.securesms.jobs.PushGroupSendJob,top_level,22,178,0,3,1,75,0,1,0,1,0,1,0,1,65,1,0,1
Signal-Android,2020-1,org.thoughtcrime.securesms.jobs.PushGroupUpdateJob,top_level,5,78,0,2,1,12,0,1,0,1,0,1,0,1,11,1,0,1
Signal-Android,2020-1,org.thoughtcrime.securesms.jobs.PushMediaSendJob,top_level,17,137,0,3,1,39,0,1,0,1,0,1,0,1,31,1,0,1
Signal-Android,2020-1,org.thoughtcrime.securesms.jobs.PushNotificationReceiveJob,top_level,3,40,0,2,0,,,0,,0,,0,,0,,0,,0
Signal-Android,2020-1,org.thoughtcrime.securesms.jobs.PushReceivedJob,top_level,0,4,0,0,0,,,0,,0,,0,,0,,0,,0
Signal-Android,2020-1,org.thoughtcrime.securesms.jobs.PushSendJob,top_level,9,190,0,4,1,43,0,1,0,1,0,1,0,1,40,1,1,1
Signal-Android,2020-1,org.thoughtcrime.securesms.jobs.PushTextSendJob,top_level,18,106,0,3,1,32,0,1,0,1,0,1,0,1,30,1,0,1
Signal-Android,2020-1,org.thoughtcrime.securesms.jobs.ReactionSendJob,top_level,17,170,0,2,1,45,0,1,0,1,0,1,0,1,42,1,0,1
Signal-Android,2020-1,org.thoughtcrime.securesms.jobs.RefreshAttributesJob,top_level,5,43,0,3,1,1,0,1,0,1,0,1,0,1,1,1,0,1
Signal-Android,2020-1,org.thoughtcrime.securesms.jobs.RefreshOwnProfileJob,top_level,3,47,0,3,1,7,0,1,0,1,0,1,0,1,7,1,0,1
Signal-Android,2020-1,org.thoughtcrime.securesms.jobs.RefreshPreKeysJob,top_level,6,45,0,3,1,5,0,1,0,1,0,1,0,1,4,1,0,1
Signal-Android,2020-1,org.thoughtcrime.securesms.jobs.RequestGroupInfoJob,top_level,2,56,0,2,1,1,0,1,0,1,0,1,0,1,1,1,0,1
Signal-Android,2020-1,org.thoughtcrime.securesms.jobs.RetrieveProfileAvatarJob,top_level,10,77,0,2,1,10,0,1,0,1,0,1,0,1,8,1,0,1
Signal-Android,2020-1,org.thoughtcrime.securesms.jobs.RetrieveProfileJob,top_level,3,115,0,2,1,19,0,1,0,1,0,1,0,1,16,1,0,1
Signal-Android,2020-1,org.thoughtcrime.securesms.jobs.RotateCertificateJob,top_level,3,39,0,3,1,2,0,1,0,1,0,1,0,1,2,1,0,1
Signal-Android,2020-1,org.thoughtcrime.securesms.jobs.RotateProfileKeyJob,top_level,3,41,0,3,1,6,0,1,0,1,0,1,1,1,5,1,0,1
Signal-Android,2020-1,org.thoughtcrime.securesms.jobs.RotateSignedPreKeyJob,top_level,3,38,0,3,1,2,0,1,0,1,0,1,0,1,2,1,0,1
Signal-Android,2020-1,org.thoughtcrime.securesms.jobs.SendDeliveryReceiptJob,top_level,2,60,0,2,1,2,0,1,0,1,0,1,0,1,1,1,0,1
Signal-Android,2020-1,org.thoughtcrime.securesms.jobs.SendJob,top_level,3,19,0,2,1,1,0,1,0,1,0,1,0,1,0,1,0,1
Signal-Android,2020-1,org.thoughtcrime.securesms.jobs.SendReadReceiptJob,top_level,5,73,0,2,1,3,0,1,0,1,0,1,0,1,2,1,0,1
Signal-Android,2020-1,org.thoughtcrime.securesms.jobs.ServiceOutageDetectionJob,top_level,7,57,0,3,1,4,0,1,0,1,0,1,0,1,3,1,0,1
Signal-Android,2020-1,org.thoughtcrime.securesms.jobs.SmsReceiveJob,top_level,6,87,0,2,1,11,0,1,0,1,0,1,0,1,11,1,0,1
Signal-Android,2020-1,org.thoughtcrime.securesms.jobs.SmsSendJob,top_level,8,135,0,2,1,14,0,1,0,1,0,1,0,1,11,1,0,1
Signal-Android,2020-1,org.thoughtcrime.securesms.jobs.SmsSentJob,top_level,10,76,0,4,1,4,0,1,0,1,0,1,0,1,4,1,0,1
Signal-Android,2020-1,org.thoughtcrime.securesms.jobs.StickerDownloadJob,top_level,5,72,0,2,1,1,0,1,0,1,0,1,0,1,1,1,0,1
Signal-Android,2020-1,org.thoughtcrime.securesms.jobs.StickerPackDownloadJob,top_level,11,107,0,2,1,20,0,1,0,1,0,1,0,1,19,1,0,1
Signal-Android,2020-1,org.thoughtcrime.securesms.jobs.StorageForcePushJob,top_level,6,64,0,3,1,10,0,1,0,1,0,1,0,1,9,1,0,1
Signal-Android,2020-1,org.thoughtcrime.securesms.jobs.StorageSyncJob,top_level,14,118,0,4,1,39,0,1,0,1,0,1,0,1,38,1,0,1
Signal-Android,2020-1,org.thoughtcrime.securesms.jobs.TrimThreadJob,top_level,4,33,0,3,1,1,0,1,0,1,0,1,0,1,1,1,0,1
Signal-Android,2020-1,org.thoughtcrime.securesms.jobs.TypingSendJob,top_level,8,56,0,3,1,9,0,1,0,1,0,1,0,1,9,1,0,1
Signal-Android,2020-1,org.thoughtcrime.securesms.jobs.UpdateApkJob,top_level,12,154,1,6,1,19,0,1,0,1,0,1,0,1,17,1,0,1
Signal-Android,2020-1,org.thoughtcrime.securesms.linkpreview.Link,top_level,1,10,0,1,0,,,0,,0,,0,,0,,0,,0
Signal-Android,2020-1,org.thoughtcrime.securesms.linkpreview.LinkPreview,top_level,0,38,0,0,1,1,1,1,0,1,0,1,0,1,0,1,0,1
Signal-Android,2020-1,org.thoughtcrime.securesms.linkpreview.LinkPreviewDomains,top_level,0,29,0,0,0,,,0,,0,,0,,0,,0,,0
Signal-Android,2020-1,org.thoughtcrime.securesms.linkpreview.LinkPreviewRepository,top_level,1,174,0,1,1,10,0,1,0,1,0,1,0,1,8,1,0,1
Signal-Android,2020-1,org.thoughtcrime.securesms.linkpreview.LinkPreviewUtil,top_level,0,39,0,0,1,16,0,1,0,1,0,1,0,1,15,1,0,1
Signal-Android,2020-1,org.thoughtcrime.securesms.linkpreview.LinkPreviewViewModel,top_level,6,92,0,4,1,10,0,1,0,1,0,1,0,1,7,1,0,1
Signal-Android,2020-1,org.thoughtcrime.securesms.lock.RegistrationLockDialog,top_level,0,210,0,0,1,39,0,1,0,1,0,1,0,1,27,1,0,1
Signal-Android,2020-1,org.thoughtcrime.securesms.lock.RegistrationLockReminders,top_level,0,26,0,0,1,1,0,1,0,1,0,1,0,1,0,1,0,1
Signal-Android,2020-1,org.thoughtcrime.securesms.logging.AndroidLogger,top_level,1,21,0,1,1,6,0,1,0,1,0,1,0,1,6,1,0,1
Signal-Android,2020-1,org.thoughtcrime.securesms.logging.CustomSignalProtocolLogger,top_level,0,22,0,0,0,,,0,,0,,0,,0,,0,,0
Signal-Android,2020-1,org.thoughtcrime.securesms.logging.GrowingBuffer,top_level,3,6,0,1,0,,,0,,0,,0,,0,,0,,0
Signal-Android,2020-1,org.thoughtcrime.securesms.logging.Log,top_level,4,82,0,0,1,9,0,1,0,1,0,1,0,1,7,1,0,1
Signal-Android,2020-1,org.thoughtcrime.securesms.logging.LogFile,top_level,0,69,0,0,0,,,0,,0,,0,,0,,0,,0
Signal-Android,2020-1,org.thoughtcrime.securesms.logging.LogSecretProvider,top_level,0,28,0,0,1,3,0,1,0,1,0,1,0,1,2,1,0,1
Signal-Android,2020-1,org.thoughtcrime.securesms.logging.PersistentLogger,top_level,10,140,0,4,1,5,0,1,0,1,0,1,0,1,4,1,0,1
Signal-Android,2020-1,org.thoughtcrime.securesms.logging.UncaughtExceptionLogger,top_level,0,10,0,0,0,,,0,,0,,0,,0,,0,,0
Signal-Android,2020-1,org.thoughtcrime.securesms.logsubmit.ShareIntentListAdapter,top_level,0,16,0,0,1,14,0,1,0,1,0,1,0,1,14,1,0,1
Signal-Android,2020-1,org.thoughtcrime.securesms.logsubmit.SubmitLogFragment,top_level,8,412,0,4,1,45,0,1,0,1,0,1,0,1,39,1,0,1
Signal-Android,2020-1,org.thoughtcrime.securesms.logsubmit.util.Scrubber,top_level,1,60,0,1,1,1,0,1,0,1,0,1,0,1,1,1,0,1
Signal-Android,2020-1,org.thoughtcrime.securesms.longmessage.LongMessage,top_level,0,10,0,0,0,,,0,,0,,0,,0,,0,,0
Signal-Android,2020-1,org.thoughtcrime.securesms.longmessage.LongMessageActivity,top_level,7,92,0,3,1,13,0,1,0,1,0,1,0,1,11,1,0,1
Signal-Android,2020-1,org.thoughtcrime.securesms.longmessage.LongMessageRepository,top_level,0,48,0,0,1,9,0,1,0,1,0,1,0,1,9,1,0,1
Signal-Android,2020-1,org.thoughtcrime.securesms.longmessage.LongMessageViewModel,top_level,1,44,0,1,1,1,0,1,0,1,0,1,0,1,1,1,0,1
Signal-Android,2020-1,org.thoughtcrime.securesms.maps.AddressData,top_level,3,32,0,3,0,,,0,,0,,0,,0,,0,,0
Signal-Android,2020-1,org.thoughtcrime.securesms.maps.LocationRetriever,top_level,0,58,0,0,1,1,0,1,0,1,0,1,0,1,1,1,0,1
Signal-Android,2020-1,org.thoughtcrime.securesms.maps.PlacePickerActivity,top_level,8,130,0,3,1,6,0,1,0,1,0,1,0,1,6,1,0,1
Signal-Android,2020-1,org.thoughtcrime.securesms.maps.SingleAddressBottomSheet,top_level,4,41,0,4,1,1,0,1,0,1,0,1,0,1,1,1,0,1
Signal-Android,2020-1,org.thoughtcrime.securesms.mediaoverview.MediaActions,top_level,1,64,0,1,1,5,0,1,0,1,0,1,0,1,5,1,0,1
Signal-Android,2020-1,org.thoughtcrime.securesms.mediaoverview.MediaGalleryAllAdapter,top_level,16,278,0,9,1,22,0,1,0,1,0,1,0,1,21,1,0,1
Signal-Android,2020-1,org.thoughtcrime.securesms.mediaoverview.MediaOverviewActivity,top_level,10,156,0,6,1,10,0,1,0,1,0,1,0,1,9,1,0,1
Signal-Android,2020-1,org.thoughtcrime.securesms.mediaoverview.MediaOverviewPageFragment,top_level,11,224,0,7,1,37,0,1,0,1,0,1,0,1,35,1,0,1
Signal-Android,2020-1,org.thoughtcrime.securesms.mediaoverview.MediaOverviewViewModel,top_level,1,17,0,1,1,2,1,1,0,1,0,1,0,1,1,1,0,1
Signal-Android,2020-1,org.thoughtcrime.securesms.mediapreview.ImageMediaPreviewFragment,top_level,0,17,0,0,1,5,0,1,0,1,0,1,0,1,4,1,0,1
Signal-Android,2020-1,org.thoughtcrime.securesms.mediapreview.MediaPreviewFragment,top_level,2,36,0,2,1,1,0,1,0,1,0,1,0,1,1,1,0,1
Signal-Android,2020-1,org.thoughtcrime.securesms.mediapreview.MediaPreviewViewModel,top_level,4,76,0,2,1,22,0,1,0,1,0,1,0,1,15,1,0,1
Signal-Android,2020-1,org.thoughtcrime.securesms.mediapreview.MediaRailAdapter,top_level,16,124,0,9,1,3,0,1,0,1,0,1,0,1,3,1,0,1
Signal-Android,2020-1,org.thoughtcrime.securesms.mediapreview.VideoMediaPreviewFragment,top_level,4,33,0,2,1,7,0,1,0,1,0,1,0,1,6,1,0,1
Signal-Android,2020-1,org.thoughtcrime.securesms.mediasend.Camera1Controller,top_level,24,162,0,11,1,15,0,1,0,1,0,1,0,1,13,1,0,1
Signal-Android,2020-1,org.thoughtcrime.securesms.mediasend.Camera1Fragment,top_level,17,204,0,8,1,19,0,1,0,1,0,1,0,1,17,1,0,1
Signal-Android,2020-1,org.thoughtcrime.securesms.mediasend.CameraButtonView,top_level,15,197,0,7,1,5,0,1,0,1,0,1,0,1,0,1,1,1
Signal-Android,2020-1,org.thoughtcrime.securesms.mediasend.CameraContactAdapter,top_level,6,142,0,4,1,5,0,1,0,1,0,1,0,1,5,1,0,1
Signal-Android,2020-1,org.thoughtcrime.securesms.mediasend.CameraContactSelectionAdapter,top_level,4,28,0,4,1,3,0,1,0,1,0,1,0,1,3,1,0,1
Signal-Android,2020-1,org.thoughtcrime.securesms.mediasend.CameraContactSelectionFragment,top_level,9,113,0,3,1,11,0,1,0,1,0,1,0,1,8,1,0,1
Signal-Android,2020-1,org.thoughtcrime.securesms.mediasend.CameraContactSelectionViewModel,top_level,2,69,0,2,0,,,0,,0,,0,,0,,0,,0
Signal-Android,2020-1,org.thoughtcrime.securesms.mediasend.CameraContacts,top_level,1,16,0,1,0,,,0,,0,,0,,0,,0,,0
Signal-Android,2020-1,org.thoughtcrime.securesms.mediasend.CameraContactsRepository,top_level,1,54,0,1,1,5,0,1,0,1,0,1,0,1,4,1,0,1
Signal-Android,2020-1,org.thoughtcrime.securesms.mediasend.CameraFragment,top_level,1,15,0,0,0,,,0,,0,,0,,0,,0,,0
Signal-Android,2020-1,org.thoughtcrime.securesms.mediasend.CameraXFragment,top_level,17,236,0,8,1,39,0,1,1,1,0,1,0,1,36,1,0,1
Signal-Android,2020-1,org.thoughtcrime.securesms.mediasend.CameraXSelfieFlashHelper,top_level,6,39,0,3,1,4,0,1,0,1,0,1,0,1,4,1,0,1
Signal-Android,2020-1,org.thoughtcrime.securesms.mediasend.CameraXVideoCaptureHelper,top_level,16,153,0,10,1,15,0,1,0,1,0,1,0,1,15,1,0,1
Signal-Android,2020-1,org.thoughtcrime.securesms.mediasend.FlipTransformation,top_level,0,13,0,0,1,2,0,1,0,1,0,1,0,1,2,1,0,1
Signal-Android,2020-1,org.thoughtcrime.securesms.mediasend.LegacyCameraModels,top_level,2,55,0,1,0,,,0,,0,,0,,0,,0,,0
Signal-Android,2020-1,org.thoughtcrime.securesms.mediasend.Media,top_level,6,76,0,6,1,2,1,1,0,1,0,1,0,1,0,1,0,1
Signal-Android,2020-1,org.thoughtcrime.securesms.mediasend.MediaFolder,top_level,2,24,0,2,0,,,0,,0,,0,,0,,0,,0
Signal-Android,2020-1,org.thoughtcrime.securesms.mediasend.MediaPickerFolderAdapter,top_level,3,49,0,3,1,4,0,1,0,1,0,1,0,1,4,1,0,1
Signal-Android,2020-1,org.thoughtcrime.securesms.mediasend.MediaPickerFolderFragment,top_level,4,80,0,3,1,12,0,1,0,1,0,1,0,1,11,1,0,1
Signal-Android,2020-1,org.thoughtcrime.securesms.mediasend.MediaPickerItemAdapter,top_level,5,106,0,5,1,4,0,1,0,1,0,1,0,1,4,1,0,1
Signal-Android,2020-1,org.thoughtcrime.securesms.mediasend.MediaPickerItemFragment,top_level,6,98,0,5,1,19,0,1,0,1,0,1,0,1,18,1,0,1
Signal-Android,2020-1,org.thoughtcrime.securesms.mediasend.MediaRepository,top_level,0,212,0,0,1,42,0,1,0,1,0,1,0,1,35,1,1,1
Signal-Android,2020-1,org.thoughtcrime.securesms.mediasend.MediaSendActivity,top_level,65,655,0,20,1,114,0,1,2,1,0,1,0,1,90,1,1,1
Signal-Android,2020-1,org.thoughtcrime.securesms.mediasend.MediaSendFragment,top_level,13,83,0,7,1,4,0,1,0,1,0,1,0,1,3,1,0,1
Signal-Android,2020-1,org.thoughtcrime.securesms.mediasend.MediaSendFragmentPagerAdapter,top_level,8,74,0,5,1,7,0,1,0,1,0,1,0,1,7,1,0,1
Signal-Android,2020-1,org.thoughtcrime.securesms.mediasend.MediaSendGifFragment,top_level,1,34,0,1,1,1,0,1,0,1,0,1,0,1,1,1,0,1
Signal-Android,2020-1,org.thoughtcrime.securesms.mediasend.MediaSendPageFragment,top_level,6,7,0,1,0,,,0,,0,,0,,0,,0,,0
Signal-Android,2020-1,org.thoughtcrime.securesms.mediasend.MediaSendVideoFragment,top_level,7,53,0,4,1,3,0,1,0,1,0,1,0,1,3,1,0,1
Signal-Android,2020-1,org.thoughtcrime.securesms.mediasend.MediaSendViewModel,top_level,56,369,0,18,1,53,1,1,0,1,0,1,0,1,45,1,1,1
Signal-Android,2020-1,org.thoughtcrime.securesms.mediasend.OrderEnforcer<E>,top_level,12,46,0,4,0,,,0,,0,,0,,0,,0,,0
Signal-Android,2020-1,org.thoughtcrime.securesms.mediasend.SimpleAnimationListener,top_level,0,7,0,0,0,,,0,,0,,0,,0,,0,,0
Signal-Android,2020-1,org.thoughtcrime.securesms.mediasend.camerax.CameraXFlashToggleView,top_level,10,72,0,4,1,3,0,1,0,1,0,1,0,1,3,1,0,1
Signal-Android,2020-1,org.thoughtcrime.securesms.mediasend.camerax.CameraXModule,top_level,80,434,0,34,1,56,0,1,1,1,0,1,0,1,36,1,1,1
Signal-Android,2020-1,org.thoughtcrime.securesms.mediasend.camerax.CameraXUtil,top_level,11,140,0,0,1,10,0,1,0,1,0,1,0,1,9,1,0,1
Signal-Android,2020-1,org.thoughtcrime.securesms.mediasend.camerax.CameraXView,top_level,48,490,0,35,1,52,0,1,0,1,0,1,0,1,45,1,1,1
Signal-Android,2020-1,org.thoughtcrime.securesms.mediasend.camerax.FastCameraModels,top_level,0,11,0,0,1,1,0,1,0,1,0,1,0,1,0,1,0,1
Signal-Android,2020-1,org.thoughtcrime.securesms.mediasend.camerax.TextureViewMeteringPointFactory,top_level,0,35,0,0,1,2,0,1,0,1,0,1,0,1,2,1,0,1
Signal-Android,2020-1,org.thoughtcrime.securesms.mediasend.camerax.VideoCapture,top_level,59,543,0,8,1,41,0,1,1,1,0,1,0,1,20,1,1,1
Signal-Android,2020-1,org.thoughtcrime.securesms.messagerequests.MessageRequestFragment,top_level,4,102,0,2,1,8,0,1,0,1,0,1,0,1,7,1,0,1
Signal-Android,2020-1,org.thoughtcrime.securesms.messagerequests.MessageRequestFragmentRepository,top_level,1,56,0,1,1,1,0,1,0,1,0,1,0,1,1,1,0,1
Signal-Android,2020-1,org.thoughtcrime.securesms.messagerequests.MessageRequestFragmentState,top_level,2,60,0,2,0,,,0,,0,,0,,0,,0,,0
Signal-Android,2020-1,org.thoughtcrime.securesms.messagerequests.MessageRequestFragmentViewModel,top_level,9,81,0,8,1,3,0,1,0,1,0,1,0,1,3,1,0,1
Signal-Android,2020-1,org.thoughtcrime.securesms.migrations.ApplicationMigrationActivity,top_level,0,16,0,0,1,1,0,1,0,1,0,1,0,1,1,1,0,1
Signal-Android,2020-1,org.thoughtcrime.securesms.migrations.ApplicationMigrations,top_level,1,94,0,0,1,10,0,1,0,1,0,1,0,1,3,1,0,1
Signal-Android,2020-1,org.thoughtcrime.securesms.migrations.AvatarMigrationJob,top_level,7,43,0,3,1,2,0,1,0,1,0,1,0,1,2,1,0,1
Signal-Android,2020-1,org.thoughtcrime.securesms.migrations.CachedAttachmentsMigrationJob,top_level,7,31,0,3,1,3,0,1,0,1,0,1,0,1,3,1,0,1
Signal-Android,2020-1,org.thoughtcrime.securesms.migrations.DatabaseMigrationJob,top_level,3,22,0,3,1,1,0,1,0,1,0,1,0,1,1,1,0,1
Signal-Android,2020-1,org.thoughtcrime.securesms.migrations.LegacyMigrationJob,top_level,47,168,0,3,1,28,0,1,1,1,0,1,0,1,16,1,1,1
Signal-Android,2020-1,org.thoughtcrime.securesms.migrations.MigrationCompleteEvent,top_level,2,6,0,2,0,,,0,,0,,0,,0,,0,,0
Signal-Android,2020-1,org.thoughtcrime.securesms.migrations.MigrationCompleteJob,top_level,3,33,0,3,0,,,0,,0,,0,,0,,0,,0
Signal-Android,2020-1,org.thoughtcrime.securesms.migrations.MigrationJob,top_level,3,37,0,3,1,6,0,1,0,1,0,1,0,1,2,1,0,1
Signal-Android,2020-1,org.thoughtcrime.securesms.migrations.RecipientSearchMigrationJob,top_level,3,22,0,3,0,,,0,,0,,0,,0,,0,,0
Signal-Android,2020-1,org.thoughtcrime.securesms.migrations.RegistrationPinV2MigrationJob,top_level,8,53,0,3,1,2,0,1,0,1,0,1,0,1,2,1,0,1
Signal-Android,2020-1,org.thoughtcrime.securesms.migrations.StickerLaunchMigrationJob,top_level,3,32,0,3,1,1,0,1,0,1,0,1,0,1,1,1,0,1
Signal-Android,2020-1,org.thoughtcrime.securesms.migrations.UuidMigrationJob,top_level,5,41,0,3,1,6,0,1,0,1,0,1,0,1,6,1,0,1
Signal-Android,2020-1,org.thoughtcrime.securesms.mms.ApnUnavailableException,top_level,1,8,0,1,0,,,0,,0,,0,,0,,0,,0
Signal-Android,2020-1,org.thoughtcrime.securesms.mms.AttachmentManager,top_level,5,334,0,3,1,65,0,1,1,1,0,1,0,1,55,1,0,1
Signal-Android,2020-1,org.thoughtcrime.securesms.mms.AttachmentStreamLocalUriFetcher,top_level,4,35,0,2,0,,,0,,0,,0,,0,,0,,0
Signal-Android,2020-1,org.thoughtcrime.securesms.mms.AttachmentStreamUriLoader,top_level,1,36,0,1,1,1,0,1,0,1,0,1,0,1,1,1,0,1
Signal-Android,2020-1,org.thoughtcrime.securesms.mms.AudioSlide,top_level,3,27,0,3,0,,,0,,0,,0,,0,,0,,0
Signal-Android,2020-1,org.thoughtcrime.securesms.mms.CompatMmsConnection,top_level,0,53,0,0,1,3,0,1,0,1,0,1,0,1,0,1,0,1
Signal-Android,2020-1,org.thoughtcrime.securesms.mms.ContactPhotoLocalUriFetcher,top_level,0,11,0,0,1,2,0,1,0,1,0,1,0,1,2,1,0,1
Signal-Android,2020-1,org.thoughtcrime.securesms.mms.DecryptableStreamLocalUriFetcher,top_level,0,21,0,0,1,3,0,1,0,1,0,1,0,1,2,1,0,1
Signal-Android,2020-1,org.thoughtcrime.securesms.mms.DecryptableStreamUriLoader,top_level,1,36,0,1,1,1,0,1,0,1,0,1,0,1,1,1,0,1
Signal-Android,2020-1,org.thoughtcrime.securesms.mms.DocumentSlide,top_level,1,10,0,1,0,,,0,,0,,0,,0,,0,,0
Signal-Android,2020-1,org.thoughtcrime.securesms.mms.GifSlide,top_level,0,11,0,0,0,,,0,,0,,0,,0,,0,,0
Signal-Android,2020-1,org.thoughtcrime.securesms.mms.ImageSlide,top_level,2,25,0,2,0,,,0,,0,,0,,0,,0,,0
Signal-Android,2020-1,org.thoughtcrime.securesms.mms.IncomingLegacyMmsConnection,top_level,2,72,0,1,1,4,0,1,0,1,0,1,0,1,4,1,0,1
Signal-Android,2020-1,org.thoughtcrime.securesms.mms.IncomingLollipopMmsConnection,top_level,3,68,0,1,1,12,0,1,0,1,0,1,0,1,11,1,0,1
Signal-Android,2020-1,org.thoughtcrime.securesms.mms.IncomingMediaMessage,top_level,8,98,0,8,1,3,1,1,0,1,2,1,0,1,0,1,0,1
Signal-Android,2020-1,org.thoughtcrime.securesms.mms.IncomingMmsConnection,top_level,1,3,0,0,0,,,0,,0,,0,,0,,0,,0
Signal-Android,2020-1,org.thoughtcrime.securesms.mms.LegacyMmsConnection,top_level,1,167,0,1,1,21,1,1,0,1,0,1,1,1,16,1,0,1
Signal-Android,2020-1,org.thoughtcrime.securesms.mms.LocationSlide,top_level,1,16,0,1,0,,,0,,0,,0,,0,,0,,0
Signal-Android,2020-1,org.thoughtcrime.securesms.mms.LollipopMmsConnection,top_level,5,34,0,3,1,2,0,1,0,1,0,1,0,1,2,1,0,1
Signal-Android,2020-1,org.thoughtcrime.securesms.mms.MediaConstraints,top_level,3,40,0,0,0,,,0,,0,,0,,0,,0,,0
Signal-Android,2020-1,org.thoughtcrime.securesms.mms.MediaNotFoundException,top_level,1,8,0,1,0,,,0,,0,,0,,0,,0,,0
Signal-Android,2020-1,org.thoughtcrime.securesms.mms.MediaStream,top_level,2,18,0,2,1,1,1,1,0,1,0,1,0,1,0,1,0,1
Signal-Android,2020-1,org.thoughtcrime.securesms.mms.MediaTooLargeException,top_level,1,8,0,1,0,,,0,,0,,0,,0,,0,,0
Signal-Android,2020-1,org.thoughtcrime.securesms.mms.MmsConfigManager,top_level,0,20,0,0,1,4,0,1,0,1,0,1,0,1,3,1,0,1
Signal-Android,2020-1,org.thoughtcrime.securesms.mms.MmsException,top_level,1,10,0,1,0,,,0,,0,,0,,0,,0,,0
Signal-Android,2020-1,org.thoughtcrime.securesms.mms.MmsMediaConstraints,top_level,1,34,0,1,1,3,0,1,0,1,0,1,0,1,3,1,0,1
Signal-Android,2020-1,org.thoughtcrime.securesms.mms.MmsRadio,top_level,24,95,0,6,1,12,0,1,0,1,0,1,0,1,8,1,0,1
Signal-Android,2020-1,org.thoughtcrime.securesms.mms.MmsRadioException,top_level,0,5,0,0,0,,,0,,0,,0,,0,,0,,0
Signal-Android,2020-1,org.thoughtcrime.securesms.mms.MmsSendResult,top_level,3,10,0,3,0,,,0,,0,,0,,0,,0,,0
Signal-Android,2020-1,org.thoughtcrime.securesms.mms.MmsSlide,top_level,0,7,0,0,0,,,0,,0,,0,,0,,0,,0
Signal-Android,2020-1,org.thoughtcrime.securesms.mms.OutgoingExpirationUpdateMessage,top_level,1,8,0,1,0,,,0,,0,,0,,0,,0,,0
Signal-Android,2020-1,org.thoughtcrime.securesms.mms.OutgoingGroupMediaMessage,top_level,3,38,0,3,1,2,0,1,0,1,0,1,0,1,2,1,0,1
Signal-Android,2020-1,org.thoughtcrime.securesms.mms.OutgoingLegacyMmsConnection,top_level,8,80,0,2,1,6,0,1,0,1,0,1,0,1,6,1,0,1
Signal-Android,2020-1,org.thoughtcrime.securesms.mms.OutgoingLollipopMmsConnection,top_level,0,47,0,0,1,4,0,1,0,1,0,1,0,1,4,1,0,1
Signal-Android,2020-1,org.thoughtcrime.securesms.mms.OutgoingMediaMessage,top_level,9,101,0,9,1,3,1,1,0,1,2,1,0,1,0,1,0,1
Signal-Android,2020-1,org.thoughtcrime.securesms.mms.OutgoingMmsConnection,top_level,1,3,0,0,0,,,0,,0,,0,,0,,0,,0
Signal-Android,2020-1,org.thoughtcrime.securesms.mms.OutgoingSecureMediaMessage,top_level,1,16,0,1,1,1,0,1,0,1,1,1,0,1,0,1,0,1
Signal-Android,2020-1,org.thoughtcrime.securesms.mms.PartAuthority,top_level,0,103,0,0,1,5,0,1,0,1,0,1,0,1,4,1,0,1
Signal-Android,2020-1,org.thoughtcrime.securesms.mms.PartParser,top_level,0,41,0,0,1,7,0,1,0,1,0,1,0,1,5,1,0,1
Signal-Android,2020-1,org.thoughtcrime.securesms.mms.PartUriParser,top_level,2,10,0,2,1,1,0,1,0,1,0,1,0,1,1,1,0,1
Signal-Android,2020-1,org.thoughtcrime.securesms.mms.PushMediaConstraints,top_level,0,34,0,0,0,,,0,,0,,0,,0,,0,,0
Signal-Android,2020-1,org.thoughtcrime.securesms.mms.QuoteId,top_level,1,32,0,1,1,1,0,1,0,1,0,1,0,1,1,1,0,1
Signal-Android,2020-1,org.thoughtcrime.securesms.mms.QuoteModel,top_level,2,22,0,2,1,1,1,1,0,1,0,1,0,1,0,1,0,1
Signal-Android,2020-1,org.thoughtcrime.securesms.mms.SignalGlideModule,top_level,1,30,0,1,1,5,0,1,0,1,0,1,0,1,4,1,0,1
Signal-Android,2020-1,org.thoughtcrime.securesms.mms.Slide,top_level,13,117,0,13,1,13,0,1,0,1,1,1,0,1,11,1,0,1
Signal-Android,2020-1,org.thoughtcrime.securesms.mms.SlideClickListener,top_level,1,2,0,0,0,,,0,,0,,0,,0,,0,,0
Signal-Android,2020-1,org.thoughtcrime.securesms.mms.SlideDeck,top_level,9,62,0,3,1,4,0,1,0,1,0,1,0,1,4,1,0,1
Signal-Android,2020-1,org.thoughtcrime.securesms.mms.SlidesClickedListener,top_level,1,2,0,0,0,,,0,,0,,0,,0,,0,,0
Signal-Android,2020-1,org.thoughtcrime.securesms.mms.StickerSlide,top_level,1,19,0,1,0,,,0,,0,,0,,0,,0,,0
Signal-Android,2020-1,org.thoughtcrime.securesms.mms.TextSlide,top_level,0,5,0,0,0,,,0,,0,,0,,0,,0,,0
Signal-Android,2020-1,org.thoughtcrime.securesms.mms.VideoSlide,top_level,4,25,0,4,0,,,0,,0,,0,,0,,0,,0
Signal-Android,2020-1,org.thoughtcrime.securesms.net.CallRequestController,top_level,3,27,0,1,1,1,0,1,0,1,0,1,0,1,1,1,0,1
Signal-Android,2020-1,org.thoughtcrime.securesms.net.ChunkedDataFetcher,top_level,0,240,0,0,1,23,0,1,0,1,0,1,0,1,17,1,0,1
Signal-Android,2020-1,org.thoughtcrime.securesms.net.CompositeRequestController,top_level,2,14,0,2,1,1,0,1,0,1,0,1,0,1,1,1,0,1
Signal-Android,2020-1,org.thoughtcrime.securesms.net.ContentProxySafetyInterceptor,top_level,0,23,0,0,1,5,0,1,0,1,0,1,0,1,5,1,0,1
Signal-Android,2020-1,org.thoughtcrime.securesms.net.ContentProxySelector,top_level,0,22,0,0,1,1,0,1,0,1,0,1,0,1,1,1,0,1
Signal-Android,2020-1,org.thoughtcrime.securesms.net.RequestController,top_level,1,2,0,1,0,,,0,,0,,0,,0,,0,,0
Signal-Android,2020-1,org.thoughtcrime.securesms.notifications.AbstractNotificationBuilder,top_level,2,50,0,1,1,7,0,1,0,1,0,1,0,1,6,1,0,1
Signal-Android,2020-1,org.thoughtcrime.securesms.notifications.AndroidAutoHeardReceiver,top_level,0,26,0,0,1,2,0,1,0,1,0,1,0,1,2,1,0,1
Signal-Android,2020-1,org.thoughtcrime.securesms.notifications.AndroidAutoReplyReceiver,top_level,0,40,0,0,1,3,0,1,0,1,0,1,0,1,3,1,0,1
Signal-Android,2020-1,org.thoughtcrime.securesms.notifications.DeleteNotificationReceiver,top_level,0,19,0,0,1,5,0,1,0,1,0,1,3,1,2,1,0,1
Signal-Android,2020-1,org.thoughtcrime.securesms.notifications.DoNotDisturbUtil,top_level,1,47,0,1,1,5,0,1,0,1,0,1,0,1,5,1,0,1
Signal-Android,2020-1,org.thoughtcrime.securesms.notifications.FailedNotificationBuilder,top_level,0,13,0,0,0,,,0,,0,,0,,0,,0,,0
Signal-Android,2020-1,org.thoughtcrime.securesms.notifications.LocaleChangedReceiver,top_level,0,4,0,0,0,,,0,,0,,0,,0,,0,,0
Signal-Android,2020-1,org.thoughtcrime.securesms.notifications.MarkReadReceiver,top_level,0,44,0,0,1,10,0,1,0,1,0,1,0,1,10,1,0,1
Signal-Android,2020-1,org.thoughtcrime.securesms.notifications.MessageNotifier,top_level,3,370,0,0,1,100,0,1,0,1,0,1,0,1,77,1,1,1
Signal-Android,2020-1,org.thoughtcrime.securesms.notifications.MultipleRecipientNotificationBuilder,top_level,1,44,0,1,1,1,0,1,0,1,0,1,0,1,1,1,0,1
Signal-Android,2020-1,org.thoughtcrime.securesms.notifications.NotificationChannels,top_level,1,316,0,0,1,39,0,1,0,1,0,1,0,1,33,1,1,1
Signal-Android,2020-1,org.thoughtcrime.securesms.notifications.NotificationItem,top_level,4,50,0,4,1,4,1,1,0,1,0,1,0,1,3,1,0,1
Signal-Android,2020-1,org.thoughtcrime.securesms.notifications.NotificationState,top_level,4,108,0,4,1,6,0,1,0,1,0,1,0,1,6,1,0,1
Signal-Android,2020-1,org.thoughtcrime.securesms.notifications.PendingMessageNotificationBuilder,top_level,0,16,0,0,0,,,0,,0,,0,,0,,0,,0
Signal-Android,2020-1,org.thoughtcrime.securesms.notifications.RemoteReplyReceiver,top_level,0,44,0,0,1,7,0,1,0,1,0,1,0,1,5,1,0,1
Signal-Android,2020-1,org.thoughtcrime.securesms.notifications.ReplyMethod,top_level,0,11,0,0,0,,,0,,0,,0,,0,,0,,0
Signal-Android,2020-1,org.thoughtcrime.securesms.notifications.SingleRecipientNotificationBuilder,top_level,1,180,0,1,1,22,0,1,0,1,0,1,0,1,20,1,1,1
Signal-Android,2020-1,org.thoughtcrime.securesms.permissions.Permissions,top_level,0,190,0,0,1,11,0,1,0,1,0,1,0,1,7,1,0,1
Signal-Android,2020-1,org.thoughtcrime.securesms.permissions.PermissionsRequest,top_level,0,51,0,0,1,7,0,1,0,1,0,1,0,1,0,1,0,1
Signal-Android,2020-1,org.thoughtcrime.securesms.permissions.RationaleDialog,top_level,0,24,0,0,1,5,0,1,0,1,0,1,0,1,4,1,0,1
Signal-Android,2020-1,org.thoughtcrime.securesms.phonenumbers.NumberUtil,top_level,0,13,0,0,1,3,0,1,0,1,0,1,0,1,2,1,0,1
Signal-Android,2020-1,org.thoughtcrime.securesms.phonenumbers.PhoneNumberFormatter,top_level,0,107,0,0,1,29,0,1,0,1,0,1,0,1,22,1,0,1
Signal-Android,2020-1,org.thoughtcrime.securesms.preferences.AdvancedPreferenceFragment,top_level,6,127,0,3,1,9,0,1,0,1,0,1,0,1,8,1,0,1
Signal-Android,2020-1,org.thoughtcrime.securesms.preferences.AppProtectionPreferenceFragment,top_level,8,198,0,4,1,20,0,1,0,1,0,1,0,1,20,1,0,1
Signal-Android,2020-1,org.thoughtcrime.securesms.preferences.AppearancePreferenceFragment,top_level,3,35,0,3,1,6,0,1,0,1,0,1,0,1,6,1,0,1
Signal-Android,2020-1,org.thoughtcrime.securesms.preferences.ApplicationPreferencesViewModel,top_level,0,18,0,0,1,2,0,1,0,1,0,1,0,1,2,1,0,1
Signal-Android,2020-1,org.thoughtcrime.securesms.preferences.BlockedContactListItem,top_level,3,34,0,2,1,2,0,1,0,1,0,1,0,1,2,1,0,1
Signal-Android,2020-1,org.thoughtcrime.securesms.preferences.ChatsPreferenceFragment,top_level,4,101,0,4,1,19,0,1,0,1,0,1,0,1,19,1,0,1
Signal-Android,2020-1,org.thoughtcrime.securesms.preferences.CorrectedPreferenceFragment,top_level,0,42,0,0,1,6,0,1,0,1,0,1,0,1,5,1,0,1
Signal-Android,2020-1,org.thoughtcrime.securesms.preferences.ListSummaryPreferenceFragment,top_level,0,12,0,0,1,6,0,1,0,1,0,1,0,1,6,1,0,1
Signal-Android,2020-1,org.thoughtcrime.securesms.preferences.MmsPreferencesActivity,top_level,3,31,0,3,1,4,0,1,0,1,0,1,0,1,3,1,0,1
Signal-Android,2020-1,org.thoughtcrime.securesms.preferences.MmsPreferencesFragment,top_level,1,43,0,1,1,1,0,1,0,1,0,1,0,1,1,1,0,1
Signal-Android,2020-1,org.thoughtcrime.securesms.preferences.NotificationsPreferenceFragment,top_level,1,149,0,1,1,12,0,1,0,1,0,1,0,1,10,1,0,1
Signal-Android,2020-1,org.thoughtcrime.securesms.preferences.SmsMmsPreferenceFragment,top_level,13,66,0,3,1,6,0,1,0,1,0,1,0,1,6,1,0,1
Signal-Android,2020-1,org.thoughtcrime.securesms.preferences.StoragePreferenceFragment,top_level,1,57,0,1,1,7,0,1,0,1,0,1,0,1,7,1,0,1
Signal-Android,2020-1,org.thoughtcrime.securesms.preferences.widgets.ColorPickerPreference,top_level,16,87,0,12,1,1,1,1,0,1,0,1,0,1,0,1,0,1
Signal-Android,2020-1,org.thoughtcrime.securesms.preferences.widgets.ColorPickerPreferenceDialogFragmentCompat,top_level,3,34,0,2,1,7,0,1,0,1,0,1,0,1,7,1,0,1
Signal-Android,2020-1,org.thoughtcrime.securesms.preferences.widgets.ContactPreference,top_level,18,55,0,3,1,11,0,1,0,1,0,1,0,1,4,1,0,1
Signal-Android,2020-1,org.thoughtcrime.securesms.preferences.widgets.LEDColorListPreference,top_level,1,46,0,1,1,17,0,1,0,1,0,1,0,1,17,1,0,1
Signal-Android,2020-1,org.thoughtcrime.securesms.preferences.widgets.NotificationPrivacyPreference,top_level,2,8,0,2,0,,,0,,0,,0,,0,,0,,0
Signal-Android,2020-1,org.thoughtcrime.securesms.preferences.widgets.ProfilePreference,top_level,4,39,0,2,1,8,0,1,0,1,0,1,0,1,8,1,0,1
Signal-Android,2020-1,org.thoughtcrime.securesms.preferences.widgets.ProgressPreference,top_level,4,28,0,3,1,1,0,1,0,1,0,1,0,1,1,1,0,1
Signal-Android,2020-1,org.thoughtcrime.securesms.preferences.widgets.SignalListPreference,top_level,4,38,0,2,0,,,0,,0,,0,,0,,0,,0
Signal-Android,2020-1,org.thoughtcrime.securesms.preferences.widgets.SignalPreference,top_level,1,28,0,1,0,,,0,,0,,0,,0,,0,,0
Signal-Android,2020-1,org.thoughtcrime.securesms.preferences.widgets.StorageGraphView,top_level,4,66,0,3,1,2,0,1,0,1,0,1,0,1,2,1,0,1
Signal-Android,2020-1,org.thoughtcrime.securesms.preferences.widgets.StoragePreferenceCategory,top_level,1,37,0,1,1,1,0,1,0,1,0,1,0,1,1,1,0,1
Signal-Android,2020-1,org.thoughtcrime.securesms.profiles.AvatarHelper,top_level,0,24,0,0,1,3,0,1,0,1,0,1,0,1,2,1,0,1
Signal-Android,2020-1,org.thoughtcrime.securesms.profiles.GroupShareProfileView,top_level,2,33,0,1,1,1,0,1,0,1,0,1,0,1,0,1,0,1
Signal-Android,2020-1,org.thoughtcrime.securesms.profiles.ProfileMediaConstraints,top_level,0,22,0,0,0,,,0,,0,,0,,0,,0,,0
Signal-Android,2020-1,org.thoughtcrime.securesms.profiles.SystemProfileUtil,top_level,0,53,0,0,1,11,0,1,0,1,0,1,0,1,9,1,0,1
Signal-Android,2020-1,org.thoughtcrime.securesms.profiles.UnknownSenderView,top_level,4,52,0,3,1,9,0,1,0,1,0,1,0,1,9,1,0,1
Signal-Android,2020-1,org.thoughtcrime.securesms.providers.BlobProvider,top_level,2,268,0,1,1,26,0,1,0,1,0,1,0,1,21,1,0,1
Signal-Android,2020-1,org.thoughtcrime.securesms.providers.DeprecatedPersistentBlobProvider,top_level,0,103,0,0,1,11,0,1,0,1,0,1,0,1,11,1,0,1
Signal-Android,2020-1,org.thoughtcrime.securesms.providers.MmsBodyProvider,top_level,1,66,0,1,1,7,0,1,0,1,0,1,0,1,7,1,0,1
Signal-Android,2020-1,org.thoughtcrime.securesms.providers.PartProvider,top_level,1,81,0,1,1,5,0,1,0,1,0,1,0,1,5,1,0,1
Signal-Android,2020-1,org.thoughtcrime.securesms.push.AccountManagerFactory,top_level,0,27,0,0,1,3,0,1,0,1,0,1,0,1,2,1,0,1
Signal-Android,2020-1,org.thoughtcrime.securesms.push.DomainFrontingTrustStore,top_level,0,10,0,0,1,1,0,1,0,1,0,1,0,1,1,1,0,1
Signal-Android,2020-1,org.thoughtcrime.securesms.push.IasTrustStore,top_level,0,10,0,0,1,1,0,1,0,1,0,1,0,1,1,1,0,1
Signal-Android,2020-1,org.thoughtcrime.securesms.push.SecurityEventListener,top_level,0,8,0,0,0,,,0,,0,,0,,0,,0,,0
Signal-Android,2020-1,org.thoughtcrime.securesms.push.SignalServiceNetworkAccess,top_level,0,135,0,0,0,,,0,,0,,0,,0,,0,,0
Signal-Android,2020-1,org.thoughtcrime.securesms.push.SignalServiceTrustStore,top_level,0,10,0,0,1,1,0,1,0,1,0,1,0,1,1,1,0,1
Signal-Android,2020-1,org.thoughtcrime.securesms.qr.QrCode,top_level,0,14,0,0,1,2,0,1,0,1,0,1,0,1,1,1,0,1
Signal-Android,2020-1,org.thoughtcrime.securesms.qr.ScanListener,top_level,1,2,0,0,0,,,0,,0,,0,,0,,0,,0
Signal-Android,2020-1,org.thoughtcrime.securesms.qr.ScanningThread,top_level,8,59,0,2,1,8,0,1,0,1,0,1,0,1,6,1,0,1
Signal-Android,2020-1,org.thoughtcrime.securesms.reactions.EmojiCount,top_level,1,10,0,1,0,,,0,,0,,0,,0,,0,,0
Signal-Android,2020-1,org.thoughtcrime.securesms.reactions.ReactionEmojiCountAdapter,top_level,3,58,0,3,1,4,0,1,0,1,0,1,0,1,4,1,0,1
Signal-Android,2020-1,org.thoughtcrime.securesms.reactions.ReactionRecipientsAdapter,top_level,2,30,0,2,1,1,0,1,0,1,0,1,0,1,1,1,0,1
Signal-Android,2020-1,org.thoughtcrime.securesms.reactions.ReactionsBottomSheetDialogFragment,top_level,6,62,0,4,1,6,0,1,0,1,0,1,0,1,6,1,0,1
Signal-Android,2020-1,org.thoughtcrime.securesms.reactions.ReactionsLoader,top_level,0,62,0,0,1,4,0,1,0,1,0,1,0,1,3,1,0,1
Signal-Android,2020-1,org.thoughtcrime.securesms.reactions.ReactionsViewModel,top_level,1,40,0,1,1,5,0,1,0,1,0,1,0,1,5,1,0,1
Signal-Android,2020-1,org.thoughtcrime.securesms.recipients.LiveRecipient,top_level,5,109,0,2,1,29,0,1,0,1,0,1,0,1,29,1,0,1
Signal-Android,2020-1,org.thoughtcrime.securesms.recipients.LiveRecipientCache,top_level,5,68,0,2,1,6,0,1,0,1,0,1,0,1,6,1,0,1
Signal-Android,2020-1,org.thoughtcrime.securesms.recipients.Recipient,top_level,28,401,0,25,1,76,0,1,0,1,0,1,0,1,62,1,1,1
Signal-Android,2020-1,org.thoughtcrime.securesms.recipients.RecipientDetails,top_level,1,115,0,1,1,1,0,1,0,1,0,1,0,1,0,1,0,1
Signal-Android,2020-1,org.thoughtcrime.securesms.recipients.RecipientExporter,top_level,0,20,0,0,1,2,0,1,0,1,0,1,0,1,2,1,0,1
Signal-Android,2020-1,org.thoughtcrime.securesms.recipients.RecipientForeverObserver,top_level,1,3,0,0,0,,,0,,0,,0,,0,,0,,0
Signal-Android,2020-1,org.thoughtcrime.securesms.recipients.RecipientFormattingException,top_level,1,9,0,1,0,,,0,,0,,0,,0,,0,,0
Signal-Android,2020-1,org.thoughtcrime.securesms.recipients.RecipientId,top_level,8,66,0,6,1,5,0,1,0,1,0,1,0,1,2,1,0,1
Signal-Android,2020-1,org.thoughtcrime.securesms.recipients.RecipientModifiedListener,top_level,1,2,0,0,0,,,0,,0,,0,,0,,0,,0
Signal-Android,2020-1,org.thoughtcrime.securesms.recipients.RecipientUtil,top_level,0,55,0,0,1,31,0,1,0,1,0,1,0,1,30,1,0,1
Signal-Android,2020-1,org.thoughtcrime.securesms.recipients.RecipientsFormatter,top_level,0,28,0,0,1,4,0,1,0,1,0,1,0,1,3,1,0,1
Signal-Android,2020-1,org.thoughtcrime.securesms.registration.PushChallengeRequest,top_level,0,60,0,0,1,3,0,1,0,1,0,1,0,1,2,1,0,1
Signal-Android,2020-1,org.thoughtcrime.securesms.registration.ReceivedSmsEvent,top_level,0,6,0,0,0,,,0,,0,,0,,0,,0,,0
Signal-Android,2020-1,org.thoughtcrime.securesms.registration.RegistrationNavigationActivity,top_level,4,51,0,3,1,6,0,1,0,1,0,1,0,1,6,1,0,1
Signal-Android,2020-1,org.thoughtcrime.securesms.registration.fragments.BaseRegistrationFragment,top_level,2,45,0,1,1,6,0,1,0,1,0,1,0,1,6,1,0,1
Signal-Android,2020-1,org.thoughtcrime.securesms.registration.fragments.CaptchaFragment,top_level,0,23,0,0,1,7,0,1,0,1,0,1,0,1,7,1,0,1
Signal-Android,2020-1,org.thoughtcrime.securesms.registration.fragments.CountryPickerFragment,top_level,0,45,0,0,1,8,0,1,0,1,0,1,0,1,8,1,0,1
Signal-Android,2020-1,org.thoughtcrime.securesms.registration.fragments.EnterCodeFragment,top_level,6,179,0,6,1,22,0,1,0,1,0,1,0,1,16,1,0,1
Signal-Android,2020-1,org.thoughtcrime.securesms.registration.fragments.EnterPhoneNumberFragment,top_level,6,245,0,3,1,40,0,1,0,1,0,1,0,1,38,1,0,1
Signal-Android,2020-1,org.thoughtcrime.securesms.registration.fragments.RegistrationCompleteFragment,top_level,0,17,0,0,1,1,0,1,0,1,0,1,0,1,1,1,0,1
Signal-Android,2020-1,org.thoughtcrime.securesms.registration.fragments.RegistrationConstants,top_level,1,7,0,1,0,,,0,,0,,0,,0,,0,,0
Signal-Android,2020-1,org.thoughtcrime.securesms.registration.fragments.RegistrationLockFragment,top_level,4,122,0,2,1,21,0,1,0,1,0,1,0,1,21,1,0,1
Signal-Android,2020-1,org.thoughtcrime.securesms.registration.fragments.RestoreBackupFragment,top_level,3,189,0,2,1,13,0,1,0,1,0,1,0,1,12,1,0,1
Signal-Android,2020-1,org.thoughtcrime.securesms.registration.fragments.WelcomeFragment,top_level,6,81,0,2,1,20,0,1,0,1,0,1,0,1,20,1,0,1
Signal-Android,2020-1,org.thoughtcrime.securesms.registration.service.CodeVerificationRequest,top_level,0,176,0,0,1,16,0,1,0,1,0,1,0,1,10,1,0,1
Signal-Android,2020-1,org.thoughtcrime.securesms.registration.service.Credentials,top_level,0,10,0,0,0,,,0,,0,,0,,0,,0,,0
Signal-Android,2020-1,org.thoughtcrime.securesms.registration.service.KeyBackupSystemWrongPinException,top_level,0,6,0,0,0,,,0,,0,,0,,0,,0,,0
Signal-Android,2020-1,org.thoughtcrime.securesms.registration.service.RegistrationCodeRequest,top_level,0,62,0,0,1,6,0,1,0,1,0,1,0,1,5,1,0,1
Signal-Android,2020-1,org.thoughtcrime.securesms.registration.service.RegistrationService,top_level,0,21,0,0,1,1,0,1,0,1,0,1,0,1,0,1,0,1
Signal-Android,2020-1,org.thoughtcrime.securesms.registration.viewmodel.LocalCodeRequestRateLimiter,top_level,3,51,0,3,1,5,0,1,0,1,0,1,0,1,5,1,0,1
Signal-Android,2020-1,org.thoughtcrime.securesms.registration.viewmodel.NumberViewState,top_level,8,103,0,7,1,1,0,1,0,1,0,1,0,1,1,1,0,1
Signal-Android,2020-1,org.thoughtcrime.securesms.registration.viewmodel.RegistrationViewModel,top_level,10,108,0,9,1,12,0,1,0,1,0,1,0,1,11,1,0,1
Signal-Android,2020-1,org.thoughtcrime.securesms.revealable.ViewOnceExpirationInfo,top_level,3,10,0,3,0,,,0,,0,,0,,0,,0,,0
Signal-Android,2020-1,org.thoughtcrime.securesms.revealable.ViewOnceMessageActivity,top_level,5,116,0,5,1,11,0,1,0,1,0,1,0,1,10,1,0,1
Signal-Android,2020-1,org.thoughtcrime.securesms.revealable.ViewOnceMessageManager,top_level,0,39,0,0,1,2,0,1,0,1,0,1,0,1,2,1,0,1
Signal-Android,2020-1,org.thoughtcrime.securesms.revealable.ViewOnceMessageRepository,top_level,1,13,0,1,1,1,0,1,0,1,0,1,0,1,1,1,0,1
Signal-Android,2020-1,org.thoughtcrime.securesms.revealable.ViewOnceMessageView,top_level,3,93,0,2,1,26,0,1,0,1,0,1,0,1,26,1,0,1
Signal-Android,2020-1,org.thoughtcrime.securesms.revealable.ViewOnceMessageViewModel,top_level,1,50,0,1,1,2,0,1,0,1,0,1,0,1,1,1,0,1
Signal-Android,2020-1,org.thoughtcrime.securesms.revealable.ViewOnceUtil,top_level,0,30,0,0,1,14,0,1,0,1,0,1,0,1,11,1,0,1
Signal-Android,2020-1,org.thoughtcrime.securesms.ringrtc.CallConnectionWrapper,top_level,10,156,0,8,1,1,0,1,0,1,1,1,0,1,0,1,0,1
Signal-Android,2020-1,org.thoughtcrime.securesms.ringrtc.CameraState,top_level,4,15,0,4,0,,,0,,0,,0,,0,,0,,0
Signal-Android,2020-1,org.thoughtcrime.securesms.ringrtc.MessageRecipient,top_level,0,47,0,0,1,2,0,1,0,1,0,1,0,1,2,1,0,1
Signal-Android,2020-1,org.thoughtcrime.securesms.ringrtc.RingRtcLogger,top_level,0,16,0,0,0,,,0,,0,,0,,0,,0,,0
Signal-Android,2020-1,org.thoughtcrime.securesms.scribbles.ImageEditorFragment,top_level,16,267,0,14,1,20,0,1,0,1,0,1,0,1,17,1,0,1
Signal-Android,2020-1,org.thoughtcrime.securesms.scribbles.ImageEditorFragmentViewModel,top_level,1,32,0,1,1,1,0,1,0,1,0,1,0,1,1,1,0,1
Signal-Android,2020-1,org.thoughtcrime.securesms.scribbles.ImageEditorHud,top_level,30,189,0,17,1,3,0,1,0,1,0,1,0,1,1,1,0,1
Signal-Android,2020-1,org.thoughtcrime.securesms.scribbles.ImageEditorStickerSelectActivity,top_level,0,39,0,0,1,3,0,1,0,1,0,1,0,1,3,1,0,1
Signal-Android,2020-1,org.thoughtcrime.securesms.scribbles.UriGlideRenderer,top_level,8,114,0,3,1,9,0,1,0,1,0,1,0,1,8,1,0,1
Signal-Android,2020-1,org.thoughtcrime.securesms.scribbles.widget.ColorPaletteAdapter,top_level,3,30,0,3,1,1,0,1,0,1,0,1,0,1,1,1,0,1
Signal-Android,2020-1,org.thoughtcrime.securesms.scribbles.widget.VerticalSlideColorPicker,top_level,13,123,0,8,1,2,1,1,0,1,0,1,0,1,0,1,0,1
Signal-Android,2020-1,org.thoughtcrime.securesms.search.SearchRepository,top_level,1,124,0,1,1,7,0,1,0,1,0,1,0,1,6,1,0,1
Signal-Android,2020-1,org.thoughtcrime.securesms.service.AccountAuthenticatorService,top_level,2,40,0,1,1,2,0,1,0,1,0,1,0,1,2,1,0,1
Signal-Android,2020-1,org.thoughtcrime.securesms.service.AccountVerificationTimeoutException,top_level,1,8,0,1,0,,,0,,0,,0,,0,,0,,0
Signal-Android,2020-1,org.thoughtcrime.securesms.service.ApplicationMigrationService,top_level,12,119,0,8,1,9,1,1,0,1,0,1,0,1,8,1,0,1
Signal-Android,2020-1,org.thoughtcrime.securesms.service.BootReceiver,top_level,0,4,0,0,0,,,0,,0,,0,,0,,0,,0
Signal-Android,2020-1,org.thoughtcrime.securesms.service.ContactsSyncAdapterService,top_level,2,10,0,1,0,,,0,,0,,0,,0,,0,,0
Signal-Android,2020-1,org.thoughtcrime.securesms.service.DirectShareService,top_level,0,45,0,0,1,19,0,1,0,1,0,1,0,1,19,1,0,1
Signal-Android,2020-1,org.thoughtcrime.securesms.service.DirectoryRefreshListener,top_level,0,14,0,0,0,,,0,,0,,0,,0,,0,,0
Signal-Android,2020-1,org.thoughtcrime.securesms.service.ExpirationListener,top_level,0,10,0,0,1,4,0,1,0,1,0,1,0,1,4,1,0,1
Signal-Android,2020-1,org.thoughtcrime.securesms.service.ExpiringMessageManager,top_level,3,86,0,3,1,4,0,1,0,1,0,1,0,1,4,1,0,1
Signal-Android,2020-1,org.thoughtcrime.securesms.service.GenericForegroundService,top_level,7,150,0,3,1,3,0,1,0,1,0,1,0,1,2,1,0,1
Signal-Android,2020-1,org.thoughtcrime.securesms.service.IncomingMessageObserver,top_level,6,114,0,4,1,5,0,1,0,1,0,1,0,1,5,1,0,1
Signal-Android,2020-1,org.thoughtcrime.securesms.service.KeyCachingService,top_level,17,157,0,9,1,10,0,1,0,1,0,1,0,1,8,1,0,1
Signal-Android,2020-1,org.thoughtcrime.securesms.service.LocalBackupListener,top_level,0,17,0,0,0,,,0,,0,,0,,0,,0,,0
Signal-Android,2020-1,org.thoughtcrime.securesms.service.MmsListener,top_level,0,19,0,0,1,5,0,1,0,1,0,1,0,1,4,1,0,1
Signal-Android,2020-1,org.thoughtcrime.securesms.service.NotificationController,top_level,10,46,0,7,1,5,0,1,0,1,0,1,0,1,5,1,0,1
Signal-Android,2020-1,org.thoughtcrime.securesms.service.PanicResponderListener,top_level,0,8,0,0,0,,,0,,0,,0,,0,,0,,0
Signal-Android,2020-1,org.thoughtcrime.securesms.service.PersistentAlarmManagerListener,top_level,0,15,0,0,1,2,0,1,0,1,0,1,0,1,2,1,0,1
Signal-Android,2020-1,org.thoughtcrime.securesms.service.PersistentConnectionBootListener,top_level,0,6,0,0,1,1,0,1,0,1,0,1,0,1,1,1,0,1
Signal-Android,2020-1,org.thoughtcrime.securesms.service.QuickResponseService,top_level,1,27,0,1,1,7,0,1,0,1,0,1,0,1,7,1,0,1
Signal-Android,2020-1,org.thoughtcrime.securesms.service.RotateSenderCertificateListener,top_level,0,13,0,0,0,,,0,,0,,0,,0,,0,,0
Signal-Android,2020-1,org.thoughtcrime.securesms.service.RotateSignedPreKeyListener,top_level,0,14,0,0,0,,,0,,0,,0,,0,,0,,0
Signal-Android,2020-1,org.thoughtcrime.securesms.service.SmsDeliveryListener,top_level,0,34,0,0,1,2,0,1,0,1,0,1,0,1,1,1,0,1
Signal-Android,2020-1,org.thoughtcrime.securesms.service.SmsListener,top_level,0,49,0,0,1,9,0,1,0,1,0,1,0,1,8,1,0,1
Signal-Android,2020-1,org.thoughtcrime.securesms.service.TimedEventManager<E>,top_level,5,34,0,4,0,,,0,,0,,0,,0,,0,,0
Signal-Android,2020-1,org.thoughtcrime.securesms.service.UpdateApkReadyListener,top_level,0,59,0,0,1,8,0,1,0,1,0,1,0,1,7,1,0,1
Signal-Android,2020-1,org.thoughtcrime.securesms.service.UpdateApkRefreshListener,top_level,0,17,0,0,0,,,0,,0,,0,,0,,0,,0
Signal-Android,2020-1,org.thoughtcrime.securesms.service.VerificationCodeParser,top_level,0,9,0,0,1,4,0,1,0,1,0,1,0,1,3,1,0,1
Signal-Android,2020-1,org.thoughtcrime.securesms.service.WebRtcCallService,top_level,36,870,0,16,1,55,0,1,0,1,0,1,0,1,39,1,0,1
Signal-Android,2020-1,org.thoughtcrime.securesms.sms.IncomingEncryptedMessage,top_level,1,9,0,1,0,,,0,,0,,0,,0,,0,,0
Signal-Android,2020-1,org.thoughtcrime.securesms.sms.IncomingEndSessionMessage,top_level,1,11,0,1,0,,,0,,0,,0,,0,,0,,0
Signal-Android,2020-1,org.thoughtcrime.securesms.sms.IncomingGroupMessage,top_level,3,15,0,3,1,2,0,1,0,1,0,1,0,1,2,1,0,1
Signal-Android,2020-1,org.thoughtcrime.securesms.sms.IncomingIdentityDefaultMessage,top_level,1,6,0,1,0,,,0,,0,,0,,0,,0,,0
Signal-Android,2020-1,org.thoughtcrime.securesms.sms.IncomingIdentityUpdateMessage,top_level,1,6,0,1,0,,,0,,0,,0,,0,,0,,0
Signal-Android,2020-1,org.thoughtcrime.securesms.sms.IncomingIdentityVerifiedMessage,top_level,1,6,0,1,0,,,0,,0,,0,,0,,0,,0
Signal-Android,2020-1,org.thoughtcrime.securesms.sms.IncomingJoinedMessage,top_level,2,9,0,2,0,,,0,,0,,0,,0,,0,,0
Signal-Android,2020-1,org.thoughtcrime.securesms.sms.IncomingPreKeyBundleMessage,top_level,2,14,0,2,0,,,0,,0,,0,,0,,0,,0
Signal-Android,2020-1,org.thoughtcrime.securesms.sms.IncomingTextMessage,top_level,19,181,0,19,1,1,0,1,0,1,0,1,0,1,0,1,0,1
Signal-Android,2020-1,org.thoughtcrime.securesms.sms.MessageSender,top_level,0,240,0,0,1,61,0,1,1,1,0,1,0,1,48,1,1,1
Signal-Android,2020-1,org.thoughtcrime.securesms.sms.OutgoingEncryptedMessage,top_level,1,11,0,1,0,,,0,,0,,0,,0,,0,,0
Signal-Android,2020-1,org.thoughtcrime.securesms.sms.OutgoingEndSessionMessage,top_level,1,11,0,1,0,,,0,,0,,0,,0,,0,,0
Signal-Android,2020-1,org.thoughtcrime.securesms.sms.OutgoingIdentityDefaultMessage,top_level,1,10,0,1,0,,,0,,0,,0,,0,,0,,0
Signal-Android,2020-1,org.thoughtcrime.securesms.sms.OutgoingIdentityVerifiedMessage,top_level,1,11,0,1,0,,,0,,0,,0,,0,,0,,0
Signal-Android,2020-1,org.thoughtcrime.securesms.sms.OutgoingKeyExchangeMessage,top_level,1,11,0,1,0,,,0,,0,,0,,0,,0,,0
Signal-Android,2020-1,org.thoughtcrime.securesms.sms.OutgoingPrekeyBundleMessage,top_level,1,9,0,1,0,,,0,,0,,0,,0,,0,,0
Signal-Android,2020-1,org.thoughtcrime.securesms.sms.OutgoingTextMessage,top_level,8,48,0,8,0,,,0,,0,,0,,0,,0,,0
Signal-Android,2020-1,org.thoughtcrime.securesms.sms.TelephonyServiceState,top_level,0,47,0,0,1,2,0,1,0,1,0,1,0,1,2,1,0,1
Signal-Android,2020-1,org.thoughtcrime.securesms.stickers.BlessedPacks,top_level,0,19,0,0,1,1,0,1,0,1,0,1,0,1,0,1,0,1
Signal-Android,2020-1,org.thoughtcrime.securesms.stickers.StickerKeyboardPageAdapter,top_level,5,67,0,5,1,4,0,1,0,1,0,1,0,1,4,1,0,1
Signal-Android,2020-1,org.thoughtcrime.securesms.stickers.StickerKeyboardPageFragment,top_level,6,113,0,5,1,11,0,1,0,1,0,1,0,1,10,1,0,1
Signal-Android,2020-1,org.thoughtcrime.securesms.stickers.StickerKeyboardPageViewModel,top_level,1,38,0,1,1,1,0,1,0,1,0,1,0,1,1,1,0,1
Signal-Android,2020-1,org.thoughtcrime.securesms.stickers.StickerKeyboardProvider,top_level,9,133,0,4,1,11,0,1,0,1,0,1,0,1,11,1,0,1
Signal-Android,2020-1,org.thoughtcrime.securesms.stickers.StickerKeyboardRepository,top_level,4,47,0,2,1,3,0,1,0,1,0,1,0,1,3,1,0,1
Signal-Android,2020-1,org.thoughtcrime.securesms.stickers.StickerKeyboardViewModel,top_level,1,30,0,1,1,1,0,1,0,1,0,1,0,1,1,1,0,1
Signal-Android,2020-1,org.thoughtcrime.securesms.stickers.StickerLocator,top_level,2,34,0,2,0,,,0,,0,,0,,0,,0,,0
Signal-Android,2020-1,org.thoughtcrime.securesms.stickers.StickerManagementActivity,top_level,7,62,0,6,1,5,0,1,0,1,0,1,0,1,3,1,0,1
Signal-Android,2020-1,org.thoughtcrime.securesms.stickers.StickerManagementAdapter,top_level,0,187,0,0,1,13,0,1,0,1,0,1,0,1,13,1,0,1
Signal-Android,2020-1,org.thoughtcrime.securesms.stickers.StickerManagementRepository,top_level,8,68,0,3,1,5,0,1,0,1,0,1,0,1,5,1,0,1
Signal-Android,2020-1,org.thoughtcrime.securesms.stickers.StickerManagementViewModel,top_level,3,40,0,3,1,1,0,1,0,1,0,1,0,1,1,1,0,1
Signal-Android,2020-1,org.thoughtcrime.securesms.stickers.StickerManifest,top_level,0,55,0,0,1,2,2,1,0,1,0,1,0,1,0,1,0,1
Signal-Android,2020-1,org.thoughtcrime.securesms.stickers.StickerPackInstallEvent,top_level,0,6,0,0,0,,,0,,0,,0,,0,,0,,0
Signal-Android,2020-1,org.thoughtcrime.securesms.stickers.StickerPackPreviewActivity,top_level,10,134,0,8,1,29,0,1,0,1,0,1,0,1,26,1,0,1
Signal-Android,2020-1,org.thoughtcrime.securesms.stickers.StickerPackPreviewAdapter,top_level,2,30,0,2,1,5,0,1,0,1,0,1,0,1,5,1,0,1
Signal-Android,2020-1,org.thoughtcrime.securesms.stickers.StickerPackPreviewRepository,top_level,0,83,0,0,1,8,0,1,0,1,0,1,0,1,8,1,0,1
Signal-Android,2020-1,org.thoughtcrime.securesms.stickers.StickerPackPreviewViewModel,top_level,3,47,0,3,1,1,0,1,0,1,0,1,0,1,1,1,0,1
Signal-Android,2020-1,org.thoughtcrime.securesms.stickers.StickerPreviewPopup,top_level,0,13,0,0,0,,,0,,0,,0,,0,,0,,0
Signal-Android,2020-1,org.thoughtcrime.securesms.stickers.StickerRemoteUri,top_level,2,30,0,2,1,2,0,1,0,1,0,1,0,1,2,1,0,1
Signal-Android,2020-1,org.thoughtcrime.securesms.stickers.StickerRemoteUriFetcher,top_level,2,27,0,2,0,,,0,,0,,0,,0,,0,,0
Signal-Android,2020-1,org.thoughtcrime.securesms.stickers.StickerRemoteUriLoader,top_level,0,16,0,0,0,,,0,,0,,0,,0,,0,,0
Signal-Android,2020-1,org.thoughtcrime.securesms.stickers.StickerSearchRepository,top_level,3,32,0,1,1,2,0,1,0,1,0,1,0,1,2,1,0,1
Signal-Android,2020-1,org.thoughtcrime.securesms.stickers.StickerUrl,top_level,0,33,0,0,1,6,0,1,0,1,0,1,0,1,4,1,0,1
Signal-Android,2020-1,org.thoughtcrime.securesms.testutil.DirectExecutor,top_level,0,4,0,0,0,,,0,,0,,0,,0,,0,,0
Signal-Android,2020-1,org.thoughtcrime.securesms.transport.InsecureFallbackApprovalException,top_level,0,5,0,0,0,,,0,,0,,0,,0,,0,,0
Signal-Android,2020-1,org.thoughtcrime.securesms.transport.RetryLaterException,top_level,1,4,0,1,0,,,0,,0,,0,,0,,0,,0
Signal-Android,2020-1,org.thoughtcrime.securesms.transport.UndeliverableMessageException,top_level,1,8,0,1,0,,,0,,0,,0,,0,,0,,0
Signal-Android,2020-1,org.thoughtcrime.securesms.usernames.ProfileEditActivityV2,top_level,3,26,0,3,1,3,0,1,0,1,0,1,0,1,3,1,0,1
Signal-Android,2020-1,org.thoughtcrime.securesms.usernames.ProfileEditOverviewFragment,top_level,5,70,0,2,1,10,0,1,0,1,0,1,0,1,10,1,0,1
Signal-Android,2020-1,org.thoughtcrime.securesms.usernames.ProfileEditOverviewRepository,top_level,10,86,0,8,1,14,0,1,0,1,0,1,0,1,13,1,0,1
Signal-Android,2020-1,org.thoughtcrime.securesms.usernames.ProfileEditOverviewViewModel,top_level,4,117,0,3,1,3,0,1,0,1,0,1,0,1,2,1,0,1
Signal-Android,2020-1,org.thoughtcrime.securesms.usernames.profile.ProfileEditNameFragment,top_level,2,40,0,1,1,5,0,1,0,1,0,1,0,1,5,1,0,1
Signal-Android,2020-1,org.thoughtcrime.securesms.usernames.profile.ProfileEditNameRepository,top_level,1,24,0,1,1,2,0,1,0,1,0,1,0,1,2,1,0,1
Signal-Android,2020-1,org.thoughtcrime.securesms.usernames.profile.ProfileEditNameViewModel,top_level,1,30,0,1,0,,,0,,0,,0,,0,,0,,0
Signal-Android,2020-1,org.thoughtcrime.securesms.usernames.username.UsernameEditFragment,top_level,1,130,0,0,1,20,0,1,0,1,0,1,0,1,16,1,0,1
Signal-Android,2020-1,org.thoughtcrime.securesms.usernames.username.UsernameEditRepository,top_level,4,49,0,3,1,4,0,1,0,1,0,1,0,1,4,1,0,1
Signal-Android,2020-1,org.thoughtcrime.securesms.usernames.username.UsernameEditViewModel,top_level,4,101,0,2,1,2,0,1,0,1,0,1,0,1,2,1,0,1
Signal-Android,2020-1,org.thoughtcrime.securesms.util.AbstractCursorLoader,top_level,8,53,0,3,1,2,0,1,0,1,0,1,0,1,2,1,0,1
Signal-Android,2020-1,org.thoughtcrime.securesms.util.AccessibilityUtil,top_level,1,4,0,1,1,1,0,1,0,1,0,1,0,1,1,1,0,1
Signal-Android,2020-1,org.thoughtcrime.securesms.util.AlarmSleepTimer,top_level,5,52,0,1,1,3,0,1,0,1,0,1,0,1,2,1,0,1
Signal-Android,2020-1,org.thoughtcrime.securesms.util.AsyncLoader<D>,top_level,8,24,1,4,0,,,0,,0,,0,,0,,0,,0
Signal-Android,2020-1,org.thoughtcrime.securesms.util.AttachmentUtil,top_level,0,60,0,0,1,18,0,1,0,1,0,1,0,1,17,1,0,1
Signal-Android,2020-1,org.thoughtcrime.securesms.util.AvatarUtil,top_level,1,15,0,1,1,3,0,1,0,1,0,1,0,1,3,1,0,1
Signal-Android,2020-1,org.thoughtcrime.securesms.util.BackupUtil,top_level,8,84,0,0,1,18,0,1,0,1,0,1,0,1,17,1,0,1
Signal-Android,2020-1,org.thoughtcrime.securesms.util.Base64,top_level,1,6,0,1,1,2,0,1,0,1,0,1,0,1,2,1,0,1
Signal-Android,2020-1,org.thoughtcrime.securesms.util.BitmapDecodingException,top_level,0,5,0,0,0,,,0,,0,,0,,0,,0,,0
Signal-Android,2020-1,org.thoughtcrime.securesms.util.BitmapUtil,top_level,18,278,0,0,1,40,0,1,0,1,0,1,0,1,24,1,1,1
Signal-Android,2020-1,org.thoughtcrime.securesms.util.BucketInfo,top_level,3,50,0,3,1,1,0,1,0,1,0,1,0,1,1,1,0,1
Signal-Android,2020-1,org.thoughtcrime.securesms.util.CalendarDateOnly,top_level,0,10,0,0,1,1,0,1,0,1,0,1,0,1,0,1,0,1
Signal-Android,2020-1,org.thoughtcrime.securesms.util.CharacterCalculator,top_level,0,27,0,0,1,1,1,1,0,1,0,1,0,1,0,1,0,1
Signal-Android,2020-1,org.thoughtcrime.securesms.util.CloseableLiveData<E>,top_level,6,13,0,3,0,,,0,,0,,0,,0,,0,,0
Signal-Android,2020-1,org.thoughtcrime.securesms.util.CommunicationActions,top_level,0,95,0,0,1,11,0,1,0,1,0,1,0,1,10,1,0,1
Signal-Android,2020-1,org.thoughtcrime.securesms.util.Conversions,top_level,25,110,0,0,1,2,0,1,0,1,0,1,0,1,0,1,0,1
Signal-Android,2020-1,org.thoughtcrime.securesms.util.DateUtils,top_level,2,78,0,0,1,7,0,1,0,1,0,1,0,1,7,1,0,1
Signal-Android,2020-1,org.thoughtcrime.securesms.util.Debouncer,top_level,2,11,0,2,0,,,0,,0,,0,,0,,0,,0
Signal-Android,2020-1,org.thoughtcrime.securesms.util.DelimiterUtil,top_level,0,11,0,0,1,1,0,1,0,1,0,1,0,1,0,1,0,1
Signal-Android,2020-1,org.thoughtcrime.securesms.util.Dialogs,top_level,0,15,0,0,1,1,0,1,0,1,0,1,0,1,0,1,0,1
Signal-Android,2020-1,org.thoughtcrime.securesms.util.DynamicDarkActionBarTheme,top_level,0,7,0,0,1,1,0,1,0,1,0,1,0,1,1,1,0,1
Signal-Android,2020-1,org.thoughtcrime.securesms.util.DynamicDarkToolbarTheme,top_level,0,7,0,0,1,1,0,1,0,1,0,1,0,1,1,1,0,1
Signal-Android,2020-1,org.thoughtcrime.securesms.util.DynamicIntroTheme,top_level,0,6,0,0,1,1,0,1,0,1,0,1,0,1,1,1,0,1
Signal-Android,2020-1,org.thoughtcrime.securesms.util.DynamicLanguage,top_level,0,23,0,0,1,6,0,1,0,1,0,1,0,1,6,1,0,1
Signal-Android,2020-1,org.thoughtcrime.securesms.util.DynamicNoActionBarInviteTheme,top_level,0,6,0,0,1,1,0,1,0,1,0,1,0,1,1,1,0,1
Signal-Android,2020-1,org.thoughtcrime.securesms.util.DynamicNoActionBarTheme,top_level,0,6,0,0,1,1,0,1,0,1,0,1,0,1,1,1,0,1
Signal-Android,2020-1,org.thoughtcrime.securesms.util.DynamicRegistrationTheme,top_level,0,6,0,0,1,1,0,1,0,1,0,1,0,1,1,1,0,1
Signal-Android,2020-1,org.thoughtcrime.securesms.util.DynamicTheme,top_level,0,22,0,0,1,2,0,1,0,1,0,1,0,1,1,1,0,1
Signal-Android,2020-1,org.thoughtcrime.securesms.util.ExpirationUtil,top_level,0,33,0,0,1,27,0,1,0,1,0,1,0,1,26,1,0,1
Signal-Android,2020-1,org.thoughtcrime.securesms.util.FeatureFlags,top_level,0,9,0,0,0,,,0,,0,,0,,0,,0,,0
Signal-Android,2020-1,org.thoughtcrime.securesms.util.FileProviderUtil,top_level,0,11,0,0,1,2,0,1,0,1,0,1,0,1,1,1,0,1
Signal-Android,2020-1,org.thoughtcrime.securesms.util.FileUtils,top_level,0,27,0,0,1,3,0,1,0,1,0,1,0,1,2,1,0,1
Signal-Android,2020-1,org.thoughtcrime.securesms.util.FrameRateTracker,top_level,6,105,0,4,1,12,0,1,0,1,0,1,0,1,12,1,0,1
Signal-Android,2020-1,"org.thoughtcrime.securesms.util.Function3<A,B,C,D>",top_level,1,2,0,1,0,,,0,,0,,0,,0,,0,,0
Signal-Android,2020-1,org.thoughtcrime.securesms.util.FutureTaskListener<V>,top_level,2,3,0,1,0,,,0,,0,,0,,0,,0,,0
Signal-Android,2020-1,org.thoughtcrime.securesms.util.GroupUtil,top_level,0,84,0,0,1,7,0,1,0,1,0,1,0,1,6,1,0,1
Signal-Android,2020-1,org.thoughtcrime.securesms.util.Hex,top_level,0,75,0,0,1,1,0,1,0,1,0,1,0,1,0,1,0,1
Signal-Android,2020-1,"org.thoughtcrime.securesms.util.IOFunction<I,O>",top_level,1,2,0,1,0,,,0,,0,,0,,0,,0,,0
Signal-Android,2020-1,org.thoughtcrime.securesms.util.IasKeyStore,top_level,1,10,0,1,1,2,0,1,0,1,0,1,0,1,2,1,0,1
Signal-Android,2020-1,org.thoughtcrime.securesms.util.IdentityUtil,top_level,0,132,0,0,1,44,0,1,0,1,0,1,0,1,38,1,0,1
Signal-Android,2020-1,org.thoughtcrime.securesms.util.IntentUtils,top_level,0,4,0,0,1,3,0,1,0,1,0,1,0,1,2,1,0,1
Signal-Android,2020-1,org.thoughtcrime.securesms.util.JsonUtils,top_level,0,31,0,0,1,1,0,1,0,1,0,1,0,1,0,1,0,1
Signal-Android,2020-1,"org.thoughtcrime.securesms.util.LRUCache<K,V>",top_level,1,7,0,1,0,,,0,,0,,0,,0,,0,,0
Signal-Android,2020-1,org.thoughtcrime.securesms.util.LimitedInputStream,top_level,6,20,0,2,1,1,0,1,0,1,0,1,0,1,0,1,0,1
Signal-Android,2020-1,org.thoughtcrime.securesms.util.LinkedBlockingLifoQueue<E>,top_level,3,12,0,3,0,,,0,,0,,0,,0,,0,,0
Signal-Android,2020-1,org.thoughtcrime.securesms.util.ListenableFutureTask<V>,top_level,6,62,0,4,0,,,0,,0,,0,,0,,0,,0
Signal-Android,2020-1,org.thoughtcrime.securesms.util.LongClickCopySpan,top_level,1,42,0,1,1,4,0,1,0,1,0,1,0,1,4,1,0,1
Signal-Android,2020-1,org.thoughtcrime.securesms.util.LongClickMovementMethod,top_level,0,62,0,0,1,5,0,1,0,1,0,1,0,1,4,1,0,1
Signal-Android,2020-1,org.thoughtcrime.securesms.util.MathUtils,top_level,1,11,0,0,1,1,0,1,0,1,0,1,0,1,0,1,0,1
Signal-Android,2020-1,org.thoughtcrime.securesms.util.MediaMetadataRetrieverUtil,top_level,1,10,0,1,1,1,0,1,0,1,0,1,0,1,0,1,0,1
Signal-Android,2020-1,org.thoughtcrime.securesms.util.MediaUtil,top_level,0,223,0,0,1,41,0,1,0,1,0,1,0,1,28,1,1,1
Signal-Android,2020-1,org.thoughtcrime.securesms.util.MemoryFileDescriptor,top_level,12,91,0,5,1,12,0,1,0,1,0,1,0,1,11,1,0,1
Signal-Android,2020-1,org.thoughtcrime.securesms.util.MemoryFileUtil,top_level,0,17,0,0,1,6,0,1,0,1,0,1,0,1,5,1,0,1
Signal-Android,2020-1,org.thoughtcrime.securesms.util.MessageRecordUtil,top_level,1,14,0,1,0,,,0,,0,,0,,0,,0,,0
Signal-Android,2020-1,org.thoughtcrime.securesms.util.MmsCharacterCalculator,top_level,0,5,0,0,0,,,0,,0,,0,,0,,0,,0
Signal-Android,2020-1,org.thoughtcrime.securesms.util.ObservingLiveData<E>,top_level,4,17,0,2,0,,,0,,0,,0,,0,,0,,0
Signal-Android,2020-1,org.thoughtcrime.securesms.util.ParcelUtil,top_level,0,15,0,0,1,5,0,1,0,1,0,1,0,1,4,1,0,1
Signal-Android,2020-1,org.thoughtcrime.securesms.util.PlayServicesUtil,top_level,0,34,0,0,1,4,0,1,0,1,0,1,0,1,2,1,0,1
Signal-Android,2020-1,org.thoughtcrime.securesms.util.PowerManagerCompat,top_level,0,5,0,0,1,1,0,1,0,1,0,1,0,1,0,1,0,1
Signal-Android,2020-1,org.thoughtcrime.securesms.util.ProfileUtil,top_level,0,40,0,0,1,4,0,1,0,1,0,1,0,1,3,1,0,1
Signal-Android,2020-1,org.thoughtcrime.securesms.util.PushCharacterCalculator,top_level,0,6,0,0,0,,,0,,0,,0,,0,,0,,0
Signal-Android,2020-1,org.thoughtcrime.securesms.util.RedPhoneCallTypes,top_level,0,4,0,0,0,,,0,,0,,0,,0,,0,,0
Signal-Android,2020-1,org.thoughtcrime.securesms.util.ResUtil,top_level,0,25,0,0,1,5,0,1,0,1,0,1,0,1,4,1,0,1
Signal-Android,2020-1,org.thoughtcrime.securesms.util.Rfc5724Uri,top_level,0,33,0,0,1,3,0,1,0,1,0,1,0,1,3,1,0,1
Signal-Android,2020-1,org.thoughtcrime.securesms.util.SaveAttachmentTask,top_level,0,138,0,0,1,13,1,1,0,1,0,1,0,1,11,1,0,1
Signal-Android,2020-1,org.thoughtcrime.securesms.util.SearchUtil,top_level,0,47,0,0,1,6,0,1,0,1,0,1,0,1,5,1,0,1
Signal-Android,2020-1,org.thoughtcrime.securesms.util.SelectedRecipientsAdapter,top_level,6,88,0,4,1,17,0,1,0,1,0,1,0,1,17,1,0,1
Signal-Android,2020-1,org.thoughtcrime.securesms.util.ServiceUtil,top_level,0,33,0,0,1,1,0,1,0,1,0,1,0,1,0,1,0,1
Signal-Android,2020-1,org.thoughtcrime.securesms.util.SetUtil,top_level,1,15,0,1,0,,,0,,0,,0,,0,,0,,0
Signal-Android,2020-1,org.thoughtcrime.securesms.util.ShortCodeUtil,top_level,0,21,0,0,1,6,0,1,0,1,0,1,0,1,5,1,0,1
Signal-Android,2020-1,org.thoughtcrime.securesms.util.SingleLiveEvent<T>,top_level,2,18,0,2,0,,,0,,0,,0,,0,,0,,0
Signal-Android,2020-1,org.thoughtcrime.securesms.util.SmsCharacterCalculator,top_level,0,24,0,0,1,1,0,1,0,1,0,1,0,1,0,1,0,1
Signal-Android,2020-1,"org.thoughtcrime.securesms.util.SoftHashMap<K,V>",top_level,12,115,0,9,0,,,0,,0,,0,,0,,0,,0
Signal-Android,2020-1,org.thoughtcrime.securesms.util.SpanUtil,top_level,0,23,0,0,1,1,0,1,0,1,0,1,0,1,0,1,0,1
Signal-Android,2020-1,org.thoughtcrime.securesms.util.SqlUtil,top_level,1,31,0,1,1,2,0,1,0,1,0,1,0,1,2,1,0,1
Signal-Android,2020-1,org.thoughtcrime.securesms.util.StickyHeaderDecoration,top_level,1,107,0,1,1,19,0,1,0,1,0,1,0,1,17,1,0,1
Signal-Android,2020-1,org.thoughtcrime.securesms.util.Stopwatch,top_level,0,30,0,0,1,6,0,1,0,1,0,1,0,1,6,1,0,1
Signal-Android,2020-1,org.thoughtcrime.securesms.util.StorageUtil,top_level,2,40,0,0,1,7,0,1,0,1,0,1,0,1,5,1,0,1
Signal-Android,2020-1,org.thoughtcrime.securesms.util.TaggedFutureTask<V>,top_level,0,10,0,0,0,,,0,,0,,0,,0,,0,,0
Signal-Android,2020-1,org.thoughtcrime.securesms.util.TelephonyUtil,top_level,0,26,0,0,1,10,0,1,0,1,0,1,0,1,9,1,0,1
Signal-Android,2020-1,org.thoughtcrime.securesms.util.TextSecurePreferences,top_level,0,762,0,0,1,61,0,1,0,1,0,1,0,1,54,1,1,1
Signal-Android,2020-1,org.thoughtcrime.securesms.util.ThemeUtil,top_level,0,37,0,0,1,9,0,1,0,1,0,1,0,1,8,1,0,1
Signal-Android,2020-1,org.thoughtcrime.securesms.util.Throttler,top_level,2,14,0,2,0,,,0,,0,,0,,0,,0,,0
Signal-Android,2020-1,org.thoughtcrime.securesms.util.Trimmer,top_level,0,36,0,0,1,4,0,1,0,1,0,1,0,1,2,1,0,1
Signal-Android,2020-1,org.thoughtcrime.securesms.util.UsernameUtil,top_level,0,40,0,0,1,11,0,1,0,1,0,1,0,1,10,1,0,1
Signal-Android,2020-1,org.thoughtcrime.securesms.util.Util,top_level,18,282,0,0,1,30,0,1,0,1,0,1,0,1,24,1,1,1
Signal-Android,2020-1,org.thoughtcrime.securesms.util.VerifySpan,top_level,0,19,0,0,0,,,0,,0,,0,,0,,0,,0
Signal-Android,2020-1,org.thoughtcrime.securesms.util.VersionTracker,top_level,0,9,0,0,1,1,0,1,0,1,0,1,0,1,0,1,0,1
Signal-Android,2020-1,org.thoughtcrime.securesms.util.ViewUtil,top_level,0,141,0,0,1,8,0,1,0,1,0,1,0,1,6,1,0,1
Signal-Android,2020-1,org.thoughtcrime.securesms.util.WakeLockUtil,top_level,0,35,0,0,1,5,0,1,0,1,0,1,0,1,2,1,0,1
Signal-Android,2020-1,org.thoughtcrime.securesms.util.WindowUtil,top_level,1,34,0,1,1,4,0,1,0,1,0,1,0,1,4,1,0,1
Signal-Android,2020-1,org.thoughtcrime.securesms.util.WorkerThread,top_level,2,17,0,1,1,1,0,1,0,1,0,1,0,1,1,1,0,1
Signal-Android,2020-1,org.thoughtcrime.securesms.util.adapter.FixedViewsAdapter,top_level,8,28,0,6,0,,,0,,0,,0,,0,,0,,0
Signal-Android,2020-1,org.thoughtcrime.securesms.util.adapter.RecyclerViewConcatenateAdapter,top_level,11,125,0,5,1,8,0,1,0,1,0,1,0,1,8,1,0,1
Signal-Android,2020-1,org.thoughtcrime.securesms.util.adapter.RecyclerViewConcatenateAdapterStickyHeader,top_level,1,31,0,1,1,11,0,1,0,1,0,1,0,1,11,1,0,1
Signal-Android,2020-1,"org.thoughtcrime.securesms.util.adapter.SectionedRecyclerViewAdapter<IdType,SectionImpl>",top_level,8,77,0,4,0,,,0,,0,,0,,0,,0,,0
Signal-Android,2020-1,org.thoughtcrime.securesms.util.adapter.StableIdGenerator<E>,top_level,2,10,0,1,0,,,0,,0,,0,,0,,0,,0
Signal-Android,2020-1,org.thoughtcrime.securesms.util.concurrent.AssertedSuccessListener<T>,top_level,0,4,0,0,0,,,0,,0,,0,,0,,0,,0
Signal-Android,2020-1,org.thoughtcrime.securesms.util.concurrent.ListenableFuture<T>,top_level,1,5,0,1,0,,,0,,0,,0,,0,,0,,0
Signal-Android,2020-1,org.thoughtcrime.securesms.util.concurrent.SettableFuture<T>,top_level,15,75,1,8,0,,,0,,0,,0,,0,,0,,0
Signal-Android,2020-1,org.thoughtcrime.securesms.util.concurrent.SignalExecutors,top_level,0,17,0,0,1,1,0,1,0,1,0,1,0,1,0,1,0,1
Signal-Android,2020-1,org.thoughtcrime.securesms.util.concurrent.SimpleTask,top_level,1,23,0,0,1,4,0,1,0,1,0,1,0,1,3,1,0,1
Signal-Android,2020-1,org.thoughtcrime.securesms.util.dualsim.SubscriptionInfoCompat,top_level,3,18,0,3,1,1,1,1,0,1,0,1,0,1,0,1,0,1
Signal-Android,2020-1,org.thoughtcrime.securesms.util.dualsim.SubscriptionManagerCompat,top_level,2,70,0,1,1,8,0,1,0,1,0,1,0,1,8,1,0,1
Signal-Android,2020-1,org.thoughtcrime.securesms.util.dynamiclanguage.DynamicLanguageActivityHelper,top_level,0,17,0,0,1,6,0,1,0,1,0,1,0,1,5,1,0,1
Signal-Android,2020-1,org.thoughtcrime.securesms.util.dynamiclanguage.DynamicLanguageContextWrapper,top_level,0,13,0,0,1,4,0,1,0,1,0,1,0,1,3,1,0,1
Signal-Android,2020-1,org.thoughtcrime.securesms.util.dynamiclanguage.LanguageString,top_level,1,22,0,1,1,1,0,1,0,1,0,1,0,1,0,1,0,1
Signal-Android,2020-1,org.thoughtcrime.securesms.util.dynamiclanguage.LocaleParser,top_level,1,19,0,1,1,3,0,1,0,1,0,1,0,1,3,1,0,1
Signal-Android,2020-1,"org.thoughtcrime.securesms.util.livedata.LiveDataPair<A,B>",top_level,0,31,2,0,0,,,0,,0,,0,,0,,0,,0
Signal-Android,2020-1,org.thoughtcrime.securesms.util.spans.CenterAlignedRelativeSizeSpan,top_level,1,11,0,1,0,,,0,,0,,0,,0,,0,,0
Signal-Android,2020-1,"org.thoughtcrime.securesms.util.task.ProgressDialogAsyncTask<Params,Progress,Result>",top_level,4,21,0,2,0,,,0,,0,,0,,0,,0,,0
Signal-Android,2020-1,org.thoughtcrime.securesms.util.task.SnackbarAsyncTask<Params>,top_level,4,61,1,3,0,,,0,,0,,0,,0,,0,,0
Signal-Android,2020-1,org.thoughtcrime.securesms.util.views.SimpleProgressDialog,top_level,1,11,0,1,1,3,0,1,0,1,0,1,0,1,3,1,0,1
Signal-Android,2020-1,org.thoughtcrime.securesms.util.views.Stub<T>,top_level,3,12,1,2,0,,,0,,0,,0,,0,,0,,0
Signal-Android,2020-1,org.thoughtcrime.securesms.video.ByteArrayMediaDataSource,top_level,8,21,0,4,0,,,0,,0,,0,,0,,0,,0
Signal-Android,2020-1,org.thoughtcrime.securesms.video.ClassicEncryptedMediaDataSource,top_level,5,24,0,3,0,,,0,,0,,0,,0,,0,,0
Signal-Android,2020-1,org.thoughtcrime.securesms.video.EncryptedMediaDataSource,top_level,0,9,0,0,1,1,0,1,0,1,0,1,0,1,0,1,0,1
Signal-Android,2020-1,org.thoughtcrime.securesms.video.InMemoryTranscoder,top_level,5,134,0,2,1,10,0,1,0,1,0,1,0,1,9,1,0,1
Signal-Android,2020-1,org.thoughtcrime.securesms.video.ModernEncryptedMediaDataSource,top_level,6,36,0,3,0,,,0,,0,,0,,0,,0,,0
Signal-Android,2020-1,org.thoughtcrime.securesms.video.VideoPlayer,top_level,10,82,0,6,1,1,0,1,0,1,0,1,0,1,0,1,0,1
Signal-Android,2020-1,org.thoughtcrime.securesms.video.VideoSizeException,top_level,0,3,0,0,0,,,0,,0,,0,,0,,0,,0
Signal-Android,2020-1,org.thoughtcrime.securesms.video.VideoSourceException,top_level,0,5,0,0,0,,,0,,0,,0,,0,,0,,0
Signal-Android,2020-1,org.thoughtcrime.securesms.video.VideoUtil,top_level,1,29,0,1,1,1,0,1,0,1,0,1,0,1,1,1,0,1
Signal-Android,2020-1,org.thoughtcrime.securesms.video.exo.AttachmentDataSource,top_level,2,31,0,2,0,,,0,,0,,0,,0,,0,,0
Signal-Android,2020-1,org.thoughtcrime.securesms.video.exo.AttachmentDataSourceFactory,top_level,0,15,0,0,0,,,0,,0,,0,,0,,0,,0
Signal-Android,2020-1,org.thoughtcrime.securesms.video.exo.BlobDataSource,top_level,4,36,0,2,1,1,0,1,0,1,0,1,0,1,1,1,0,1
Signal-Android,2020-1,org.thoughtcrime.securesms.video.exo.PartDataSource,top_level,4,37,0,2,1,2,0,1,0,1,0,1,0,1,2,1,0,1
Signal-Android,2020-1,org.thoughtcrime.securesms.video.videoconverter.AndroidMuxer,top_level,3,22,0,3,0,,,0,,0,,0,,0,,0,,0
Signal-Android,2020-1,org.thoughtcrime.securesms.video.videoconverter.AudioTrackConverter,top_level,64,287,0,3,1,29,0,1,1,1,0,1,0,1,9,1,1,1
Signal-Android,2020-1,org.thoughtcrime.securesms.video.videoconverter.EncodingException,top_level,0,5,0,0,0,,,0,,0,,0,,0,,0,,0
Signal-Android,2020-1,org.thoughtcrime.securesms.video.videoconverter.InputSurface,top_level,12,80,0,5,1,3,0,1,0,1,0,1,0,1,1,1,0,1
Signal-Android,2020-1,org.thoughtcrime.securesms.video.videoconverter.MediaConverter,top_level,24,225,0,7,1,19,0,1,0,1,0,1,0,1,2,1,1,1
Signal-Android,2020-1,org.thoughtcrime.securesms.video.videoconverter.Muxer,top_level,5,6,0,3,0,,,0,,0,,0,,0,,0,,0
Signal-Android,2020-1,org.thoughtcrime.securesms.video.videoconverter.OutputSurface,top_level,23,123,0,8,1,1,0,1,0,1,0,1,0,1,1,1,0,1
Signal-Android,2020-1,org.thoughtcrime.securesms.video.videoconverter.Preconditions,top_level,0,4,0,0,1,1,0,1,0,1,0,1,0,1,0,1,0,1
Signal-Android,2020-1,org.thoughtcrime.securesms.video.videoconverter.TextureRender,top_level,8,158,0,3,1,1,0,1,0,1,0,1,0,1,0,1,0,1
Signal-Android,2020-1,org.thoughtcrime.securesms.video.videoconverter.TranscodingException,top_level,0,5,0,0,0,,,0,,0,,0,,0,,0,,0
Signal-Android,2020-1,org.thoughtcrime.securesms.video.videoconverter.VideoTrackConverter,top_level,67,358,0,3,1,34,0,1,1,1,0,1,0,1,6,1,1,1
Signal-Android,2020-1,org.thoughtcrime.securesms.webrtc.CallNotificationBuilder,top_level,1,60,0,0,1,2,0,1,0,1,0,1,0,1,1,1,0,1
Signal-Android,2020-1,org.thoughtcrime.securesms.webrtc.IncomingPstnCallReceiver,top_level,0,35,0,0,1,8,0,1,0,1,0,1,0,1,8,1,0,1
Signal-Android,2020-1,org.thoughtcrime.securesms.webrtc.UncaughtExceptionHandlerManager,top_level,2,18,0,2,1,1,0,1,0,1,0,1,0,1,1,1,0,1
Signal-Android,2020-1,org.thoughtcrime.securesms.webrtc.VoiceCallShare,top_level,0,24,0,0,1,10,0,1,0,1,0,1,0,1,9,1,0,1
Signal-Android,2020-1,org.thoughtcrime.securesms.webrtc.audio.BluetoothStateManager,top_level,22,125,0,5,1,17,0,1,0,1,0,1,0,1,10,1,0,1
Signal-Android,2020-1,org.thoughtcrime.securesms.webrtc.audio.IncomingRinger,top_level,2,70,0,1,1,3,0,1,0,1,0,1,0,1,3,1,0,1
Signal-Android,2020-1,org.thoughtcrime.securesms.webrtc.audio.OutgoingRinger,top_level,7,31,0,2,0,,,0,,0,,0,,0,,0,,0
Signal-Android,2020-1,org.thoughtcrime.securesms.webrtc.audio.SignalAudioManager,top_level,7,54,0,4,1,14,0,1,0,1,0,1,0,1,14,1,0,1
Signal-Android,2020-1,org.thoughtcrime.securesms.webrtc.locks.AccelerometerListener,top_level,14,74,0,3,1,3,0,1,0,1,0,1,0,1,0,1,0,1
Signal-Android,2020-1,org.thoughtcrime.securesms.webrtc.locks.LockManager,top_level,16,109,0,3,1,2,0,1,0,1,0,1,0,1,1,1,0,1
Signal-Android,2020-1,org.thoughtcrime.securesms.webrtc.locks.ProximityLock,top_level,11,48,0,2,1,6,0,1,0,1,0,1,0,1,6,1,0,1
Signal-Android,2020-1,org.whispersystems.signalservice.api.KeyBackupService,top_level,1,151,0,1,1,26,0,1,0,1,0,1,0,1,24,1,0,1
Signal-Android,2020-1,org.whispersystems.signalservice.api.KeyBackupServicePinException,top_level,1,7,0,1,0,,,0,,0,,0,,0,,0,,0
Signal-Android,2020-1,org.whispersystems.signalservice.api.RegistrationLockData,top_level,1,12,0,1,0,,,0,,0,,0,,0,,0,,0
Signal-Android,2020-1,org.whispersystems.signalservice.api.SignalServiceAccountManager,top_level,14,255,0,11,1,28,0,1,0,1,0,1,0,1,24,1,0,1
Signal-Android,2020-1,org.whispersystems.signalservice.api.SignalServiceMessagePipe,top_level,1,115,0,1,1,31,0,1,0,1,0,1,0,1,29,1,0,1
Signal-Android,2020-1,org.whispersystems.signalservice.api.SignalServiceMessageReceiver,top_level,1,102,0,1,1,18,0,1,0,1,0,1,0,1,16,1,0,1
Signal-Android,2020-1,org.whispersystems.signalservice.api.SignalServiceMessageSender,top_level,3,730,0,3,1,458,0,1,1,1,1,1,0,1,419,1,1,1
Signal-Android,2020-1,org.whispersystems.signalservice.api.TokenException,top_level,1,10,0,1,0,,,0,,0,,0,,0,,0,,0
Signal-Android,2020-1,org.whispersystems.signalservice.api.crypto.AttachmentCipherInputStream,top_level,21,152,0,7,1,11,0,1,0,1,0,1,0,1,6,1,1,1
Signal-Android,2020-1,org.whispersystems.signalservice.api.crypto.AttachmentCipherOutputStream,top_level,7,51,0,4,0,,,0,,0,,0,,0,,0,,0
Signal-Android,2020-1,org.whispersystems.signalservice.api.crypto.CryptoUtil,top_level,3,9,0,1,1,1,0,1,0,1,0,1,0,1,1,1,0,1
Signal-Android,2020-1,org.whispersystems.signalservice.api.crypto.DigestingOutputStream,top_level,6,26,0,6,0,,,0,,0,,0,,0,,0,,0
Signal-Android,2020-1,org.whispersystems.signalservice.api.crypto.InvalidCiphertextException,top_level,0,5,0,0,0,,,0,,0,,0,,0,,0,,0
Signal-Android,2020-1,org.whispersystems.signalservice.api.crypto.ProfileCipher,top_level,14,48,0,4,1,2,0,1,0,1,0,1,0,1,2,1,0,1
Signal-Android,2020-1,org.whispersystems.signalservice.api.crypto.ProfileCipherInputStream,top_level,9,39,0,3,1,1,0,1,0,1,0,1,0,1,0,1,0,1
Signal-Android,2020-1,org.whispersystems.signalservice.api.crypto.ProfileCipherOutputStream,top_level,7,40,0,5,0,,,0,,0,,0,,0,,0,,0
Signal-Android,2020-1,org.whispersystems.signalservice.api.crypto.SignalServiceCipher,top_level,0,526,0,0,1,248,1,1,1,1,0,1,0,1,218,1,1,1
Signal-Android,2020-1,org.whispersystems.signalservice.api.crypto.UnidentifiedAccess,top_level,4,21,0,2,1,1,0,1,0,1,0,1,0,1,1,1,0,1
Signal-Android,2020-1,org.whispersystems.signalservice.api.crypto.UnidentifiedAccessPair,top_level,0,10,0,0,0,,,0,,0,,0,,0,,0,,0
Signal-Android,2020-1,org.whispersystems.signalservice.api.crypto.UntrustedIdentityException,top_level,1,13,0,1,0,,,0,,0,,0,,0,,0,,0
Signal-Android,2020-1,org.whispersystems.signalservice.api.messages.SendMessageResult,top_level,4,46,0,4,0,,,0,,0,,0,,0,,0,,0
Signal-Android,2020-1,org.whispersystems.signalservice.api.messages.SignalServiceAttachment,top_level,3,73,0,2,1,1,0,1,0,1,0,1,0,1,0,1,0,1
Signal-Android,2020-1,org.whispersystems.signalservice.api.messages.SignalServiceAttachmentPointer,top_level,7,58,0,7,1,2,1,1,0,1,1,1,0,1,0,1,0,1
Signal-Android,2020-1,org.whispersystems.signalservice.api.messages.SignalServiceAttachmentStream,top_level,6,51,0,6,1,2,1,1,0,1,1,1,0,1,0,1,0,1
Signal-Android,2020-1,org.whispersystems.signalservice.api.messages.SignalServiceContent,top_level,3,78,0,3,1,1,1,1,0,1,0,1,0,1,0,1,0,1
Signal-Android,2020-1,org.whispersystems.signalservice.api.messages.SignalServiceDataMessage,top_level,8,254,0,7,1,11,4,1,0,1,1,1,0,1,1,1,0,1
Signal-Android,2020-1,org.whispersystems.signalservice.api.messages.SignalServiceEnvelope,top_level,15,134,0,15,1,14,0,1,0,1,0,1,0,1,14,1,0,1
Signal-Android,2020-1,org.whispersystems.signalservice.api.messages.SignalServiceGroup,top_level,5,61,0,3,1,2,1,1,0,1,0,1,0,1,0,1,0,1
Signal-Android,2020-1,org.whispersystems.signalservice.api.messages.SignalServiceReceiptMessage,top_level,4,20,0,4,0,,,0,,0,,0,,0,,0,,0
Signal-Android,2020-1,org.whispersystems.signalservice.api.messages.SignalServiceStickerManifest,top_level,0,28,0,0,1,1,1,1,0,1,0,1,0,1,0,1,0,1
Signal-Android,2020-1,org.whispersystems.signalservice.api.messages.SignalServiceTypingMessage,top_level,4,20,0,4,0,,,0,,0,,0,,0,,0,,0
Signal-Android,2020-1,org.whispersystems.signalservice.api.messages.calls.AnswerMessage,top_level,1,10,0,1,0,,,0,,0,,0,,0,,0,,0
Signal-Android,2020-1,org.whispersystems.signalservice.api.messages.calls.BusyMessage,top_level,2,6,0,2,0,,,0,,0,,0,,0,,0,,0
Signal-Android,2020-1,org.whispersystems.signalservice.api.messages.calls.HangupMessage,top_level,2,6,0,2,0,,,0,,0,,0,,0,,0,,0
Signal-Android,2020-1,org.whispersystems.signalservice.api.messages.calls.IceUpdateMessage,top_level,2,18,0,2,1,1,1,1,0,1,0,1,0,1,0,1,0,1
Signal-Android,2020-1,org.whispersystems.signalservice.api.messages.calls.OfferMessage,top_level,1,10,0,1,0,,,0,,0,,0,,0,,0,,0
Signal-Android,2020-1,org.whispersystems.signalservice.api.messages.calls.SignalServiceCallMessage,top_level,1,70,0,0,1,1,0,1,0,1,0,1,0,1,0,1,0,1
Signal-Android,2020-1,org.whispersystems.signalservice.api.messages.calls.TurnServerInfo,top_level,0,13,0,0,0,,,0,,0,,0,,0,,0,,0
Signal-Android,2020-1,org.whispersystems.signalservice.api.messages.multidevice.BlockedListMessage,top_level,0,10,0,0,0,,,0,,0,,0,,0,,0,,0
Signal-Android,2020-1,org.whispersystems.signalservice.api.messages.multidevice.ChunkedInputStream,top_level,8,66,0,1,1,1,0,1,0,1,0,1,0,1,0,1,0,1
Signal-Android,2020-1,org.whispersystems.signalservice.api.messages.multidevice.ChunkedOutputStream,top_level,3,18,0,1,0,,,0,,0,,0,,0,,0,,0
Signal-Android,2020-1,org.whispersystems.signalservice.api.messages.multidevice.ConfigurationMessage,top_level,0,21,0,0,1,1,1,1,0,1,0,1,0,1,0,1,0,1
Signal-Android,2020-1,org.whispersystems.signalservice.api.messages.multidevice.ContactsMessage,top_level,1,10,0,1,0,,,0,,0,,0,,0,,0,,0
Signal-Android,2020-1,org.whispersystems.signalservice.api.messages.multidevice.DeviceContact,top_level,2,51,0,2,1,2,1,1,0,1,1,1,0,1,0,1,0,1
Signal-Android,2020-1,org.whispersystems.signalservice.api.messages.multidevice.DeviceContactsInputStream,top_level,0,52,0,0,1,33,0,1,0,1,0,1,0,1,27,1,0,1
Signal-Android,2020-1,org.whispersystems.signalservice.api.messages.multidevice.DeviceContactsOutputStream,top_level,1,51,0,1,1,64,0,1,0,1,0,1,0,1,57,1,0,1
Signal-Android,2020-1,org.whispersystems.signalservice.api.messages.multidevice.DeviceGroup,top_level,4,51,0,4,1,2,1,1,0,1,1,1,0,1,0,1,0,1
Signal-Android,2020-1,org.whispersystems.signalservice.api.messages.multidevice.DeviceGroupsInputStream,top_level,0,38,0,0,1,17,0,1,0,1,0,1,0,1,16,1,0,1
Signal-Android,2020-1,org.whispersystems.signalservice.api.messages.multidevice.DeviceGroupsOutputStream,top_level,1,45,0,1,1,34,0,1,0,1,0,1,0,1,34,1,0,1
Signal-Android,2020-1,org.whispersystems.signalservice.api.messages.multidevice.DeviceInfo,top_level,4,18,0,4,1,1,1,1,0,1,0,1,0,1,0,1,0,1
Signal-Android,2020-1,org.whispersystems.signalservice.api.messages.multidevice.KeysMessage,top_level,0,6,0,0,0,,,0,,0,,0,,0,,0,,0
Signal-Android,2020-1,org.whispersystems.signalservice.api.messages.multidevice.ReadMessage,top_level,1,10,0,1,0,,,0,,0,,0,,0,,0,,0
Signal-Android,2020-1,org.whispersystems.signalservice.api.messages.multidevice.RequestMessage,top_level,5,14,0,5,0,,,0,,0,,0,,0,,0,,0
Signal-Android,2020-1,org.whispersystems.signalservice.api.messages.multidevice.SentTranscriptMessage,top_level,3,46,0,3,0,,,0,,0,,0,,0,,0,,0
Signal-Android,2020-1,org.whispersystems.signalservice.api.messages.multidevice.SignalServiceSyncMessage,top_level,2,248,0,0,1,2,0,1,0,1,0,1,0,1,0,1,0,1
Signal-Android,2020-1,org.whispersystems.signalservice.api.messages.multidevice.StickerPackOperationMessage,top_level,1,16,0,1,0,,,0,,0,,0,,0,,0,,0
Signal-Android,2020-1,org.whispersystems.signalservice.api.messages.multidevice.VerifiedMessage,top_level,2,20,0,2,1,1,1,1,0,1,0,1,0,1,0,1,0,1
Signal-Android,2020-1,org.whispersystems.signalservice.api.messages.multidevice.ViewOnceOpenMessage,top_level,1,10,0,1,0,,,0,,0,,0,,0,,0,,0
Signal-Android,2020-1,org.whispersystems.signalservice.api.messages.shared.SharedContact,top_level,2,309,0,1,1,7,3,1,0,1,0,1,0,1,0,1,0,1
Signal-Android,2020-1,org.whispersystems.signalservice.api.profiles.SignalServiceProfile,top_level,3,42,0,3,1,1,1,1,0,1,0,1,0,1,0,1,0,1
Signal-Android,2020-1,org.whispersystems.signalservice.api.push.ContactTokenDetails,top_level,3,24,0,3,1,1,1,1,0,1,0,1,0,1,0,1,0,1
Signal-Android,2020-1,org.whispersystems.signalservice.api.push.SignalServiceAddress,top_level,5,63,0,2,1,10,0,1,0,1,0,1,0,1,9,1,0,1
Signal-Android,2020-1,org.whispersystems.signalservice.api.push.SignedPreKeyEntity,top_level,2,19,0,2,0,,,0,,0,,0,,0,,0,,0
Signal-Android,2020-1,org.whispersystems.signalservice.api.push.TrustStore,top_level,2,3,0,0,0,,,0,,0,,0,,0,,0,,0
Signal-Android,2020-1,org.whispersystems.signalservice.api.push.exceptions.AuthorizationFailedException,top_level,0,3,0,0,0,,,0,,0,,0,,0,,0,,0
Signal-Android,2020-1,org.whispersystems.signalservice.api.push.exceptions.CaptchaRequiredException,top_level,0,1,0,0,0,,,0,,0,,0,,0,,0,,0
Signal-Android,2020-1,org.whispersystems.signalservice.api.push.exceptions.ContactManifestMismatchException,top_level,2,6,0,2,0,,,0,,0,,0,,0,,0,,0
Signal-Android,2020-1,org.whispersystems.signalservice.api.push.exceptions.EncapsulatedExceptions,top_level,0,21,0,0,0,,,0,,0,,0,,0,,0,,0
Signal-Android,2020-1,org.whispersystems.signalservice.api.push.exceptions.ExpectationFailedException,top_level,0,1,0,0,0,,,0,,0,,0,,0,,0,,0
Signal-Android,2020-1,org.whispersystems.signalservice.api.push.exceptions.NetworkFailureException,top_level,0,7,0,0,0,,,0,,0,,0,,0,,0,,0
Signal-Android,2020-1,org.whispersystems.signalservice.api.push.exceptions.NonSuccessfulResponseCodeException,top_level,1,5,0,1,0,,,0,,0,,0,,0,,0,,0
Signal-Android,2020-1,org.whispersystems.signalservice.api.push.exceptions.NotFoundException,top_level,0,3,0,0,0,,,0,,0,,0,,0,,0,,0
Signal-Android,2020-1,org.whispersystems.signalservice.api.push.exceptions.PushNetworkException,top_level,0,5,0,0,0,,,0,,0,,0,,0,,0,,0
Signal-Android,2020-1,org.whispersystems.signalservice.api.push.exceptions.RateLimitException,top_level,0,3,0,0,0,,,0,,0,,0,,0,,0,,0
Signal-Android,2020-1,org.whispersystems.signalservice.api.push.exceptions.RemoteAttestationResponseExpiredException,top_level,0,3,0,0,0,,,0,,0,,0,,0,,0,,0
Signal-Android,2020-1,org.whispersystems.signalservice.api.push.exceptions.UnregisteredUserException,top_level,0,7,0,0,0,,,0,,0,,0,,0,,0,,0
Signal-Android,2020-1,org.whispersystems.signalservice.api.push.exceptions.UsernameMalformedException,top_level,0,1,0,0,0,,,0,,0,,0,,0,,0,,0
Signal-Android,2020-1,org.whispersystems.signalservice.api.push.exceptions.UsernameTakenException,top_level,0,1,0,0,0,,,0,,0,,0,,0,,0,,0
Signal-Android,2020-1,org.whispersystems.signalservice.api.storage.SignalContactRecord,top_level,6,132,0,6,1,1,1,1,0,1,0,1,0,1,0,1,0,1
Signal-Android,2020-1,org.whispersystems.signalservice.api.storage.SignalStorageCipher,top_level,6,25,0,3,1,2,0,1,0,1,0,1,0,1,2,1,0,1
Signal-Android,2020-1,org.whispersystems.signalservice.api.storage.SignalStorageManifest,top_level,1,10,0,1,0,,,0,,0,,0,,0,,0,,0
Signal-Android,2020-1,org.whispersystems.signalservice.api.storage.SignalStorageModels,top_level,0,75,0,0,1,52,0,1,0,1,0,1,0,1,40,1,0,1
Signal-Android,2020-1,org.whispersystems.signalservice.api.storage.SignalStorageRecord,top_level,5,33,0,4,1,1,0,1,0,1,0,1,0,1,0,1,0,1
Signal-Android,2020-1,org.whispersystems.signalservice.api.storage.SignalStorageUtil,top_level,1,3,0,0,1,1,0,1,0,1,0,1,0,1,0,1,0,1
Signal-Android,2020-1,org.whispersystems.signalservice.api.storage.StorageAuthResponse,top_level,1,13,0,1,0,,,0,,0,,0,,0,,0,,0
Signal-Android,2020-1,org.whispersystems.signalservice.api.util.CredentialsProvider,top_level,4,5,0,0,0,,,0,,0,,0,,0,,0,,0
Signal-Android,2020-1,org.whispersystems.signalservice.api.util.InvalidNumberException,top_level,0,3,0,0,0,,,0,,0,,0,,0,,0,,0
Signal-Android,2020-1,org.whispersystems.signalservice.api.util.PhoneNumberFormatter,top_level,0,76,0,0,1,26,0,1,0,1,0,1,0,1,25,1,0,1
Signal-Android,2020-1,org.whispersystems.signalservice.api.util.SleepTimer,top_level,1,2,0,1,0,,,0,,0,,0,,0,,0,,0
Signal-Android,2020-1,org.whispersystems.signalservice.api.util.StreamDetails,top_level,1,14,0,1,0,,,0,,0,,0,,0,,0,,0
Signal-Android,2020-1,org.whispersystems.signalservice.api.util.Tls12SocketFactory,top_level,0,30,0,0,0,,,0,,0,,0,,0,,0,,0
Signal-Android,2020-1,org.whispersystems.signalservice.api.util.UptimeSleepTimer,top_level,1,4,0,1,0,,,0,,0,,0,,0,,0,,0
Signal-Android,2020-1,org.whispersystems.signalservice.api.util.UuidUtil,top_level,1,21,0,1,1,3,0,1,0,1,0,1,0,1,3,1,0,1
Signal-Android,2020-1,org.whispersystems.signalservice.api.websocket.ConnectivityListener,top_level,4,5,0,4,0,,,0,,0,,0,,0,,0,,0
Signal-Android,2020-1,org.whispersystems.signalservice.internal.configuration.SignalCdnUrl,top_level,0,5,0,0,0,,,0,,0,,0,,0,,0,,0
Signal-Android,2020-1,org.whispersystems.signalservice.internal.configuration.SignalContactDiscoveryUrl,top_level,0,5,0,0,0,,,0,,0,,0,,0,,0,,0
Signal-Android,2020-1,org.whispersystems.signalservice.internal.configuration.SignalKeyBackupServiceUrl,top_level,0,5,0,0,0,,,0,,0,,0,,0,,0,,0
Signal-Android,2020-1,org.whispersystems.signalservice.internal.configuration.SignalServiceConfiguration,top_level,0,26,0,0,1,1,1,1,0,1,0,1,0,1,0,1,0,1
Signal-Android,2020-1,org.whispersystems.signalservice.internal.configuration.SignalServiceUrl,top_level,0,5,0,0,0,,,0,,0,,0,,0,,0,,0
Signal-Android,2020-1,org.whispersystems.signalservice.internal.configuration.SignalStorageUrl,top_level,0,5,0,0,0,,,0,,0,,0,,0,,0,,0
Signal-Android,2020-1,org.whispersystems.signalservice.internal.configuration.SignalUrl,top_level,0,22,0,0,0,,,0,,0,,0,,0,,0,,0
Signal-Android,2020-1,org.whispersystems.signalservice.internal.contacts.crypto.AESCipher,top_level,5,35,0,0,1,4,0,1,0,1,0,1,0,1,3,1,0,1
Signal-Android,2020-1,org.whispersystems.signalservice.internal.contacts.crypto.ContactDiscoveryCipher,top_level,1,16,0,1,1,2,0,1,0,1,0,1,0,1,2,1,0,1
Signal-Android,2020-1,org.whispersystems.signalservice.internal.contacts.crypto.KeyBackupCipher,top_level,2,66,0,1,1,5,0,1,0,1,0,1,0,1,5,1,0,1
Signal-Android,2020-1,org.whispersystems.signalservice.internal.contacts.crypto.Quote,top_level,14,90,0,5,1,10,0,1,0,1,0,1,0,1,0,1,0,1
Signal-Android,2020-1,org.whispersystems.signalservice.internal.contacts.crypto.RemoteAttestation,top_level,1,14,0,1,0,,,0,,0,,0,,0,,0,,0
Signal-Android,2020-1,org.whispersystems.signalservice.internal.contacts.crypto.RemoteAttestationCipher,top_level,1,38,0,1,1,11,0,1,0,1,0,1,0,1,10,1,0,1
Signal-Android,2020-1,org.whispersystems.signalservice.internal.contacts.crypto.RemoteAttestationKeys,top_level,2,16,0,2,0,,,0,,0,,0,,0,,0,,0
Signal-Android,2020-1,org.whispersystems.signalservice.internal.contacts.crypto.SignatureBodyEntity,top_level,1,17,0,1,1,1,1,1,0,1,0,1,0,1,0,1,0,1
Signal-Android,2020-1,org.whispersystems.signalservice.internal.contacts.crypto.SigningCertificate,top_level,0,33,0,0,1,7,0,1,0,1,0,1,0,1,7,1,0,1
Signal-Android,2020-1,org.whispersystems.signalservice.internal.contacts.crypto.UnauthenticatedQuoteException,top_level,0,5,0,0,0,,,0,,0,,0,,0,,0,,0
Signal-Android,2020-1,org.whispersystems.signalservice.internal.contacts.crypto.UnauthenticatedResponseException,top_level,0,5,0,0,0,,,0,,0,,0,,0,,0,,0
Signal-Android,2020-1,org.whispersystems.signalservice.internal.contacts.entities.DiscoveryRequest,top_level,7,30,0,7,1,1,1,1,0,1,0,1,0,1,0,1,0,1
Signal-Android,2020-1,org.whispersystems.signalservice.internal.contacts.entities.DiscoveryResponse,top_level,5,20,0,5,0,,,0,,0,,0,,0,,0,,0
Signal-Android,2020-1,org.whispersystems.signalservice.internal.contacts.entities.KeyBackupRequest,top_level,6,25,0,6,1,1,1,1,0,1,0,1,0,1,0,1,0,1
Signal-Android,2020-1,org.whispersystems.signalservice.internal.contacts.entities.KeyBackupResponse,top_level,5,20,0,5,0,,,0,,0,,0,,0,,0,,0
Signal-Android,2020-1,org.whispersystems.signalservice.internal.contacts.entities.RemoteAttestationRequest,top_level,3,8,0,3,0,,,0,,0,,0,,0,,0,,0
Signal-Android,2020-1,org.whispersystems.signalservice.internal.contacts.entities.RemoteAttestationResponse,top_level,7,50,0,7,1,1,1,1,0,1,0,1,0,1,0,1,0,1
Signal-Android,2020-1,org.whispersystems.signalservice.internal.contacts.entities.TokenResponse,top_level,5,19,0,5,0,,,0,,0,,0,,0,,0,,0
Signal-Android,2020-1,org.whispersystems.signalservice.internal.crypto.PaddingInputStream,top_level,9,30,0,4,0,,,0,,0,,0,,0,,0,,0
Signal-Android,2020-1,org.whispersystems.signalservice.internal.crypto.ProvisioningCipher,top_level,4,33,0,2,1,6,0,1,0,1,0,1,0,1,6,1,0,1
Signal-Android,2020-1,org.whispersystems.signalservice.internal.push.AccountAttributes,top_level,7,48,0,7,1,1,1,1,0,1,0,1,0,1,0,1,0,1
Signal-Android,2020-1,org.whispersystems.signalservice.internal.push.AttachmentUploadAttributes,top_level,1,42,0,1,1,1,1,1,0,1,0,1,0,1,0,1,0,1
Signal-Android,2020-1,org.whispersystems.signalservice.internal.push.AuthCredentials,top_level,0,7,0,0,0,,,0,,0,,0,,0,,0,,0
Signal-Android,2020-1,org.whispersystems.signalservice.internal.push.ContactDiscoveryFailureReason,top_level,0,5,0,0,1,1,0,1,0,1,0,1,0,1,0,1,0,1
Signal-Android,2020-1,org.whispersystems.signalservice.internal.push.ContactTokenDetailsList,top_level,1,6,0,1,0,,,0,,0,,0,,0,,0,,0
Signal-Android,2020-1,org.whispersystems.signalservice.internal.push.ContactTokenList,top_level,1,7,0,1,0,,,0,,0,,0,,0,,0,,0
Signal-Android,2020-1,org.whispersystems.signalservice.internal.push.DeviceCode,top_level,0,5,0,0,0,,,0,,0,,0,,0,,0,,0
Signal-Android,2020-1,org.whispersystems.signalservice.internal.push.DeviceInfoList,top_level,1,6,0,1,0,,,0,,0,,0,,0,,0,,0
Signal-Android,2020-1,org.whispersystems.signalservice.internal.push.DeviceLimit,top_level,2,9,0,2,0,,,0,,0,,0,,0,,0,,0
Signal-Android,2020-1,org.whispersystems.signalservice.internal.push.DeviceLimitExceededException,top_level,2,8,0,2,0,,,0,,0,,0,,0,,0,,0
Signal-Android,2020-1,org.whispersystems.signalservice.internal.push.LockedException,top_level,2,14,0,2,0,,,0,,0,,0,,0,,0,,0
Signal-Android,2020-1,org.whispersystems.signalservice.internal.push.MismatchedDevices,top_level,0,9,0,0,0,,,0,,0,,0,,0,,0,,0
Signal-Android,2020-1,org.whispersystems.signalservice.internal.push.OutgoingPushMessage,top_level,0,17,0,0,1,8,0,1,0,1,0,1,0,1,0,1,0,1
Signal-Android,2020-1,org.whispersystems.signalservice.internal.push.OutgoingPushMessageList,top_level,2,25,0,2,1,5,1,1,0,1,0,1,0,1,0,1,0,1
Signal-Android,2020-1,org.whispersystems.signalservice.internal.push.PreKeyEntity,top_level,2,26,0,2,0,,,0,,0,,0,,0,,0,,0
Signal-Android,2020-1,org.whispersystems.signalservice.internal.push.PreKeyResponse,top_level,0,11,0,0,0,,,0,,0,,0,,0,,0,,0
Signal-Android,2020-1,org.whispersystems.signalservice.internal.push.PreKeyResponseItem,top_level,2,17,0,2,1,1,1,1,0,1,0,1,0,1,0,1,0,1
Signal-Android,2020-1,org.whispersystems.signalservice.internal.push.PreKeyState,top_level,0,13,0,0,1,6,0,1,0,1,0,1,0,1,0,1,0,1
Signal-Android,2020-1,org.whispersystems.signalservice.internal.push.PreKeyStatus,top_level,2,6,0,2,0,,,0,,0,,0,,0,,0,,0
Signal-Android,2020-1,org.whispersystems.signalservice.internal.push.ProfileAvatarData,top_level,1,18,0,1,1,1,1,1,0,1,0,1,0,1,0,1,0,1
Signal-Android,2020-1,org.whispersystems.signalservice.internal.push.ProfileAvatarUploadAttributes,top_level,1,34,0,1,1,1,1,1,0,1,0,1,0,1,0,1,0,1
Signal-Android,2020-1,org.whispersystems.signalservice.internal.push.ProvisioningMessage,top_level,0,5,0,0,1,2,0,1,0,1,0,1,0,1,0,1,0,1
Signal-Android,2020-1,org.whispersystems.signalservice.internal.push.PushAttachmentData,top_level,1,23,0,1,1,1,1,1,0,1,0,1,0,1,0,1,0,1
Signal-Android,2020-1,org.whispersystems.signalservice.internal.push.PushServiceSocket,top_level,18,831,0,15,1,151,0,1,0,1,1,1,0,1,122,1,1,1
Signal-Android,2020-1,org.whispersystems.signalservice.internal.push.PushTransportDetails,top_level,12,32,0,4,0,,,0,,0,,0,,0,,0,,0
Signal-Android,2020-1,org.whispersystems.signalservice.internal.push.RemoteAttestationUtil,top_level,1,37,0,1,1,11,0,1,0,1,0,1,0,1,11,1,0,1
Signal-Android,2020-1,org.whispersystems.signalservice.internal.push.SendMessageResponse,top_level,3,7,0,3,0,,,0,,0,,0,,0,,0,,0
Signal-Android,2020-1,org.whispersystems.signalservice.internal.push.SenderCertificate,top_level,2,16,0,2,0,,,0,,0,,0,,0,,0,,0
Signal-Android,2020-1,org.whispersystems.signalservice.internal.push.SignalServiceEnvelopeEntity,top_level,8,44,0,8,1,1,1,1,0,1,0,1,0,1,0,1,0,1
Signal-Android,2020-1,org.whispersystems.signalservice.internal.push.SignalServiceEnvelopeEntityList,top_level,1,5,0,1,0,,,0,,0,,0,,0,,0,,0
Signal-Android,2020-1,org.whispersystems.signalservice.internal.push.StaleDevices,top_level,0,5,0,0,0,,,0,,0,,0,,0,,0,,0
Signal-Android,2020-1,org.whispersystems.signalservice.internal.push.UnsupportedDataMessageException,top_level,2,23,0,2,1,1,1,1,0,1,0,1,0,1,0,1,0,1
Signal-Android,2020-1,org.whispersystems.signalservice.internal.push.VerifyAccountResponse,top_level,0,5,0,0,0,,,0,,0,,0,,0,,0,,0
Signal-Android,2020-1,org.whispersystems.signalservice.internal.push.WhoAmIResponse,top_level,0,5,0,0,0,,,0,,0,,0,,0,,0,,0
Signal-Android,2020-1,org.whispersystems.signalservice.internal.push.exceptions.MismatchedDevicesException,top_level,0,6,0,0,0,,,0,,0,,0,,0,,0,,0
Signal-Android,2020-1,org.whispersystems.signalservice.internal.push.exceptions.StaleDevicesException,top_level,0,6,0,0,0,,,0,,0,,0,,0,,0,,0
Signal-Android,2020-1,org.whispersystems.signalservice.internal.push.http.AttachmentCipherOutputStreamFactory,top_level,1,7,0,1,0,,,0,,0,,0,,0,,0,,0
Signal-Android,2020-1,org.whispersystems.signalservice.internal.push.http.DigestingRequestBody,top_level,3,38,0,2,0,,,0,,0,,0,,0,,0,,0
Signal-Android,2020-1,org.whispersystems.signalservice.internal.push.http.OutputStreamFactory,top_level,1,2,0,0,0,,,0,,0,,0,,0,,0,,0
Signal-Android,2020-1,org.whispersystems.signalservice.internal.push.http.ProfileCipherOutputStreamFactory,top_level,1,7,0,1,0,,,0,,0,,0,,0,,0,,0
Signal-Android,2020-1,org.whispersystems.signalservice.internal.registrationpin.InvalidPinException,top_level,0,3,0,0,0,,,0,,0,,0,,0,,0,,0
Signal-Android,2020-1,org.whispersystems.signalservice.internal.registrationpin.PinStretcher,top_level,0,86,0,0,1,2,0,1,0,1,0,1,0,1,1,1,0,1
Signal-Android,2020-1,org.whispersystems.signalservice.internal.util.BlacklistingTrustManager,top_level,0,40,0,0,1,5,0,1,0,1,0,1,0,1,5,1,0,1
Signal-Android,2020-1,org.whispersystems.signalservice.internal.util.ContentLengthInputStream,top_level,5,20,0,3,0,,,0,,0,,0,,0,,0,,0
Signal-Android,2020-1,org.whispersystems.signalservice.internal.util.Hex,top_level,0,75,0,0,1,1,0,1,0,1,0,1,0,1,0,1,0,1
Signal-Android,2020-1,org.whispersystems.signalservice.internal.util.JsonUtil,top_level,0,35,0,0,1,1,0,1,0,1,0,1,0,1,0,1,0,1
Signal-Android,2020-1,org.whispersystems.signalservice.internal.util.StaticCredentialsProvider,top_level,0,22,0,0,1,1,1,1,0,1,0,1,0,1,0,1,0,1
Signal-Android,2020-1,org.whispersystems.signalservice.internal.util.Util,top_level,11,78,0,0,1,3,0,1,0,1,0,1,0,1,1,1,0,1
Signal-Android,2020-1,org.whispersystems.signalservice.internal.util.concurrent.ListenableFuture<T>,top_level,1,5,0,1,0,,,0,,0,,0,,0,,0,,0
Signal-Android,2020-1,org.whispersystems.signalservice.internal.util.concurrent.SettableFuture<T>,top_level,13,62,1,6,0,,,0,,0,,0,,0,,0,,0
Signal-Android,2020-1,org.whispersystems.signalservice.internal.websocket.WebSocketConnection,top_level,14,187,0,4,1,31,0,1,0,1,0,1,0,1,26,1,0,1
Signal-Android,2020-1,org.whispersystems.signalservice.internal.websocket.WebSocketEventListener,top_level,3,4,0,3,0,,,0,,0,,0,,0,,0,,0
Signal-Android,2020-1,org.whispersystems.util.Base64,top_level,59,737,0,1,1,74,0,1,1,1,0,1,0,1,8,1,1,1
Signal-Android,2021-1,androidx.camera.view.SignalCameraView,top_level,36,336,0,30,1,29,0,1,0,1,0,1,0,1,25,1,0,1
Signal-Android,2021-1,androidx.camera.view.SignalCameraXModule,top_level,80,367,0,34,1,50,0,1,1,1,0,1,0,1,32,1,1,1
Signal-Android,2021-1,org.signal.core.util.Conversions,top_level,25,110,0,0,1,2,0,1,0,1,0,1,0,1,0,1,0,1
Signal-Android,2021-1,org.signal.core.util.LinkedBlockingLifoQueue<E>,top_level,3,12,0,3,0,,,0,,0,,0,,0,,0,,0
Signal-Android,2021-1,org.signal.core.util.StreamUtil,top_level,1,45,0,1,0,,,0,,0,,0,,0,,0,,0
Signal-Android,2021-1,org.signal.core.util.concurrent.SignalExecutors,top_level,2,46,0,1,1,1,0,1,0,1,0,1,0,1,1,1,0,1
Signal-Android,2021-1,org.signal.core.util.logging.AndroidLogger,top_level,1,22,0,1,1,6,0,1,0,1,0,1,0,1,6,1,0,1
Signal-Android,2021-1,org.signal.core.util.logging.GrowingBuffer,top_level,3,6,0,1,0,,,0,,0,,0,,0,,0,,0
Signal-Android,2021-1,org.signal.core.util.logging.Log,top_level,4,83,0,0,1,9,0,1,0,1,0,1,0,1,7,1,0,1
Signal-Android,2021-1,org.signal.core.util.logging.LogFile,top_level,0,69,0,0,0,,,0,,0,,0,,0,,0,,0
Signal-Android,2021-1,org.signal.core.util.logging.PersistentLogger,top_level,10,158,0,4,1,8,0,1,0,1,0,1,0,1,6,1,0,1
Signal-Android,2021-1,org.signal.glide.Log,top_level,1,32,0,1,1,5,0,1,0,1,0,1,0,1,5,1,0,1
Signal-Android,2021-1,org.signal.glide.SignalGlideCodecs,top_level,1,7,0,1,0,,,0,,0,,0,,0,,0,,0
Signal-Android,2021-1,org.signal.glide.apng.APNGDrawable,top_level,0,17,0,0,0,,,0,,0,,0,,0,,0,,0
Signal-Android,2021-1,org.signal.glide.apng.decode.ACTLChunk,top_level,0,8,0,0,0,,,0,,0,,0,,0,,0,,0
Signal-Android,2021-1,org.signal.glide.apng.decode.APNGDecoder,top_level,2,124,0,2,1,21,0,1,0,1,0,1,0,1,9,1,0,1
Signal-Android,2021-1,org.signal.glide.apng.decode.APNGFrame,top_level,0,89,0,0,1,8,0,1,0,1,0,1,0,1,3,1,0,1
Signal-Android,2021-1,org.signal.glide.apng.decode.APNGParser,top_level,0,87,0,0,1,6,0,1,0,1,0,1,0,1,2,1,0,1
Signal-Android,2021-1,org.signal.glide.apng.decode.Chunk,top_level,0,22,0,0,0,,,0,,0,,0,,0,,0,,0
Signal-Android,2021-1,org.signal.glide.apng.decode.FCTLChunk,top_level,0,27,0,0,0,,,0,,0,,0,,0,,0,,0
Signal-Android,2021-1,org.signal.glide.apng.decode.FDATChunk,top_level,0,6,0,0,0,,,0,,0,,0,,0,,0,,0
Signal-Android,2021-1,org.signal.glide.apng.decode.IDATChunk,top_level,0,2,0,0,0,,,0,,0,,0,,0,,0,,0
Signal-Android,2021-1,org.signal.glide.apng.decode.IENDChunk,top_level,0,2,0,0,0,,,0,,0,,0,,0,,0,,0
Signal-Android,2021-1,org.signal.glide.apng.decode.IHDRChunk,top_level,0,10,0,0,0,,,0,,0,,0,,0,,0,,0
Signal-Android,2021-1,org.signal.glide.apng.decode.StillFrame,top_level,0,20,0,0,0,,,0,,0,,0,,0,,0,,0
Signal-Android,2021-1,org.signal.glide.apng.io.APNGReader,top_level,5,34,0,3,0,,,0,,0,,0,,0,,0,,0
Signal-Android,2021-1,org.signal.glide.apng.io.APNGWriter,top_level,4,17,0,4,0,,,0,,0,,0,,0,,0,,0
Signal-Android,2021-1,org.signal.glide.common.FrameAnimationDrawable<Decoder>,top_level,29,144,1,19,0,,,0,,0,,0,,0,,0,,0
Signal-Android,2021-1,"org.signal.glide.common.decode.Frame<R,W>",top_level,1,10,1,1,0,,,0,,0,,0,,0,,0,,0
Signal-Android,2021-1,"org.signal.glide.common.decode.FrameSeqDecoder<R,W>",top_level,60,323,2,23,0,,,0,,0,,0,,0,,0,,0
Signal-Android,2021-1,org.signal.glide.common.executor.FrameDecoderExecutor,top_level,4,33,0,3,1,3,0,1,0,1,0,1,0,1,1,1,0,1
Signal-Android,2021-1,org.signal.glide.common.io.ByteBufferReader,top_level,7,30,0,7,0,,,0,,0,,0,,0,,0,,0
Signal-Android,2021-1,org.signal.glide.common.io.ByteBufferWriter,top_level,10,27,0,8,0,,,0,,0,,0,,0,,0,,0
Signal-Android,2021-1,org.signal.glide.common.io.FileReader,top_level,1,9,0,1,0,,,0,,0,,0,,0,,0,,0
Signal-Android,2021-1,org.signal.glide.common.io.FilterReader,top_level,7,29,0,7,0,,,0,,0,,0,,0,,0,,0
Signal-Android,2021-1,org.signal.glide.common.io.Reader,top_level,8,9,0,7,0,,,0,,0,,0,,0,,0,,0
Signal-Android,2021-1,org.signal.glide.common.io.StreamReader,top_level,5,32,0,5,0,,,0,,0,,0,,0,,0,,0
Signal-Android,2021-1,org.signal.glide.common.io.Writer,top_level,7,8,0,7,0,,,0,,0,,0,,0,,0,,0
Signal-Android,2021-1,org.signal.glide.common.loader.AssetStreamLoader,top_level,0,9,0,0,1,1,0,1,0,1,0,1,0,1,1,1,0,1
Signal-Android,2021-1,org.signal.glide.common.loader.ByteBufferLoader,top_level,0,5,0,0,0,,,0,,0,,0,,0,,0,,0
Signal-Android,2021-1,org.signal.glide.common.loader.FileLoader,top_level,0,8,0,0,0,,,0,,0,,0,,0,,0,,0
Signal-Android,2021-1,org.signal.glide.common.loader.Loader,top_level,1,2,0,0,0,,,0,,0,,0,,0,,0,,0
Signal-Android,2021-1,org.signal.glide.common.loader.ResourceStreamLoader,top_level,0,9,0,0,1,1,0,1,0,1,0,1,0,1,1,1,0,1
Signal-Android,2021-1,org.signal.glide.common.loader.StreamLoader,top_level,0,4,0,0,0,,,0,,0,,0,,0,,0,,0
Signal-Android,2021-1,org.signal.lint.Registry,top_level,1,11,0,1,0,,,0,,0,,0,,0,,0,,0
Signal-Android,2021-1,org.signal.lint.SignalLogDetector,top_level,0,61,0,0,1,17,0,1,0,1,0,1,0,1,17,1,0,1
Signal-Android,2021-1,org.signal.lint.VersionCodeDetector,top_level,0,44,0,0,1,12,0,1,0,1,0,1,0,1,11,1,0,1
Signal-Android,2021-1,org.signal.paging.BufferedPagingController<E>,top_level,3,29,0,2,0,,,0,,0,,0,,0,,0,,0
Signal-Android,2021-1,org.signal.paging.CompressedList<E>,top_level,5,17,0,4,0,,,0,,0,,0,,0,,0,,0
Signal-Android,2021-1,org.signal.paging.DataStatus,top_level,11,30,0,5,1,1,0,1,0,1,0,1,0,1,0,1,0,1
Signal-Android,2021-1,org.signal.paging.FixedSizePagingController<E>,top_level,13,65,0,2,0,,,0,,0,,0,,0,,0,,0
Signal-Android,2021-1,org.signal.paging.PagedData<E>,top_level,0,17,0,0,0,,,0,,0,,0,,0,,0,,0
Signal-Android,2021-1,org.signal.paging.PagedDataSource<T>,top_level,2,7,0,1,0,,,0,,0,,0,,0,,0,,0
Signal-Android,2021-1,org.signal.paging.PagingConfig,top_level,4,35,0,4,0,,,0,,0,,0,,0,,0,,0
Signal-Android,2021-1,org.signal.paging.PagingController,top_level,2,3,0,2,0,,,0,,0,,0,,0,,0,,0
Signal-Android,2021-1,org.signal.paging.ProxyPagingController,top_level,4,12,0,2,0,,,0,,0,,0,,0,,0,,0
Signal-Android,2021-1,org.signal.pagingtest.MainActivity,top_level,0,74,0,0,1,9,0,1,0,1,0,1,0,1,9,1,0,1
Signal-Android,2021-1,org.signal.pagingtest.MainViewModel,top_level,2,34,0,2,1,1,0,1,0,1,0,1,0,1,1,1,0,1
Signal-Android,2021-1,org.signal.signing.ApkSignerUtil,top_level,0,67,0,0,1,12,0,1,0,1,0,1,0,1,11,1,0,1
Signal-Android,2021-1,org.thoughtcrime.securesms.AppCapabilities,top_level,1,7,0,1,0,,,0,,0,,0,,0,,0,,0
Signal-Android,2021-1,org.thoughtcrime.securesms.AppInitialization,top_level,1,29,0,1,1,26,0,1,0,1,0,1,0,1,26,1,0,1
Signal-Android,2021-1,org.thoughtcrime.securesms.ApplicationContext,top_level,43,210,0,22,1,19,0,1,0,1,0,1,0,1,16,1,1,1
Signal-Android,2021-1,org.thoughtcrime.securesms.ApplicationPreferencesActivity,top_level,6,218,0,4,1,28,0,1,0,1,0,1,0,1,23,1,0,1
Signal-Android,2021-1,org.thoughtcrime.securesms.AvatarPreviewActivity,top_level,1,67,0,1,1,10,0,1,0,1,0,1,0,1,9,1,0,1
Signal-Android,2021-1,org.thoughtcrime.securesms.BaseActivity,top_level,6,53,0,5,1,7,0,1,0,1,0,1,0,1,6,1,0,1
Signal-Android,2021-1,org.thoughtcrime.securesms.BindableConversationItem,top_level,3,34,0,1,1,2,0,1,0,1,1,1,0,1,0,1,0,1
Signal-Android,2021-1,org.thoughtcrime.securesms.BindableConversationListItem,top_level,3,7,0,1,0,,,0,,0,,0,,0,,0,,0
Signal-Android,2021-1,org.thoughtcrime.securesms.BlockUnblockDialog,top_level,1,78,0,1,1,6,0,1,0,1,0,1,0,1,6,1,0,1
Signal-Android,2021-1,org.thoughtcrime.securesms.ClearAvatarPromptActivity,top_level,2,25,0,1,1,1,0,1,0,1,0,1,0,1,1,1,0,1
Signal-Android,2021-1,org.thoughtcrime.securesms.ConfirmIdentityDialog,top_level,1,93,0,1,1,8,0,1,0,1,0,1,0,1,3,1,0,1
Signal-Android,2021-1,org.thoughtcrime.securesms.ContactSelectionActivity,top_level,8,73,0,8,1,13,0,1,0,1,0,1,0,1,12,1,0,1
Signal-Android,2021-1,org.thoughtcrime.securesms.ContactSelectionListFragment,top_level,32,385,0,18,1,55,0,1,0,1,0,1,0,1,44,1,1,1
Signal-Android,2021-1,org.thoughtcrime.securesms.DatabaseMigrationActivity,top_level,13,112,0,11,1,7,0,1,0,1,0,1,0,1,4,1,0,1
Signal-Android,2021-1,org.thoughtcrime.securesms.DeviceActivity,top_level,4,156,0,3,1,23,0,1,0,1,0,1,0,1,19,1,0,1
Signal-Android,2021-1,org.thoughtcrime.securesms.DeviceAddFragment,top_level,2,59,0,2,1,5,0,1,0,1,0,1,0,1,4,1,0,1
Signal-Android,2021-1,org.thoughtcrime.securesms.DeviceLinkFragment,top_level,0,29,0,0,1,2,0,1,0,1,0,1,0,1,2,1,0,1
Signal-Android,2021-1,org.thoughtcrime.securesms.DeviceListFragment,top_level,2,124,0,2,1,19,0,1,0,1,0,1,0,1,16,1,0,1
Signal-Android,2021-1,org.thoughtcrime.securesms.DeviceListItem,top_level,2,31,0,2,1,3,0,1,0,1,0,1,0,1,3,1,0,1
Signal-Android,2021-1,org.thoughtcrime.securesms.DeviceProvisioningActivity,top_level,1,25,0,1,1,1,0,1,0,1,0,1,0,1,1,1,0,1
Signal-Android,2021-1,org.thoughtcrime.securesms.DummyActivity,top_level,0,5,0,0,0,,,0,,0,,0,,0,,0,,0
Signal-Android,2021-1,org.thoughtcrime.securesms.ExpirationDialog,top_level,0,57,0,0,1,10,0,1,0,1,0,1,0,1,10,1,0,1
Signal-Android,2021-1,org.thoughtcrime.securesms.FlipperApplicationContext,top_level,1,10,0,1,1,1,0,1,0,1,0,1,0,1,1,1,0,1
Signal-Android,2021-1,org.thoughtcrime.securesms.GroupMembersDialog,top_level,1,27,0,1,1,3,0,1,0,1,0,1,0,1,3,1,0,1
Signal-Android,2021-1,org.thoughtcrime.securesms.InviteActivity,top_level,14,168,0,10,1,33,0,1,0,1,0,1,0,1,30,1,0,1
Signal-Android,2021-1,org.thoughtcrime.securesms.KbsEnclave,top_level,1,25,0,1,0,,,0,,0,,0,,0,,0,,0
Signal-Android,2021-1,org.thoughtcrime.securesms.LoggingFragment,top_level,3,20,0,3,0,,,0,,0,,0,,0,,0,,0
Signal-Android,2021-1,org.thoughtcrime.securesms.MainActivity,top_level,4,39,0,3,1,1,0,1,0,1,0,1,0,1,1,1,0,1
Signal-Android,2021-1,org.thoughtcrime.securesms.MainFragment,top_level,0,8,0,0,0,,,0,,0,,0,,0,,0,,0
Signal-Android,2021-1,org.thoughtcrime.securesms.MainNavigator,top_level,7,47,0,6,1,9,0,1,0,1,0,1,0,1,9,1,0,1
Signal-Android,2021-1,org.thoughtcrime.securesms.MasterSecretListener,top_level,1,2,0,1,0,,,0,,0,,0,,0,,0,,0
Signal-Android,2021-1,org.thoughtcrime.securesms.MediaPreviewActivity,top_level,47,520,0,22,1,62,0,1,0,1,0,1,0,1,55,1,1,1
Signal-Android,2021-1,org.thoughtcrime.securesms.MuteDialog,top_level,0,33,0,0,1,6,0,1,0,1,0,1,0,1,6,1,0,1
Signal-Android,2021-1,org.thoughtcrime.securesms.NewConversationActivity,top_level,5,74,0,5,1,7,0,1,0,1,0,1,0,1,6,1,0,1
Signal-Android,2021-1,org.thoughtcrime.securesms.PassphraseActivity,top_level,1,29,0,1,1,4,0,1,0,1,0,1,0,1,3,1,0,1
Signal-Android,2021-1,org.thoughtcrime.securesms.PassphraseChangeActivity,top_level,11,89,0,4,1,8,0,1,0,1,0,1,0,1,5,1,0,1
Signal-Android,2021-1,org.thoughtcrime.securesms.PassphraseCreateActivity,top_level,3,28,0,3,0,,,0,,0,,0,,0,,0,,0
Signal-Android,2021-1,org.thoughtcrime.securesms.PassphrasePromptActivity,top_level,27,224,0,11,1,20,0,1,0,1,0,1,0,1,16,1,0,1
Signal-Android,2021-1,org.thoughtcrime.securesms.PassphraseRequiredActivity,top_level,21,143,0,10,1,16,0,1,0,1,0,1,0,1,14,1,1,1
Signal-Android,2021-1,org.thoughtcrime.securesms.PlayServicesProblemActivity,top_level,0,6,0,0,0,,,0,,0,,0,,0,,0,,0
Signal-Android,2021-1,org.thoughtcrime.securesms.PlayServicesProblemFragment,top_level,2,23,0,1,1,3,0,1,0,1,0,1,0,1,3,1,0,1
Signal-Android,2021-1,org.thoughtcrime.securesms.PromptMmsActivity,top_level,1,15,0,1,1,2,0,1,0,1,0,1,0,1,2,1,0,1
Signal-Android,2021-1,org.thoughtcrime.securesms.PushContactSelectionActivity,top_level,2,20,0,2,1,4,0,1,0,1,0,1,0,1,4,1,0,1
Signal-Android,2021-1,org.thoughtcrime.securesms.ShortcutLauncherActivity,top_level,0,21,0,0,1,3,0,1,0,1,0,1,0,1,3,1,0,1
Signal-Android,2021-1,org.thoughtcrime.securesms.SmsSendtoActivity,top_level,0,56,0,0,1,10,0,1,0,1,0,1,0,1,10,1,0,1
Signal-Android,2021-1,org.thoughtcrime.securesms.TextSecureExpiredException,top_level,0,3,0,0,0,,,0,,0,,0,,0,,0,,0
Signal-Android,2021-1,org.thoughtcrime.securesms.TransportOption,top_level,6,92,0,6,0,,,0,,0,,0,,0,,0,,0
Signal-Android,2021-1,org.thoughtcrime.securesms.TransportOptions,top_level,7,119,0,4,1,6,0,1,0,1,0,1,0,1,6,1,0,1
Signal-Android,2021-1,org.thoughtcrime.securesms.TransportOptionsAdapter,top_level,2,36,0,2,1,13,0,1,0,1,0,1,0,1,13,1,0,1
Signal-Android,2021-1,org.thoughtcrime.securesms.TransportOptionsPopup,top_level,0,24,0,0,0,,,0,,0,,0,,0,,0,,0
Signal-Android,2021-1,org.thoughtcrime.securesms.Unbindable,top_level,1,2,0,1,0,,,0,,0,,0,,0,,0,,0
Signal-Android,2021-1,org.thoughtcrime.securesms.VerifyIdentityActivity,top_level,1,414,0,1,1,62,0,1,0,1,0,1,0,1,58,1,1,1
Signal-Android,2021-1,org.thoughtcrime.securesms.WebRtcCallActivity,top_level,57,429,0,33,1,100,0,1,0,1,0,1,0,1,91,1,1,1
Signal-Android,2021-1,org.thoughtcrime.securesms.animation.AnimationCompleteListener,top_level,0,9,0,0,0,,,0,,0,,0,,0,,0,,0
Signal-Android,2021-1,org.thoughtcrime.securesms.animation.AnimationRepeatListener,top_level,0,13,0,0,0,,,0,,0,,0,,0,,0,,0
Signal-Android,2021-1,org.thoughtcrime.securesms.animation.DepthPageTransformer,top_level,0,19,0,0,0,,,0,,0,,0,,0,,0,,0
Signal-Android,2021-1,org.thoughtcrime.securesms.animation.ResizeAnimation,top_level,2,26,0,2,0,,,0,,0,,0,,0,,0,,0
Signal-Android,2021-1,org.thoughtcrime.securesms.animation.transitions.CircleSquareImageViewTransition,top_level,1,41,0,1,1,8,0,1,0,1,0,1,0,1,8,1,0,1
Signal-Android,2021-1,org.thoughtcrime.securesms.animation.transitions.CircleToSquareImageViewTransition,top_level,0,4,0,0,0,,,0,,0,,0,,0,,0,,0
Signal-Android,2021-1,org.thoughtcrime.securesms.animation.transitions.SquareToCircleImageViewTransition,top_level,0,4,0,0,0,,,0,,0,,0,,0,,0,,0
Signal-Android,2021-1,org.thoughtcrime.securesms.attachments.Attachment,top_level,12,132,0,12,1,3,1,1,0,1,1,1,0,1,0,1,0,1
Signal-Android,2021-1,org.thoughtcrime.securesms.attachments.AttachmentId,top_level,6,46,0,6,0,,,0,,0,,0,,0,,0,,0
Signal-Android,2021-1,org.thoughtcrime.securesms.attachments.DatabaseAttachment,top_level,5,67,0,5,1,1,0,1,0,1,1,1,0,1,0,1,0,1
Signal-Android,2021-1,org.thoughtcrime.securesms.attachments.MmsNotificationAttachment,top_level,5,15,0,1,0,,,0,,0,,0,,0,,0,,0
Signal-Android,2021-1,org.thoughtcrime.securesms.attachments.PointerAttachment,top_level,0,86,0,0,1,71,0,1,0,1,0,1,0,1,64,1,0,1
Signal-Android,2021-1,org.thoughtcrime.securesms.attachments.TombstoneAttachment,top_level,0,6,0,0,0,,,0,,0,,0,,0,,0,,0
Signal-Android,2021-1,org.thoughtcrime.securesms.attachments.UriAttachment,top_level,1,44,0,1,1,2,0,1,0,1,2,1,0,1,0,1,0,1
Signal-Android,2021-1,org.thoughtcrime.securesms.audio.AudioCodec,top_level,7,120,0,5,1,9,0,1,0,1,0,1,0,1,7,1,0,1
Signal-Android,2021-1,org.thoughtcrime.securesms.audio.AudioHash,top_level,1,27,0,1,0,,,0,,0,,0,,0,,0,,0
Signal-Android,2021-1,org.thoughtcrime.securesms.audio.AudioRecorder,top_level,3,48,0,1,0,,,0,,0,,0,,0,,0,,0
Signal-Android,2021-1,org.thoughtcrime.securesms.audio.AudioWaveForm,top_level,0,181,0,0,1,40,0,1,1,1,0,1,0,1,30,1,0,1
Signal-Android,2021-1,org.thoughtcrime.securesms.backup.BackupDialog,top_level,0,108,0,0,1,8,0,1,0,1,0,1,0,1,6,1,0,1
Signal-Android,2021-1,org.thoughtcrime.securesms.backup.BackupFileIOError,top_level,1,36,0,1,1,3,0,1,0,1,0,1,0,1,3,1,0,1
Signal-Android,2021-1,org.thoughtcrime.securesms.backup.BackupPassphrase,top_level,1,25,0,1,1,2,0,1,0,1,0,1,0,1,2,1,0,1
Signal-Android,2021-1,org.thoughtcrime.securesms.backup.FullBackupBase,top_level,0,31,0,0,1,6,0,1,0,1,0,1,0,1,4,1,0,1
Signal-Android,2021-1,org.thoughtcrime.securesms.backup.FullBackupExporter,top_level,0,281,0,0,1,35,0,1,0,1,0,1,0,1,24,1,1,1
Signal-Android,2021-1,org.thoughtcrime.securesms.backup.FullBackupImporter,top_level,0,191,0,0,1,28,0,1,0,1,0,1,0,1,23,1,0,1
Signal-Android,2021-1,org.thoughtcrime.securesms.blocked.BlockedUsersActivity,top_level,2,99,0,2,1,18,0,1,0,1,0,1,0,1,18,1,0,1
Signal-Android,2021-1,org.thoughtcrime.securesms.blocked.BlockedUsersAdapter,top_level,2,46,0,2,1,3,0,1,0,1,0,1,0,1,3,1,0,1
Signal-Android,2021-1,org.thoughtcrime.securesms.blocked.BlockedUsersFragment,top_level,1,55,0,1,1,4,0,1,0,1,0,1,0,1,4,1,0,1
Signal-Android,2021-1,org.thoughtcrime.securesms.blocked.BlockedUsersRepository,top_level,0,37,0,0,1,4,0,1,0,1,0,1,0,1,4,1,0,1
Signal-Android,2021-1,org.thoughtcrime.securesms.blocked.BlockedUsersViewModel,top_level,1,60,0,1,0,,,0,,0,,0,,0,,0,,0
Signal-Android,2021-1,org.thoughtcrime.securesms.blurhash.Base83,top_level,6,27,0,1,0,,,0,,0,,0,,0,,0,,0
Signal-Android,2021-1,org.thoughtcrime.securesms.blurhash.BlurHash,top_level,1,19,0,1,1,1,0,1,0,1,0,1,0,1,0,1,0,1
Signal-Android,2021-1,org.thoughtcrime.securesms.blurhash.BlurHashDecoder,top_level,2,55,0,0,1,1,0,1,0,1,0,1,0,1,0,1,0,1
Signal-Android,2021-1,org.thoughtcrime.securesms.blurhash.BlurHashEncoder,top_level,6,74,0,1,1,2,0,1,0,1,0,1,0,1,0,1,0,1
Signal-Android,2021-1,org.thoughtcrime.securesms.blurhash.BlurHashModelLoader,top_level,1,34,0,1,0,,,0,,0,,0,,0,,0,,0
Signal-Android,2021-1,org.thoughtcrime.securesms.blurhash.BlurHashResourceDecoder,top_level,0,16,0,0,0,,,0,,0,,0,,0,,0,,0
Signal-Android,2021-1,org.thoughtcrime.securesms.blurhash.BlurHashUtil,top_level,10,24,0,1,0,,,0,,0,,0,,0,,0,,0
Signal-Android,2021-1,org.thoughtcrime.securesms.color.MaterialColor,top_level,0,89,0,0,1,10,0,1,0,1,0,1,0,1,10,1,0,1
Signal-Android,2021-1,org.thoughtcrime.securesms.color.MaterialColors,top_level,0,35,0,0,0,,,0,,0,,0,,0,,0,,0
Signal-Android,2021-1,org.thoughtcrime.securesms.components.AccessibleToggleButton,top_level,3,20,0,1,0,,,0,,0,,0,,0,,0,,0
Signal-Android,2021-1,org.thoughtcrime.securesms.components.AlbumThumbnailView,top_level,10,85,0,4,1,10,0,1,0,1,0,1,0,1,10,1,0,1
Signal-Android,2021-1,org.thoughtcrime.securesms.components.AlertView,top_level,3,36,0,3,1,7,0,1,0,1,0,1,0,1,7,1,0,1
Signal-Android,2021-1,org.thoughtcrime.securesms.components.AnimatingToggle,top_level,0,34,0,0,0,,,0,,0,,0,,0,,0,,0
Signal-Android,2021-1,org.thoughtcrime.securesms.components.ArcProgressBar,top_level,2,69,0,1,1,2,0,1,0,1,0,1,0,1,2,1,0,1
Signal-Android,2021-1,org.thoughtcrime.securesms.components.AudioView,top_level,31,278,0,15,1,23,0,1,0,1,0,1,0,1,9,1,1,1
Signal-Android,2021-1,org.thoughtcrime.securesms.components.AvatarImageView,top_level,0,144,0,0,1,27,0,1,0,1,0,1,0,1,26,1,0,1
Signal-Android,2021-1,org.thoughtcrime.securesms.components.BorderlessImageView,top_level,3,35,0,3,1,3,0,1,0,1,0,1,0,1,3,1,0,1
Signal-Android,2021-1,org.thoughtcrime.securesms.components.BubbleDrawableBuilder,top_level,10,43,0,6,1,2,0,1,0,1,0,1,0,1,2,1,0,1
Signal-Android,2021-1,org.thoughtcrime.securesms.components.CircleColorImageView,top_level,0,15,0,0,0,,,0,,0,,0,,0,,0,,0
Signal-Android,2021-1,org.thoughtcrime.securesms.components.ComposeText,top_level,15,220,0,7,1,20,0,1,0,1,0,1,0,1,15,1,1,1
Signal-Android,2021-1,org.thoughtcrime.securesms.components.ContactFilterToolbar,top_level,6,109,0,5,1,13,0,1,0,1,0,1,0,1,8,1,0,1
Signal-Android,2021-1,org.thoughtcrime.securesms.components.ControllableTabLayout,top_level,4,15,0,1,0,,,0,,0,,0,,0,,0,,0
Signal-Android,2021-1,org.thoughtcrime.securesms.components.ControllableViewPager,top_level,0,11,0,0,0,,,0,,0,,0,,0,,0,,0
Signal-Android,2021-1,org.thoughtcrime.securesms.components.ConversationItemFooter,top_level,12,180,0,9,1,30,0,1,0,1,0,1,0,1,25,1,1,1
Signal-Android,2021-1,org.thoughtcrime.securesms.components.ConversationItemThumbnail,top_level,9,93,0,7,1,10,0,1,0,1,0,1,0,1,10,1,0,1
Signal-Android,2021-1,org.thoughtcrime.securesms.components.ConversationScrollToView,top_level,2,25,0,1,0,,,0,,0,,0,,0,,0,,0
Signal-Android,2021-1,org.thoughtcrime.securesms.components.ConversationSearchBottomBar,top_level,7,43,0,4,1,1,0,1,0,1,0,1,0,1,1,1,0,1
Signal-Android,2021-1,org.thoughtcrime.securesms.components.ConversationTypingView,top_level,1,24,0,1,1,3,0,1,0,1,0,1,0,1,3,1,0,1
Signal-Android,2021-1,org.thoughtcrime.securesms.components.CornerMask,top_level,6,38,0,6,0,,,0,,0,,0,,0,,0,,0
Signal-Android,2021-1,org.thoughtcrime.securesms.components.CustomDefaultPreference,top_level,2,139,0,2,1,12,0,1,0,1,0,1,0,1,12,1,0,1
Signal-Android,2021-1,org.thoughtcrime.securesms.components.DarkSearchView,top_level,0,9,0,0,0,,,0,,0,,0,,0,,0,,0
Signal-Android,2021-1,org.thoughtcrime.securesms.components.DeliveryStatusView,top_level,6,63,0,6,0,,,0,,0,,0,,0,,0,,0
Signal-Android,2021-1,org.thoughtcrime.securesms.components.DocumentView,top_level,3,92,0,3,1,7,0,1,0,1,0,1,0,1,6,1,0,1
Signal-Android,2021-1,org.thoughtcrime.securesms.components.ExpirationTimerView,top_level,8,67,0,6,1,3,0,1,0,1,0,1,0,1,3,1,0,1
Signal-Android,2021-1,org.thoughtcrime.securesms.components.FromTextView,top_level,0,31,0,0,1,1,0,1,0,1,0,1,0,1,1,1,0,1
Signal-Android,2021-1,org.thoughtcrime.securesms.components.FullScreenDialogFragment,top_level,3,18,0,3,1,2,0,1,0,1,0,1,0,1,2,1,0,1
Signal-Android,2021-1,org.thoughtcrime.securesms.components.GlideBitmapListeningTarget,top_level,0,13,0,0,0,,,0,,0,,0,,0,,0,,0
Signal-Android,2021-1,org.thoughtcrime.securesms.components.GlideDrawableListeningTarget,top_level,0,13,0,0,0,,,0,,0,,0,,0,,0,,0
Signal-Android,2021-1,org.thoughtcrime.securesms.components.HidingLinearLayout,top_level,7,39,0,3,0,,,0,,0,,0,,0,,0,,0
Signal-Android,2021-1,org.thoughtcrime.securesms.components.HourglassView,top_level,2,43,0,2,0,,,0,,0,,0,,0,,0,,0
Signal-Android,2021-1,org.thoughtcrime.securesms.components.InputAwareLayout,top_level,5,51,0,4,1,2,0,1,0,1,0,1,0,1,2,1,0,1
Signal-Android,2021-1,org.thoughtcrime.securesms.components.InputPanel,top_level,37,325,0,22,1,25,0,1,0,1,0,1,0,1,20,1,1,1
Signal-Android,2021-1,org.thoughtcrime.securesms.components.KeyboardAwareLinearLayout,top_level,38,145,0,22,1,20,0,1,0,1,0,1,0,1,18,1,0,1
Signal-Android,2021-1,org.thoughtcrime.securesms.components.LabeledEditText,top_level,1,46,0,1,1,8,0,1,0,1,0,1,0,1,6,1,0,1
Signal-Android,2021-1,org.thoughtcrime.securesms.components.LinkPreviewView,top_level,3,126,0,3,1,14,0,1,0,1,0,1,0,1,9,1,0,1
Signal-Android,2021-1,org.thoughtcrime.securesms.components.ListenableHorizontalScrollView,top_level,3,15,0,2,0,,,0,,0,,0,,0,,0,,0
Signal-Android,2021-1,org.thoughtcrime.securesms.components.MaskView,top_level,3,46,0,3,1,2,0,1,0,1,0,1,0,1,2,1,0,1
Signal-Android,2021-1,org.thoughtcrime.securesms.components.MaxHeightFrameLayout,top_level,1,17,0,1,0,,,0,,0,,0,,0,,0,,0
Signal-Android,2021-1,org.thoughtcrime.securesms.components.MaxHeightScrollView,top_level,2,18,0,1,1,4,0,1,0,1,0,1,0,1,4,1,0,1
Signal-Android,2021-1,org.thoughtcrime.securesms.components.MicrophoneRecorderView,top_level,13,165,0,7,1,8,0,1,0,1,0,1,0,1,2,1,0,1
Signal-Android,2021-1,org.thoughtcrime.securesms.components.OutlinedThumbnailView,top_level,1,29,0,1,1,3,0,1,0,1,0,1,0,1,3,1,0,1
Signal-Android,2021-1,org.thoughtcrime.securesms.components.Outliner,top_level,5,32,0,5,0,,,0,,0,,0,,0,,0,,0
Signal-Android,2021-1,org.thoughtcrime.securesms.components.PushRecipientsPanel,top_level,5,75,0,5,1,9,0,1,0,1,0,1,0,1,9,1,0,1
Signal-Android,2021-1,org.thoughtcrime.securesms.components.QuoteView,top_level,10,183,0,5,1,62,0,1,0,1,0,1,0,1,58,1,0,1
Signal-Android,2021-1,org.thoughtcrime.securesms.components.RatingManager,top_level,0,40,0,0,1,3,0,1,0,1,0,1,0,1,2,1,0,1
Signal-Android,2021-1,org.thoughtcrime.securesms.components.RecentPhotoViewRail,top_level,2,82,0,1,1,9,0,1,0,1,0,1,0,1,9,1,0,1
Signal-Android,2021-1,org.thoughtcrime.securesms.components.RecyclerViewFastScroller,top_level,12,124,0,6,1,5,0,1,0,1,0,1,0,1,4,1,0,1
Signal-Android,2021-1,org.thoughtcrime.securesms.components.RemovableEditableMediaView,top_level,1,40,0,1,1,1,0,1,0,1,0,1,0,1,0,1,0,1
Signal-Android,2021-1,org.thoughtcrime.securesms.components.RepeatableImageKey,top_level,4,45,0,3,0,,,0,,0,,0,,0,,0,,0
Signal-Android,2021-1,org.thoughtcrime.securesms.components.SearchToolbar,top_level,12,84,0,6,1,15,0,1,0,1,0,1,0,1,15,1,0,1
Signal-Android,2021-1,org.thoughtcrime.securesms.components.SearchView,top_level,0,7,0,0,0,,,0,,0,,0,,0,,0,,0
Signal-Android,2021-1,org.thoughtcrime.securesms.components.SendButton,top_level,2,61,0,2,1,3,0,1,0,1,0,1,0,1,3,1,0,1
Signal-Android,2021-1,org.thoughtcrime.securesms.components.ShapeScrim,top_level,3,56,0,1,0,,,0,,0,,0,,0,,0,,0
Signal-Android,2021-1,org.thoughtcrime.securesms.components.SharedContactView,top_level,4,134,0,4,1,22,0,1,0,1,0,1,0,1,16,1,0,1
Signal-Android,2021-1,org.thoughtcrime.securesms.components.SquareFrameLayout,top_level,2,21,0,1,0,,,0,,0,,0,,0,,0,,0
Signal-Android,2021-1,org.thoughtcrime.securesms.components.SquareImageView,top_level,1,10,0,1,0,,,0,,0,,0,,0,,0,,0
Signal-Android,2021-1,org.thoughtcrime.securesms.components.SquareLinearLayout,top_level,1,16,0,1,0,,,0,,0,,0,,0,,0,,0
Signal-Android,2021-1,org.thoughtcrime.securesms.components.SwitchPreferenceCompat,top_level,4,24,0,2,0,,,0,,0,,0,,0,,0,,0
Signal-Android,2021-1,org.thoughtcrime.securesms.components.ThreadPhotoRailView,top_level,2,56,0,1,1,4,0,1,0,1,0,1,0,1,4,1,0,1
Signal-Android,2021-1,org.thoughtcrime.securesms.components.ThumbnailView,top_level,36,305,0,13,1,30,0,1,0,1,0,1,0,1,17,1,1,1
Signal-Android,2021-1,org.thoughtcrime.securesms.components.TooltipPopup,top_level,7,140,0,1,1,15,0,1,0,1,0,1,0,1,14,1,0,1
Signal-Android,2021-1,org.thoughtcrime.securesms.components.TransferControlView,top_level,12,139,0,8,1,9,0,1,0,1,0,1,0,1,9,1,0,1
Signal-Android,2021-1,org.thoughtcrime.securesms.components.TypingIndicatorView,top_level,2,72,0,2,1,7,0,1,0,1,0,1,0,1,7,1,0,1
Signal-Android,2021-1,org.thoughtcrime.securesms.components.TypingStatusRepository,top_level,3,104,0,2,1,2,0,1,0,1,0,1,0,1,2,1,0,1
Signal-Android,2021-1,org.thoughtcrime.securesms.components.TypingStatusSender,top_level,10,59,0,5,1,2,1,1,0,1,0,1,0,1,0,1,0,1
Signal-Android,2021-1,org.thoughtcrime.securesms.components.WaveFormSeekBarView,top_level,9,89,0,4,1,2,0,1,0,1,0,1,0,1,2,1,0,1
Signal-Android,2021-1,org.thoughtcrime.securesms.components.ZoomingImageView,top_level,1,71,0,1,0,,,0,,0,,0,,0,,0,,0
Signal-Android,2021-1,org.thoughtcrime.securesms.components.camera.CameraSurfaceView,top_level,1,17,0,1,0,,,0,,0,,0,,0,,0,,0
Signal-Android,2021-1,org.thoughtcrime.securesms.components.camera.CameraUtils,top_level,0,58,0,0,1,6,0,1,0,1,0,1,0,1,4,1,0,1
Signal-Android,2021-1,org.thoughtcrime.securesms.components.camera.CameraView,top_level,33,374,0,15,1,40,1,1,0,1,0,1,0,1,30,1,1,1
Signal-Android,2021-1,org.thoughtcrime.securesms.components.emoji.AnimatingImageSpan,top_level,0,4,0,0,0,,,0,,0,,0,,0,,0,,0
Signal-Android,2021-1,org.thoughtcrime.securesms.components.emoji.AsciiEmojiView,top_level,1,27,0,1,0,,,0,,0,,0,,0,,0,,0
Signal-Android,2021-1,org.thoughtcrime.securesms.components.emoji.CompositeEmojiPageModel,top_level,3,29,0,3,0,,,0,,0,,0,,0,,0,,0
Signal-Android,2021-1,org.thoughtcrime.securesms.components.emoji.Emoji,top_level,0,8,0,0,0,,,0,,0,,0,,0,,0,,0
Signal-Android,2021-1,org.thoughtcrime.securesms.components.emoji.EmojiEditText,top_level,0,28,0,0,1,1,0,1,0,1,0,1,0,1,1,1,0,1
Signal-Android,2021-1,org.thoughtcrime.securesms.components.emoji.EmojiFilter,top_level,0,12,0,0,1,1,0,1,0,1,0,1,0,1,0,1,0,1
Signal-Android,2021-1,org.thoughtcrime.securesms.components.emoji.EmojiImageView,top_level,0,7,0,0,1,1,0,1,0,1,0,1,0,1,1,1,0,1
Signal-Android,2021-1,org.thoughtcrime.securesms.components.emoji.EmojiKeyboardProvider,top_level,7,100,0,4,1,7,0,1,0,1,0,1,0,1,3,1,0,1
Signal-Android,2021-1,org.thoughtcrime.securesms.components.emoji.EmojiPageModel,top_level,6,7,0,3,0,,,0,,0,,0,,0,,0,,0
Signal-Android,2021-1,org.thoughtcrime.securesms.components.emoji.EmojiPageView,top_level,8,59,0,4,1,8,0,1,0,1,0,1,0,1,2,1,0,1
Signal-Android,2021-1,org.thoughtcrime.securesms.components.emoji.EmojiPageViewGridAdapter,top_level,6,71,0,3,1,15,0,1,0,1,0,1,0,1,15,1,0,1
Signal-Android,2021-1,org.thoughtcrime.securesms.components.emoji.EmojiPages,top_level,0,276,0,0,0,,,0,,0,,0,,0,,0,,0
Signal-Android,2021-1,org.thoughtcrime.securesms.components.emoji.EmojiProvider,top_level,0,99,0,0,1,2,0,1,0,1,0,1,0,1,0,1,0,1
Signal-Android,2021-1,org.thoughtcrime.securesms.components.emoji.EmojiSpan,top_level,0,27,0,0,1,1,0,1,0,1,0,1,0,1,0,1,0,1
Signal-Android,2021-1,org.thoughtcrime.securesms.components.emoji.EmojiStrings,top_level,0,8,0,0,0,,,0,,0,,0,,0,,0,,0
Signal-Android,2021-1,org.thoughtcrime.securesms.components.emoji.EmojiTextView,top_level,20,143,0,7,1,24,0,1,0,1,0,1,0,1,17,1,0,1
Signal-Android,2021-1,org.thoughtcrime.securesms.components.emoji.EmojiToggle,top_level,9,41,0,7,0,,,0,,0,,0,,0,,0,,0
Signal-Android,2021-1,org.thoughtcrime.securesms.components.emoji.EmojiUtil,top_level,1,29,0,1,1,2,0,1,0,1,0,1,0,1,2,1,0,1
Signal-Android,2021-1,org.thoughtcrime.securesms.components.emoji.EmojiVariationSelectorPopup,top_level,0,25,0,0,1,4,0,1,0,1,0,1,0,1,4,1,0,1
Signal-Android,2021-1,org.thoughtcrime.securesms.components.emoji.MediaKeyboard,top_level,22,180,0,12,1,13,0,1,0,1,0,1,0,1,12,1,0,1
Signal-Android,2021-1,org.thoughtcrime.securesms.components.emoji.MediaKeyboardBottomTabAdapter,top_level,4,55,0,4,1,1,0,1,0,1,0,1,0,1,1,1,0,1
Signal-Android,2021-1,org.thoughtcrime.securesms.components.emoji.MediaKeyboardProvider,top_level,4,28,0,4,0,,,0,,0,,0,,0,,0,,0
Signal-Android,2021-1,org.thoughtcrime.securesms.components.emoji.RecentEmojiPageModel,top_level,3,57,0,3,1,5,0,1,0,1,0,1,0,1,5,1,0,1
Signal-Android,2021-1,org.thoughtcrime.securesms.components.emoji.StaticEmojiPageModel,top_level,3,35,0,3,0,,,0,,0,,0,,0,,0,,0
Signal-Android,2021-1,org.thoughtcrime.securesms.components.emoji.WarningTextView,top_level,3,21,0,1,0,,,0,,0,,0,,0,,0,,0
Signal-Android,2021-1,org.thoughtcrime.securesms.components.emoji.parsing.EmojiDrawInfo,top_level,1,16,0,1,0,,,0,,0,,0,,0,,0,,0
Signal-Android,2021-1,org.thoughtcrime.securesms.components.emoji.parsing.EmojiPageBitmap,top_level,0,58,0,0,1,4,0,1,0,1,0,1,0,1,4,1,0,1
Signal-Android,2021-1,org.thoughtcrime.securesms.components.emoji.parsing.EmojiParser,top_level,0,56,0,0,1,3,0,1,0,1,0,1,0,1,2,1,0,1
Signal-Android,2021-1,org.thoughtcrime.securesms.components.emoji.parsing.EmojiTree,top_level,0,56,0,0,1,11,0,1,0,1,0,1,0,1,10,1,0,1
Signal-Android,2021-1,org.thoughtcrime.securesms.components.emoji.parsing.Fitzpatrick,top_level,0,22,0,0,1,3,0,1,0,1,0,1,0,1,3,1,0,1
Signal-Android,2021-1,org.thoughtcrime.securesms.components.identity.UntrustedSendDialog,top_level,0,26,0,0,0,,,0,,0,,0,,0,,0,,0
Signal-Android,2021-1,org.thoughtcrime.securesms.components.identity.UnverifiedBannerView,top_level,2,48,0,2,1,1,0,1,0,1,0,1,0,1,1,1,0,1
Signal-Android,2021-1,org.thoughtcrime.securesms.components.identity.UnverifiedSendDialog,top_level,0,33,0,0,0,,,0,,0,,0,,0,,0,,0
Signal-Android,2021-1,org.thoughtcrime.securesms.components.location.SignalMapView,top_level,0,50,0,0,1,2,0,1,0,1,0,1,0,1,2,1,0,1
Signal-Android,2021-1,org.thoughtcrime.securesms.components.location.SignalPlace,top_level,1,42,0,1,1,4,0,1,0,1,0,1,0,1,4,1,0,1
Signal-Android,2021-1,org.thoughtcrime.securesms.components.mention.MentionAnnotation,top_level,1,29,0,1,1,4,0,1,0,1,0,1,0,1,4,1,0,1
Signal-Android,2021-1,org.thoughtcrime.securesms.components.mention.MentionDeleter,top_level,0,21,0,0,1,2,0,1,0,1,0,1,0,1,2,1,0,1
Signal-Android,2021-1,org.thoughtcrime.securesms.components.mention.MentionRenderer,top_level,1,76,0,1,0,,,0,,0,,0,,0,,0,,0
Signal-Android,2021-1,org.thoughtcrime.securesms.components.mention.MentionRendererDelegate,top_level,1,39,0,1,1,1,0,1,0,1,0,1,0,1,1,1,0,1
Signal-Android,2021-1,org.thoughtcrime.securesms.components.mention.MentionValidatorWatcher,top_level,1,24,0,1,1,1,0,1,0,1,0,1,0,1,1,1,0,1
Signal-Android,2021-1,org.thoughtcrime.securesms.components.qr.QrView,top_level,0,37,0,0,1,5,0,1,0,1,0,1,0,1,5,1,0,1
Signal-Android,2021-1,org.thoughtcrime.securesms.components.recyclerview.DeleteItemAnimator,top_level,1,11,0,1,0,,,0,,0,,0,,0,,0,,0
Signal-Android,2021-1,org.thoughtcrime.securesms.components.recyclerview.SmoothScrollingLinearLayoutManager,top_level,0,14,0,0,0,,,0,,0,,0,,0,,0,,0
Signal-Android,2021-1,org.thoughtcrime.securesms.components.registration.CallMeCountDownView,top_level,7,36,0,4,1,2,0,1,0,1,0,1,0,1,2,1,0,1
Signal-Android,2021-1,org.thoughtcrime.securesms.components.registration.PulsingFloatingActionButton,top_level,5,26,0,3,1,2,0,1,0,1,0,1,0,1,2,1,0,1
Signal-Android,2021-1,org.thoughtcrime.securesms.components.registration.VerificationCodeView,top_level,9,74,0,4,1,9,0,1,0,1,0,1,0,1,9,1,0,1
Signal-Android,2021-1,org.thoughtcrime.securesms.components.registration.VerificationPinKeyboard,top_level,4,133,0,4,1,7,0,1,0,1,0,1,0,1,3,1,0,1
Signal-Android,2021-1,org.thoughtcrime.securesms.components.reminder.DefaultSmsReminder,top_level,0,22,0,0,0,,,0,,0,,0,,0,,0,,0
Signal-Android,2021-1,org.thoughtcrime.securesms.components.reminder.DozeReminder,top_level,0,22,0,0,0,,,0,,0,,0,,0,,0,,0
Signal-Android,2021-1,org.thoughtcrime.securesms.components.reminder.ExpiredBuildReminder,top_level,2,16,0,1,1,2,0,1,0,1,0,1,0,1,1,1,0,1
Signal-Android,2021-1,org.thoughtcrime.securesms.components.reminder.FirstInviteReminder,top_level,0,8,0,0,0,,,0,,0,,0,,0,,0,,0
Signal-Android,2021-1,org.thoughtcrime.securesms.components.reminder.GroupsV1MigrationInitiationReminder,top_level,1,8,0,1,0,,,0,,0,,0,,0,,0,,0
Signal-Android,2021-1,org.thoughtcrime.securesms.components.reminder.GroupsV1MigrationSuggestionsReminder,top_level,1,8,0,1,0,,,0,,0,,0,,0,,0,,0
Signal-Android,2021-1,org.thoughtcrime.securesms.components.reminder.OutdatedBuildReminder,top_level,3,18,0,1,1,2,0,1,0,1,0,1,0,1,2,1,0,1
Signal-Android,2021-1,org.thoughtcrime.securesms.components.reminder.PendingGroupJoinRequestsReminder,top_level,1,15,0,1,1,1,0,1,0,1,0,1,0,1,1,1,0,1
Signal-Android,2021-1,org.thoughtcrime.securesms.components.reminder.PushRegistrationReminder,top_level,1,10,0,1,0,,,0,,0,,0,,0,,0,,0
Signal-Android,2021-1,org.thoughtcrime.securesms.components.reminder.Reminder,top_level,4,44,0,4,1,3,1,1,0,1,0,1,0,1,0,1,0,1
Signal-Android,2021-1,org.thoughtcrime.securesms.components.reminder.ReminderActionsAdapter,top_level,3,24,0,2,1,3,0,1,0,1,0,1,0,1,3,1,0,1
Signal-Android,2021-1,org.thoughtcrime.securesms.components.reminder.ReminderView,top_level,7,93,0,6,1,10,0,1,0,1,0,1,0,1,4,1,0,1
Signal-Android,2021-1,org.thoughtcrime.securesms.components.reminder.SecondInviteReminder,top_level,1,13,0,1,0,,,0,,0,,0,,0,,0,,0
Signal-Android,2021-1,org.thoughtcrime.securesms.components.reminder.ServiceOutageReminder,top_level,1,13,0,1,0,,,0,,0,,0,,0,,0,,0
Signal-Android,2021-1,org.thoughtcrime.securesms.components.reminder.ShareReminder,top_level,0,23,0,0,1,1,0,1,0,1,0,1,0,1,1,1,0,1
Signal-Android,2021-1,org.thoughtcrime.securesms.components.reminder.SystemSmsImportReminder,top_level,0,22,0,0,0,,,0,,0,,0,,0,,0,,0
Signal-Android,2021-1,org.thoughtcrime.securesms.components.reminder.UnauthorizedReminder,top_level,1,12,0,1,0,,,0,,0,,0,,0,,0,,0
Signal-Android,2021-1,org.thoughtcrime.securesms.components.settings.BaseSettingsAdapter,top_level,0,7,0,0,0,,,0,,0,,0,,0,,0,,0
Signal-Android,2021-1,org.thoughtcrime.securesms.components.settings.BaseSettingsFragment,top_level,1,37,0,0,1,6,0,1,0,1,0,1,0,1,6,1,0,1
Signal-Android,2021-1,org.thoughtcrime.securesms.components.settings.CustomizableSingleSelectSetting,top_level,0,47,0,0,1,3,0,1,0,1,0,1,0,1,0,1,0,1
Signal-Android,2021-1,org.thoughtcrime.securesms.components.settings.SingleSelectSetting,top_level,0,35,0,0,0,,,0,,0,,0,,0,,0,,0
Signal-Android,2021-1,org.thoughtcrime.securesms.components.subsampling.AttachmentBitmapDecoder,top_level,1,16,0,1,1,1,0,1,0,1,0,1,0,1,0,1,0,1
Signal-Android,2021-1,org.thoughtcrime.securesms.components.subsampling.AttachmentRegionDecoder,top_level,3,37,0,2,1,2,0,1,0,1,0,1,0,1,1,1,0,1
Signal-Android,2021-1,org.thoughtcrime.securesms.components.viewpager.ExtendedOnPageChangedListener,top_level,6,11,0,4,0,,,0,,0,,0,,0,,0,,0
Signal-Android,2021-1,org.thoughtcrime.securesms.components.viewpager.HackyViewPager,top_level,0,13,0,0,0,,,0,,0,,0,,0,,0,,0
Signal-Android,2021-1,org.thoughtcrime.securesms.components.voice.VoiceNoteMediaController,top_level,4,124,0,2,1,36,0,1,0,1,0,1,0,1,31,1,0,1
Signal-Android,2021-1,org.thoughtcrime.securesms.components.voice.VoiceNoteMediaDescriptionCompatFactory,top_level,1,48,0,1,1,10,0,1,0,1,0,1,0,1,9,1,0,1
Signal-Android,2021-1,org.thoughtcrime.securesms.components.voice.VoiceNoteMediaSourceFactory,top_level,0,11,0,0,0,,,0,,0,,0,,0,,0,,0
Signal-Android,2021-1,org.thoughtcrime.securesms.components.voice.VoiceNoteNotificationControlDispatcher,top_level,0,16,0,0,0,,,0,,0,,0,,0,,0,,0
Signal-Android,2021-1,org.thoughtcrime.securesms.components.voice.VoiceNoteNotificationManager,top_level,1,92,0,1,1,15,0,1,0,1,0,1,0,1,14,1,0,1
Signal-Android,2021-1,org.thoughtcrime.securesms.components.voice.VoiceNotePlaybackPreparer,top_level,7,156,0,3,1,22,0,1,0,1,0,1,0,1,15,1,0,1
Signal-Android,2021-1,org.thoughtcrime.securesms.components.voice.VoiceNotePlaybackService,top_level,2,141,0,2,1,6,0,1,0,1,0,1,0,1,3,1,0,1
Signal-Android,2021-1,org.thoughtcrime.securesms.components.voice.VoiceNotePlaybackState,top_level,3,19,0,3,1,1,1,1,0,1,0,1,0,1,0,1,0,1
Signal-Android,2021-1,org.thoughtcrime.securesms.components.voice.VoiceNoteProximityManager,top_level,6,79,0,3,1,15,0,1,0,1,0,1,0,1,7,1,0,1
Signal-Android,2021-1,org.thoughtcrime.securesms.components.voice.VoiceNoteQueueDataAdapter,top_level,5,41,0,5,1,4,0,1,0,1,0,1,0,1,4,1,0,1
Signal-Android,2021-1,org.thoughtcrime.securesms.components.voice.VoiceNoteQueueNavigator,top_level,0,8,0,0,0,,,0,,0,,0,,0,,0,,0
Signal-Android,2021-1,org.thoughtcrime.securesms.components.webrtc.AudioOutputAdapter,top_level,4,47,0,3,1,1,0,1,0,1,0,1,0,1,1,1,0,1
Signal-Android,2021-1,org.thoughtcrime.securesms.components.webrtc.BroadcastVideoSink,top_level,5,51,0,3,0,,,0,,0,,0,,0,,0,,0
Signal-Android,2021-1,org.thoughtcrime.securesms.components.webrtc.CallParticipantListUpdate,top_level,3,65,0,3,1,9,0,1,0,1,0,1,0,1,9,1,0,1
Signal-Android,2021-1,org.thoughtcrime.securesms.components.webrtc.CallParticipantView,top_level,13,129,0,7,1,25,0,1,0,1,0,1,0,1,23,1,0,1
Signal-Android,2021-1,org.thoughtcrime.securesms.components.webrtc.CallParticipantsLayout,top_level,14,79,0,4,1,10,0,1,0,1,0,1,0,1,10,1,0,1
Signal-Android,2021-1,org.thoughtcrime.securesms.components.webrtc.CallParticipantsListUpdatePopupWindow,top_level,18,112,0,6,1,15,0,1,0,1,0,1,0,1,15,1,0,1
Signal-Android,2021-1,org.thoughtcrime.securesms.components.webrtc.CallParticipantsState,top_level,8,190,0,4,1,34,0,1,0,1,1,1,0,1,31,1,0,1
Signal-Android,2021-1,org.thoughtcrime.securesms.components.webrtc.GroupCallSafetyNumberChangeNotificationUtil,top_level,1,17,0,1,1,2,0,1,0,1,0,1,0,1,2,1,0,1
Signal-Android,2021-1,org.thoughtcrime.securesms.components.webrtc.OnAudioOutputChangedListener,top_level,1,2,0,0,0,,,0,,0,,0,,0,,0,,0
Signal-Android,2021-1,org.thoughtcrime.securesms.components.webrtc.PercentFrameLayout,top_level,15,66,0,7,1,6,0,1,0,1,0,1,0,1,6,1,0,1
Signal-Android,2021-1,org.thoughtcrime.securesms.components.webrtc.PictureInPictureGestureHelper,top_level,9,212,0,6,1,7,0,1,0,1,0,1,0,1,3,1,0,1
Signal-Android,2021-1,org.thoughtcrime.securesms.components.webrtc.SurfaceTextureEglRenderer,top_level,3,74,0,3,1,6,0,1,0,1,0,1,0,1,4,1,0,1
Signal-Android,2021-1,org.thoughtcrime.securesms.components.webrtc.TextureViewRenderer,top_level,32,175,0,13,1,5,0,1,0,1,0,1,0,1,2,1,1,1
Signal-Android,2021-1,org.thoughtcrime.securesms.components.webrtc.WebRtcAnswerDeclineButton,top_level,12,224,0,8,1,41,0,1,0,1,0,1,0,1,33,1,0,1
Signal-Android,2021-1,org.thoughtcrime.securesms.components.webrtc.WebRtcAudioOutput,top_level,3,13,0,3,0,,,0,,0,,0,,0,,0,,0
Signal-Android,2021-1,org.thoughtcrime.securesms.components.webrtc.WebRtcAudioOutputToggleButton,top_level,14,122,0,6,1,4,0,1,0,1,0,1,0,1,4,1,0,1
Signal-Android,2021-1,org.thoughtcrime.securesms.components.webrtc.WebRtcCallParticipantsPage,top_level,3,40,0,3,1,1,0,1,0,1,0,1,0,1,0,1,0,1
Signal-Android,2021-1,org.thoughtcrime.securesms.components.webrtc.WebRtcCallParticipantsPagerAdapter,top_level,3,69,0,2,1,5,0,1,0,1,0,1,0,1,5,1,0,1
Signal-Android,2021-1,org.thoughtcrime.securesms.components.webrtc.WebRtcCallParticipantsRecyclerAdapter,top_level,4,37,0,3,1,3,0,1,0,1,0,1,0,1,3,1,0,1
Signal-Android,2021-1,org.thoughtcrime.securesms.components.webrtc.WebRtcCallRepository,top_level,0,24,0,0,1,1,0,1,0,1,0,1,0,1,1,1,0,1
Signal-Android,2021-1,org.thoughtcrime.securesms.components.webrtc.WebRtcCallView,top_level,32,450,0,22,1,47,0,1,1,1,0,1,0,1,28,1,1,1
Signal-Android,2021-1,org.thoughtcrime.securesms.components.webrtc.WebRtcCallViewModel,top_level,14,226,1,10,1,23,0,1,0,1,1,1,0,1,15,1,1,1
Signal-Android,2021-1,org.thoughtcrime.securesms.components.webrtc.WebRtcControls,top_level,28,112,0,25,1,2,0,1,0,1,1,1,0,1,0,1,0,1
Signal-Android,2021-1,org.thoughtcrime.securesms.components.webrtc.WebRtcLocalRenderState,top_level,0,6,0,0,0,,,0,,0,,0,,0,,0,,0
Signal-Android,2021-1,org.thoughtcrime.securesms.components.webrtc.participantslist.CallParticipantViewHolder,top_level,0,12,0,0,0,,,0,,0,,0,,0,,0,,0
Signal-Android,2021-1,org.thoughtcrime.securesms.components.webrtc.participantslist.CallParticipantViewState,top_level,6,23,0,4,1,5,0,1,0,1,0,1,0,1,5,1,0,1
Signal-Android,2021-1,org.thoughtcrime.securesms.components.webrtc.participantslist.CallParticipantsListAdapter,top_level,1,4,0,1,0,,,0,,0,,0,,0,,0,,0
Signal-Android,2021-1,org.thoughtcrime.securesms.components.webrtc.participantslist.CallParticipantsListDialog,top_level,1,42,0,1,1,4,0,1,0,1,0,1,0,1,4,1,0,1
Signal-Android,2021-1,org.thoughtcrime.securesms.components.webrtc.participantslist.CallParticipantsListHeader,top_level,3,12,0,3,1,2,0,1,0,1,0,1,0,1,1,1,0,1
Signal-Android,2021-1,org.thoughtcrime.securesms.components.webrtc.participantslist.CallParticipantsListHeaderViewHolder,top_level,0,8,0,0,0,,,0,,0,,0,,0,,0,,0
Signal-Android,2021-1,org.thoughtcrime.securesms.contacts.ArrayListCursor,top_level,9,94,0,9,1,13,0,1,0,1,0,1,0,1,7,1,0,1
Signal-Android,2021-1,org.thoughtcrime.securesms.contacts.ContactAccessor,top_level,1,194,0,0,1,18,0,1,0,1,0,1,0,1,18,1,0,1
Signal-Android,2021-1,org.thoughtcrime.securesms.contacts.ContactChip,top_level,0,62,0,0,1,1,0,1,0,1,0,1,0,1,0,1,0,1
Signal-Android,2021-1,org.thoughtcrime.securesms.contacts.ContactIdentityManager,top_level,1,9,0,1,0,,,0,,0,,0,,0,,0,,0
Signal-Android,2021-1,org.thoughtcrime.securesms.contacts.ContactIdentityManagerICS,top_level,1,41,0,1,1,2,0,1,0,1,0,1,0,1,2,1,0,1
Signal-Android,2021-1,org.thoughtcrime.securesms.contacts.ContactRepository,top_level,0,102,0,0,1,22,0,1,0,1,0,1,0,1,21,1,0,1
Signal-Android,2021-1,org.thoughtcrime.securesms.contacts.ContactSelectionListAdapter,top_level,10,186,0,7,1,15,0,1,0,1,0,1,0,1,15,1,0,1
Signal-Android,2021-1,org.thoughtcrime.securesms.contacts.ContactSelectionListItem,top_level,4,111,0,4,1,5,0,1,0,1,0,1,0,1,3,1,0,1
Signal-Android,2021-1,org.thoughtcrime.securesms.contacts.ContactsCursorLoader,top_level,9,249,0,0,1,33,0,1,0,1,0,1,0,1,32,1,0,1
Signal-Android,2021-1,org.thoughtcrime.securesms.contacts.ContactsDatabase,top_level,0,325,0,0,1,100,0,1,0,1,0,1,0,1,94,1,0,1
Signal-Android,2021-1,org.thoughtcrime.securesms.contacts.ContactsSyncAdapter,top_level,1,19,0,1,0,,,0,,0,,0,,0,,0,,0
Signal-Android,2021-1,org.thoughtcrime.securesms.contacts.NameAndNumber,top_level,1,7,0,1,0,,,0,,0,,0,,0,,0,,0
Signal-Android,2021-1,org.thoughtcrime.securesms.contacts.RecipientsAdapter,top_level,0,72,0,0,1,10,0,1,0,1,0,1,0,1,7,1,0,1
Signal-Android,2021-1,org.thoughtcrime.securesms.contacts.RecipientsEditor,top_level,8,178,0,4,1,12,0,1,0,1,0,1,0,1,10,1,0,1
Signal-Android,2021-1,org.thoughtcrime.securesms.contacts.SelectedContact,top_level,4,25,0,1,1,1,0,1,0,1,0,1,0,1,1,1,0,1
Signal-Android,2021-1,org.thoughtcrime.securesms.contacts.SelectedContactSet,top_level,2,27,0,2,1,1,0,1,0,1,0,1,0,1,1,1,0,1
Signal-Android,2021-1,org.thoughtcrime.securesms.contacts.TurnOffContactJoinedNotificationsActivity,top_level,1,31,0,1,0,,,0,,0,,0,,0,,0,,0
Signal-Android,2021-1,org.thoughtcrime.securesms.contacts.avatars.ContactColors,top_level,0,18,0,0,1,1,0,1,0,1,0,1,0,1,0,1,0,1
Signal-Android,2021-1,org.thoughtcrime.securesms.contacts.avatars.ContactColorsLegacy,top_level,0,43,0,0,1,1,0,1,0,1,0,1,0,1,0,1,0,1
Signal-Android,2021-1,org.thoughtcrime.securesms.contacts.avatars.ContactPhoto,top_level,3,4,0,1,0,,,0,,0,,0,,0,,0,,0
Signal-Android,2021-1,org.thoughtcrime.securesms.contacts.avatars.FallbackContactPhoto,top_level,4,5,0,0,0,,,0,,0,,0,,0,,0,,0
Signal-Android,2021-1,org.thoughtcrime.securesms.contacts.avatars.FallbackPhoto20dp,top_level,1,25,0,1,1,1,0,1,0,1,0,1,0,1,1,1,0,1
Signal-Android,2021-1,org.thoughtcrime.securesms.contacts.avatars.FallbackPhoto80dp,top_level,1,27,0,1,1,1,0,1,0,1,0,1,0,1,1,1,0,1
Signal-Android,2021-1,org.thoughtcrime.securesms.contacts.avatars.GeneratedContactPhoto,top_level,1,59,0,1,1,11,0,1,0,1,0,1,0,1,11,1,0,1
Signal-Android,2021-1,org.thoughtcrime.securesms.contacts.avatars.GroupRecordContactPhoto,top_level,2,31,0,2,1,6,0,1,0,1,0,1,0,1,6,1,0,1
Signal-Android,2021-1,org.thoughtcrime.securesms.contacts.avatars.ProfileContactPhoto,top_level,4,35,0,3,1,3,0,1,0,1,0,1,0,1,3,1,0,1
Signal-Android,2021-1,org.thoughtcrime.securesms.contacts.avatars.ResourceContactPhoto,top_level,3,44,0,3,1,2,0,1,0,1,0,1,0,1,2,1,0,1
Signal-Android,2021-1,org.thoughtcrime.securesms.contacts.avatars.SystemContactPhoto,top_level,2,30,0,2,1,4,0,1,0,1,0,1,0,1,3,1,0,1
Signal-Android,2021-1,org.thoughtcrime.securesms.contacts.avatars.TransparentContactPhoto,top_level,1,14,0,1,1,1,0,1,0,1,0,1,0,1,1,1,0,1
Signal-Android,2021-1,org.thoughtcrime.securesms.contacts.sync.ContactDiscoveryV2,top_level,0,46,0,0,1,10,0,1,0,1,0,1,0,1,8,1,0,1
Signal-Android,2021-1,org.thoughtcrime.securesms.contacts.sync.DirectoryHelper,top_level,0,295,0,0,1,96,0,1,0,1,0,1,0,1,86,1,1,1
Signal-Android,2021-1,org.thoughtcrime.securesms.contacts.sync.FuzzyPhoneNumberHelper,top_level,0,84,0,0,1,3,0,1,0,1,0,1,0,1,2,1,0,1
Signal-Android,2021-1,org.thoughtcrime.securesms.contactshare.Contact,top_level,4,407,0,4,1,5,3,1,0,1,0,1,0,1,0,1,0,1
Signal-Android,2021-1,org.thoughtcrime.securesms.contactshare.ContactFieldAdapter,top_level,3,150,0,3,1,11,0,1,0,1,0,1,0,1,11,1,0,1
Signal-Android,2021-1,org.thoughtcrime.securesms.contactshare.ContactModelMapper,top_level,0,109,0,0,1,46,0,1,0,1,0,1,0,1,45,1,0,1
Signal-Android,2021-1,org.thoughtcrime.securesms.contactshare.ContactNameEditActivity,top_level,3,83,0,3,1,10,0,1,0,1,0,1,0,1,10,1,0,1
Signal-Android,2021-1,org.thoughtcrime.securesms.contactshare.ContactNameEditViewModel,top_level,1,50,0,1,0,,,0,,0,,0,,0,,0,,0
Signal-Android,2021-1,org.thoughtcrime.securesms.contactshare.ContactShareEditActivity,top_level,2,70,0,2,1,8,0,1,0,1,0,1,0,1,8,1,0,1
Signal-Android,2021-1,org.thoughtcrime.securesms.contactshare.ContactShareEditAdapter,top_level,2,46,0,2,1,1,0,1,0,1,0,1,0,1,1,1,0,1
Signal-Android,2021-1,org.thoughtcrime.securesms.contactshare.ContactShareEditViewModel,top_level,0,61,0,0,1,11,0,1,0,1,0,1,0,1,10,1,0,1
Signal-Android,2021-1,org.thoughtcrime.securesms.contactshare.ContactUtil,top_level,0,119,0,0,1,62,0,1,0,1,0,1,0,1,54,1,0,1
Signal-Android,2021-1,org.thoughtcrime.securesms.contactshare.Selectable,top_level,2,3,0,2,0,,,0,,0,,0,,0,,0,,0
Signal-Android,2021-1,org.thoughtcrime.securesms.contactshare.SharedContactDetailsActivity,top_level,5,141,0,5,1,13,0,1,0,1,0,1,0,1,12,1,0,1
Signal-Android,2021-1,org.thoughtcrime.securesms.contactshare.SharedContactRepository,top_level,2,149,0,1,1,8,0,1,0,1,0,1,0,1,7,1,0,1
Signal-Android,2021-1,org.thoughtcrime.securesms.contactshare.SimpleTextWatcher,top_level,0,9,0,0,0,,,0,,0,,0,,0,,0,,0
Signal-Android,2021-1,org.thoughtcrime.securesms.contactshare.VCardUtil,top_level,1,96,0,1,1,37,0,1,0,1,0,1,0,1,29,1,1,1
Signal-Android,2021-1,org.thoughtcrime.securesms.conversation.AttachmentKeyboard,top_level,4,68,0,4,1,3,0,1,0,1,0,1,0,1,1,1,0,1
Signal-Android,2021-1,org.thoughtcrime.securesms.conversation.AttachmentKeyboardButton,top_level,3,15,0,3,0,,,0,,0,,0,,0,,0,,0
Signal-Android,2021-1,org.thoughtcrime.securesms.conversation.AttachmentKeyboardButtonAdapter,top_level,5,42,0,5,1,2,0,1,0,1,0,1,0,1,2,1,0,1
Signal-Android,2021-1,org.thoughtcrime.securesms.conversation.AttachmentKeyboardMediaAdapter,top_level,4,68,0,4,1,6,0,1,0,1,0,1,0,1,6,1,0,1
Signal-Android,2021-1,org.thoughtcrime.securesms.conversation.BubbleConversationActivity,top_level,0,1,0,0,0,,,0,,0,,0,,0,,0,,0
Signal-Android,2021-1,org.thoughtcrime.securesms.conversation.ConversationActivity,top_level,242,2362,0,97,1,444,0,1,2,1,1,1,0,1,390,1,1,1
Signal-Android,2021-1,org.thoughtcrime.securesms.conversation.ConversationAdapter,top_level,57,323,0,17,1,38,0,1,0,1,0,1,0,1,29,1,1,1
Signal-Android,2021-1,org.thoughtcrime.securesms.conversation.ConversationBannerView,top_level,3,42,0,3,0,,,0,,0,,0,,0,,0,,0
Signal-Android,2021-1,org.thoughtcrime.securesms.conversation.ConversationData,top_level,11,45,0,11,0,,,0,,0,,0,,0,,0,,0
Signal-Android,2021-1,org.thoughtcrime.securesms.conversation.ConversationDataSource,top_level,1,44,0,1,1,5,0,1,0,1,0,1,0,1,4,1,0,1
Signal-Android,2021-1,org.thoughtcrime.securesms.conversation.ConversationFragment,top_level,65,1006,0,21,1,196,0,1,0,1,0,1,0,1,172,1,2,1
Signal-Android,2021-1,org.thoughtcrime.securesms.conversation.ConversationGroupViewModel,top_level,4,149,0,1,1,15,0,1,0,1,0,1,0,1,14,1,0,1
Signal-Android,2021-1,org.thoughtcrime.securesms.conversation.ConversationIntents,top_level,1,161,0,1,1,7,1,1,0,1,0,1,0,1,4,1,0,1
Signal-Android,2021-1,org.thoughtcrime.securesms.conversation.ConversationItem,top_level,32,1020,0,11,1,250,0,1,1,1,1,1,0,1,211,1,0,1
Signal-Android,2021-1,org.thoughtcrime.securesms.conversation.ConversationItemBodyBubble,top_level,4,28,0,2,0,,,0,,0,,0,,0,,0,,0
Signal-Android,2021-1,org.thoughtcrime.securesms.conversation.ConversationItemSwipeCallback,top_level,5,121,0,3,1,7,0,1,0,1,0,1,0,1,6,1,0,1
Signal-Android,2021-1,org.thoughtcrime.securesms.conversation.ConversationItemTouchListener,top_level,1,11,0,1,0,,,0,,0,,0,,0,,0,,0
Signal-Android,2021-1,org.thoughtcrime.securesms.conversation.ConversationMessage,top_level,1,58,0,1,1,7,0,1,0,1,0,1,0,1,6,1,0,1
Signal-Android,2021-1,org.thoughtcrime.securesms.conversation.ConversationPopupActivity,top_level,8,67,0,6,1,16,0,1,0,1,0,1,0,1,16,1,0,1
Signal-Android,2021-1,org.thoughtcrime.securesms.conversation.ConversationReactionOverlay,top_level,24,424,0,13,1,110,0,1,0,1,0,1,0,1,92,1,1,1
Signal-Android,2021-1,org.thoughtcrime.securesms.conversation.ConversationRepository,top_level,3,35,0,2,1,5,0,1,0,1,0,1,0,1,5,1,0,1
Signal-Android,2021-1,org.thoughtcrime.securesms.conversation.ConversationSearchViewModel,top_level,8,67,0,5,1,5,0,1,0,1,0,1,0,1,5,1,0,1
Signal-Android,2021-1,org.thoughtcrime.securesms.conversation.ConversationStickerSuggestionAdapter,top_level,3,40,0,3,1,1,0,1,0,1,0,1,0,1,1,1,0,1
Signal-Android,2021-1,org.thoughtcrime.securesms.conversation.ConversationStickerViewModel,top_level,1,41,0,1,1,1,0,1,0,1,0,1,0,1,1,1,0,1
Signal-Android,2021-1,org.thoughtcrime.securesms.conversation.ConversationSwipeAnimationHelper,top_level,2,85,0,1,1,5,0,1,0,1,0,1,0,1,5,1,0,1
Signal-Android,2021-1,org.thoughtcrime.securesms.conversation.ConversationTitleView,top_level,12,83,0,7,1,5,0,1,0,1,0,1,0,1,4,1,0,1
Signal-Android,2021-1,org.thoughtcrime.securesms.conversation.ConversationUpdateItem,top_level,2,162,0,2,1,22,0,1,0,1,1,1,0,1,14,1,0,1
Signal-Android,2021-1,org.thoughtcrime.securesms.conversation.ConversationViewModel,top_level,15,102,0,9,1,3,0,1,0,1,0,1,0,1,3,1,0,1
Signal-Android,2021-1,org.thoughtcrime.securesms.conversation.LastSeenHeader,top_level,0,28,0,0,1,12,0,1,0,1,0,1,0,1,12,1,0,1
Signal-Android,2021-1,org.thoughtcrime.securesms.conversation.MarkReadHelper,top_level,2,24,0,1,0,,,0,,0,,0,,0,,0,,0
Signal-Android,2021-1,org.thoughtcrime.securesms.conversation.MenuState,top_level,7,113,0,7,1,16,0,1,0,1,0,1,0,1,15,1,0,1
Signal-Android,2021-1,org.thoughtcrime.securesms.conversation.MessageCountsViewModel,top_level,6,41,0,4,1,1,0,1,0,1,0,1,0,1,1,1,0,1
Signal-Android,2021-1,org.thoughtcrime.securesms.conversation.ui.error.ChangedRecipient,top_level,2,14,0,2,0,,,0,,0,,0,,0,,0,,0
Signal-Android,2021-1,org.thoughtcrime.securesms.conversation.ui.error.SafetyNumberChangeAdapter,top_level,2,41,0,2,1,5,0,1,0,1,0,1,0,1,5,1,0,1
Signal-Android,2021-1,org.thoughtcrime.securesms.conversation.ui.error.SafetyNumberChangeDialog,top_level,2,140,0,2,1,31,0,1,0,1,0,1,0,1,30,1,0,1
Signal-Android,2021-1,org.thoughtcrime.securesms.conversation.ui.error.SafetyNumberChangeRepository,top_level,0,86,0,0,1,18,0,1,0,1,0,1,0,1,18,1,0,1
Signal-Android,2021-1,org.thoughtcrime.securesms.conversation.ui.error.SafetyNumberChangeViewModel,top_level,0,33,0,0,1,1,0,1,0,1,0,1,0,1,1,1,0,1
Signal-Android,2021-1,org.thoughtcrime.securesms.conversation.ui.error.TrustAndVerifyResult,top_level,1,22,0,1,0,,,0,,0,,0,,0,,0,,0
Signal-Android,2021-1,org.thoughtcrime.securesms.conversation.ui.groupcall.GroupCallViewModel,top_level,1,44,0,1,1,1,0,1,0,1,0,1,0,1,1,1,0,1
Signal-Android,2021-1,org.thoughtcrime.securesms.conversation.ui.mentions.MentionViewState,top_level,0,7,0,0,0,,,0,,0,,0,,0,,0,,0
Signal-Android,2021-1,org.thoughtcrime.securesms.conversation.ui.mentions.MentionsPickerAdapter,top_level,0,9,0,0,0,,,0,,0,,0,,0,,0,,0
Signal-Android,2021-1,org.thoughtcrime.securesms.conversation.ui.mentions.MentionsPickerFragment,top_level,7,70,0,4,1,7,0,1,0,1,0,1,0,1,7,1,0,1
Signal-Android,2021-1,org.thoughtcrime.securesms.conversation.ui.mentions.MentionsPickerRepository,top_level,0,24,0,0,1,3,0,1,0,1,0,1,0,1,3,1,0,1
Signal-Android,2021-1,org.thoughtcrime.securesms.conversation.ui.mentions.MentionsPickerViewModel,top_level,2,51,0,1,0,,,0,,0,,0,,0,,0,,0
Signal-Android,2021-1,org.thoughtcrime.securesms.conversationlist.ConversationListAdapter,top_level,12,158,0,4,1,23,0,1,0,1,0,1,0,1,22,1,0,1
Signal-Android,2021-1,org.thoughtcrime.securesms.conversationlist.ConversationListArchiveFragment,top_level,8,69,0,7,1,11,0,1,0,1,0,1,0,1,9,1,0,1
Signal-Android,2021-1,org.thoughtcrime.securesms.conversationlist.ConversationListDataSource,top_level,1,128,0,1,1,14,0,1,0,1,0,1,0,1,14,1,0,1
Signal-Android,2021-1,org.thoughtcrime.securesms.conversationlist.ConversationListFragment,top_level,65,666,0,35,1,127,0,1,0,1,0,1,0,1,117,1,1,1
Signal-Android,2021-1,org.thoughtcrime.securesms.conversationlist.ConversationListItem,top_level,7,373,0,6,1,57,0,1,0,1,0,1,0,1,39,1,1,1
Signal-Android,2021-1,org.thoughtcrime.securesms.conversationlist.ConversationListItemAction,top_level,3,27,0,3,1,1,0,1,0,1,0,1,0,1,1,1,0,1
Signal-Android,2021-1,org.thoughtcrime.securesms.conversationlist.ConversationListItemInboxZero,top_level,2,23,0,2,0,,,0,,0,,0,,0,,0,,0
Signal-Android,2021-1,org.thoughtcrime.securesms.conversationlist.ConversationListSearchAdapter,top_level,12,125,0,7,1,9,0,1,0,1,0,1,0,1,8,1,0,1
Signal-Android,2021-1,org.thoughtcrime.securesms.conversationlist.ConversationListViewModel,top_level,3,106,0,3,1,4,0,1,0,1,0,1,0,1,4,1,0,1
Signal-Android,2021-1,org.thoughtcrime.securesms.conversationlist.model.Conversation,top_level,2,27,0,2,0,,,0,,0,,0,,0,,0,,0
Signal-Android,2021-1,org.thoughtcrime.securesms.conversationlist.model.ConversationReader,top_level,0,28,0,0,1,4,0,1,0,1,0,1,0,1,4,1,0,1
Signal-Android,2021-1,org.thoughtcrime.securesms.conversationlist.model.MessageResult,top_level,0,25,0,0,1,1,1,1,0,1,0,1,0,1,0,1,0,1
Signal-Android,2021-1,org.thoughtcrime.securesms.conversationlist.model.SearchResult,top_level,2,26,0,2,1,1,1,1,0,1,0,1,0,1,0,1,0,1
Signal-Android,2021-1,org.thoughtcrime.securesms.crypto.AsymmetricMasterCipher,top_level,6,53,0,3,1,5,0,1,0,1,0,1,0,1,5,1,0,1
Signal-Android,2021-1,org.thoughtcrime.securesms.crypto.AsymmetricMasterSecret,top_level,0,10,0,0,0,,,0,,0,,0,,0,,0,,0
Signal-Android,2021-1,org.thoughtcrime.securesms.crypto.AttachmentSecret,top_level,7,52,0,7,0,,,0,,0,,0,,0,,0,,0
Signal-Android,2021-1,org.thoughtcrime.securesms.crypto.AttachmentSecretProvider,top_level,0,51,0,0,1,8,0,1,0,1,0,1,0,1,7,1,0,1
Signal-Android,2021-1,org.thoughtcrime.securesms.crypto.ClassicDecryptingPartInputStream,top_level,0,71,0,0,1,2,0,1,0,1,0,1,0,1,1,1,0,1
Signal-Android,2021-1,org.thoughtcrime.securesms.crypto.DatabaseSecret,top_level,2,13,0,2,0,,,0,,0,,0,,0,,0,,0
Signal-Android,2021-1,org.thoughtcrime.securesms.crypto.DatabaseSecretProvider,top_level,0,41,0,0,1,3,0,1,0,1,0,1,0,1,3,1,0,1
Signal-Android,2021-1,org.thoughtcrime.securesms.crypto.IdentityKeyParcelable,top_level,1,27,0,1,1,1,0,1,0,1,0,1,0,1,1,1,0,1
Signal-Android,2021-1,org.thoughtcrime.securesms.crypto.IdentityKeyUtil,top_level,0,82,0,0,1,17,0,1,0,1,0,1,0,1,16,1,0,1
Signal-Android,2021-1,org.thoughtcrime.securesms.crypto.InvalidPassphraseException,top_level,1,9,0,1,0,,,0,,0,,0,,0,,0,,0
Signal-Android,2021-1,org.thoughtcrime.securesms.crypto.KeyStoreHelper,top_level,6,106,0,0,1,14,0,1,0,1,0,1,0,1,11,1,0,1
Signal-Android,2021-1,org.thoughtcrime.securesms.crypto.MasterCipher,top_level,4,102,0,2,1,1,0,1,0,1,0,1,0,1,1,1,0,1
Signal-Android,2021-1,org.thoughtcrime.securesms.crypto.MasterSecret,top_level,2,48,0,2,1,9,0,1,0,1,0,1,0,1,9,1,0,1
Signal-Android,2021-1,org.thoughtcrime.securesms.crypto.MasterSecretUtil,top_level,5,209,0,0,1,38,0,1,0,1,0,1,0,1,35,1,1,1
Signal-Android,2021-1,org.thoughtcrime.securesms.crypto.ModernDecryptingPartInputStream,top_level,0,36,0,0,1,2,0,1,0,1,0,1,0,1,1,1,0,1
Signal-Android,2021-1,org.thoughtcrime.securesms.crypto.ModernEncryptingPartOutputStream,top_level,1,20,0,0,1,2,0,1,0,1,0,1,0,1,1,1,0,1
Signal-Android,2021-1,org.thoughtcrime.securesms.crypto.PreKeyUtil,top_level,0,34,0,0,1,3,0,1,0,1,0,1,0,1,2,1,0,1
Signal-Android,2021-1,org.thoughtcrime.securesms.crypto.ProfileKeyUtil,top_level,1,44,0,1,1,2,0,1,0,1,0,1,0,1,2,1,0,1
Signal-Android,2021-1,org.thoughtcrime.securesms.crypto.PublicKey,top_level,10,41,0,8,1,1,0,1,0,1,0,1,0,1,1,1,0,1
Signal-Android,2021-1,org.thoughtcrime.securesms.crypto.SecurityEvent,top_level,0,6,0,0,1,1,0,1,0,1,0,1,0,1,0,1,0,1
Signal-Android,2021-1,org.thoughtcrime.securesms.crypto.SessionUtil,top_level,0,10,0,0,1,2,0,1,0,1,0,1,0,1,1,1,0,1
Signal-Android,2021-1,org.thoughtcrime.securesms.crypto.UnidentifiedAccessUtil,top_level,0,87,0,0,1,11,0,1,0,1,0,1,0,1,10,1,0,1
Signal-Android,2021-1,org.thoughtcrime.securesms.crypto.storage.SignalProtocolStoreImpl,top_level,5,70,0,5,1,1,0,1,0,1,0,1,0,1,0,1,0,1
Signal-Android,2021-1,org.thoughtcrime.securesms.crypto.storage.TextSecureIdentityKeyStore,top_level,1,91,0,1,1,25,0,1,0,1,0,1,0,1,25,1,0,1
Signal-Android,2021-1,org.thoughtcrime.securesms.crypto.storage.TextSecurePreKeyStore,top_level,4,44,0,4,1,9,0,1,0,1,0,1,0,1,9,1,0,1
Signal-Android,2021-1,org.thoughtcrime.securesms.crypto.storage.TextSecureSessionStore,top_level,2,71,0,1,1,26,0,1,0,1,0,1,0,1,26,1,0,1
Signal-Android,2021-1,org.thoughtcrime.securesms.database.ApnDatabase,top_level,0,98,0,0,1,3,0,1,0,1,0,1,0,1,2,1,0,1
Signal-Android,2021-1,org.thoughtcrime.securesms.database.AttachmentDatabase,top_level,21,925,0,8,1,118,0,1,0,1,0,1,0,1,100,1,0,1
Signal-Android,2021-1,org.thoughtcrime.securesms.database.ContentValuesBuilder,top_level,0,19,0,0,0,,,0,,0,,0,,0,,0,,0
Signal-Android,2021-1,org.thoughtcrime.securesms.database.CursorList<T>,top_level,12,108,0,10,0,,,0,,0,,0,,0,,0,,0
Signal-Android,2021-1,org.thoughtcrime.securesms.database.CursorRecyclerViewAdapter<VH>,top_level,27,157,0,16,0,,,0,,0,,0,,0,,0,,0
Signal-Android,2021-1,org.thoughtcrime.securesms.database.Database,top_level,6,51,0,6,1,16,0,1,0,1,0,1,0,1,16,1,0,1
Signal-Android,2021-1,org.thoughtcrime.securesms.database.DatabaseContentProviders,top_level,0,48,0,0,0,,,0,,0,,0,,0,,0,,0
Signal-Android,2021-1,org.thoughtcrime.securesms.database.DatabaseFactory,top_level,1,137,0,1,1,41,0,1,0,1,0,1,0,1,38,1,0,1
Signal-Android,2021-1,org.thoughtcrime.securesms.database.DatabaseObserver,top_level,8,73,0,7,1,13,0,1,0,1,0,1,0,1,12,1,0,1
Signal-Android,2021-1,org.thoughtcrime.securesms.database.DraftDatabase,top_level,5,92,0,3,1,4,1,1,0,1,0,1,0,1,3,1,0,1
Signal-Android,2021-1,org.thoughtcrime.securesms.database.EarlyReceiptCache,top_level,0,19,0,0,1,1,0,1,0,1,0,1,0,1,0,1,0,1
Signal-Android,2021-1,org.thoughtcrime.securesms.database.FlipperSqlCipherAdapter,top_level,0,141,0,0,1,12,0,1,0,1,0,1,0,1,11,1,0,1
Signal-Android,2021-1,org.thoughtcrime.securesms.database.GroupDatabase,top_level,4,692,0,2,1,130,0,1,0,1,1,1,0,1,121,1,0,1
Signal-Android,2021-1,org.thoughtcrime.securesms.database.GroupReceiptDatabase,top_level,3,91,0,3,1,6,1,1,0,1,0,1,0,1,5,1,0,1
Signal-Android,2021-1,org.thoughtcrime.securesms.database.IdentityDatabase,top_level,0,178,0,0,1,15,1,1,0,1,0,1,0,1,14,1,0,1
Signal-Android,2021-1,org.thoughtcrime.securesms.database.JobDatabase,top_level,1,210,0,1,1,22,0,1,0,1,0,1,3,1,18,1,0,1
Signal-Android,2021-1,org.thoughtcrime.securesms.database.KeyValueDatabase,top_level,0,85,0,0,1,10,0,1,0,1,0,1,0,1,9,1,0,1
Signal-Android,2021-1,org.thoughtcrime.securesms.database.MediaDatabase,top_level,9,207,0,1,1,11,2,1,0,1,0,1,0,1,9,1,0,1
Signal-Android,2021-1,org.thoughtcrime.securesms.database.MegaphoneDatabase,top_level,0,78,0,0,1,8,0,1,0,1,0,1,0,1,8,1,0,1
Signal-Android,2021-1,org.thoughtcrime.securesms.database.MentionDatabase,top_level,3,92,0,3,1,7,0,1,0,1,0,1,0,1,7,1,0,1
Signal-Android,2021-1,org.thoughtcrime.securesms.database.MentionUtil,top_level,1,84,0,1,1,10,0,1,0,1,0,1,0,1,10,1,0,1
Signal-Android,2021-1,org.thoughtcrime.securesms.database.MessageDatabase,top_level,60,439,0,53,1,37,2,1,0,1,0,1,0,1,30,1,1,1
Signal-Android,2021-1,org.thoughtcrime.securesms.database.MmsDatabase,top_level,66,1362,0,46,1,199,0,1,0,1,0,1,0,1,175,1,1,1
Signal-Android,2021-1,org.thoughtcrime.securesms.database.MmsSmsColumns,top_level,0,195,0,0,1,2,0,1,0,1,0,1,0,1,0,1,0,1
Signal-Android,2021-1,org.thoughtcrime.securesms.database.MmsSmsDatabase,top_level,30,508,0,17,1,59,0,1,1,1,0,1,0,1,55,1,1,1
Signal-Android,2021-1,org.thoughtcrime.securesms.database.NoExternalStorageException,top_level,1,8,0,1,0,,,0,,0,,0,,0,,0,,0
Signal-Android,2021-1,org.thoughtcrime.securesms.database.NoSuchMessageException,top_level,0,3,0,0,0,,,0,,0,,0,,0,,0,,0
Signal-Android,2021-1,org.thoughtcrime.securesms.database.NotInDirectoryException,top_level,0,1,0,0,0,,,0,,0,,0,,0,,0,,0
Signal-Android,2021-1,org.thoughtcrime.securesms.database.ObservableContent,top_level,2,3,0,0,0,,,0,,0,,0,,0,,0,,0
Signal-Android,2021-1,org.thoughtcrime.securesms.database.OneTimePreKeyDatabase,top_level,1,37,0,1,1,5,0,1,0,1,0,1,0,1,5,1,0,1
Signal-Android,2021-1,org.thoughtcrime.securesms.database.PushDatabase,top_level,1,132,0,1,1,7,0,1,0,1,0,1,0,1,7,1,0,1
Signal-Android,2021-1,org.thoughtcrime.securesms.database.RecipientDatabase,top_level,9,1943,0,5,1,503,2,1,4,1,1,1,0,1,459,1,1,1
Signal-Android,2021-1,org.thoughtcrime.securesms.database.RemappedRecords,top_level,2,32,0,1,1,5,0,1,0,1,0,1,0,1,4,1,0,1
Signal-Android,2021-1,org.thoughtcrime.securesms.database.RemappedRecordsDatabase,top_level,1,73,0,1,1,4,0,1,0,1,0,1,0,1,4,1,0,1
Signal-Android,2021-1,org.thoughtcrime.securesms.database.SQLiteDatabase,top_level,27,158,0,27,1,8,0,1,0,1,1,1,0,1,1,1,0,1
Signal-Android,2021-1,org.thoughtcrime.securesms.database.SearchDatabase,top_level,0,128,0,0,1,5,0,1,0,1,0,1,0,1,5,1,0,1
Signal-Android,2021-1,org.thoughtcrime.securesms.database.SessionDatabase,top_level,0,99,0,0,1,1,0,1,0,1,0,1,0,1,1,1,0,1
Signal-Android,2021-1,org.thoughtcrime.securesms.database.SignedPreKeyDatabase,top_level,1,61,0,1,1,5,0,1,0,1,0,1,0,1,5,1,0,1
Signal-Android,2021-1,org.thoughtcrime.securesms.database.SmsDatabase,top_level,58,997,0,45,1,107,0,1,0,1,0,1,0,1,89,1,1,1
Signal-Android,2021-1,org.thoughtcrime.securesms.database.SmsMigrator,top_level,0,163,0,0,1,22,0,1,0,1,0,1,0,1,21,1,0,1
Signal-Android,2021-1,org.thoughtcrime.securesms.database.StickerDatabase,top_level,6,313,0,2,1,25,0,1,0,1,0,1,0,1,22,1,0,1
Signal-Android,2021-1,org.thoughtcrime.securesms.database.StorageKeyDatabase,top_level,2,57,0,2,1,7,0,1,0,1,0,1,0,1,7,1,0,1
Signal-Android,2021-1,org.thoughtcrime.securesms.database.ThreadBodyUtil,top_level,1,45,0,1,1,14,0,1,0,1,0,1,0,1,9,1,0,1
Signal-Android,2021-1,org.thoughtcrime.securesms.database.ThreadDatabase,top_level,62,1007,0,25,1,136,0,1,0,1,1,1,0,1,120,1,1,1
Signal-Android,2021-1,org.thoughtcrime.securesms.database.XmlBackup,top_level,17,154,0,1,1,27,1,1,0,1,1,1,0,1,19,1,0,1
Signal-Android,2021-1,org.thoughtcrime.securesms.database.documents.Document<T>,top_level,2,3,0,1,0,,,0,,0,,0,,0,,0,,0
Signal-Android,2021-1,org.thoughtcrime.securesms.database.documents.IdentityKeyMismatch,top_level,2,48,0,2,1,1,0,1,0,1,0,1,0,1,1,1,0,1
Signal-Android,2021-1,org.thoughtcrime.securesms.database.documents.IdentityKeyMismatchList,top_level,3,15,0,2,1,1,0,1,0,1,0,1,0,1,0,1,0,1
Signal-Android,2021-1,org.thoughtcrime.securesms.database.documents.NetworkFailure,top_level,2,25,0,2,1,1,0,1,0,1,0,1,0,1,1,1,0,1
Signal-Android,2021-1,org.thoughtcrime.securesms.database.documents.NetworkFailureList,top_level,3,15,0,2,1,1,0,1,0,1,0,1,0,1,0,1,0,1
Signal-Android,2021-1,org.thoughtcrime.securesms.database.helpers.ClassicOpenHelper,top_level,0,961,0,0,1,95,0,1,2,1,0,1,0,1,63,1,1,1
Signal-Android,2021-1,org.thoughtcrime.securesms.database.helpers.PreKeyMigrationHelper,top_level,0,122,0,0,1,22,0,1,0,1,0,1,0,1,12,1,0,1
Signal-Android,2021-1,org.thoughtcrime.securesms.database.helpers.RecipientIdCleanupHelper,top_level,0,46,0,0,1,3,0,1,0,1,0,1,0,1,1,1,0,1
Signal-Android,2021-1,org.thoughtcrime.securesms.database.helpers.RecipientIdMigrationHelper,top_level,0,187,0,0,1,13,0,1,1,1,0,1,0,1,0,1,0,1
Signal-Android,2021-1,org.thoughtcrime.securesms.database.helpers.SQLCipherMigrationHelper,top_level,1,144,0,0,1,15,0,1,1,1,0,1,0,1,5,1,0,1
Signal-Android,2021-1,org.thoughtcrime.securesms.database.helpers.SQLCipherOpenHelper,top_level,0,814,0,0,1,47,0,1,1,1,0,1,0,1,31,1,1,1
Signal-Android,2021-1,org.thoughtcrime.securesms.database.helpers.SessionStoreMigrationHelper,top_level,0,54,0,0,1,8,0,1,0,1,0,1,0,1,1,1,0,1
Signal-Android,2021-1,org.thoughtcrime.securesms.database.identity.IdentityRecordList,top_level,12,65,0,4,1,1,0,1,0,1,0,1,0,1,1,1,0,1
Signal-Android,2021-1,org.thoughtcrime.securesms.database.loaders.CountryListLoader,top_level,0,24,0,0,1,3,0,1,0,1,0,1,0,1,3,1,0,1
Signal-Android,2021-1,org.thoughtcrime.securesms.database.loaders.DeviceListLoader,top_level,0,57,0,0,1,20,0,1,0,1,0,1,0,1,19,1,0,1
Signal-Android,2021-1,org.thoughtcrime.securesms.database.loaders.GroupedThreadMediaLoader,top_level,10,182,0,4,1,14,0,1,0,1,0,1,0,1,14,1,0,1
Signal-Android,2021-1,org.thoughtcrime.securesms.database.loaders.MediaLoader,top_level,0,8,0,0,0,,,0,,0,,0,,0,,0,,0
Signal-Android,2021-1,org.thoughtcrime.securesms.database.loaders.MessageDetailsLoader,top_level,0,16,0,0,1,2,0,1,0,1,0,1,0,1,2,1,0,1
Signal-Android,2021-1,org.thoughtcrime.securesms.database.loaders.PagingMediaLoader,top_level,0,22,0,0,1,2,0,1,0,1,0,1,0,1,2,1,0,1
Signal-Android,2021-1,org.thoughtcrime.securesms.database.loaders.RecentPhotosLoader,top_level,0,27,0,0,1,2,0,1,0,1,0,1,1,1,1,1,0,1
Signal-Android,2021-1,org.thoughtcrime.securesms.database.loaders.RecipientMediaLoader,top_level,0,18,0,0,1,1,0,1,0,1,0,1,0,1,1,1,0,1
Signal-Android,2021-1,org.thoughtcrime.securesms.database.loaders.ThreadMediaLoader,top_level,0,26,0,0,0,,,0,,0,,0,,0,,0,,0
Signal-Android,2021-1,org.thoughtcrime.securesms.database.model.DisplayRecord,top_level,32,99,0,32,1,28,0,1,0,1,1,1,0,1,27,1,0,1
Signal-Android,2021-1,org.thoughtcrime.securesms.database.model.GroupCallUpdateDetailsUtil,top_level,1,19,0,1,1,1,0,1,0,1,0,1,0,1,1,1,0,1
Signal-Android,2021-1,org.thoughtcrime.securesms.database.model.GroupCallUpdateMessageFactory,top_level,0,64,0,0,1,12,0,1,0,1,0,1,0,1,6,1,0,1
Signal-Android,2021-1,org.thoughtcrime.securesms.database.model.GroupsV2UpdateMessageProducer,top_level,0,438,0,0,1,64,0,1,0,1,0,1,0,1,51,1,0,1
Signal-Android,2021-1,org.thoughtcrime.securesms.database.model.IncomingSticker,top_level,3,46,0,3,1,1,1,1,0,1,0,1,0,1,0,1,0,1
Signal-Android,2021-1,org.thoughtcrime.securesms.database.model.LiveUpdateMessage,top_level,0,28,0,0,1,9,0,1,0,1,0,1,0,1,8,1,0,1
Signal-Android,2021-1,org.thoughtcrime.securesms.database.model.MediaMmsMessageRecord,top_level,3,58,0,3,1,4,0,1,0,1,1,1,0,1,3,1,0,1
Signal-Android,2021-1,org.thoughtcrime.securesms.database.model.MegaphoneRecord,top_level,4,22,0,4,1,1,1,1,0,1,0,1,0,1,0,1,0,1
Signal-Android,2021-1,org.thoughtcrime.securesms.database.model.Mention,top_level,5,48,0,5,0,,,0,,0,,0,,0,,0,,0
Signal-Android,2021-1,org.thoughtcrime.securesms.database.model.MessageRecord,top_level,40,290,0,34,1,78,0,1,0,1,1,1,0,1,66,1,1,1
Signal-Android,2021-1,org.thoughtcrime.securesms.database.model.MmsMessageRecord,top_level,7,46,0,4,1,2,0,1,0,1,1,1,0,1,1,1,0,1
Signal-Android,2021-1,org.thoughtcrime.securesms.database.model.NotificationMmsMessageRecord,top_level,10,56,0,10,1,1,0,1,0,1,1,1,0,1,0,1,0,1
Signal-Android,2021-1,org.thoughtcrime.securesms.database.model.Quote,top_level,2,31,0,2,1,1,0,1,0,1,0,1,0,1,0,1,0,1
Signal-Android,2021-1,org.thoughtcrime.securesms.database.model.ReactionRecord,top_level,3,33,0,3,1,1,1,1,0,1,0,1,0,1,0,1,0,1
Signal-Android,2021-1,org.thoughtcrime.securesms.database.model.SmsMessageRecord,top_level,3,55,0,3,1,14,0,1,0,1,1,1,0,1,7,1,0,1
Signal-Android,2021-1,org.thoughtcrime.securesms.database.model.StatusUtil,top_level,5,15,0,1,1,7,0,1,0,1,0,1,0,1,7,1,0,1
Signal-Android,2021-1,org.thoughtcrime.securesms.database.model.Sticker,top_level,1,21,0,1,1,1,1,1,0,1,0,1,0,1,0,1,0,1
Signal-Android,2021-1,org.thoughtcrime.securesms.database.model.StickerPackRecord,top_level,2,45,0,2,1,1,1,1,0,1,0,1,0,1,0,1,0,1
Signal-Android,2021-1,org.thoughtcrime.securesms.database.model.StickerRecord,top_level,5,59,0,5,0,,,0,,0,,0,,0,,0,,0
Signal-Android,2021-1,org.thoughtcrime.securesms.database.model.ThreadRecord,top_level,26,231,0,25,1,7,0,1,0,1,0,1,0,1,4,1,0,1
Signal-Android,2021-1,org.thoughtcrime.securesms.database.model.UpdateDescription,top_level,4,97,0,4,1,4,0,1,0,1,0,1,0,1,4,1,0,1
Signal-Android,2021-1,org.thoughtcrime.securesms.delete.Country,top_level,2,28,0,2,0,,,0,,0,,0,,0,,0,,0
Signal-Android,2021-1,org.thoughtcrime.securesms.delete.DeleteAccountCountryPickerAdapter,top_level,2,31,0,2,1,3,0,1,0,1,0,1,0,1,3,1,0,1
Signal-Android,2021-1,org.thoughtcrime.securesms.delete.DeleteAccountCountryPickerFragment,top_level,0,27,0,0,1,4,0,1,0,1,0,1,0,1,4,1,0,1
Signal-Android,2021-1,org.thoughtcrime.securesms.delete.DeleteAccountFragment,top_level,9,172,0,6,1,19,0,1,0,1,0,1,0,1,17,1,0,1
Signal-Android,2021-1,org.thoughtcrime.securesms.delete.DeleteAccountRepository,top_level,0,48,0,0,1,6,0,1,0,1,0,1,0,1,6,1,0,1
Signal-Android,2021-1,org.thoughtcrime.securesms.delete.DeleteAccountViewModel,top_level,12,87,0,4,1,8,0,1,0,1,0,1,0,1,8,1,0,1
Signal-Android,2021-1,org.thoughtcrime.securesms.dependencies.ApplicationDependencies,top_level,1,172,0,0,1,7,0,1,0,1,0,1,0,1,2,1,0,1
Signal-Android,2021-1,org.thoughtcrime.securesms.dependencies.ApplicationDependencyProvider,top_level,0,123,0,0,1,6,0,1,0,1,0,1,0,1,3,1,0,1
Signal-Android,2021-1,org.thoughtcrime.securesms.devicelist.Device,top_level,3,18,0,3,1,1,1,1,0,1,0,1,0,1,0,1,0,1
Signal-Android,2021-1,org.thoughtcrime.securesms.events.CallParticipant,top_level,8,116,0,8,0,,,0,,0,,0,,0,,0,,0
Signal-Android,2021-1,org.thoughtcrime.securesms.events.CallParticipantId,top_level,2,23,0,2,0,,,0,,0,,0,,0,,0,,0
Signal-Android,2021-1,org.thoughtcrime.securesms.events.GroupCallPeekEvent,top_level,2,16,0,2,0,,,0,,0,,0,,0,,0,,0
Signal-Android,2021-1,org.thoughtcrime.securesms.events.PartProgressEvent,top_level,0,13,0,0,1,1,1,1,0,1,0,1,0,1,0,1,0,1
Signal-Android,2021-1,org.thoughtcrime.securesms.events.RedPhoneEvent,top_level,1,32,0,1,0,,,0,,0,,0,,0,,0,,0
Signal-Android,2021-1,org.thoughtcrime.securesms.events.ReminderUpdateEvent,top_level,0,1,0,0,0,,,0,,0,,0,,0,,0,,0
Signal-Android,2021-1,org.thoughtcrime.securesms.events.WebRtcViewModel,top_level,7,111,0,7,1,1,0,1,0,1,0,1,0,1,1,1,0,1
Signal-Android,2021-1,org.thoughtcrime.securesms.gcm.FcmFetchService,top_level,3,36,0,2,0,,,0,,0,,0,,0,,0,,0
Signal-Android,2021-1,org.thoughtcrime.securesms.gcm.FcmJobService,top_level,0,33,0,0,1,2,0,1,0,1,0,1,0,1,2,1,0,1
Signal-Android,2021-1,org.thoughtcrime.securesms.gcm.FcmReceiveService,top_level,0,26,0,0,1,2,0,1,0,1,0,1,0,1,1,1,0,1
Signal-Android,2021-1,org.thoughtcrime.securesms.gcm.FcmUtil,top_level,0,18,0,0,1,3,0,1,0,1,0,1,0,1,2,1,0,1
Signal-Android,2021-1,org.thoughtcrime.securesms.giph.model.ChunkedImageUrl,top_level,2,26,0,2,1,2,0,1,0,1,0,1,0,1,0,1,0,1
Signal-Android,2021-1,org.thoughtcrime.securesms.giph.model.GiphyImage,top_level,18,78,0,10,0,,,0,,0,,0,,0,,0,,0
Signal-Android,2021-1,org.thoughtcrime.securesms.giph.model.GiphyResponse,top_level,0,5,0,0,0,,,0,,0,,0,,0,,0,,0
Signal-Android,2021-1,org.thoughtcrime.securesms.giph.net.GiphyGifLoader,top_level,0,9,0,0,0,,,0,,0,,0,,0,,0,,0
Signal-Android,2021-1,org.thoughtcrime.securesms.giph.net.GiphyLoader,top_level,0,38,0,0,1,11,0,1,0,1,0,1,1,1,9,1,0,1
Signal-Android,2021-1,org.thoughtcrime.securesms.giph.net.GiphyStickerLoader,top_level,0,9,0,0,0,,,0,,0,,0,,0,,0,,0
Signal-Android,2021-1,org.thoughtcrime.securesms.giph.ui.AspectRatioImageView,top_level,11,39,0,7,0,,,0,,0,,0,,0,,0,,0
Signal-Android,2021-1,org.thoughtcrime.securesms.giph.ui.GiphyActivity,top_level,5,113,0,5,1,19,0,1,0,1,0,1,0,1,19,1,0,1
Signal-Android,2021-1,org.thoughtcrime.securesms.giph.ui.GiphyActivityToolbar,top_level,9,112,0,7,1,6,0,1,0,1,0,1,0,1,5,1,0,1
Signal-Android,2021-1,org.thoughtcrime.securesms.giph.ui.GiphyActivityToolbarTextSecurePreferencesPersistence,top_level,2,12,0,2,1,1,0,1,0,1,0,1,0,1,0,1,0,1
Signal-Android,2021-1,org.thoughtcrime.securesms.giph.ui.GiphyAdapter,top_level,5,100,0,4,1,8,0,1,0,1,0,1,0,1,8,1,0,1
Signal-Android,2021-1,org.thoughtcrime.securesms.giph.ui.GiphyFragment,top_level,1,61,0,1,1,5,0,1,0,1,0,1,0,1,5,1,0,1
Signal-Android,2021-1,org.thoughtcrime.securesms.giph.ui.GiphyGifFragment,top_level,0,4,0,0,0,,,0,,0,,0,,0,,0,,0
Signal-Android,2021-1,org.thoughtcrime.securesms.giph.ui.GiphyStickerFragment,top_level,0,4,0,0,0,,,0,,0,,0,,0,,0,,0
Signal-Android,2021-1,org.thoughtcrime.securesms.giph.util.InfiniteScrollListener,top_level,1,24,0,1,1,5,0,1,0,1,0,1,1,1,2,1,0,1
Signal-Android,2021-1,org.thoughtcrime.securesms.giph.util.RecyclerViewPositionHelper,top_level,10,48,0,5,1,5,0,1,0,1,0,1,0,1,2,1,0,1
Signal-Android,2021-1,org.thoughtcrime.securesms.glide.ChunkedImageUrlFetcher,top_level,4,36,0,2,0,,,0,,0,,0,,0,,0,,0
Signal-Android,2021-1,org.thoughtcrime.securesms.glide.ChunkedImageUrlLoader,top_level,0,26,0,0,0,,,0,,0,,0,,0,,0,,0
Signal-Android,2021-1,org.thoughtcrime.securesms.glide.ContactPhotoFetcher,top_level,4,29,0,2,0,,,0,,0,,0,,0,,0,,0
Signal-Android,2021-1,org.thoughtcrime.securesms.glide.ContactPhotoLoader,top_level,0,19,0,0,0,,,0,,0,,0,,0,,0,,0
Signal-Android,2021-1,org.thoughtcrime.securesms.glide.OkHttpStreamFetcher,top_level,5,43,0,2,1,5,0,1,0,1,0,1,0,1,5,1,0,1
Signal-Android,2021-1,org.thoughtcrime.securesms.glide.OkHttpUrlLoader,top_level,0,32,0,0,0,,,0,,0,,0,,0,,0,,0
Signal-Android,2021-1,org.thoughtcrime.securesms.glide.PaddedHeadersInterceptor,top_level,0,19,0,0,1,4,0,1,0,1,0,1,0,1,4,1,0,1
Signal-Android,2021-1,org.thoughtcrime.securesms.glide.cache.ApngBufferCacheDecoder,top_level,0,33,0,0,0,,,0,,0,,0,,0,,0,,0
Signal-Android,2021-1,org.thoughtcrime.securesms.glide.cache.ApngFrameDrawableTranscoder,top_level,0,20,0,0,1,1,0,1,0,1,0,1,0,1,0,1,0,1
Signal-Android,2021-1,org.thoughtcrime.securesms.glide.cache.ApngStreamCacheDecoder,top_level,0,14,0,0,0,,,0,,0,,0,,0,,0,,0
Signal-Android,2021-1,org.thoughtcrime.securesms.glide.cache.EncryptedApngCacheEncoder,top_level,1,19,0,1,1,3,0,1,0,1,0,1,0,1,3,1,0,1
Signal-Android,2021-1,org.thoughtcrime.securesms.glide.cache.EncryptedBitmapResourceEncoder,top_level,1,29,0,1,0,,,0,,0,,0,,0,,0,,0
Signal-Android,2021-1,org.thoughtcrime.securesms.glide.cache.EncryptedCacheDecoder<DecodeType>,top_level,0,18,0,0,0,,,0,,0,,0,,0,,0,,0
Signal-Android,2021-1,org.thoughtcrime.securesms.glide.cache.EncryptedCacheEncoder,top_level,0,24,0,0,0,,,0,,0,,0,,0,,0,,0
Signal-Android,2021-1,org.thoughtcrime.securesms.glide.cache.EncryptedCoder,top_level,0,46,0,0,1,2,0,1,0,1,0,1,0,1,2,1,0,1
Signal-Android,2021-1,org.thoughtcrime.securesms.glide.cache.EncryptedGifDrawableResourceEncoder,top_level,1,17,0,1,0,,,0,,0,,0,,0,,0,,0
Signal-Android,2021-1,org.thoughtcrime.securesms.groups.BadGroupIdException,top_level,1,7,0,1,0,,,0,,0,,0,,0,,0,,0
Signal-Android,2021-1,org.thoughtcrime.securesms.groups.GV2AccessLevelUtil,top_level,1,8,0,1,0,,,0,,0,,0,,0,,0,,0
Signal-Android,2021-1,org.thoughtcrime.securesms.groups.GroupAccessControl,top_level,2,9,0,2,0,,,0,,0,,0,,0,,0,,0
Signal-Android,2021-1,org.thoughtcrime.securesms.groups.GroupAlreadyExistsException,top_level,0,3,0,0,0,,,0,,0,,0,,0,,0,,0
Signal-Android,2021-1,org.thoughtcrime.securesms.groups.GroupChangeBusyException,top_level,0,5,0,0,0,,,0,,0,,0,,0,,0,,0
Signal-Android,2021-1,org.thoughtcrime.securesms.groups.GroupChangeException,top_level,1,6,0,1,0,,,0,,0,,0,,0,,0,,0
Signal-Android,2021-1,org.thoughtcrime.securesms.groups.GroupChangeFailedException,top_level,1,6,0,1,0,,,0,,0,,0,,0,,0,,0
Signal-Android,2021-1,org.thoughtcrime.securesms.groups.GroupDoesNotExistException,top_level,0,3,0,0,0,,,0,,0,,0,,0,,0,,0
Signal-Android,2021-1,org.thoughtcrime.securesms.groups.GroupId,top_level,26,157,0,10,1,3,0,1,0,1,0,1,0,1,2,1,0,1
Signal-Android,2021-1,org.thoughtcrime.securesms.groups.GroupInsufficientRightsException,top_level,0,3,0,0,0,,,0,,0,,0,,0,,0,,0
Signal-Android,2021-1,org.thoughtcrime.securesms.groups.GroupJoinAlreadyAMemberException,top_level,0,3,0,0,0,,,0,,0,,0,,0,,0,,0
Signal-Android,2021-1,org.thoughtcrime.securesms.groups.GroupManager,top_level,0,265,0,0,1,9,1,1,0,1,0,1,0,1,5,1,1,1
Signal-Android,2021-1,org.thoughtcrime.securesms.groups.GroupManagerV1,top_level,0,154,0,0,1,30,0,1,0,1,0,1,0,1,28,1,0,1
Signal-Android,2021-1,org.thoughtcrime.securesms.groups.GroupManagerV2,top_level,1,699,0,1,1,156,0,1,0,1,0,1,0,1,141,1,1,1
Signal-Android,2021-1,org.thoughtcrime.securesms.groups.GroupMigrationMembershipChange,top_level,2,27,0,1,0,,,0,,0,,0,,0,,0,,0
Signal-Android,2021-1,org.thoughtcrime.securesms.groups.GroupMutation,top_level,0,14,0,0,0,,,0,,0,,0,,0,,0,,0
Signal-Android,2021-1,org.thoughtcrime.securesms.groups.GroupNotAMemberException,top_level,1,4,0,1,0,,,0,,0,,0,,0,,0,,0
Signal-Android,2021-1,org.thoughtcrime.securesms.groups.GroupProtoUtil,top_level,1,52,0,1,1,7,0,1,0,1,0,1,0,1,7,1,0,1
Signal-Android,2021-1,org.thoughtcrime.securesms.groups.GroupV1MessageProcessor,top_level,0,171,0,0,1,100,0,1,0,1,0,1,0,1,89,1,1,1
Signal-Android,2021-1,org.thoughtcrime.securesms.groups.GroupsV1MigrationUtil,top_level,1,136,0,1,1,42,0,1,1,1,0,1,0,1,32,1,1,1
Signal-Android,2021-1,org.thoughtcrime.securesms.groups.GroupsV2Authorization,top_level,1,43,0,0,1,1,0,1,0,1,0,1,0,1,1,1,0,1
Signal-Android,2021-1,org.thoughtcrime.securesms.groups.GroupsV2AuthorizationMemoryValueCache,top_level,1,20,0,1,0,,,0,,0,,0,,0,,0,,0
Signal-Android,2021-1,org.thoughtcrime.securesms.groups.GroupsV2CapabilityChecker,top_level,1,49,0,1,1,13,0,1,0,1,0,1,0,1,11,1,0,1
Signal-Android,2021-1,org.thoughtcrime.securesms.groups.GroupsV2ProcessingLock,top_level,1,17,0,1,0,,,0,,0,,0,,0,,0,,0
Signal-Android,2021-1,org.thoughtcrime.securesms.groups.LiveGroup,top_level,0,128,0,0,0,,,0,,0,,0,,0,,0,,0
Signal-Android,2021-1,org.thoughtcrime.securesms.groups.MembershipNotSuitableForV2Exception,top_level,0,3,0,0,0,,,0,,0,,0,,0,,0,,0
Signal-Android,2021-1,org.thoughtcrime.securesms.groups.SelectionLimits,top_level,8,35,0,8,0,,,0,,0,,0,,0,,0,,0
Signal-Android,2021-1,org.thoughtcrime.securesms.groups.ui.AdminActionsListener,top_level,4,5,0,0,0,,,0,,0,,0,,0,,0,,0
Signal-Android,2021-1,org.thoughtcrime.securesms.groups.ui.GroupChangeErrorCallback,top_level,1,2,0,0,0,,,0,,0,,0,,0,,0,,0
Signal-Android,2021-1,org.thoughtcrime.securesms.groups.ui.GroupChangeFailureReason,top_level,0,14,0,0,0,,,0,,0,,0,,0,,0,,0
Signal-Android,2021-1,org.thoughtcrime.securesms.groups.ui.GroupChangeResult,top_level,1,13,0,1,0,,,0,,0,,0,,0,,0,,0
Signal-Android,2021-1,org.thoughtcrime.securesms.groups.ui.GroupErrors,top_level,1,12,0,1,0,,,0,,0,,0,,0,,0,,0
Signal-Android,2021-1,org.thoughtcrime.securesms.groups.ui.GroupLimitDialog,top_level,0,13,0,0,1,3,0,1,0,1,0,1,0,1,2,1,0,1
Signal-Android,2021-1,org.thoughtcrime.securesms.groups.ui.GroupMemberEntry,top_level,4,152,0,4,1,6,0,1,0,1,0,1,0,1,6,1,0,1
Signal-Android,2021-1,org.thoughtcrime.securesms.groups.ui.GroupMemberListAdapter,top_level,9,317,0,4,1,28,0,1,0,1,0,1,0,1,28,1,0,1
Signal-Android,2021-1,org.thoughtcrime.securesms.groups.ui.GroupMemberListView,top_level,2,43,0,1,1,6,0,1,0,1,0,1,0,1,6,1,0,1
Signal-Android,2021-1,org.thoughtcrime.securesms.groups.ui.LeaveGroupDialog,top_level,7,68,0,3,1,1,0,1,0,1,0,1,0,1,1,1,0,1
Signal-Android,2021-1,org.thoughtcrime.securesms.groups.ui.PopupMenuView,top_level,2,48,0,2,1,6,0,1,0,1,0,1,0,1,4,1,0,1
Signal-Android,2021-1,org.thoughtcrime.securesms.groups.ui.RecipientClickListener,top_level,1,2,0,0,0,,,0,,0,,0,,0,,0,,0
Signal-Android,2021-1,org.thoughtcrime.securesms.groups.ui.RecipientLongClickListener,top_level,1,2,0,0,0,,,0,,0,,0,,0,,0,,0
Signal-Android,2021-1,org.thoughtcrime.securesms.groups.ui.RecipientSelectionChangeListener,top_level,1,2,0,0,0,,,0,,0,,0,,0,,0,,0
Signal-Android,2021-1,org.thoughtcrime.securesms.groups.ui.addmembers.AddMembersActivity,top_level,3,65,0,3,1,16,0,1,0,1,0,1,0,1,16,1,0,1
Signal-Android,2021-1,org.thoughtcrime.securesms.groups.ui.addmembers.AddMembersRepository,top_level,1,6,0,1,1,1,0,1,0,1,0,1,0,1,1,1,0,1
Signal-Android,2021-1,org.thoughtcrime.securesms.groups.ui.addmembers.AddMembersViewModel,top_level,1,68,0,1,1,2,0,1,0,1,0,1,0,1,2,1,0,1
Signal-Android,2021-1,org.thoughtcrime.securesms.groups.ui.addtogroup.AddToGroupRepository,top_level,1,18,0,1,1,1,0,1,0,1,0,1,0,1,1,1,0,1
Signal-Android,2021-1,org.thoughtcrime.securesms.groups.ui.addtogroup.AddToGroupViewModel,top_level,1,73,1,1,1,2,0,1,0,1,0,1,0,1,1,1,0,1
Signal-Android,2021-1,org.thoughtcrime.securesms.groups.ui.addtogroup.AddToGroupsActivity,top_level,3,79,0,3,1,10,0,1,0,1,0,1,0,1,10,1,0,1
Signal-Android,2021-1,org.thoughtcrime.securesms.groups.ui.chooseadmin.ChooseNewAdminActivity,top_level,4,61,0,3,1,8,0,1,0,1,0,1,0,1,8,1,0,1
Signal-Android,2021-1,org.thoughtcrime.securesms.groups.ui.chooseadmin.ChooseNewAdminRepository,top_level,0,11,0,0,0,,,0,,0,,0,,0,,0,,0
Signal-Android,2021-1,org.thoughtcrime.securesms.groups.ui.chooseadmin.ChooseNewAdminViewModel,top_level,0,26,0,0,1,2,0,1,0,1,0,1,0,1,2,1,0,1
Signal-Android,2021-1,org.thoughtcrime.securesms.groups.ui.creategroup.CreateGroupActivity,top_level,10,97,0,3,1,8,0,1,0,1,0,1,0,1,6,1,0,1
Signal-Android,2021-1,org.thoughtcrime.securesms.groups.ui.creategroup.details.AddGroupDetailsActivity,top_level,2,39,0,2,1,3,0,1,0,1,0,1,0,1,3,1,0,1
Signal-Android,2021-1,org.thoughtcrime.securesms.groups.ui.creategroup.details.AddGroupDetailsFragment,top_level,8,156,0,5,1,22,0,1,0,1,0,1,0,1,18,1,0,1
Signal-Android,2021-1,org.thoughtcrime.securesms.groups.ui.creategroup.details.AddGroupDetailsRepository,top_level,0,38,0,0,1,4,0,1,0,1,0,1,0,1,4,1,0,1
Signal-Android,2021-1,org.thoughtcrime.securesms.groups.ui.creategroup.details.AddGroupDetailsViewModel,top_level,6,82,0,3,1,7,0,1,0,1,0,1,0,1,7,1,0,1
Signal-Android,2021-1,org.thoughtcrime.securesms.groups.ui.creategroup.details.GroupCreateResult,top_level,2,50,1,1,0,,,0,,0,,0,,0,,0,,0
Signal-Android,2021-1,org.thoughtcrime.securesms.groups.ui.creategroup.dialogs.NonGv2MemberDialog,top_level,1,25,0,1,1,4,0,1,0,1,0,1,0,1,4,1,0,1
Signal-Android,2021-1,org.thoughtcrime.securesms.groups.ui.invitesandrequests.ManagePendingAndRequestingMembersActivity,top_level,3,52,0,3,1,3,0,1,0,1,0,1,0,1,3,1,0,1
Signal-Android,2021-1,org.thoughtcrime.securesms.groups.ui.invitesandrequests.invited.InviteRevokeConfirmationDialog,top_level,1,23,0,1,1,1,0,1,0,1,0,1,0,1,1,1,0,1
Signal-Android,2021-1,org.thoughtcrime.securesms.groups.ui.invitesandrequests.invited.PendingMemberInvitesFragment,top_level,0,66,0,0,1,9,0,1,0,1,0,1,0,1,9,1,0,1
Signal-Android,2021-1,org.thoughtcrime.securesms.groups.ui.invitesandrequests.invited.PendingMemberInvitesRepository,top_level,0,88,0,0,1,1,0,1,0,1,0,1,0,1,0,1,0,1
Signal-Android,2021-1,org.thoughtcrime.securesms.groups.ui.invitesandrequests.invited.PendingMemberInvitesViewModel,top_level,1,84,0,1,1,4,0,1,0,1,0,1,0,1,4,1,0,1
Signal-Android,2021-1,org.thoughtcrime.securesms.groups.ui.invitesandrequests.joining.FetchGroupDetailsError,top_level,0,3,0,0,0,,,0,,0,,0,,0,,0,,0
Signal-Android,2021-1,org.thoughtcrime.securesms.groups.ui.invitesandrequests.joining.GroupDetails,top_level,3,17,0,3,0,,,0,,0,,0,,0,,0,,0
Signal-Android,2021-1,org.thoughtcrime.securesms.groups.ui.invitesandrequests.joining.GroupJoinBottomSheetDialogFragment,top_level,2,108,0,0,1,16,0,1,0,1,0,1,0,1,16,1,0,1
Signal-Android,2021-1,org.thoughtcrime.securesms.groups.ui.invitesandrequests.joining.GroupJoinRepository,top_level,0,49,0,0,1,2,0,1,0,1,0,1,0,1,2,1,0,1
Signal-Android,2021-1,org.thoughtcrime.securesms.groups.ui.invitesandrequests.joining.GroupJoinUpdateRequiredBottomSheetDialogFragment,top_level,0,32,0,0,1,3,0,1,0,1,0,1,0,1,3,1,0,1
Signal-Android,2021-1,org.thoughtcrime.securesms.groups.ui.invitesandrequests.joining.GroupJoinViewModel,top_level,0,51,0,0,0,,,0,,0,,0,,0,,0,,0
Signal-Android,2021-1,org.thoughtcrime.securesms.groups.ui.invitesandrequests.joining.JoinGroupError,top_level,0,5,0,0,0,,,0,,0,,0,,0,,0,,0
Signal-Android,2021-1,org.thoughtcrime.securesms.groups.ui.invitesandrequests.joining.JoinGroupSuccess,top_level,1,10,0,1,0,,,0,,0,,0,,0,,0,,0
Signal-Android,2021-1,org.thoughtcrime.securesms.groups.ui.invitesandrequests.requesting.RequestConfirmationDialog,top_level,1,28,0,1,0,,,0,,0,,0,,0,,0,,0
Signal-Android,2021-1,org.thoughtcrime.securesms.groups.ui.invitesandrequests.requesting.RequestingMemberInvitesViewModel,top_level,0,57,0,0,1,2,0,1,0,1,0,1,0,1,2,1,0,1
Signal-Android,2021-1,org.thoughtcrime.securesms.groups.ui.invitesandrequests.requesting.RequestingMemberRepository,top_level,0,27,0,0,1,2,0,1,0,1,0,1,0,1,2,1,0,1
Signal-Android,2021-1,org.thoughtcrime.securesms.groups.ui.invitesandrequests.requesting.RequestingMembersFragment,top_level,0,48,0,0,1,8,0,1,0,1,0,1,0,1,8,1,0,1
Signal-Android,2021-1,org.thoughtcrime.securesms.groups.ui.managegroup.ManageGroupActivity,top_level,2,28,0,2,1,8,0,1,0,1,0,1,0,1,8,1,0,1
Signal-Android,2021-1,org.thoughtcrime.securesms.groups.ui.managegroup.ManageGroupFragment,top_level,6,303,0,1,1,80,0,1,1,1,0,1,0,1,71,1,0,1
Signal-Android,2021-1,org.thoughtcrime.securesms.groups.ui.managegroup.ManageGroupRepository,top_level,0,123,0,0,1,12,0,1,0,1,0,1,0,1,11,1,0,1
Signal-Android,2021-1,org.thoughtcrime.securesms.groups.ui.managegroup.ManageGroupViewModel,top_level,6,249,0,6,1,5,0,1,0,1,0,1,0,1,1,1,0,1
Signal-Android,2021-1,org.thoughtcrime.securesms.groups.ui.managegroup.dialogs.GroupInviteSentDialog,top_level,1,22,0,1,1,4,0,1,0,1,0,1,0,1,4,1,0,1
Signal-Android,2021-1,org.thoughtcrime.securesms.groups.ui.managegroup.dialogs.GroupMentionSettingDialog,top_level,0,44,0,0,1,6,0,1,0,1,0,1,0,1,5,1,0,1
Signal-Android,2021-1,org.thoughtcrime.securesms.groups.ui.managegroup.dialogs.GroupRightsDialog,top_level,1,32,0,1,0,,,0,,0,,0,,0,,0,,0
Signal-Android,2021-1,org.thoughtcrime.securesms.groups.ui.managegroup.dialogs.GroupsLearnMoreBottomSheetDialogFragment,top_level,0,17,0,0,1,2,0,1,0,1,0,1,0,1,2,1,0,1
Signal-Android,2021-1,org.thoughtcrime.securesms.groups.ui.migration.GroupsV1MigrationInfoBottomSheetDialogFragment,top_level,0,57,0,0,1,8,0,1,0,1,0,1,0,1,7,1,0,1
Signal-Android,2021-1,org.thoughtcrime.securesms.groups.ui.migration.GroupsV1MigrationInfoViewModel,top_level,0,23,0,0,0,,,0,,0,,0,,0,,0,,0
Signal-Android,2021-1,org.thoughtcrime.securesms.groups.ui.migration.GroupsV1MigrationInitiationBottomSheetDialogFragment,top_level,4,74,0,1,1,11,0,1,0,1,0,1,0,1,11,1,0,1
Signal-Android,2021-1,org.thoughtcrime.securesms.groups.ui.migration.GroupsV1MigrationInitiationViewModel,top_level,0,22,0,0,0,,,0,,0,,0,,0,,0,,0
Signal-Android,2021-1,org.thoughtcrime.securesms.groups.ui.migration.GroupsV1MigrationRepository,top_level,0,53,0,0,1,19,0,1,0,1,0,1,0,1,19,1,0,1
Signal-Android,2021-1,org.thoughtcrime.securesms.groups.ui.migration.GroupsV1MigrationSuggestionsDialog,top_level,1,54,0,1,1,3,0,1,0,1,0,1,0,1,3,1,0,1
Signal-Android,2021-1,org.thoughtcrime.securesms.groups.ui.migration.MigrationResult,top_level,0,2,0,0,0,,,0,,0,,0,,0,,0,,0
Signal-Android,2021-1,org.thoughtcrime.securesms.groups.ui.migration.MigrationState,top_level,0,11,0,0,0,,,0,,0,,0,,0,,0,,0
Signal-Android,2021-1,org.thoughtcrime.securesms.groups.v2.GroupCandidateHelper,top_level,0,31,0,0,1,7,0,1,0,1,0,1,0,1,6,1,0,1
Signal-Android,2021-1,org.thoughtcrime.securesms.groups.v2.GroupInviteLinkUrl,top_level,0,70,0,0,1,12,0,1,0,1,0,1,0,1,11,1,0,1
Signal-Android,2021-1,org.thoughtcrime.securesms.groups.v2.GroupLinkPassword,top_level,5,19,0,3,0,,,0,,0,,0,,0,,0,,0
Signal-Android,2021-1,org.thoughtcrime.securesms.groups.v2.GroupLinkUrlAndStatus,top_level,2,17,0,2,1,1,1,1,0,1,0,1,0,1,0,1,0,1
Signal-Android,2021-1,org.thoughtcrime.securesms.groups.v2.ProfileKeySet,top_level,0,42,0,0,1,2,0,1,0,1,0,1,0,1,2,1,0,1
Signal-Android,2021-1,org.thoughtcrime.securesms.groups.v2.processing.AdvanceGroupStateResult,top_level,0,11,0,0,0,,,0,,0,,0,,0,,0,,0
Signal-Android,2021-1,org.thoughtcrime.securesms.groups.v2.processing.GlobalGroupState,top_level,6,24,0,2,1,2,0,1,0,1,0,1,0,1,2,1,0,1
Signal-Android,2021-1,org.thoughtcrime.securesms.groups.v2.processing.GroupStateMapper,top_level,1,72,0,1,1,16,0,1,0,1,0,1,0,1,9,1,0,1
Signal-Android,2021-1,org.thoughtcrime.securesms.groups.v2.processing.GroupsV2StateProcessor,top_level,0,298,0,0,1,81,0,1,0,1,0,1,0,1,71,1,1,1
Signal-Android,2021-1,org.thoughtcrime.securesms.groups.v2.processing.LocalGroupLogEntry,top_level,2,22,0,1,0,,,0,,0,,0,,0,,0,,0
Signal-Android,2021-1,org.thoughtcrime.securesms.groups.v2.processing.ServerGroupLogEntry,top_level,3,20,0,1,0,,,0,,0,,0,,0,,0,,0
Signal-Android,2021-1,"org.thoughtcrime.securesms.groups.v2.processing.StateChain<State,Delta>",top_level,17,69,0,3,0,,,0,,0,,0,,0,,0,,0
Signal-Android,2021-1,org.thoughtcrime.securesms.help.HelpFragment,top_level,10,136,0,7,1,13,0,1,0,1,0,1,0,1,12,1,0,1
Signal-Android,2021-1,org.thoughtcrime.securesms.help.HelpViewModel,top_level,1,36,0,1,1,3,0,1,0,1,0,1,0,1,0,1,0,1
Signal-Android,2021-1,org.thoughtcrime.securesms.imageeditor.Bounds,top_level,4,32,0,0,1,2,0,1,0,1,0,1,1,1,0,1,0,1
Signal-Android,2021-1,org.thoughtcrime.securesms.imageeditor.CanvasMatrix,top_level,6,35,0,4,0,,,0,,0,,0,,0,,0,,0
Signal-Android,2021-1,org.thoughtcrime.securesms.imageeditor.ColorableRenderer,top_level,2,4,0,2,0,,,0,,0,,0,,0,,0,,0
Signal-Android,2021-1,org.thoughtcrime.securesms.imageeditor.DrawingSession,top_level,0,21,0,0,1,1,0,1,0,1,0,1,0,1,0,1,0,1
Signal-Android,2021-1,org.thoughtcrime.securesms.imageeditor.EditSession,top_level,5,6,0,1,0,,,0,,0,,0,,0,,0,,0
Signal-Android,2021-1,org.thoughtcrime.securesms.imageeditor.ElementDragEditSession,top_level,0,20,0,0,1,2,0,1,0,1,0,1,0,1,2,1,0,1
Signal-Android,2021-1,org.thoughtcrime.securesms.imageeditor.ElementEditSession,top_level,1,34,0,1,0,,,0,,0,,0,,0,,0,,0
Signal-Android,2021-1,org.thoughtcrime.securesms.imageeditor.ElementScaleEditSession,top_level,0,48,0,0,1,3,0,1,0,1,0,1,0,1,3,1,0,1
Signal-Android,2021-1,org.thoughtcrime.securesms.imageeditor.HiddenEditText,top_level,15,98,0,7,1,7,0,1,0,1,0,1,0,1,7,1,0,1
Signal-Android,2021-1,org.thoughtcrime.securesms.imageeditor.ImageEditorView,top_level,17,273,0,12,1,19,0,1,0,1,0,1,0,1,7,1,1,1
Signal-Android,2021-1,org.thoughtcrime.securesms.imageeditor.Renderer,top_level,2,3,0,1,0,,,0,,0,,0,,0,,0,,0
Signal-Android,2021-1,org.thoughtcrime.securesms.imageeditor.RendererContext,top_level,8,58,0,8,0,,,0,,0,,0,,0,,0,,0
Signal-Android,2021-1,org.thoughtcrime.securesms.imageeditor.ThumbDragEditSession,top_level,0,44,0,0,1,6,0,1,0,1,0,1,0,1,5,1,0,1
Signal-Android,2021-1,org.thoughtcrime.securesms.imageeditor.UndoRedoStackListener,top_level,1,2,0,1,0,,,0,,0,,0,,0,,0,,0
Signal-Android,2021-1,org.thoughtcrime.securesms.imageeditor.model.AlphaAnimation,top_level,6,37,0,3,1,4,0,1,0,1,0,1,0,1,4,1,0,1
Signal-Android,2021-1,org.thoughtcrime.securesms.imageeditor.model.AnimationMatrix,top_level,3,70,0,2,1,3,0,1,0,1,0,1,1,1,1,1,0,1
Signal-Android,2021-1,org.thoughtcrime.securesms.imageeditor.model.Bisect,top_level,0,53,0,0,1,1,0,1,0,1,0,1,0,1,0,1,0,1
Signal-Android,2021-1,org.thoughtcrime.securesms.imageeditor.model.CropThumbRenderer,top_level,2,42,0,2,1,4,0,1,0,1,0,1,0,1,4,1,0,1
Signal-Android,2021-1,org.thoughtcrime.securesms.imageeditor.model.EditorElement,top_level,14,184,0,9,1,5,0,1,0,1,0,1,0,1,3,1,1,1
Signal-Android,2021-1,org.thoughtcrime.securesms.imageeditor.model.EditorElementHierarchy,top_level,2,187,0,0,1,27,0,1,0,1,0,1,0,1,26,1,0,1
Signal-Android,2021-1,org.thoughtcrime.securesms.imageeditor.model.EditorFlags,top_level,25,69,0,24,0,,,0,,0,,0,,0,,0,,0
Signal-Android,2021-1,org.thoughtcrime.securesms.imageeditor.model.EditorModel,top_level,42,437,0,24,1,60,0,1,0,1,0,1,0,1,52,1,1,1
Signal-Android,2021-1,org.thoughtcrime.securesms.imageeditor.model.ElementStack,top_level,3,70,0,3,0,,,0,,0,,0,,0,,0,,0
Signal-Android,2021-1,org.thoughtcrime.securesms.imageeditor.model.InBoundsMemory,top_level,0,17,0,0,0,,,0,,0,,0,,0,,0,,0
Signal-Android,2021-1,org.thoughtcrime.securesms.imageeditor.model.ParcelUtils,top_level,1,30,0,1,0,,,0,,0,,0,,0,,0,,0
Signal-Android,2021-1,org.thoughtcrime.securesms.imageeditor.model.ThumbRenderer,top_level,2,39,0,1,1,2,0,1,0,1,0,1,0,1,0,1,0,1
Signal-Android,2021-1,org.thoughtcrime.securesms.imageeditor.model.UndoRedoStacks,top_level,2,48,0,2,0,,,0,,0,,0,,0,,0,,0
Signal-Android,2021-1,org.thoughtcrime.securesms.imageeditor.renderers.AutomaticControlPointBezierLine,top_level,25,112,0,10,0,,,0,,0,,0,,0,,0,,0
Signal-Android,2021-1,org.thoughtcrime.securesms.imageeditor.renderers.BezierDrawingRenderer,top_level,8,87,0,6,1,4,0,1,0,1,0,1,0,1,4,1,0,1
Signal-Android,2021-1,org.thoughtcrime.securesms.imageeditor.renderers.CropAreaRenderer,top_level,3,75,0,3,1,23,0,1,0,1,0,1,0,1,23,1,0,1
Signal-Android,2021-1,org.thoughtcrime.securesms.imageeditor.renderers.FaceBlurRenderer,top_level,2,20,0,2,1,2,0,1,0,1,0,1,0,1,2,1,0,1
Signal-Android,2021-1,org.thoughtcrime.securesms.imageeditor.renderers.InvalidateableRenderer,top_level,2,12,0,1,0,,,0,,0,,0,,0,,0,,0
Signal-Android,2021-1,org.thoughtcrime.securesms.imageeditor.renderers.InverseFillRenderer,top_level,3,36,0,3,1,4,0,1,0,1,0,1,0,1,4,1,0,1
Signal-Android,2021-1,org.thoughtcrime.securesms.imageeditor.renderers.MultiLineTextRenderer,top_level,17,233,0,7,1,8,0,1,0,1,0,1,0,1,8,1,0,1
Signal-Android,2021-1,org.thoughtcrime.securesms.imageeditor.renderers.OvalGuideRenderer,top_level,3,40,0,3,1,4,0,1,0,1,0,1,0,1,4,1,0,1
Signal-Android,2021-1,org.thoughtcrime.securesms.insights.InsightsAnimatorSetFactory,top_level,1,53,0,1,1,13,0,1,0,1,0,1,0,1,13,1,0,1
Signal-Android,2021-1,org.thoughtcrime.securesms.insights.InsightsConstants,top_level,1,4,0,1,0,,,0,,0,,0,,0,,0,,0
Signal-Android,2021-1,org.thoughtcrime.securesms.insights.InsightsDashboardDialogFragment,top_level,20,166,0,14,1,9,0,1,0,1,0,1,0,1,7,1,0,1
Signal-Android,2021-1,org.thoughtcrime.securesms.insights.InsightsDashboardState,top_level,3,34,0,2,1,3,0,1,0,1,0,1,0,1,3,1,0,1
Signal-Android,2021-1,org.thoughtcrime.securesms.insights.InsightsDashboardViewModel,top_level,2,32,0,2,1,1,0,1,0,1,0,1,0,1,1,1,0,1
Signal-Android,2021-1,org.thoughtcrime.securesms.insights.InsightsData,top_level,3,10,0,3,0,,,0,,0,,0,,0,,0,,0
Signal-Android,2021-1,org.thoughtcrime.securesms.insights.InsightsInsecureRecipientsAdapter,top_level,2,56,0,2,1,6,0,1,0,1,0,1,0,1,4,1,0,1
Signal-Android,2021-1,org.thoughtcrime.securesms.insights.InsightsLauncher,top_level,0,8,0,0,1,1,0,1,0,1,0,1,0,1,0,1,0,1
Signal-Android,2021-1,org.thoughtcrime.securesms.insights.InsightsModalDialogFragment,top_level,6,72,0,5,1,11,0,1,0,1,0,1,0,1,10,1,0,1
Signal-Android,2021-1,org.thoughtcrime.securesms.insights.InsightsModalState,top_level,3,26,0,2,1,2,0,1,0,1,0,1,0,1,2,1,0,1
Signal-Android,2021-1,org.thoughtcrime.securesms.insights.InsightsModalViewModel,top_level,1,23,0,1,1,1,0,1,0,1,0,1,0,1,1,1,0,1
Signal-Android,2021-1,org.thoughtcrime.securesms.insights.InsightsOptOut,top_level,1,7,0,1,0,,,0,,0,,0,,0,,0,,0
Signal-Android,2021-1,org.thoughtcrime.securesms.insights.InsightsRepository,top_level,0,48,0,0,0,,,0,,0,,0,,0,,0,,0
Signal-Android,2021-1,org.thoughtcrime.securesms.insights.InsightsUserAvatar,top_level,0,17,0,0,1,5,0,1,0,1,0,1,0,1,5,1,0,1
Signal-Android,2021-1,org.thoughtcrime.securesms.invites.InviteReminderModel,top_level,1,75,0,1,1,5,0,1,0,1,0,1,0,1,5,1,0,1
Signal-Android,2021-1,org.thoughtcrime.securesms.invites.InviteReminderRepository,top_level,2,19,0,1,0,,,0,,0,,0,,0,,0,,0
Signal-Android,2021-1,org.thoughtcrime.securesms.jobmanager.AlarmManagerScheduler,top_level,0,20,0,0,1,4,0,1,0,1,0,1,0,1,4,1,0,1
Signal-Android,2021-1,org.thoughtcrime.securesms.jobmanager.BootReceiver,top_level,0,5,0,0,0,,,0,,0,,0,,0,,0,,0
Signal-Android,2021-1,org.thoughtcrime.securesms.jobmanager.CompositeScheduler,top_level,0,8,0,0,0,,,0,,0,,0,,0,,0,,0
Signal-Android,2021-1,org.thoughtcrime.securesms.jobmanager.Constraint,top_level,3,7,0,1,0,,,0,,0,,0,,0,,0,,0
Signal-Android,2021-1,org.thoughtcrime.securesms.jobmanager.ConstraintInstantiator,top_level,0,9,0,0,1,1,0,1,0,1,0,1,0,1,1,1,0,1
Signal-Android,2021-1,org.thoughtcrime.securesms.jobmanager.ConstraintObserver,top_level,1,4,0,1,0,,,0,,0,,0,,0,,0,,0
Signal-Android,2021-1,org.thoughtcrime.securesms.jobmanager.Data,top_level,1,219,0,1,1,4,0,1,0,1,1,1,0,1,0,1,0,1
Signal-Android,2021-1,org.thoughtcrime.securesms.jobmanager.DependencyInjector,top_level,1,2,0,0,0,,,0,,0,,0,,0,,0,,0
Signal-Android,2021-1,org.thoughtcrime.securesms.jobmanager.ExecutorFactory,top_level,1,2,0,0,0,,,0,,0,,0,,0,,0,,0
Signal-Android,2021-1,org.thoughtcrime.securesms.jobmanager.InAppScheduler,top_level,0,17,0,0,1,1,0,1,0,1,0,1,0,1,1,1,0,1
Signal-Android,2021-1,org.thoughtcrime.securesms.jobmanager.Job,top_level,13,227,0,13,0,,,0,,0,,0,,0,,0,,0
Signal-Android,2021-1,org.thoughtcrime.securesms.jobmanager.JobController,top_level,3,307,0,3,1,91,0,1,0,1,0,1,0,1,89,1,0,1
Signal-Android,2021-1,org.thoughtcrime.securesms.jobmanager.JobInstantiator,top_level,0,9,0,0,1,1,0,1,0,1,0,1,0,1,1,1,0,1
Signal-Android,2021-1,org.thoughtcrime.securesms.jobmanager.JobLogger,top_level,0,15,0,0,1,7,0,1,0,1,0,1,0,1,6,1,0,1
Signal-Android,2021-1,org.thoughtcrime.securesms.jobmanager.JobManager,top_level,16,310,0,8,1,4,0,1,0,1,0,1,0,1,0,1,0,1
Signal-Android,2021-1,org.thoughtcrime.securesms.jobmanager.JobMigration,top_level,3,27,0,3,0,,,0,,0,,0,,0,,0,,0
Signal-Android,2021-1,org.thoughtcrime.securesms.jobmanager.JobMigrator,top_level,0,46,0,0,1,18,0,1,0,1,0,1,0,1,18,1,0,1
Signal-Android,2021-1,org.thoughtcrime.securesms.jobmanager.JobPredicate,top_level,1,3,0,0,0,,,0,,0,,0,,0,,0,,0
Signal-Android,2021-1,org.thoughtcrime.securesms.jobmanager.JobRunner,top_level,6,71,0,1,1,20,0,1,0,1,0,1,0,1,19,1,0,1
Signal-Android,2021-1,org.thoughtcrime.securesms.jobmanager.JobSchedulerScheduler,top_level,3,48,0,2,1,8,0,1,0,1,0,1,0,1,8,1,0,1
Signal-Android,2021-1,org.thoughtcrime.securesms.jobmanager.JobTracker,top_level,5,62,0,3,1,5,0,1,0,1,0,1,0,1,5,1,0,1
Signal-Android,2021-1,org.thoughtcrime.securesms.jobmanager.KeepAliveService,top_level,0,7,0,0,0,,,0,,0,,0,,0,,0,,0
Signal-Android,2021-1,org.thoughtcrime.securesms.jobmanager.Scheduler,top_level,1,2,0,0,0,,,0,,0,,0,,0,,0,,0
Signal-Android,2021-1,org.thoughtcrime.securesms.jobmanager.impl.CellServiceConstraintObserver,top_level,1,24,0,1,0,,,0,,0,,0,,0,,0,,0
Signal-Android,2021-1,org.thoughtcrime.securesms.jobmanager.impl.ChargingConstraint,top_level,2,17,0,2,0,,,0,,0,,0,,0,,0,,0
Signal-Android,2021-1,org.thoughtcrime.securesms.jobmanager.impl.ChargingConstraintObserver,top_level,1,25,0,0,0,,,0,,0,,0,,0,,0,,0
Signal-Android,2021-1,org.thoughtcrime.securesms.jobmanager.impl.DecryptionsDrainedConstraint,top_level,2,16,0,2,1,1,0,1,0,1,0,1,0,1,1,1,0,1
Signal-Android,2021-1,org.thoughtcrime.securesms.jobmanager.impl.DecryptionsDrainedConstraintObserver,top_level,2,11,0,1,0,,,0,,0,,0,,0,,0,,0
Signal-Android,2021-1,org.thoughtcrime.securesms.jobmanager.impl.DefaultExecutorFactory,top_level,0,4,0,0,0,,,0,,0,,0,,0,,0,,0
Signal-Android,2021-1,org.thoughtcrime.securesms.jobmanager.impl.FactoryJobPredicate,top_level,0,7,0,0,0,,,0,,0,,0,,0,,0,,0
Signal-Android,2021-1,org.thoughtcrime.securesms.jobmanager.impl.JsonDataSerializer,top_level,0,16,0,0,0,,,0,,0,,0,,0,,0,,0
Signal-Android,2021-1,org.thoughtcrime.securesms.jobmanager.impl.NetworkConstraint,top_level,1,26,0,1,1,2,0,1,0,1,0,1,0,1,2,1,0,1
Signal-Android,2021-1,org.thoughtcrime.securesms.jobmanager.impl.NetworkConstraintObserver,top_level,0,14,0,0,0,,,0,,0,,0,,0,,0,,0
Signal-Android,2021-1,org.thoughtcrime.securesms.jobmanager.impl.NetworkOrCellServiceConstraint,top_level,2,28,0,1,1,1,0,1,0,1,0,1,0,1,1,1,0,1
Signal-Android,2021-1,org.thoughtcrime.securesms.jobmanager.impl.SqlCipherMigrationConstraint,top_level,1,21,0,1,0,,,0,,0,,0,,0,,0,,0
Signal-Android,2021-1,org.thoughtcrime.securesms.jobmanager.impl.SqlCipherMigrationConstraintObserver,top_level,3,12,0,2,0,,,0,,0,,0,,0,,0,,0
Signal-Android,2021-1,org.thoughtcrime.securesms.jobmanager.migrations.PushProcessMessageQueueJobMigration,top_level,0,41,0,0,1,19,0,1,0,1,0,1,0,1,19,1,0,1
Signal-Android,2021-1,org.thoughtcrime.securesms.jobmanager.migrations.RecipientIdFollowUpJobMigration,top_level,2,26,0,2,1,5,0,1,0,1,0,1,0,1,5,1,0,1
Signal-Android,2021-1,org.thoughtcrime.securesms.jobmanager.migrations.RecipientIdFollowUpJobMigration2,top_level,1,3,0,1,0,,,0,,0,,0,,0,,0,,0
Signal-Android,2021-1,org.thoughtcrime.securesms.jobmanager.migrations.RecipientIdJobMigration,top_level,0,147,0,0,1,64,0,1,0,1,0,1,0,1,60,1,0,1
Signal-Android,2021-1,org.thoughtcrime.securesms.jobmanager.migrations.RetrieveProfileJobMigration,top_level,1,20,0,1,1,1,0,1,0,1,0,1,0,1,1,1,0,1
Signal-Android,2021-1,org.thoughtcrime.securesms.jobmanager.migrations.SendReadReceiptsJobMigration,top_level,0,25,0,0,1,4,0,1,0,1,0,1,0,1,4,1,0,1
Signal-Android,2021-1,org.thoughtcrime.securesms.jobmanager.persistence.ConstraintSpec,top_level,2,28,0,2,0,,,0,,0,,0,,0,,0,,0
Signal-Android,2021-1,org.thoughtcrime.securesms.jobmanager.persistence.DependencySpec,top_level,2,28,0,2,0,,,0,,0,,0,,0,,0,,0
Signal-Android,2021-1,org.thoughtcrime.securesms.jobmanager.persistence.FullSpec,top_level,2,29,0,2,0,,,0,,0,,0,,0,,0,,0
Signal-Android,2021-1,org.thoughtcrime.securesms.jobmanager.persistence.JobSpec,top_level,10,98,0,10,1,2,1,1,0,1,1,1,0,1,0,1,0,1
Signal-Android,2021-1,org.thoughtcrime.securesms.jobmanager.persistence.JobStorage,top_level,18,37,0,2,0,,,0,,0,,0,,0,,0,,0
Signal-Android,2021-1,org.thoughtcrime.securesms.jobmanager.workmanager.DataMigrator,top_level,0,96,0,0,1,9,0,1,0,1,0,1,0,1,1,1,0,1
Signal-Android,2021-1,org.thoughtcrime.securesms.jobmanager.workmanager.WorkManagerDatabase,top_level,0,49,0,0,1,3,0,1,0,1,0,1,0,1,3,1,0,1
Signal-Android,2021-1,org.thoughtcrime.securesms.jobmanager.workmanager.WorkManagerFactoryMappings,top_level,0,50,0,0,1,2,0,1,0,1,0,1,0,1,0,1,0,1
Signal-Android,2021-1,org.thoughtcrime.securesms.jobmanager.workmanager.WorkManagerMigrator,top_level,0,19,0,0,1,5,0,1,0,1,0,1,0,1,4,1,0,1
Signal-Android,2021-1,org.thoughtcrime.securesms.jobs.AttachmentCompressionJob,top_level,5,164,0,2,1,11,0,1,0,1,0,1,0,1,2,1,1,1
Signal-Android,2021-1,org.thoughtcrime.securesms.jobs.AttachmentCopyJob,top_level,3,57,0,2,0,,,0,,0,,0,,0,,0,,0
Signal-Android,2021-1,org.thoughtcrime.securesms.jobs.AttachmentDownloadJob,top_level,11,134,0,4,1,6,0,1,0,1,0,1,0,1,5,1,0,1
Signal-Android,2021-1,org.thoughtcrime.securesms.jobs.AttachmentMarkUploadedJob,top_level,3,50,0,2,0,,,0,,0,,0,,0,,0,,0
Signal-Android,2021-1,org.thoughtcrime.securesms.jobs.AttachmentUploadJob,top_level,9,126,0,2,1,16,0,1,0,1,0,1,0,1,15,1,0,1
Signal-Android,2021-1,org.thoughtcrime.securesms.jobs.AvatarGroupsV1DownloadJob,top_level,8,60,0,2,1,13,0,1,0,1,0,1,0,1,12,1,0,1
Signal-Android,2021-1,org.thoughtcrime.securesms.jobs.AvatarGroupsV2DownloadJob,top_level,6,81,0,2,1,9,0,1,0,1,0,1,0,1,8,1,0,1
Signal-Android,2021-1,org.thoughtcrime.securesms.jobs.BaseJob,top_level,1,38,0,1,1,3,0,1,0,1,0,1,0,1,0,1,0,1
Signal-Android,2021-1,org.thoughtcrime.securesms.jobs.CleanPreKeysJob,top_level,8,66,0,3,1,2,0,1,0,1,0,1,0,1,1,1,0,1
Signal-Android,2021-1,org.thoughtcrime.securesms.jobs.ClearFallbackKbsEnclaveJob,top_level,5,52,0,2,1,4,0,1,0,1,0,1,0,1,4,1,0,1
Signal-Android,2021-1,org.thoughtcrime.securesms.jobs.ConversationShortcutUpdateJob,top_level,5,38,0,3,1,2,0,1,0,1,0,1,0,1,2,1,0,1
Signal-Android,2021-1,org.thoughtcrime.securesms.jobs.CreateSignedPreKeyJob,top_level,4,40,0,2,1,2,0,1,0,1,0,1,0,1,1,1,0,1
Signal-Android,2021-1,org.thoughtcrime.securesms.jobs.DirectoryRefreshJob,top_level,4,50,0,3,1,2,0,1,0,1,0,1,0,1,1,1,0,1
Signal-Android,2021-1,org.thoughtcrime.securesms.jobs.FailingJob,top_level,1,20,0,1,0,,,0,,0,,0,,0,,0,,0
Signal-Android,2021-1,org.thoughtcrime.securesms.jobs.FastJobStorage,top_level,5,239,0,2,1,105,0,1,0,1,0,1,0,1,99,1,0,1
Signal-Android,2021-1,org.thoughtcrime.securesms.jobs.FcmRefreshJob,top_level,9,66,0,4,1,10,0,1,0,1,0,1,0,1,9,1,0,1
Signal-Android,2021-1,org.thoughtcrime.securesms.jobs.GroupCallPeekJob,top_level,2,37,0,2,1,1,0,1,0,1,0,1,0,1,1,1,0,1
Signal-Android,2021-1,org.thoughtcrime.securesms.jobs.GroupCallPeekWorkerJob,top_level,2,36,0,2,0,,,0,,0,,0,,0,,0,,0
Signal-Android,2021-1,org.thoughtcrime.securesms.jobs.GroupCallUpdateSendJob,top_level,6,94,0,2,1,16,0,1,0,1,0,1,0,1,16,1,0,1
Signal-Android,2021-1,org.thoughtcrime.securesms.jobs.GroupSendJobHelper,top_level,1,16,0,1,1,2,0,1,0,1,0,1,0,1,2,1,0,1
Signal-Android,2021-1,org.thoughtcrime.securesms.jobs.GroupV1MigrationJob,top_level,3,82,0,2,1,5,0,1,0,1,0,1,0,1,5,1,0,1
Signal-Android,2021-1,org.thoughtcrime.securesms.jobs.GroupV2UpdateSelfProfileKeyJob,top_level,2,42,0,2,1,1,0,1,0,1,0,1,0,1,1,1,0,1
Signal-Android,2021-1,org.thoughtcrime.securesms.jobs.JobManagerFactories,top_level,0,138,0,0,1,4,0,1,1,1,0,1,0,1,0,1,0,1
Signal-Android,2021-1,org.thoughtcrime.securesms.jobs.KbsEnclaveMigrationWorkerJob,top_level,5,41,0,3,1,3,0,1,0,1,0,1,0,1,3,1,0,1
Signal-Android,2021-1,org.thoughtcrime.securesms.jobs.LeaveGroupJob,top_level,4,82,0,2,1,15,0,1,0,1,0,1,0,1,15,1,0,1
Signal-Android,2021-1,org.thoughtcrime.securesms.jobs.LocalBackupJob,top_level,12,87,0,2,1,8,0,1,0,1,0,1,0,1,6,1,0,1
Signal-Android,2021-1,org.thoughtcrime.securesms.jobs.LocalBackupJobApi29,top_level,14,83,0,2,1,19,0,1,0,1,0,1,0,1,12,1,0,1
Signal-Android,2021-1,org.thoughtcrime.securesms.jobs.MarkerJob,top_level,2,27,0,2,1,1,0,1,0,1,0,1,0,1,1,1,0,1
Signal-Android,2021-1,org.thoughtcrime.securesms.jobs.MmsDownloadJob,top_level,20,150,0,5,1,50,0,1,0,1,0,1,0,1,39,1,0,1
Signal-Android,2021-1,org.thoughtcrime.securesms.jobs.MmsReceiveJob,top_level,8,60,0,3,1,6,0,1,0,1,0,1,0,1,5,1,0,1
Signal-Android,2021-1,org.thoughtcrime.securesms.jobs.MmsSendJob,top_level,7,197,0,4,1,42,0,1,1,1,0,1,0,1,31,1,1,1
Signal-Android,2021-1,org.thoughtcrime.securesms.jobs.MultiDeviceBlockedUpdateJob,top_level,7,48,0,3,1,5,0,1,0,1,0,1,0,1,4,1,0,1
Signal-Android,2021-1,org.thoughtcrime.securesms.jobs.MultiDeviceConfigurationUpdateJob,top_level,4,69,0,3,0,,,0,,0,,0,,0,,0,,0
Signal-Android,2021-1,org.thoughtcrime.securesms.jobs.MultiDeviceContactUpdateJob,top_level,16,243,0,6,1,47,0,1,0,1,0,1,0,1,44,1,1,1
Signal-Android,2021-1,org.thoughtcrime.securesms.jobs.MultiDeviceGroupUpdateJob,top_level,9,96,0,3,1,26,0,1,0,1,0,1,0,1,24,1,0,1
Signal-Android,2021-1,org.thoughtcrime.securesms.jobs.MultiDeviceKeysUpdateJob,top_level,4,36,0,3,1,1,0,1,0,1,0,1,0,1,1,1,0,1
Signal-Android,2021-1,org.thoughtcrime.securesms.jobs.MultiDeviceMessageRequestResponseJob,top_level,4,81,0,2,1,4,0,1,0,1,0,1,0,1,4,1,0,1
Signal-Android,2021-1,org.thoughtcrime.securesms.jobs.MultiDeviceProfileContentUpdateJob,top_level,4,36,0,3,1,1,0,1,0,1,0,1,0,1,1,1,0,1
Signal-Android,2021-1,org.thoughtcrime.securesms.jobs.MultiDeviceProfileKeyUpdateJob,top_level,4,56,0,3,1,4,0,1,0,1,0,1,1,1,2,1,0,1
Signal-Android,2021-1,org.thoughtcrime.securesms.jobs.MultiDeviceReadUpdateJob,top_level,5,75,0,2,1,6,0,1,0,1,0,1,0,1,6,1,0,1
Signal-Android,2021-1,org.thoughtcrime.securesms.jobs.MultiDeviceStickerPackOperationJob,top_level,5,68,0,2,1,1,0,1,0,1,0,1,0,1,1,1,0,1
Signal-Android,2021-1,org.thoughtcrime.securesms.jobs.MultiDeviceStickerPackSyncJob,top_level,5,43,0,3,1,4,0,1,0,1,0,1,0,1,4,1,0,1
Signal-Android,2021-1,org.thoughtcrime.securesms.jobs.MultiDeviceStorageSyncRequestJob,top_level,4,36,0,3,1,1,0,1,0,1,0,1,0,1,1,1,0,1
Signal-Android,2021-1,org.thoughtcrime.securesms.jobs.MultiDeviceVerifiedUpdateJob,top_level,5,84,0,2,1,1,0,1,0,1,0,1,0,1,1,1,0,1
Signal-Android,2021-1,org.thoughtcrime.securesms.jobs.MultiDeviceViewOnceOpenJob,top_level,3,59,0,2,1,1,0,1,0,1,0,1,0,1,1,1,0,1
Signal-Android,2021-1,org.thoughtcrime.securesms.jobs.ProfileKeySendJob,top_level,5,73,0,2,1,17,0,1,0,1,0,1,0,1,17,1,0,1
Signal-Android,2021-1,org.thoughtcrime.securesms.jobs.ProfileUploadJob,top_level,4,44,0,3,1,6,0,1,0,1,0,1,0,1,6,1,0,1
Signal-Android,2021-1,org.thoughtcrime.securesms.jobs.PushDecryptDrainedJob,top_level,3,28,0,3,1,1,0,1,0,1,0,1,0,1,1,1,0,1
Signal-Android,2021-1,org.thoughtcrime.securesms.jobs.PushDecryptMessageJob,top_level,7,148,0,4,1,8,0,1,0,1,0,1,0,1,2,1,0,1
Signal-Android,2021-1,org.thoughtcrime.securesms.jobs.PushGroupSendJob,top_level,26,232,0,3,1,100,0,1,1,1,0,1,0,1,89,1,0,1
Signal-Android,2021-1,org.thoughtcrime.securesms.jobs.PushGroupSilentUpdateSendJob,top_level,4,100,0,2,1,17,0,1,0,1,0,1,0,1,16,1,0,1
Signal-Android,2021-1,org.thoughtcrime.securesms.jobs.PushGroupUpdateJob,top_level,6,75,0,2,1,11,0,1,0,1,0,1,0,1,11,1,0,1
Signal-Android,2021-1,org.thoughtcrime.securesms.jobs.PushMediaSendJob,top_level,17,142,0,3,1,42,0,1,0,1,0,1,0,1,34,1,0,1
Signal-Android,2021-1,org.thoughtcrime.securesms.jobs.PushNotificationReceiveJob,top_level,3,40,0,2,0,,,0,,0,,0,,0,,0,,0
Signal-Android,2021-1,org.thoughtcrime.securesms.jobs.PushProcessMessageJob,top_level,8,1303,0,3,1,625,0,1,1,1,0,1,0,1,597,1,0,1
Signal-Android,2021-1,org.thoughtcrime.securesms.jobs.PushReceivedJob,top_level,0,4,0,0,0,,,0,,0,,0,,0,,0,,0
Signal-Android,2021-1,org.thoughtcrime.securesms.jobs.PushSendJob,top_level,11,221,0,4,1,58,0,1,0,1,0,1,0,1,54,1,1,1
Signal-Android,2021-1,org.thoughtcrime.securesms.jobs.PushTextSendJob,top_level,18,111,0,3,1,36,0,1,0,1,0,1,0,1,33,1,0,1
Signal-Android,2021-1,org.thoughtcrime.securesms.jobs.ReactionSendJob,top_level,17,157,0,2,1,29,0,1,0,1,0,1,0,1,27,1,0,1
Signal-Android,2021-1,org.thoughtcrime.securesms.jobs.RefreshAttributesJob,top_level,7,59,0,3,1,11,0,1,0,1,0,1,0,1,11,1,0,1
Signal-Android,2021-1,org.thoughtcrime.securesms.jobs.RefreshOwnProfileJob,top_level,6,64,0,3,1,10,0,1,0,1,0,1,0,1,10,1,0,1
Signal-Android,2021-1,org.thoughtcrime.securesms.jobs.RefreshPreKeysJob,top_level,8,59,0,3,1,8,0,1,0,1,0,1,0,1,7,1,0,1
Signal-Android,2021-1,org.thoughtcrime.securesms.jobs.RemoteConfigRefreshJob,top_level,4,35,0,3,1,1,0,1,0,1,0,1,0,1,1,1,0,1
Signal-Android,2021-1,org.thoughtcrime.securesms.jobs.RemoteDeleteSendJob,top_level,7,106,0,2,1,22,0,1,0,1,0,1,0,1,22,1,0,1
Signal-Android,2021-1,org.thoughtcrime.securesms.jobs.RequestGroupInfoJob,top_level,2,53,0,2,1,1,0,1,0,1,0,1,0,1,1,1,0,1
Signal-Android,2021-1,org.thoughtcrime.securesms.jobs.RequestGroupV2InfoJob,top_level,2,44,0,2,1,1,0,1,0,1,0,1,0,1,1,1,0,1
Signal-Android,2021-1,org.thoughtcrime.securesms.jobs.RequestGroupV2InfoWorkerJob,top_level,4,53,0,2,1,4,0,1,0,1,0,1,0,1,4,1,0,1
Signal-Android,2021-1,org.thoughtcrime.securesms.jobs.ResumableUploadSpecJob,top_level,3,34,0,3,1,2,0,1,0,1,0,1,0,1,2,1,0,1
Signal-Android,2021-1,org.thoughtcrime.securesms.jobs.RetrieveProfileAvatarJob,top_level,9,72,0,2,1,8,0,1,0,1,0,1,0,1,6,1,0,1
Signal-Android,2021-1,org.thoughtcrime.securesms.jobs.RetrieveProfileJob,top_level,11,256,0,2,1,68,0,1,0,1,0,1,0,1,61,1,1,1
Signal-Android,2021-1,org.thoughtcrime.securesms.jobs.RotateCertificateJob,top_level,8,49,0,4,1,4,0,1,0,1,0,1,0,1,4,1,0,1
Signal-Android,2021-1,org.thoughtcrime.securesms.jobs.RotateProfileKeyJob,top_level,5,36,0,4,1,4,0,1,0,1,0,1,1,1,3,1,0,1
Signal-Android,2021-1,org.thoughtcrime.securesms.jobs.RotateSignedPreKeyJob,top_level,3,40,0,3,1,2,0,1,0,1,0,1,0,1,2,1,0,1
Signal-Android,2021-1,org.thoughtcrime.securesms.jobs.SendDeliveryReceiptJob,top_level,2,60,0,2,1,2,0,1,0,1,0,1,0,1,1,1,0,1
Signal-Android,2021-1,org.thoughtcrime.securesms.jobs.SendJob,top_level,3,19,0,2,1,2,0,1,0,1,0,1,0,1,1,1,0,1
Signal-Android,2021-1,org.thoughtcrime.securesms.jobs.SendReadReceiptJob,top_level,7,98,0,2,1,6,0,1,0,1,0,1,0,1,5,1,0,1
Signal-Android,2021-1,org.thoughtcrime.securesms.jobs.SendViewedReceiptJob,top_level,8,85,0,2,1,5,0,1,0,1,0,1,0,1,4,1,0,1
Signal-Android,2021-1,org.thoughtcrime.securesms.jobs.ServiceOutageDetectionJob,top_level,7,57,0,3,1,4,0,1,0,1,0,1,0,1,3,1,0,1
Signal-Android,2021-1,org.thoughtcrime.securesms.jobs.SmsReceiveJob,top_level,10,121,0,2,1,20,0,1,0,1,0,1,0,1,17,1,0,1
Signal-Android,2021-1,org.thoughtcrime.securesms.jobs.SmsSendJob,top_level,9,136,0,3,1,18,0,1,0,1,0,1,0,1,14,1,0,1
Signal-Android,2021-1,org.thoughtcrime.securesms.jobs.SmsSentJob,top_level,10,76,0,4,1,5,0,1,0,1,0,1,0,1,5,1,0,1
Signal-Android,2021-1,org.thoughtcrime.securesms.jobs.StickerDownloadJob,top_level,7,80,0,2,1,1,0,1,0,1,0,1,0,1,1,1,0,1
Signal-Android,2021-1,org.thoughtcrime.securesms.jobs.StickerPackDownloadJob,top_level,12,108,0,2,1,22,0,1,0,1,0,1,0,1,20,1,0,1
Signal-Android,2021-1,org.thoughtcrime.securesms.jobs.StorageAccountRestoreJob,top_level,11,73,0,3,1,18,0,1,0,1,0,1,2,1,16,1,0,1
Signal-Android,2021-1,org.thoughtcrime.securesms.jobs.StorageForcePushJob,top_level,7,71,0,3,1,17,0,1,0,1,0,1,0,1,16,1,0,1
Signal-Android,2021-1,org.thoughtcrime.securesms.jobs.StorageSyncJob,top_level,22,189,0,4,1,105,0,1,1,1,0,1,0,1,93,1,0,1
Signal-Android,2021-1,org.thoughtcrime.securesms.jobs.TrimThreadJob,top_level,5,34,0,3,1,5,0,1,0,1,0,1,0,1,5,1,0,1
Signal-Android,2021-1,org.thoughtcrime.securesms.jobs.TypingSendJob,top_level,11,70,0,3,1,6,0,1,0,1,0,1,0,1,5,1,0,1
Signal-Android,2021-1,org.thoughtcrime.securesms.jobs.UpdateApkJob,top_level,12,154,1,6,1,19,0,1,0,1,0,1,0,1,17,1,0,1
Signal-Android,2021-1,org.thoughtcrime.securesms.keyvalue.CertificateType,top_level,0,3,0,0,0,,,0,,0,,0,,0,,0,,0
Signal-Android,2021-1,org.thoughtcrime.securesms.keyvalue.CertificateValues,top_level,1,21,0,1,1,2,0,1,0,1,0,1,0,1,2,1,0,1
Signal-Android,2021-1,org.thoughtcrime.securesms.keyvalue.EmojiValues,top_level,1,15,0,1,1,4,0,1,0,1,0,1,0,1,4,1,0,1
Signal-Android,2021-1,org.thoughtcrime.securesms.keyvalue.GroupsV2AuthorizationSignalStoreCache,top_level,1,38,0,1,1,9,0,1,0,1,0,1,0,1,9,1,0,1
Signal-Android,2021-1,org.thoughtcrime.securesms.keyvalue.InternalValues,top_level,9,29,0,9,0,,,0,,0,,0,,0,,0,,0
Signal-Android,2021-1,org.thoughtcrime.securesms.keyvalue.KbsValues,top_level,9,91,0,9,1,23,0,1,0,1,0,1,0,1,23,1,0,1
Signal-Android,2021-1,org.thoughtcrime.securesms.keyvalue.KeepMessagesDuration,top_level,5,20,0,4,0,,,0,,0,,0,,0,,0,,0
Signal-Android,2021-1,org.thoughtcrime.securesms.keyvalue.KeyValueDataSet,top_level,1,76,0,1,1,1,0,1,0,1,0,1,0,1,1,1,0,1
Signal-Android,2021-1,org.thoughtcrime.securesms.keyvalue.KeyValueReader,top_level,6,7,0,0,0,,,0,,0,,0,,0,,0,,0
Signal-Android,2021-1,org.thoughtcrime.securesms.keyvalue.KeyValueStore,top_level,5,97,0,3,0,,,0,,0,,0,,0,,0,,0
Signal-Android,2021-1,org.thoughtcrime.securesms.keyvalue.MiscellaneousValues,top_level,13,36,0,13,0,,,0,,0,,0,,0,,0,,0
Signal-Android,2021-1,org.thoughtcrime.securesms.keyvalue.PhoneNumberPrivacyValues,top_level,7,39,0,5,1,2,0,1,0,1,0,1,0,1,2,1,0,1
Signal-Android,2021-1,org.thoughtcrime.securesms.keyvalue.PinValues,top_level,9,57,0,8,1,19,0,1,0,1,0,1,0,1,19,1,0,1
Signal-Android,2021-1,org.thoughtcrime.securesms.keyvalue.RegistrationValues,top_level,5,22,0,5,1,9,0,1,0,1,0,1,0,1,9,1,0,1
Signal-Android,2021-1,org.thoughtcrime.securesms.keyvalue.RemoteConfigValues,top_level,3,21,0,3,0,,,0,,0,,0,,0,,0,,0
Signal-Android,2021-1,org.thoughtcrime.securesms.keyvalue.SettingsValues,top_level,8,45,0,8,1,3,0,1,0,1,0,1,0,1,3,1,0,1
Signal-Android,2021-1,org.thoughtcrime.securesms.keyvalue.SignalPreferenceDataStore,top_level,0,34,0,0,1,10,0,1,0,1,0,1,0,1,10,1,0,1
Signal-Android,2021-1,org.thoughtcrime.securesms.keyvalue.SignalStore,top_level,3,78,0,1,1,14,0,1,0,1,0,1,0,1,13,1,0,1
Signal-Android,2021-1,org.thoughtcrime.securesms.keyvalue.SignalStoreValues,top_level,1,31,0,1,1,12,0,1,0,1,0,1,0,1,12,1,0,1
Signal-Android,2021-1,org.thoughtcrime.securesms.keyvalue.StorageServiceValues,top_level,5,17,0,5,1,2,0,1,0,1,0,1,0,1,2,1,0,1
Signal-Android,2021-1,org.thoughtcrime.securesms.keyvalue.TooltipValues,top_level,8,23,0,8,0,,,0,,0,,0,,0,,0,,0
Signal-Android,2021-1,org.thoughtcrime.securesms.keyvalue.UiHints,top_level,5,16,0,5,0,,,0,,0,,0,,0,,0,,0
Signal-Android,2021-1,org.thoughtcrime.securesms.linkpreview.Link,top_level,1,10,0,1,0,,,0,,0,,0,,0,,0,,0
Signal-Android,2021-1,org.thoughtcrime.securesms.linkpreview.LinkPreview,top_level,1,56,0,1,1,1,1,1,0,1,0,1,0,1,0,1,0,1
Signal-Android,2021-1,org.thoughtcrime.securesms.linkpreview.LinkPreviewRepository,top_level,1,230,0,1,1,16,0,1,0,1,0,1,0,1,13,1,0,1
Signal-Android,2021-1,org.thoughtcrime.securesms.linkpreview.LinkPreviewUtil,top_level,0,116,0,0,1,37,0,1,0,1,0,1,0,1,29,1,0,1
Signal-Android,2021-1,org.thoughtcrime.securesms.linkpreview.LinkPreviewViewModel,top_level,11,139,0,7,1,17,0,1,0,1,0,1,0,1,10,1,0,1
Signal-Android,2021-1,org.thoughtcrime.securesms.linkpreview.LinkPreviewsMegaphoneView,top_level,0,22,0,0,0,,,0,,0,,0,,0,,0,,0
Signal-Android,2021-1,org.thoughtcrime.securesms.lock.PinHashing,top_level,1,37,0,1,0,,,0,,0,,0,,0,,0,,0
Signal-Android,2021-1,org.thoughtcrime.securesms.lock.RegistrationLockReminders,top_level,0,24,0,0,1,2,0,1,0,1,0,1,0,1,1,1,0,1
Signal-Android,2021-1,org.thoughtcrime.securesms.lock.SignalPinReminderDialog,top_level,0,112,0,0,1,13,0,1,0,1,0,1,0,1,9,1,0,1
Signal-Android,2021-1,org.thoughtcrime.securesms.lock.SignalPinReminders,top_level,6,35,0,0,1,1,0,1,0,1,0,1,0,1,0,1,0,1
Signal-Android,2021-1,org.thoughtcrime.securesms.lock.v2.BaseKbsPinFragment<ViewModel>,top_level,9,121,1,7,0,,,0,,0,,0,,0,,0,,0
Signal-Android,2021-1,org.thoughtcrime.securesms.lock.v2.BaseKbsPinViewModel,top_level,5,9,0,2,0,,,0,,0,,0,,0,,0,,0
Signal-Android,2021-1,org.thoughtcrime.securesms.lock.v2.ConfirmKbsPinFragment,top_level,6,121,0,5,1,35,0,1,0,1,0,1,0,1,34,1,0,1
Signal-Android,2021-1,org.thoughtcrime.securesms.lock.v2.ConfirmKbsPinRepository,top_level,0,19,0,0,0,,,0,,0,,0,,0,,0,,0
Signal-Android,2021-1,org.thoughtcrime.securesms.lock.v2.ConfirmKbsPinViewModel,top_level,4,74,0,3,1,2,0,1,0,1,0,1,0,1,2,1,0,1
Signal-Android,2021-1,org.thoughtcrime.securesms.lock.v2.CreateKbsPinActivity,top_level,1,45,0,1,1,4,0,1,0,1,0,1,0,1,4,1,0,1
Signal-Android,2021-1,org.thoughtcrime.securesms.lock.v2.CreateKbsPinFragment,top_level,4,64,0,3,1,22,0,1,0,1,0,1,0,1,22,1,0,1
Signal-Android,2021-1,org.thoughtcrime.securesms.lock.v2.CreateKbsPinViewModel,top_level,3,42,0,2,1,2,0,1,0,1,0,1,0,1,2,1,0,1
Signal-Android,2021-1,org.thoughtcrime.securesms.lock.v2.KbsConstants,top_level,1,3,0,1,0,,,0,,0,,0,,0,,0,,0
Signal-Android,2021-1,org.thoughtcrime.securesms.lock.v2.KbsMigrationActivity,top_level,1,24,0,1,0,,,0,,0,,0,,0,,0,,0
Signal-Android,2021-1,org.thoughtcrime.securesms.lock.v2.KbsPin,top_level,2,31,0,2,1,3,0,1,0,1,0,1,1,1,2,1,0,1
Signal-Android,2021-1,org.thoughtcrime.securesms.lock.v2.KbsSplashFragment,top_level,5,69,0,5,1,3,0,1,0,1,0,1,0,1,3,1,0,1
Signal-Android,2021-1,org.thoughtcrime.securesms.lock.v2.PinKeyboardType,top_level,2,16,0,1,1,1,0,1,0,1,0,1,0,1,1,1,0,1
Signal-Android,2021-1,org.thoughtcrime.securesms.lock.v2.RegistrationLockUtil,top_level,1,4,0,1,1,1,0,1,0,1,0,1,0,1,1,1,0,1
Signal-Android,2021-1,org.thoughtcrime.securesms.logging.CustomSignalProtocolLogger,top_level,0,22,0,0,0,,,0,,0,,0,,0,,0,,0
Signal-Android,2021-1,org.thoughtcrime.securesms.logging.LogSecretProvider,top_level,0,28,0,0,1,3,0,1,0,1,0,1,0,1,2,1,0,1
Signal-Android,2021-1,org.thoughtcrime.securesms.logsubmit.CompleteLogLine,top_level,1,18,0,1,0,,,0,,0,,0,,0,,0,,0
Signal-Android,2021-1,org.thoughtcrime.securesms.logsubmit.LogLine,top_level,4,9,0,3,0,,,0,,0,,0,,0,,0,,0
Signal-Android,2021-1,org.thoughtcrime.securesms.logsubmit.LogSection,top_level,2,3,0,0,0,,,0,,0,,0,,0,,0,,0
Signal-Android,2021-1,org.thoughtcrime.securesms.logsubmit.LogSectionBlockedThreads,top_level,0,17,0,0,1,5,0,1,0,1,0,1,0,1,5,1,0,1
Signal-Android,2021-1,org.thoughtcrime.securesms.logsubmit.LogSectionCapabilities,top_level,0,19,0,0,1,4,0,1,0,1,0,1,0,1,4,1,0,1
Signal-Android,2021-1,org.thoughtcrime.securesms.logsubmit.LogSectionFeatureFlags,top_level,0,34,0,0,1,17,0,1,0,1,0,1,0,1,17,1,0,1
Signal-Android,2021-1,org.thoughtcrime.securesms.logsubmit.LogSectionJobs,top_level,0,7,0,0,1,1,0,1,0,1,0,1,0,1,1,1,0,1
Signal-Android,2021-1,org.thoughtcrime.securesms.logsubmit.LogSectionLogcat,top_level,0,18,0,0,1,2,0,1,0,1,0,1,0,1,2,1,0,1
Signal-Android,2021-1,org.thoughtcrime.securesms.logsubmit.LogSectionLogger,top_level,0,8,0,0,1,2,0,1,0,1,0,1,0,1,2,1,0,1
Signal-Android,2021-1,org.thoughtcrime.securesms.logsubmit.LogSectionPermissions,top_level,0,21,0,0,1,1,0,1,0,1,0,1,0,1,1,1,0,1
Signal-Android,2021-1,org.thoughtcrime.securesms.logsubmit.LogSectionPin,top_level,0,17,0,0,1,10,0,1,0,1,0,1,0,1,10,1,0,1
Signal-Android,2021-1,org.thoughtcrime.securesms.logsubmit.LogSectionPower,top_level,0,15,0,0,1,5,0,1,0,1,0,1,0,1,5,1,0,1
Signal-Android,2021-1,org.thoughtcrime.securesms.logsubmit.LogSectionSystemInfo,top_level,0,94,0,0,1,19,0,1,0,1,0,1,0,1,19,1,0,1
Signal-Android,2021-1,org.thoughtcrime.securesms.logsubmit.LogSectionThreads,top_level,0,12,0,0,1,1,0,1,0,1,0,1,0,1,1,1,0,1
Signal-Android,2021-1,org.thoughtcrime.securesms.logsubmit.LogSectionTrace,top_level,0,7,0,0,0,,,0,,0,,0,,0,,0,,0
Signal-Android,2021-1,org.thoughtcrime.securesms.logsubmit.LogStyleParser,top_level,0,19,0,0,1,1,0,1,0,1,0,1,0,1,0,1,0,1
Signal-Android,2021-1,org.thoughtcrime.securesms.logsubmit.SimpleLogLine,top_level,1,21,0,1,0,,,0,,0,,0,,0,,0,,0
Signal-Android,2021-1,org.thoughtcrime.securesms.logsubmit.SubmitDebugLogActivity,top_level,7,177,0,5,1,8,0,1,0,1,0,1,0,1,7,1,0,1
Signal-Android,2021-1,org.thoughtcrime.securesms.logsubmit.SubmitDebugLogAdapter,top_level,6,91,0,6,1,9,0,1,0,1,0,1,0,1,6,1,0,1
Signal-Android,2021-1,org.thoughtcrime.securesms.logsubmit.SubmitDebugLogRepository,top_level,2,124,0,2,1,12,0,1,0,1,0,1,0,1,12,1,0,1
Signal-Android,2021-1,org.thoughtcrime.securesms.logsubmit.SubmitDebugLogViewModel,top_level,6,59,0,5,1,4,0,1,0,1,0,1,0,1,3,1,0,1
Signal-Android,2021-1,org.thoughtcrime.securesms.logsubmit.util.Scrubber,top_level,1,69,0,1,1,1,0,1,0,1,0,1,0,1,1,1,0,1
Signal-Android,2021-1,org.thoughtcrime.securesms.longmessage.LongMessage,top_level,0,10,0,0,0,,,0,,0,,0,,0,,0,,0
Signal-Android,2021-1,org.thoughtcrime.securesms.longmessage.LongMessageActivity,top_level,9,95,0,3,1,13,0,1,0,1,0,1,0,1,10,1,0,1
Signal-Android,2021-1,org.thoughtcrime.securesms.longmessage.LongMessageRepository,top_level,0,48,0,0,1,9,0,1,0,1,0,1,0,1,9,1,0,1
Signal-Android,2021-1,org.thoughtcrime.securesms.longmessage.LongMessageViewModel,top_level,1,44,0,1,1,1,0,1,0,1,0,1,0,1,1,1,0,1
Signal-Android,2021-1,org.thoughtcrime.securesms.maps.AddressData,top_level,3,32,0,3,0,,,0,,0,,0,,0,,0,,0
Signal-Android,2021-1,org.thoughtcrime.securesms.maps.LocationRetriever,top_level,0,58,0,0,1,1,0,1,0,1,0,1,0,1,1,1,0,1
Signal-Android,2021-1,org.thoughtcrime.securesms.maps.PlacePickerActivity,top_level,8,130,0,3,1,6,0,1,0,1,0,1,0,1,6,1,0,1
Signal-Android,2021-1,org.thoughtcrime.securesms.maps.SingleAddressBottomSheet,top_level,4,41,0,4,1,1,0,1,0,1,0,1,0,1,1,1,0,1
Signal-Android,2021-1,org.thoughtcrime.securesms.media.DecryptableUriMediaInput,top_level,1,18,0,1,1,2,0,1,0,1,0,1,0,1,2,1,0,1
Signal-Android,2021-1,org.thoughtcrime.securesms.media.MediaInput,top_level,0,40,0,0,0,,,0,,0,,0,,0,,0,,0
Signal-Android,2021-1,org.thoughtcrime.securesms.mediaoverview.MediaActions,top_level,1,68,0,1,1,5,0,1,0,1,0,1,0,1,5,1,0,1
Signal-Android,2021-1,org.thoughtcrime.securesms.mediaoverview.MediaGalleryAllAdapter,top_level,16,306,0,9,1,23,0,1,0,1,0,1,0,1,22,1,0,1
Signal-Android,2021-1,org.thoughtcrime.securesms.mediaoverview.MediaOverviewActivity,top_level,10,156,0,6,1,10,0,1,0,1,0,1,0,1,9,1,0,1
Signal-Android,2021-1,org.thoughtcrime.securesms.mediaoverview.MediaOverviewPageFragment,top_level,9,242,0,6,1,39,0,1,0,1,0,1,0,1,37,1,0,1
Signal-Android,2021-1,org.thoughtcrime.securesms.mediaoverview.MediaOverviewViewModel,top_level,1,17,0,1,1,2,1,1,0,1,0,1,0,1,1,1,0,1
Signal-Android,2021-1,org.thoughtcrime.securesms.mediapreview.ImageMediaPreviewFragment,top_level,0,17,0,0,1,5,0,1,0,1,0,1,0,1,4,1,0,1
Signal-Android,2021-1,org.thoughtcrime.securesms.mediapreview.MediaPreviewFragment,top_level,6,48,0,4,1,3,0,1,0,1,0,1,0,1,3,1,0,1
Signal-Android,2021-1,org.thoughtcrime.securesms.mediapreview.MediaPreviewViewModel,top_level,4,78,0,2,1,21,0,1,0,1,0,1,0,1,14,1,0,1
Signal-Android,2021-1,org.thoughtcrime.securesms.mediapreview.MediaRailAdapter,top_level,16,124,0,9,1,3,0,1,0,1,0,1,0,1,3,1,0,1
Signal-Android,2021-1,org.thoughtcrime.securesms.mediapreview.VideoMediaPreviewFragment,top_level,4,33,0,2,1,7,0,1,0,1,0,1,0,1,6,1,0,1
Signal-Android,2021-1,org.thoughtcrime.securesms.mediasend.AvatarSelectionActivity,top_level,24,129,0,14,1,29,0,1,0,1,0,1,0,1,28,1,0,1
Signal-Android,2021-1,org.thoughtcrime.securesms.mediasend.AvatarSelectionBottomSheetDialogFragment,top_level,6,131,0,3,1,24,0,1,0,1,0,1,0,1,24,1,0,1
Signal-Android,2021-1,org.thoughtcrime.securesms.mediasend.Camera1Controller,top_level,24,163,0,11,1,15,0,1,0,1,0,1,0,1,13,1,0,1
Signal-Android,2021-1,org.thoughtcrime.securesms.mediasend.Camera1Fragment,top_level,17,204,0,8,1,19,0,1,0,1,0,1,0,1,17,1,0,1
Signal-Android,2021-1,org.thoughtcrime.securesms.mediasend.CameraButtonView,top_level,15,192,0,7,1,3,0,1,0,1,0,1,0,1,0,1,1,1
Signal-Android,2021-1,org.thoughtcrime.securesms.mediasend.CameraContactAdapter,top_level,6,142,0,4,1,5,0,1,0,1,0,1,0,1,5,1,0,1
Signal-Android,2021-1,org.thoughtcrime.securesms.mediasend.CameraContactSelectionAdapter,top_level,4,28,0,4,1,3,0,1,0,1,0,1,0,1,3,1,0,1
Signal-Android,2021-1,org.thoughtcrime.securesms.mediasend.CameraContactSelectionFragment,top_level,9,113,0,3,1,10,0,1,0,1,0,1,0,1,7,1,0,1
Signal-Android,2021-1,org.thoughtcrime.securesms.mediasend.CameraContactSelectionViewModel,top_level,2,69,0,2,0,,,0,,0,,0,,0,,0,,0
Signal-Android,2021-1,org.thoughtcrime.securesms.mediasend.CameraContacts,top_level,1,16,0,1,0,,,0,,0,,0,,0,,0,,0
Signal-Android,2021-1,org.thoughtcrime.securesms.mediasend.CameraContactsRepository,top_level,1,66,0,1,1,4,0,1,0,1,0,1,0,1,3,1,0,1
Signal-Android,2021-1,org.thoughtcrime.securesms.mediasend.CameraFragment,top_level,2,21,0,0,0,,,0,,0,,0,,0,,0,,0
Signal-Android,2021-1,org.thoughtcrime.securesms.mediasend.CameraXFragment,top_level,16,252,0,8,1,40,0,1,0,1,0,1,0,1,38,1,0,1
Signal-Android,2021-1,org.thoughtcrime.securesms.mediasend.CameraXSelfieFlashHelper,top_level,6,41,0,3,1,4,0,1,0,1,0,1,0,1,4,1,0,1
Signal-Android,2021-1,org.thoughtcrime.securesms.mediasend.CameraXVideoCaptureHelper,top_level,16,134,0,8,1,13,0,1,0,1,0,1,0,1,13,1,0,1
Signal-Android,2021-1,org.thoughtcrime.securesms.mediasend.FlipTransformation,top_level,0,13,0,0,1,2,0,1,0,1,0,1,0,1,2,1,0,1
Signal-Android,2021-1,org.thoughtcrime.securesms.mediasend.ImageEditorModelRenderMediaTransform,top_level,0,27,0,0,1,3,0,1,0,1,0,1,0,1,3,1,0,1
Signal-Android,2021-1,org.thoughtcrime.securesms.mediasend.LegacyCameraModels,top_level,2,57,0,1,0,,,0,,0,,0,,0,,0,,0
Signal-Android,2021-1,org.thoughtcrime.securesms.mediasend.Media,top_level,8,108,0,8,1,4,1,1,0,1,1,1,0,1,1,1,0,1
Signal-Android,2021-1,org.thoughtcrime.securesms.mediasend.MediaFolder,top_level,2,24,0,2,0,,,0,,0,,0,,0,,0,,0
Signal-Android,2021-1,org.thoughtcrime.securesms.mediasend.MediaPickerFolderAdapter,top_level,3,49,0,3,1,4,0,1,0,1,0,1,0,1,4,1,0,1
Signal-Android,2021-1,org.thoughtcrime.securesms.mediasend.MediaPickerFolderFragment,top_level,4,80,0,3,1,12,0,1,0,1,0,1,0,1,11,1,0,1
Signal-Android,2021-1,org.thoughtcrime.securesms.mediasend.MediaPickerItemAdapter,top_level,5,106,0,5,1,4,0,1,0,1,0,1,0,1,4,1,0,1
Signal-Android,2021-1,org.thoughtcrime.securesms.mediasend.MediaPickerItemFragment,top_level,7,101,0,5,1,18,0,1,0,1,0,1,0,1,17,1,0,1
Signal-Android,2021-1,org.thoughtcrime.securesms.mediasend.MediaRepository,top_level,0,246,0,0,1,37,0,1,0,1,0,1,0,1,35,1,1,1
Signal-Android,2021-1,org.thoughtcrime.securesms.mediasend.MediaSendActivity,top_level,82,665,0,24,1,115,0,1,2,1,0,1,0,1,93,1,1,1
Signal-Android,2021-1,org.thoughtcrime.securesms.mediasend.MediaSendActivityResult,top_level,3,73,0,3,1,1,0,1,0,1,0,1,0,1,0,1,0,1
Signal-Android,2021-1,org.thoughtcrime.securesms.mediasend.MediaSendConstants,top_level,0,3,0,0,0,,,0,,0,,0,,0,,0,,0
Signal-Android,2021-1,org.thoughtcrime.securesms.mediasend.MediaSendFragment,top_level,15,82,0,8,1,5,0,1,0,1,0,1,0,1,3,1,0,1
Signal-Android,2021-1,org.thoughtcrime.securesms.mediasend.MediaSendFragmentPagerAdapter,top_level,11,82,0,6,1,7,0,1,0,1,0,1,0,1,7,1,0,1
Signal-Android,2021-1,org.thoughtcrime.securesms.mediasend.MediaSendGifFragment,top_level,1,34,0,1,1,1,0,1,0,1,0,1,0,1,1,1,0,1
Signal-Android,2021-1,org.thoughtcrime.securesms.mediasend.MediaSendPageFragment,top_level,6,7,0,1,0,,,0,,0,,0,,0,,0,,0
Signal-Android,2021-1,org.thoughtcrime.securesms.mediasend.MediaSendVideoFragment,top_level,31,174,0,12,1,8,0,1,0,1,0,1,0,1,5,1,0,1
Signal-Android,2021-1,org.thoughtcrime.securesms.mediasend.MediaSendViewModel,top_level,58,469,0,20,1,60,1,1,0,1,0,1,0,1,49,1,1,1
Signal-Android,2021-1,org.thoughtcrime.securesms.mediasend.MediaTransform,top_level,1,3,0,0,0,,,0,,0,,0,,0,,0,,0
Signal-Android,2021-1,org.thoughtcrime.securesms.mediasend.MediaUploadRepository,top_level,4,100,0,3,1,11,0,1,0,1,0,1,0,1,10,1,0,1
Signal-Android,2021-1,org.thoughtcrime.securesms.mediasend.MeteredConnectivityObserver,top_level,0,22,0,0,0,,,0,,0,,0,,0,,0,,0
Signal-Android,2021-1,org.thoughtcrime.securesms.mediasend.OrderEnforcer<E>,top_level,12,46,0,4,0,,,0,,0,,0,,0,,0,,0
Signal-Android,2021-1,org.thoughtcrime.securesms.mediasend.SimpleAnimationListener,top_level,0,7,0,0,0,,,0,,0,,0,,0,,0,,0
Signal-Android,2021-1,org.thoughtcrime.securesms.mediasend.VideoTrimTransform,top_level,0,18,0,0,0,,,0,,0,,0,,0,,0,,0
Signal-Android,2021-1,org.thoughtcrime.securesms.mediasend.camerax.CameraXFlashToggleView,top_level,11,87,0,5,1,6,0,1,0,1,0,1,0,1,6,1,0,1
Signal-Android,2021-1,org.thoughtcrime.securesms.mediasend.camerax.CameraXModelBlacklist,top_level,2,69,0,1,0,,,0,,0,,0,,0,,0,,0
Signal-Android,2021-1,org.thoughtcrime.securesms.mediasend.camerax.CameraXUtil,top_level,17,152,0,0,1,15,0,1,0,1,0,1,0,1,10,1,1,1
Signal-Android,2021-1,org.thoughtcrime.securesms.mediasend.camerax.FastCameraModels,top_level,0,11,0,0,1,1,0,1,0,1,0,1,0,1,0,1,0,1
Signal-Android,2021-1,org.thoughtcrime.securesms.megaphone.BasicMegaphoneView,top_level,4,69,0,1,1,7,0,1,0,1,0,1,0,1,2,1,0,1
Signal-Android,2021-1,org.thoughtcrime.securesms.megaphone.ClientDeprecatedActivity,top_level,5,29,0,5,1,2,0,1,0,1,0,1,0,1,2,1,0,1
Signal-Android,2021-1,org.thoughtcrime.securesms.megaphone.ForeverSchedule,top_level,2,7,0,2,0,,,0,,0,,0,,0,,0,,0
Signal-Android,2021-1,org.thoughtcrime.securesms.megaphone.Megaphone,top_level,14,126,0,14,1,1,0,1,0,1,0,1,0,1,1,1,0,1
Signal-Android,2021-1,org.thoughtcrime.securesms.megaphone.MegaphoneActionController,top_level,7,8,0,0,0,,,0,,0,,0,,0,,0,,0
Signal-Android,2021-1,org.thoughtcrime.securesms.megaphone.MegaphoneRepository,top_level,6,81,0,5,1,6,0,1,0,1,0,1,0,1,6,1,0,1
Signal-Android,2021-1,org.thoughtcrime.securesms.megaphone.MegaphoneSchedule,top_level,1,2,0,1,0,,,0,,0,,0,,0,,0,,0
Signal-Android,2021-1,org.thoughtcrime.securesms.megaphone.MegaphoneViewBuilder,top_level,0,41,0,0,1,1,0,1,0,1,0,1,0,1,0,1,0,1
Signal-Android,2021-1,org.thoughtcrime.securesms.megaphone.Megaphones,top_level,3,198,0,1,1,19,0,1,0,1,0,1,0,1,15,1,0,1
Signal-Android,2021-1,org.thoughtcrime.securesms.megaphone.PinsForAllSchedule,top_level,13,37,0,1,1,8,0,1,0,1,0,1,0,1,7,1,0,1
Signal-Android,2021-1,org.thoughtcrime.securesms.megaphone.PopupMegaphoneView,top_level,4,46,0,1,1,2,0,1,0,1,0,1,0,1,2,1,0,1
Signal-Android,2021-1,org.thoughtcrime.securesms.megaphone.RecurringSchedule,top_level,3,10,0,2,0,,,0,,0,,0,,0,,0,,0
Signal-Android,2021-1,org.thoughtcrime.securesms.megaphone.ResearchMegaphoneDialog,top_level,2,16,0,2,1,4,0,1,0,1,0,1,0,1,4,1,0,1
Signal-Android,2021-1,org.thoughtcrime.securesms.megaphone.ShowForDurationSchedule,top_level,2,9,0,2,1,1,0,1,0,1,0,1,0,1,1,1,0,1
Signal-Android,2021-1,org.thoughtcrime.securesms.megaphone.SignalPinReminderSchedule,top_level,5,14,0,1,1,5,0,1,0,1,0,1,0,1,5,1,0,1
Signal-Android,2021-1,org.thoughtcrime.securesms.messagedetails.MessageDetails,top_level,0,49,0,0,0,,,0,,0,,0,,0,,0,,0
Signal-Android,2021-1,org.thoughtcrime.securesms.messagedetails.MessageDetailsActivity,top_level,7,86,0,6,1,13,0,1,0,1,0,1,0,1,12,1,0,1
Signal-Android,2021-1,org.thoughtcrime.securesms.messagedetails.MessageDetailsAdapter,top_level,5,85,0,3,1,13,0,1,0,1,0,1,0,1,12,1,0,1
Signal-Android,2021-1,org.thoughtcrime.securesms.messagedetails.MessageDetailsRepository,top_level,0,74,0,0,1,8,0,1,0,1,0,1,0,1,7,1,0,1
Signal-Android,2021-1,org.thoughtcrime.securesms.messagedetails.MessageDetailsViewModel,top_level,0,23,0,0,0,,,0,,0,,0,,0,,0,,0
Signal-Android,2021-1,org.thoughtcrime.securesms.messagedetails.MessageHeaderViewHolder,top_level,0,136,0,0,1,9,0,1,0,1,0,1,0,1,8,1,0,1
Signal-Android,2021-1,org.thoughtcrime.securesms.messagedetails.MessageRecordLiveData,top_level,12,62,0,8,1,7,0,1,0,1,0,1,0,1,7,1,0,1
Signal-Android,2021-1,org.thoughtcrime.securesms.messagedetails.RecipientDeliveryStatus,top_level,3,32,0,3,0,,,0,,0,,0,,0,,0,,0
Signal-Android,2021-1,org.thoughtcrime.securesms.messagedetails.RecipientHeader,top_level,2,12,0,2,0,,,0,,0,,0,,0,,0,,0
Signal-Android,2021-1,org.thoughtcrime.securesms.messagedetails.RecipientHeaderViewHolder,top_level,0,25,0,0,0,,,0,,0,,0,,0,,0,,0
Signal-Android,2021-1,org.thoughtcrime.securesms.messagedetails.RecipientViewHolder,top_level,0,39,0,0,1,6,0,1,0,1,0,1,0,1,6,1,0,1
Signal-Android,2021-1,org.thoughtcrime.securesms.messagerequests.CalleeMustAcceptMessageRequestActivity,top_level,2,41,0,2,1,4,0,1,0,1,0,1,0,1,3,1,0,1
Signal-Android,2021-1,org.thoughtcrime.securesms.messagerequests.CalleeMustAcceptMessageRequestViewModel,top_level,0,13,0,0,0,,,0,,0,,0,,0,,0,,0
Signal-Android,2021-1,org.thoughtcrime.securesms.messagerequests.GroupMemberCount,top_level,3,11,0,3,0,,,0,,0,,0,,0,,0,,0
Signal-Android,2021-1,org.thoughtcrime.securesms.messagerequests.MessageRequestMegaphoneActivity,top_level,2,32,0,2,1,6,0,1,0,1,0,1,0,1,5,1,0,1
Signal-Android,2021-1,org.thoughtcrime.securesms.messagerequests.MessageRequestRepository,top_level,0,178,0,0,1,13,0,1,0,1,0,1,0,1,6,1,0,1
Signal-Android,2021-1,org.thoughtcrime.securesms.messagerequests.MessageRequestState,top_level,0,12,0,0,0,,,0,,0,,0,,0,,0,,0
Signal-Android,2021-1,org.thoughtcrime.securesms.messagerequests.MessageRequestViewModel,top_level,14,146,0,10,1,4,0,1,0,1,0,1,0,1,3,1,0,1
Signal-Android,2021-1,org.thoughtcrime.securesms.messagerequests.MessageRequestsBottomView,top_level,5,116,0,3,1,8,0,1,0,1,0,1,0,1,5,1,0,1
Signal-Android,2021-1,org.thoughtcrime.securesms.messages.BackgroundMessageRetriever,top_level,0,53,0,0,1,3,0,1,0,1,0,1,0,1,3,1,0,1
Signal-Android,2021-1,org.thoughtcrime.securesms.messages.IncomingMessageObserver,top_level,11,148,0,6,1,10,0,1,0,1,0,1,0,1,8,1,0,1
Signal-Android,2021-1,org.thoughtcrime.securesms.messages.IncomingMessageProcessor,top_level,2,50,0,2,1,1,0,1,0,1,0,1,0,1,1,1,0,1
Signal-Android,2021-1,org.thoughtcrime.securesms.messages.MessageRetrievalStrategy,top_level,3,30,0,3,1,3,0,1,0,1,0,1,0,1,3,1,0,1
Signal-Android,2021-1,org.thoughtcrime.securesms.messages.RestStrategy,top_level,7,61,0,1,1,8,0,1,0,1,0,1,0,1,8,1,0,1
Signal-Android,2021-1,org.thoughtcrime.securesms.messages.WebsocketStrategy,top_level,7,47,0,3,1,2,0,1,0,1,0,1,0,1,2,1,0,1
Signal-Android,2021-1,org.thoughtcrime.securesms.migrations.ApplicationMigrationActivity,top_level,0,16,0,0,1,1,0,1,0,1,0,1,0,1,1,1,0,1
Signal-Android,2021-1,org.thoughtcrime.securesms.migrations.ApplicationMigrations,top_level,1,140,0,0,1,16,0,1,1,1,0,1,0,1,4,1,0,1
Signal-Android,2021-1,org.thoughtcrime.securesms.migrations.AttributesMigrationJob,top_level,3,26,0,3,0,,,0,,0,,0,,0,,0,,0
Signal-Android,2021-1,org.thoughtcrime.securesms.migrations.AvatarIdRemovalMigrationJob,top_level,3,23,0,3,0,,,0,,0,,0,,0,,0,,0
Signal-Android,2021-1,org.thoughtcrime.securesms.migrations.AvatarMigrationJob,top_level,7,43,0,3,1,2,0,1,0,1,0,1,0,1,2,1,0,1
Signal-Android,2021-1,org.thoughtcrime.securesms.migrations.BackupNotificationMigrationJob,top_level,6,30,0,3,1,1,0,1,0,1,0,1,0,1,1,1,0,1
Signal-Android,2021-1,org.thoughtcrime.securesms.migrations.CachedAttachmentsMigrationJob,top_level,6,28,0,3,1,3,0,1,0,1,0,1,0,1,3,1,0,1
Signal-Android,2021-1,org.thoughtcrime.securesms.migrations.DatabaseMigrationJob,top_level,3,22,0,3,1,1,0,1,0,1,0,1,0,1,1,1,0,1
Signal-Android,2021-1,org.thoughtcrime.securesms.migrations.DirectoryRefreshMigrationJob,top_level,6,28,0,3,1,1,0,1,0,1,0,1,0,1,1,1,0,1
Signal-Android,2021-1,org.thoughtcrime.securesms.migrations.KbsEnclaveMigrationJob,top_level,3,22,0,3,0,,,0,,0,,0,,0,,0,,0
Signal-Android,2021-1,org.thoughtcrime.securesms.migrations.LegacyMigrationJob,top_level,45,158,0,3,1,28,0,1,1,1,0,1,0,1,16,1,1,1
Signal-Android,2021-1,org.thoughtcrime.securesms.migrations.MigrationCompleteEvent,top_level,2,6,0,2,0,,,0,,0,,0,,0,,0,,0
Signal-Android,2021-1,org.thoughtcrime.securesms.migrations.MigrationCompleteJob,top_level,3,33,0,3,0,,,0,,0,,0,,0,,0,,0
Signal-Android,2021-1,org.thoughtcrime.securesms.migrations.MigrationJob,top_level,3,37,0,3,1,6,0,1,0,1,0,1,0,1,2,1,0,1
Signal-Android,2021-1,org.thoughtcrime.securesms.migrations.PassingMigrationJob,top_level,2,19,0,2,0,,,0,,0,,0,,0,,0,,0
Signal-Android,2021-1,org.thoughtcrime.securesms.migrations.PinOptOutMigration,top_level,6,31,0,3,1,4,0,1,0,1,0,1,0,1,4,1,0,1
Signal-Android,2021-1,org.thoughtcrime.securesms.migrations.PinReminderMigrationJob,top_level,3,22,0,3,1,2,0,1,0,1,0,1,0,1,2,1,0,1
Signal-Android,2021-1,org.thoughtcrime.securesms.migrations.ProfileMigrationJob,top_level,3,24,0,3,0,,,0,,0,,0,,0,,0,,0
Signal-Android,2021-1,org.thoughtcrime.securesms.migrations.RecipientSearchMigrationJob,top_level,3,22,0,3,0,,,0,,0,,0,,0,,0,,0
Signal-Android,2021-1,org.thoughtcrime.securesms.migrations.RegistrationPinV2MigrationJob,top_level,5,41,0,3,0,,,0,,0,,0,,0,,0,,0
Signal-Android,2021-1,org.thoughtcrime.securesms.migrations.StickerAdditionMigrationJob,top_level,3,35,0,2,1,4,0,1,0,1,0,1,0,1,4,1,0,1
Signal-Android,2021-1,org.thoughtcrime.securesms.migrations.StickerLaunchMigrationJob,top_level,3,32,0,3,1,1,0,1,0,1,0,1,0,1,1,1,0,1
Signal-Android,2021-1,org.thoughtcrime.securesms.migrations.StorageCapabilityMigrationJob,top_level,4,33,0,3,0,,,0,,0,,0,,0,,0,,0
Signal-Android,2021-1,org.thoughtcrime.securesms.migrations.StorageServiceMigrationJob,top_level,4,31,0,3,0,,,0,,0,,0,,0,,0,,0
Signal-Android,2021-1,org.thoughtcrime.securesms.migrations.TrimByLengthSettingsMigrationJob,top_level,4,30,0,3,1,6,0,1,0,1,0,1,0,1,6,1,0,1
Signal-Android,2021-1,org.thoughtcrime.securesms.migrations.UuidMigrationJob,top_level,5,34,0,3,1,4,0,1,0,1,0,1,0,1,4,1,0,1
Signal-Android,2021-1,org.thoughtcrime.securesms.mms.ApnUnavailableException,top_level,1,8,0,1,0,,,0,,0,,0,,0,,0,,0
Signal-Android,2021-1,org.thoughtcrime.securesms.mms.AttachmentManager,top_level,5,312,0,3,1,54,0,1,1,1,0,1,0,1,44,1,0,1
Signal-Android,2021-1,org.thoughtcrime.securesms.mms.AttachmentStreamLocalUriFetcher,top_level,4,35,0,2,0,,,0,,0,,0,,0,,0,,0
Signal-Android,2021-1,org.thoughtcrime.securesms.mms.AttachmentStreamUriLoader,top_level,1,36,0,1,1,1,0,1,0,1,0,1,0,1,1,1,0,1
Signal-Android,2021-1,org.thoughtcrime.securesms.mms.AudioSlide,top_level,3,23,0,3,0,,,0,,0,,0,,0,,0,,0
Signal-Android,2021-1,org.thoughtcrime.securesms.mms.CompatMmsConnection,top_level,0,53,0,0,1,3,0,1,0,1,0,1,0,1,0,1,0,1
Signal-Android,2021-1,org.thoughtcrime.securesms.mms.ContactPhotoLocalUriFetcher,top_level,0,11,0,0,1,2,0,1,0,1,0,1,0,1,2,1,0,1
Signal-Android,2021-1,org.thoughtcrime.securesms.mms.DecryptableStreamLocalUriFetcher,top_level,0,21,0,0,1,3,0,1,0,1,0,1,0,1,2,1,0,1
Signal-Android,2021-1,org.thoughtcrime.securesms.mms.DecryptableStreamUriLoader,top_level,1,36,0,1,1,1,0,1,0,1,0,1,0,1,1,1,0,1
Signal-Android,2021-1,org.thoughtcrime.securesms.mms.DocumentSlide,top_level,1,10,0,1,0,,,0,,0,,0,,0,,0,,0
Signal-Android,2021-1,org.thoughtcrime.securesms.mms.GifSlide,top_level,1,13,0,1,0,,,0,,0,,0,,0,,0,,0
Signal-Android,2021-1,org.thoughtcrime.securesms.mms.ImageSlide,top_level,3,28,0,3,0,,,0,,0,,0,,0,,0,,0
Signal-Android,2021-1,org.thoughtcrime.securesms.mms.IncomingLegacyMmsConnection,top_level,2,72,0,1,1,4,0,1,0,1,0,1,0,1,4,1,0,1
Signal-Android,2021-1,org.thoughtcrime.securesms.mms.IncomingLollipopMmsConnection,top_level,3,70,0,1,1,14,0,1,0,1,0,1,0,1,13,1,0,1
Signal-Android,2021-1,org.thoughtcrime.securesms.mms.IncomingMediaMessage,top_level,9,112,0,9,1,4,1,1,0,1,2,1,0,1,0,1,0,1
Signal-Android,2021-1,org.thoughtcrime.securesms.mms.IncomingMmsConnection,top_level,1,3,0,0,0,,,0,,0,,0,,0,,0,,0
Signal-Android,2021-1,org.thoughtcrime.securesms.mms.LegacyMmsConnection,top_level,1,167,0,1,1,21,1,1,0,1,0,1,1,1,16,1,0,1
Signal-Android,2021-1,org.thoughtcrime.securesms.mms.LocationSlide,top_level,1,16,0,1,0,,,0,,0,,0,,0,,0,,0
Signal-Android,2021-1,org.thoughtcrime.securesms.mms.LollipopMmsConnection,top_level,5,34,0,3,1,2,0,1,0,1,0,1,0,1,2,1,0,1
Signal-Android,2021-1,org.thoughtcrime.securesms.mms.MediaConstraints,top_level,3,40,0,0,0,,,0,,0,,0,,0,,0,,0
Signal-Android,2021-1,org.thoughtcrime.securesms.mms.MediaNotFoundException,top_level,1,8,0,1,0,,,0,,0,,0,,0,,0,,0
Signal-Android,2021-1,org.thoughtcrime.securesms.mms.MediaStream,top_level,2,18,0,2,1,1,1,1,0,1,0,1,0,1,0,1,0,1
Signal-Android,2021-1,org.thoughtcrime.securesms.mms.MediaTooLargeException,top_level,1,8,0,1,0,,,0,,0,,0,,0,,0,,0
Signal-Android,2021-1,org.thoughtcrime.securesms.mms.MessageGroupContext,top_level,5,104,0,3,1,16,0,1,0,1,0,1,0,1,16,1,0,1
Signal-Android,2021-1,org.thoughtcrime.securesms.mms.MmsConfigManager,top_level,0,20,0,0,1,4,0,1,0,1,0,1,0,1,3,1,0,1
Signal-Android,2021-1,org.thoughtcrime.securesms.mms.MmsException,top_level,1,10,0,1,0,,,0,,0,,0,,0,,0,,0
Signal-Android,2021-1,org.thoughtcrime.securesms.mms.MmsMediaConstraints,top_level,1,34,0,1,1,3,0,1,0,1,0,1,0,1,3,1,0,1
Signal-Android,2021-1,org.thoughtcrime.securesms.mms.MmsRadio,top_level,24,95,0,6,1,12,0,1,0,1,0,1,0,1,8,1,0,1
Signal-Android,2021-1,org.thoughtcrime.securesms.mms.MmsRadioException,top_level,0,5,0,0,0,,,0,,0,,0,,0,,0,,0
Signal-Android,2021-1,org.thoughtcrime.securesms.mms.MmsSendResult,top_level,3,10,0,3,0,,,0,,0,,0,,0,,0,,0
Signal-Android,2021-1,org.thoughtcrime.securesms.mms.MmsSlide,top_level,0,7,0,0,0,,,0,,0,,0,,0,,0,,0
Signal-Android,2021-1,org.thoughtcrime.securesms.mms.OutgoingExpirationUpdateMessage,top_level,1,8,0,1,0,,,0,,0,,0,,0,,0,,0
Signal-Android,2021-1,org.thoughtcrime.securesms.mms.OutgoingGroupUpdateMessage,top_level,2,48,0,2,1,3,0,1,0,1,3,1,0,1,0,1,0,1
Signal-Android,2021-1,org.thoughtcrime.securesms.mms.OutgoingLegacyMmsConnection,top_level,8,80,0,2,1,6,0,1,0,1,0,1,0,1,6,1,0,1
Signal-Android,2021-1,org.thoughtcrime.securesms.mms.OutgoingLollipopMmsConnection,top_level,0,47,0,0,1,4,0,1,0,1,0,1,0,1,4,1,0,1
Signal-Android,2021-1,org.thoughtcrime.securesms.mms.OutgoingMediaMessage,top_level,9,108,0,9,1,3,1,1,0,1,2,1,0,1,0,1,0,1
Signal-Android,2021-1,org.thoughtcrime.securesms.mms.OutgoingMmsConnection,top_level,1,3,0,0,0,,,0,,0,,0,,0,,0,,0
Signal-Android,2021-1,org.thoughtcrime.securesms.mms.OutgoingSecureMediaMessage,top_level,1,17,0,1,1,1,0,1,0,1,1,1,0,1,0,1,0,1
Signal-Android,2021-1,org.thoughtcrime.securesms.mms.PartAuthority,top_level,0,94,0,0,1,5,0,1,0,1,0,1,0,1,4,1,0,1
Signal-Android,2021-1,org.thoughtcrime.securesms.mms.PartParser,top_level,0,45,0,0,1,7,0,1,0,1,0,1,0,1,5,1,0,1
Signal-Android,2021-1,org.thoughtcrime.securesms.mms.PartUriParser,top_level,2,10,0,2,1,1,0,1,0,1,0,1,0,1,1,1,0,1
Signal-Android,2021-1,org.thoughtcrime.securesms.mms.PushMediaConstraints,top_level,0,34,0,0,0,,,0,,0,,0,,0,,0,,0
Signal-Android,2021-1,org.thoughtcrime.securesms.mms.QuoteId,top_level,1,32,0,1,1,1,0,1,0,1,0,1,0,1,1,1,0,1
Signal-Android,2021-1,org.thoughtcrime.securesms.mms.QuoteModel,top_level,2,26,0,2,1,1,1,1,0,1,0,1,0,1,0,1,0,1
Signal-Android,2021-1,org.thoughtcrime.securesms.mms.SignalGlideModule,top_level,1,38,0,1,1,5,0,1,0,1,0,1,0,1,4,1,0,1
Signal-Android,2021-1,org.thoughtcrime.securesms.mms.Slide,top_level,15,139,0,15,1,14,0,1,0,1,2,1,0,1,11,1,0,1
Signal-Android,2021-1,org.thoughtcrime.securesms.mms.SlideClickListener,top_level,1,2,0,0,0,,,0,,0,,0,,0,,0,,0
Signal-Android,2021-1,org.thoughtcrime.securesms.mms.SlideDeck,top_level,10,66,0,3,1,5,0,1,0,1,0,1,0,1,5,1,0,1
Signal-Android,2021-1,org.thoughtcrime.securesms.mms.SlidesClickedListener,top_level,1,2,0,0,0,,,0,,0,,0,,0,,0,,0
Signal-Android,2021-1,org.thoughtcrime.securesms.mms.StickerSlide,top_level,2,24,0,2,0,,,0,,0,,0,,0,,0,,0
Signal-Android,2021-1,org.thoughtcrime.securesms.mms.TextSlide,top_level,0,5,0,0,0,,,0,,0,,0,,0,,0,,0
Signal-Android,2021-1,org.thoughtcrime.securesms.mms.VideoSlide,top_level,4,27,0,4,0,,,0,,0,,0,,0,,0,,0
Signal-Android,2021-1,org.thoughtcrime.securesms.mms.ViewOnceSlide,top_level,1,6,0,1,0,,,0,,0,,0,,0,,0,,0
Signal-Android,2021-1,org.thoughtcrime.securesms.net.CallRequestController,top_level,2,22,0,1,1,1,0,1,0,1,0,1,0,1,1,1,0,1
Signal-Android,2021-1,org.thoughtcrime.securesms.net.ChunkedDataFetcher,top_level,0,240,0,0,1,23,0,1,0,1,0,1,0,1,17,1,0,1
Signal-Android,2021-1,org.thoughtcrime.securesms.net.CompositeRequestController,top_level,2,14,0,2,1,1,0,1,0,1,0,1,0,1,1,1,0,1
Signal-Android,2021-1,org.thoughtcrime.securesms.net.ContentProxySafetyInterceptor,top_level,0,27,0,0,1,8,0,1,0,1,0,1,0,1,8,1,0,1
Signal-Android,2021-1,org.thoughtcrime.securesms.net.ContentProxySelector,top_level,0,21,0,0,1,1,0,1,0,1,0,1,0,1,1,1,0,1
Signal-Android,2021-1,org.thoughtcrime.securesms.net.CustomDns,top_level,0,26,0,0,1,7,0,1,0,1,0,1,0,1,7,1,0,1
Signal-Android,2021-1,org.thoughtcrime.securesms.net.DeprecatedClientPreventionInterceptor,top_level,0,16,0,0,1,1,0,1,0,1,0,1,0,1,1,1,0,1
Signal-Android,2021-1,org.thoughtcrime.securesms.net.RemoteDeprecationDetectorInterceptor,top_level,0,9,0,0,1,3,0,1,0,1,0,1,0,1,3,1,0,1
Signal-Android,2021-1,org.thoughtcrime.securesms.net.RequestController,top_level,1,2,0,1,0,,,0,,0,,0,,0,,0,,0
Signal-Android,2021-1,org.thoughtcrime.securesms.net.SequentialDns,top_level,0,18,0,0,1,4,0,1,0,1,0,1,0,1,3,1,0,1
Signal-Android,2021-1,org.thoughtcrime.securesms.net.StandardUserAgentInterceptor,top_level,1,3,0,1,0,,,0,,0,,0,,0,,0,,0
Signal-Android,2021-1,org.thoughtcrime.securesms.net.StaticDns,top_level,0,11,0,0,0,,,0,,0,,0,,0,,0,,0
Signal-Android,2021-1,org.thoughtcrime.securesms.net.UserAgentInterceptor,top_level,0,9,0,0,1,3,0,1,0,1,0,1,0,1,3,1,0,1
Signal-Android,2021-1,org.thoughtcrime.securesms.notifications.AbstractNotificationBuilder,top_level,2,50,0,1,1,7,0,1,0,1,0,1,0,1,6,1,0,1
Signal-Android,2021-1,org.thoughtcrime.securesms.notifications.AndroidAutoHeardReceiver,top_level,0,26,0,0,1,2,0,1,0,1,0,1,0,1,2,1,0,1
Signal-Android,2021-1,org.thoughtcrime.securesms.notifications.AndroidAutoReplyReceiver,top_level,0,53,0,0,1,4,0,1,0,1,0,1,0,1,4,1,0,1
Signal-Android,2021-1,org.thoughtcrime.securesms.notifications.DefaultMessageNotifier,top_level,5,473,0,5,1,132,0,1,1,1,0,1,0,1,98,1,1,1
Signal-Android,2021-1,org.thoughtcrime.securesms.notifications.DeleteNotificationReceiver,top_level,0,19,0,0,1,6,0,1,0,1,0,1,3,1,3,1,0,1
Signal-Android,2021-1,org.thoughtcrime.securesms.notifications.DoNotDisturbUtil,top_level,1,47,0,1,1,5,0,1,0,1,0,1,0,1,5,1,0,1
Signal-Android,2021-1,org.thoughtcrime.securesms.notifications.FailedNotificationBuilder,top_level,0,13,0,0,0,,,0,,0,,0,,0,,0,,0
Signal-Android,2021-1,org.thoughtcrime.securesms.notifications.LocaleChangedReceiver,top_level,0,4,0,0,0,,,0,,0,,0,,0,,0,,0
Signal-Android,2021-1,org.thoughtcrime.securesms.notifications.MarkReadReceiver,top_level,0,61,0,0,1,21,0,1,0,1,0,1,0,1,21,1,0,1
Signal-Android,2021-1,org.thoughtcrime.securesms.notifications.MessageNotifier,top_level,12,20,0,5,1,1,0,1,0,1,0,1,0,1,1,1,0,1
Signal-Android,2021-1,org.thoughtcrime.securesms.notifications.MultipleRecipientNotificationBuilder,top_level,1,44,0,1,1,1,0,1,0,1,0,1,0,1,1,1,0,1
Signal-Android,2021-1,org.thoughtcrime.securesms.notifications.NotificationCancellationHelper,top_level,1,64,0,1,1,15,0,1,0,1,0,1,0,1,14,1,0,1
Signal-Android,2021-1,org.thoughtcrime.securesms.notifications.NotificationChannels,top_level,1,321,0,0,1,40,0,1,0,1,0,1,0,1,33,1,1,1
Signal-Android,2021-1,org.thoughtcrime.securesms.notifications.NotificationIds,top_level,2,11,0,1,0,,,0,,0,,0,,0,,0,,0
Signal-Android,2021-1,org.thoughtcrime.securesms.notifications.NotificationItem,top_level,7,79,0,7,1,6,1,1,0,1,1,1,0,1,4,1,0,1
Signal-Android,2021-1,org.thoughtcrime.securesms.notifications.NotificationState,top_level,5,117,0,5,1,8,0,1,0,1,0,1,0,1,8,1,0,1
Signal-Android,2021-1,org.thoughtcrime.securesms.notifications.OptimizedMessageNotifier,top_level,5,51,0,5,1,1,0,1,0,1,0,1,0,1,0,1,0,1
Signal-Android,2021-1,org.thoughtcrime.securesms.notifications.PendingMessageNotificationBuilder,top_level,0,16,0,0,0,,,0,,0,,0,,0,,0,,0
Signal-Android,2021-1,org.thoughtcrime.securesms.notifications.RemoteReplyReceiver,top_level,0,54,0,0,1,3,0,1,0,1,0,1,0,1,2,1,0,1
Signal-Android,2021-1,org.thoughtcrime.securesms.notifications.ReplyMethod,top_level,0,11,0,0,0,,,0,,0,,0,,0,,0,,0
Signal-Android,2021-1,org.thoughtcrime.securesms.notifications.SingleRecipientNotificationBuilder,top_level,6,252,0,4,1,30,0,1,0,1,0,1,0,1,27,1,1,1
Signal-Android,2021-1,org.thoughtcrime.securesms.permissions.Permissions,top_level,0,190,0,0,1,11,0,1,0,1,0,1,0,1,7,1,0,1
Signal-Android,2021-1,org.thoughtcrime.securesms.permissions.PermissionsRequest,top_level,0,51,0,0,1,7,0,1,0,1,0,1,0,1,0,1,0,1
Signal-Android,2021-1,org.thoughtcrime.securesms.permissions.RationaleDialog,top_level,0,24,0,0,1,5,0,1,0,1,0,1,0,1,4,1,0,1
Signal-Android,2021-1,org.thoughtcrime.securesms.phonenumbers.NumberUtil,top_level,0,13,0,0,1,3,0,1,0,1,0,1,0,1,2,1,0,1
Signal-Android,2021-1,org.thoughtcrime.securesms.phonenumbers.PhoneNumberFormatter,top_level,0,125,0,0,1,33,0,1,0,1,0,1,0,1,26,1,0,1
Signal-Android,2021-1,org.thoughtcrime.securesms.pin.KbsEnclaves,top_level,0,7,0,0,1,1,0,1,0,1,0,1,0,1,0,1,0,1
Signal-Android,2021-1,org.thoughtcrime.securesms.pin.PinOptOutDialog,top_level,0,30,0,0,1,1,0,1,0,1,0,1,0,1,0,1,0,1
Signal-Android,2021-1,org.thoughtcrime.securesms.pin.PinRestoreActivity,top_level,1,14,0,1,1,1,0,1,0,1,0,1,0,1,1,1,0,1
Signal-Android,2021-1,org.thoughtcrime.securesms.pin.PinRestoreEntryFragment,top_level,10,180,0,7,1,24,0,1,0,1,0,1,0,1,21,1,0,1
Signal-Android,2021-1,org.thoughtcrime.securesms.pin.PinRestoreLockedFragment,top_level,0,15,0,0,1,2,0,1,0,1,0,1,0,1,2,1,0,1
Signal-Android,2021-1,org.thoughtcrime.securesms.pin.PinRestoreRepository,top_level,2,106,0,1,1,2,0,1,0,1,0,1,0,1,2,1,0,1
Signal-Android,2021-1,org.thoughtcrime.securesms.pin.PinRestoreViewModel,top_level,2,69,0,1,1,1,0,1,0,1,0,1,0,1,1,1,0,1
Signal-Android,2021-1,org.thoughtcrime.securesms.pin.PinState,top_level,42,272,0,0,1,65,0,1,0,1,0,1,0,1,58,1,0,1
Signal-Android,2021-1,org.thoughtcrime.securesms.pin.RegistrationLockV2Dialog,top_level,1,68,0,1,0,,,0,,0,,0,,0,,0,,0
Signal-Android,2021-1,org.thoughtcrime.securesms.preferences.AdvancedPinPreferenceFragment,top_level,7,52,0,3,1,5,0,1,0,1,0,1,0,1,4,1,0,1
Signal-Android,2021-1,org.thoughtcrime.securesms.preferences.AdvancedPreferenceFragment,top_level,6,157,0,3,1,17,0,1,0,1,0,1,0,1,16,1,0,1
Signal-Android,2021-1,org.thoughtcrime.securesms.preferences.AppProtectionPreferenceFragment,top_level,17,394,0,6,1,48,0,1,0,1,0,1,0,1,47,1,0,1
Signal-Android,2021-1,org.thoughtcrime.securesms.preferences.AppearancePreferenceFragment,top_level,3,35,0,3,1,6,0,1,0,1,0,1,0,1,6,1,0,1
Signal-Android,2021-1,org.thoughtcrime.securesms.preferences.ApplicationPreferencesViewModel,top_level,0,18,0,0,1,2,0,1,0,1,0,1,0,1,2,1,0,1
Signal-Android,2021-1,org.thoughtcrime.securesms.preferences.BackupsPreferenceFragment,top_level,25,152,0,14,1,16,0,1,0,1,0,1,0,1,14,1,0,1
Signal-Android,2021-1,org.thoughtcrime.securesms.preferences.BlockedContactListItem,top_level,3,34,0,2,1,2,0,1,0,1,0,1,0,1,2,1,0,1
Signal-Android,2021-1,org.thoughtcrime.securesms.preferences.ChatsPreferenceFragment,top_level,4,58,0,4,1,8,0,1,0,1,0,1,0,1,8,1,0,1
Signal-Android,2021-1,org.thoughtcrime.securesms.preferences.CorrectedPreferenceFragment,top_level,0,42,0,0,1,6,0,1,0,1,0,1,0,1,5,1,0,1
Signal-Android,2021-1,org.thoughtcrime.securesms.preferences.InternalOptionsPreferenceFragment,top_level,1,55,0,1,1,16,0,1,0,1,0,1,0,1,15,1,0,1
Signal-Android,2021-1,org.thoughtcrime.securesms.preferences.ListSummaryPreferenceFragment,top_level,0,12,0,0,1,6,0,1,0,1,0,1,0,1,6,1,0,1
Signal-Android,2021-1,org.thoughtcrime.securesms.preferences.MmsPreferencesActivity,top_level,3,31,0,3,1,4,0,1,0,1,0,1,0,1,3,1,0,1
Signal-Android,2021-1,org.thoughtcrime.securesms.preferences.MmsPreferencesFragment,top_level,1,43,0,1,1,1,0,1,0,1,0,1,0,1,1,1,0,1
Signal-Android,2021-1,org.thoughtcrime.securesms.preferences.NotificationsPreferenceFragment,top_level,1,149,0,1,1,13,0,1,0,1,0,1,0,1,11,1,0,1
Signal-Android,2021-1,org.thoughtcrime.securesms.preferences.SmsMmsPreferenceFragment,top_level,12,68,0,3,1,5,0,1,0,1,0,1,0,1,5,1,0,1
Signal-Android,2021-1,org.thoughtcrime.securesms.preferences.StoragePreferenceFragment,top_level,2,179,0,1,1,45,0,1,0,1,0,1,0,1,43,1,0,1
Signal-Android,2021-1,org.thoughtcrime.securesms.preferences.widgets.ColorPickerPreference,top_level,16,87,0,12,1,1,1,1,0,1,0,1,0,1,0,1,0,1
Signal-Android,2021-1,org.thoughtcrime.securesms.preferences.widgets.ColorPickerPreferenceDialogFragmentCompat,top_level,3,34,0,2,1,7,0,1,0,1,0,1,0,1,7,1,0,1
Signal-Android,2021-1,org.thoughtcrime.securesms.preferences.widgets.ContactPreference,top_level,24,65,0,3,1,11,0,1,0,1,0,1,0,1,4,1,0,1
Signal-Android,2021-1,org.thoughtcrime.securesms.preferences.widgets.LEDColorListPreference,top_level,1,46,0,1,1,17,0,1,0,1,0,1,0,1,17,1,0,1
Signal-Android,2021-1,org.thoughtcrime.securesms.preferences.widgets.NotificationPrivacyPreference,top_level,2,8,0,2,0,,,0,,0,,0,,0,,0,,0
Signal-Android,2021-1,org.thoughtcrime.securesms.preferences.widgets.ProfilePreference,top_level,4,39,0,2,1,12,0,1,0,1,0,1,0,1,12,1,0,1
Signal-Android,2021-1,org.thoughtcrime.securesms.preferences.widgets.ProgressPreference,top_level,4,28,0,3,1,1,0,1,0,1,0,1,0,1,1,1,0,1
Signal-Android,2021-1,org.thoughtcrime.securesms.preferences.widgets.SignalListPreference,top_level,4,38,0,2,0,,,0,,0,,0,,0,,0,,0
Signal-Android,2021-1,org.thoughtcrime.securesms.preferences.widgets.SignalPreference,top_level,1,28,0,1,0,,,0,,0,,0,,0,,0,,0
Signal-Android,2021-1,org.thoughtcrime.securesms.preferences.widgets.StorageGraphView,top_level,4,66,0,3,1,2,0,1,0,1,0,1,0,1,2,1,0,1
Signal-Android,2021-1,org.thoughtcrime.securesms.preferences.widgets.StoragePreferenceCategory,top_level,1,37,0,1,1,1,0,1,0,1,0,1,0,1,1,1,0,1
Signal-Android,2021-1,org.thoughtcrime.securesms.preferences.widgets.UsernamePreference,top_level,1,22,0,1,1,1,0,1,0,1,0,1,0,1,1,1,0,1
Signal-Android,2021-1,org.thoughtcrime.securesms.profiles.AvatarHelper,top_level,0,91,0,0,1,13,0,1,0,1,0,1,2,1,10,1,0,1
Signal-Android,2021-1,org.thoughtcrime.securesms.profiles.ProfileMediaConstraints,top_level,0,22,0,0,0,,,0,,0,,0,,0,,0,,0
Signal-Android,2021-1,org.thoughtcrime.securesms.profiles.ProfileName,top_level,5,93,0,5,1,6,0,1,0,1,0,1,0,1,6,1,0,1
Signal-Android,2021-1,org.thoughtcrime.securesms.profiles.SystemProfileUtil,top_level,0,53,0,0,1,11,0,1,0,1,0,1,0,1,9,1,0,1
Signal-Android,2021-1,org.thoughtcrime.securesms.profiles.edit.EditGroupProfileRepository,top_level,0,62,0,0,1,2,0,1,0,1,0,1,0,1,2,1,0,1
Signal-Android,2021-1,org.thoughtcrime.securesms.profiles.edit.EditProfileActivity,top_level,2,54,0,2,1,5,0,1,0,1,0,1,0,1,5,1,0,1
Signal-Android,2021-1,org.thoughtcrime.securesms.profiles.edit.EditProfileFragment,top_level,13,229,0,8,1,37,0,1,0,1,0,1,0,1,31,1,0,1
Signal-Android,2021-1,org.thoughtcrime.securesms.profiles.edit.EditProfileRepository,top_level,6,16,0,0,0,,,0,,0,,0,,0,,0,,0
Signal-Android,2021-1,org.thoughtcrime.securesms.profiles.edit.EditProfileViewModel,top_level,5,82,0,5,0,,,0,,0,,0,,0,,0,,0
Signal-Android,2021-1,org.thoughtcrime.securesms.profiles.edit.EditSelfProfileRepository,top_level,0,77,0,0,1,4,0,1,0,1,0,1,0,1,4,1,0,1
Signal-Android,2021-1,org.thoughtcrime.securesms.profiles.spoofing.ReviewBannerView,top_level,2,72,0,1,1,1,0,1,0,1,0,1,0,1,0,1,0,1
Signal-Android,2021-1,org.thoughtcrime.securesms.profiles.spoofing.ReviewCard,top_level,4,40,0,4,1,2,0,1,0,1,0,1,0,1,2,1,0,1
Signal-Android,2021-1,org.thoughtcrime.securesms.profiles.spoofing.ReviewCardAdapter,top_level,1,37,0,1,1,3,0,1,0,1,0,1,0,1,3,1,0,1
Signal-Android,2021-1,org.thoughtcrime.securesms.profiles.spoofing.ReviewCardDialogFragment,top_level,7,126,0,7,1,15,0,1,0,1,0,1,0,1,15,1,0,1
Signal-Android,2021-1,org.thoughtcrime.securesms.profiles.spoofing.ReviewCardRepository,top_level,3,80,0,1,1,6,0,1,0,1,0,1,0,1,6,1,0,1
Signal-Android,2021-1,org.thoughtcrime.securesms.profiles.spoofing.ReviewCardViewHolder,top_level,0,99,0,0,1,7,0,1,0,1,0,1,0,1,7,1,0,1
Signal-Android,2021-1,org.thoughtcrime.securesms.profiles.spoofing.ReviewCardViewModel,top_level,0,94,0,0,1,5,0,1,0,1,0,1,0,1,5,1,0,1
Signal-Android,2021-1,org.thoughtcrime.securesms.profiles.spoofing.ReviewRecipient,top_level,0,37,0,0,1,13,0,1,0,1,0,1,0,1,11,1,0,1
Signal-Android,2021-1,org.thoughtcrime.securesms.profiles.spoofing.ReviewUtil,top_level,1,55,0,1,1,20,0,1,0,1,0,1,0,1,20,1,0,1
Signal-Android,2021-1,org.thoughtcrime.securesms.providers.BaseContentProvider,top_level,0,26,0,0,1,2,0,1,0,1,0,1,0,1,2,1,0,1
Signal-Android,2021-1,org.thoughtcrime.securesms.providers.BlobContentProvider,top_level,1,54,0,1,1,1,0,1,0,1,0,1,0,1,1,1,0,1
Signal-Android,2021-1,org.thoughtcrime.securesms.providers.BlobProvider,top_level,2,277,0,1,1,26,0,1,0,1,0,1,0,1,21,1,0,1
Signal-Android,2021-1,org.thoughtcrime.securesms.providers.DeprecatedPersistentBlobProvider,top_level,0,103,0,0,1,11,0,1,0,1,0,1,0,1,11,1,0,1
Signal-Android,2021-1,org.thoughtcrime.securesms.providers.MmsBodyProvider,top_level,1,67,0,1,1,7,0,1,0,1,0,1,0,1,7,1,0,1
Signal-Android,2021-1,org.thoughtcrime.securesms.providers.PartProvider,top_level,1,79,0,1,1,4,0,1,0,1,0,1,0,1,4,1,0,1
Signal-Android,2021-1,org.thoughtcrime.securesms.push.AccountManagerFactory,top_level,0,27,0,0,1,3,0,1,0,1,0,1,0,1,2,1,0,1
Signal-Android,2021-1,org.thoughtcrime.securesms.push.DomainFrontingTrustStore,top_level,0,10,0,0,1,1,0,1,0,1,0,1,0,1,1,1,0,1
Signal-Android,2021-1,org.thoughtcrime.securesms.push.IasTrustStore,top_level,0,10,0,0,1,1,0,1,0,1,0,1,0,1,1,1,0,1
Signal-Android,2021-1,org.thoughtcrime.securesms.push.SecurityEventListener,top_level,0,8,0,0,0,,,0,,0,,0,,0,,0,,0
Signal-Android,2021-1,org.thoughtcrime.securesms.push.SignalServiceNetworkAccess,top_level,0,187,0,0,1,4,0,1,1,1,0,1,0,1,1,1,0,1
Signal-Android,2021-1,org.thoughtcrime.securesms.push.SignalServiceTrustStore,top_level,0,10,0,0,1,1,0,1,0,1,0,1,0,1,1,1,0,1
Signal-Android,2021-1,org.thoughtcrime.securesms.qr.QrCode,top_level,1,30,0,1,1,3,0,1,0,1,0,1,0,1,3,1,0,1
Signal-Android,2021-1,org.thoughtcrime.securesms.qr.ScanListener,top_level,1,2,0,0,0,,,0,,0,,0,,0,,0,,0
Signal-Android,2021-1,org.thoughtcrime.securesms.qr.ScanningThread,top_level,8,59,0,2,1,8,0,1,0,1,0,1,0,1,6,1,0,1
Signal-Android,2021-1,org.thoughtcrime.securesms.reactions.EmojiCount,top_level,1,20,0,1,0,,,0,,0,,0,,0,,0,,0
Signal-Android,2021-1,org.thoughtcrime.securesms.reactions.ReactionDetails,top_level,1,18,0,1,1,1,1,1,0,1,0,1,0,1,0,1,0,1
Signal-Android,2021-1,org.thoughtcrime.securesms.reactions.ReactionRecipientsAdapter,top_level,2,35,0,2,1,3,0,1,0,1,0,1,0,1,3,1,0,1
Signal-Android,2021-1,org.thoughtcrime.securesms.reactions.ReactionViewPagerAdapter,top_level,3,43,0,3,1,3,0,1,0,1,0,1,0,1,3,1,0,1
Signal-Android,2021-1,org.thoughtcrime.securesms.reactions.ReactionsBottomSheetDialogFragment,top_level,4,100,0,3,1,12,0,1,0,1,0,1,0,1,11,1,0,1
Signal-Android,2021-1,org.thoughtcrime.securesms.reactions.ReactionsConversationView,top_level,1,118,0,1,1,11,0,1,0,1,0,1,0,1,9,1,0,1
Signal-Android,2021-1,org.thoughtcrime.securesms.reactions.ReactionsLoader,top_level,0,50,0,0,1,4,0,1,0,1,0,1,0,1,3,1,0,1
Signal-Android,2021-1,org.thoughtcrime.securesms.reactions.ReactionsMegaphoneView,top_level,0,13,0,0,0,,,0,,0,,0,,0,,0,,0
Signal-Android,2021-1,org.thoughtcrime.securesms.reactions.ReactionsViewModel,top_level,1,42,0,1,1,7,0,1,0,1,0,1,0,1,7,1,0,1
Signal-Android,2021-1,org.thoughtcrime.securesms.reactions.any.ReactWithAnyEmojiAdapter,top_level,4,98,0,3,1,19,0,1,0,1,0,1,0,1,18,1,0,1
Signal-Android,2021-1,org.thoughtcrime.securesms.reactions.any.ReactWithAnyEmojiBottomSheetDialogFragment,top_level,8,138,0,5,1,23,0,1,0,1,0,1,0,1,20,1,0,1
Signal-Android,2021-1,org.thoughtcrime.securesms.reactions.any.ReactWithAnyEmojiPage,top_level,4,22,0,4,1,6,0,1,0,1,0,1,0,1,6,1,0,1
Signal-Android,2021-1,org.thoughtcrime.securesms.reactions.any.ReactWithAnyEmojiPageBlock,top_level,2,21,0,2,1,2,0,1,0,1,0,1,0,1,2,1,0,1
Signal-Android,2021-1,org.thoughtcrime.securesms.reactions.any.ReactWithAnyEmojiRepository,top_level,10,66,0,1,1,8,0,1,0,1,0,1,0,1,5,1,0,1
Signal-Android,2021-1,org.thoughtcrime.securesms.reactions.any.ReactWithAnyEmojiViewModel,top_level,0,33,0,0,1,2,0,1,0,1,0,1,0,1,1,1,0,1
Signal-Android,2021-1,org.thoughtcrime.securesms.reactions.any.ThisMessageEmojiPageModel,top_level,3,22,0,3,1,2,0,1,0,1,0,1,0,1,2,1,0,1
Signal-Android,2021-1,org.thoughtcrime.securesms.recipients.LiveRecipient,top_level,2,107,0,2,1,27,0,1,0,1,0,1,0,1,27,1,0,1
Signal-Android,2021-1,org.thoughtcrime.securesms.recipients.LiveRecipientCache,top_level,6,93,0,3,1,8,0,1,0,1,0,1,0,1,8,1,0,1
Signal-Android,2021-1,org.thoughtcrime.securesms.recipients.Recipient,top_level,35,488,0,33,1,75,0,1,0,1,0,1,0,1,68,1,1,1
Signal-Android,2021-1,org.thoughtcrime.securesms.recipients.RecipientDetails,top_level,1,128,0,1,1,3,0,1,0,1,0,1,0,1,2,1,0,1
Signal-Android,2021-1,org.thoughtcrime.securesms.recipients.RecipientExporter,top_level,0,20,0,0,1,3,0,1,0,1,0,1,0,1,3,1,0,1
Signal-Android,2021-1,org.thoughtcrime.securesms.recipients.RecipientForeverObserver,top_level,1,3,0,0,0,,,0,,0,,0,,0,,0,,0
Signal-Android,2021-1,org.thoughtcrime.securesms.recipients.RecipientFormattingException,top_level,1,9,0,1,0,,,0,,0,,0,,0,,0,,0
Signal-Android,2021-1,org.thoughtcrime.securesms.recipients.RecipientId,top_level,9,92,0,6,1,14,0,1,0,1,0,1,0,1,11,1,0,1
Signal-Android,2021-1,org.thoughtcrime.securesms.recipients.RecipientIdCache,top_level,2,39,0,2,1,3,0,1,0,1,0,1,0,1,3,1,0,1
Signal-Android,2021-1,org.thoughtcrime.securesms.recipients.RecipientModifiedListener,top_level,1,2,0,0,0,,,0,,0,,0,,0,,0,,0
Signal-Android,2021-1,org.thoughtcrime.securesms.recipients.RecipientUtil,top_level,0,146,0,0,1,54,0,1,0,1,0,1,0,1,52,1,0,1
Signal-Android,2021-1,org.thoughtcrime.securesms.recipients.RecipientsFormatter,top_level,0,28,0,0,1,4,0,1,0,1,0,1,0,1,3,1,0,1
Signal-Android,2021-1,org.thoughtcrime.securesms.recipients.ui.RecipientSettingsCoordinatorLayoutBehavior,top_level,0,65,0,0,1,17,0,1,0,1,0,1,0,1,17,1,0,1
Signal-Android,2021-1,org.thoughtcrime.securesms.recipients.ui.bottomsheet.RecipientBottomSheetDialogFragment,top_level,0,167,0,0,1,36,0,1,1,1,0,1,0,1,27,1,0,1
Signal-Android,2021-1,org.thoughtcrime.securesms.recipients.ui.bottomsheet.RecipientDialogRepository,top_level,3,70,0,2,1,3,0,1,0,1,0,1,0,1,3,1,0,1
Signal-Android,2021-1,org.thoughtcrime.securesms.recipients.ui.bottomsheet.RecipientDialogViewModel,top_level,1,140,0,1,1,5,0,1,0,1,0,1,0,1,3,1,0,1
Signal-Android,2021-1,org.thoughtcrime.securesms.recipients.ui.managerecipient.ManageRecipientActivity,top_level,2,34,0,2,1,9,0,1,0,1,0,1,0,1,9,1,0,1
Signal-Android,2021-1,org.thoughtcrime.securesms.recipients.ui.managerecipient.ManageRecipientFragment,top_level,5,288,0,2,1,70,0,1,1,1,0,1,0,1,59,1,0,1
Signal-Android,2021-1,org.thoughtcrime.securesms.recipients.ui.managerecipient.ManageRecipientRepository,top_level,7,64,0,5,1,15,0,1,0,1,0,1,0,1,15,1,0,1
Signal-Android,2021-1,org.thoughtcrime.securesms.recipients.ui.managerecipient.ManageRecipientViewModel,top_level,7,197,0,7,1,11,0,1,0,1,0,1,0,1,8,1,0,1
Signal-Android,2021-1,org.thoughtcrime.securesms.recipients.ui.notifications.CustomNotificationsDialogFragment,top_level,1,167,0,1,1,16,0,1,0,1,0,1,0,1,15,1,0,1
Signal-Android,2021-1,org.thoughtcrime.securesms.recipients.ui.notifications.CustomNotificationsRepository,top_level,4,64,0,3,1,10,0,1,0,1,0,1,0,1,10,1,0,1
Signal-Android,2021-1,org.thoughtcrime.securesms.recipients.ui.notifications.CustomNotificationsViewModel,top_level,1,62,0,1,0,,,0,,0,,0,,0,,0,,0
Signal-Android,2021-1,org.thoughtcrime.securesms.recipients.ui.sharablegrouplink.GroupLinkBottomSheetDialogFragment,top_level,0,57,0,0,1,7,0,1,0,1,0,1,0,1,7,1,0,1
Signal-Android,2021-1,org.thoughtcrime.securesms.recipients.ui.sharablegrouplink.ShareableGroupLinkDialogFragment,top_level,3,88,0,3,1,10,0,1,0,1,0,1,0,1,10,1,0,1
Signal-Android,2021-1,org.thoughtcrime.securesms.recipients.ui.sharablegrouplink.ShareableGroupLinkRepository,top_level,0,65,0,0,1,9,0,1,0,1,0,1,0,1,8,1,0,1
Signal-Android,2021-1,org.thoughtcrime.securesms.recipients.ui.sharablegrouplink.ShareableGroupLinkViewModel,top_level,3,63,0,3,0,,,0,,0,,0,,0,,0,,0
Signal-Android,2021-1,org.thoughtcrime.securesms.recipients.ui.sharablegrouplink.qr.GroupLinkShareQrDialogFragment,top_level,1,70,0,1,1,9,0,1,0,1,0,1,0,1,9,1,0,1
Signal-Android,2021-1,org.thoughtcrime.securesms.recipients.ui.sharablegrouplink.qr.GroupLinkShareQrViewModel,top_level,0,14,0,0,0,,,0,,0,,0,,0,,0,,0
Signal-Android,2021-1,org.thoughtcrime.securesms.registration.PushChallengeRequest,top_level,0,60,0,0,1,3,0,1,0,1,0,1,0,1,2,1,0,1
Signal-Android,2021-1,org.thoughtcrime.securesms.registration.ReceivedSmsEvent,top_level,0,6,0,0,0,,,0,,0,,0,,0,,0,,0
Signal-Android,2021-1,org.thoughtcrime.securesms.registration.RegistrationNavigationActivity,top_level,4,55,0,3,1,7,0,1,0,1,0,1,0,1,7,1,0,1
Signal-Android,2021-1,org.thoughtcrime.securesms.registration.RegistrationUtil,top_level,1,15,0,1,1,7,0,1,0,1,0,1,0,1,7,1,0,1
Signal-Android,2021-1,org.thoughtcrime.securesms.registration.fragments.AccountLockedFragment,top_level,3,28,0,2,1,6,0,1,0,1,0,1,0,1,6,1,0,1
Signal-Android,2021-1,org.thoughtcrime.securesms.registration.fragments.BaseRegistrationFragment,top_level,2,45,0,1,1,6,0,1,0,1,0,1,0,1,6,1,0,1
Signal-Android,2021-1,org.thoughtcrime.securesms.registration.fragments.CaptchaFragment,top_level,0,23,0,0,1,7,0,1,0,1,0,1,0,1,7,1,0,1
Signal-Android,2021-1,org.thoughtcrime.securesms.registration.fragments.ChooseBackupFragment,top_level,0,34,0,0,1,4,0,1,0,1,0,1,0,1,4,1,0,1
Signal-Android,2021-1,org.thoughtcrime.securesms.registration.fragments.CountryPickerFragment,top_level,0,47,0,0,1,9,0,1,0,1,0,1,0,1,9,1,0,1
Signal-Android,2021-1,org.thoughtcrime.securesms.registration.fragments.EnterCodeFragment,top_level,6,194,0,6,1,29,0,1,0,1,0,1,0,1,23,1,0,1
Signal-Android,2021-1,org.thoughtcrime.securesms.registration.fragments.EnterPhoneNumberFragment,top_level,6,253,0,3,1,42,0,1,0,1,0,1,0,1,40,1,0,1
Signal-Android,2021-1,org.thoughtcrime.securesms.registration.fragments.RegistrationCompleteFragment,top_level,0,21,0,0,1,2,0,1,0,1,0,1,0,1,2,1,0,1
Signal-Android,2021-1,org.thoughtcrime.securesms.registration.fragments.RegistrationConstants,top_level,1,5,0,1,0,,,0,,0,,0,,0,,0,,0
Signal-Android,2021-1,org.thoughtcrime.securesms.registration.fragments.RegistrationLockFragment,top_level,10,185,0,5,1,40,0,1,1,1,0,1,0,1,35,1,0,1
Signal-Android,2021-1,org.thoughtcrime.securesms.registration.fragments.RestoreBackupFragment,top_level,3,243,0,2,1,20,0,1,0,1,0,1,0,1,18,1,0,1
Signal-Android,2021-1,org.thoughtcrime.securesms.registration.fragments.WelcomeFragment,top_level,11,132,0,3,1,28,0,1,0,1,0,1,0,1,27,1,0,1
Signal-Android,2021-1,org.thoughtcrime.securesms.registration.service.CodeVerificationRequest,top_level,0,171,0,0,1,23,0,1,0,1,0,1,0,1,13,1,0,1
Signal-Android,2021-1,org.thoughtcrime.securesms.registration.service.Credentials,top_level,0,10,0,0,0,,,0,,0,,0,,0,,0,,0
Signal-Android,2021-1,org.thoughtcrime.securesms.registration.service.KeyBackupSystemWrongPinException,top_level,0,6,0,0,0,,,0,,0,,0,,0,,0,,0
Signal-Android,2021-1,org.thoughtcrime.securesms.registration.service.RegistrationCodeRequest,top_level,2,59,0,0,1,8,0,1,0,1,0,1,0,1,7,1,0,1
Signal-Android,2021-1,org.thoughtcrime.securesms.registration.service.RegistrationService,top_level,0,18,0,0,0,,,0,,0,,0,,0,,0,,0
Signal-Android,2021-1,org.thoughtcrime.securesms.registration.viewmodel.LocalCodeRequestRateLimiter,top_level,3,51,0,3,1,5,0,1,0,1,0,1,0,1,5,1,0,1
Signal-Android,2021-1,org.thoughtcrime.securesms.registration.viewmodel.NumberViewState,top_level,8,103,0,7,1,1,0,1,0,1,0,1,0,1,1,1,0,1
Signal-Android,2021-1,org.thoughtcrime.securesms.registration.viewmodel.RegistrationViewModel,top_level,11,96,0,11,1,12,0,1,0,1,0,1,0,1,11,1,0,1
Signal-Android,2021-1,org.thoughtcrime.securesms.revealable.ViewOnceExpirationInfo,top_level,3,10,0,3,0,,,0,,0,,0,,0,,0,,0
Signal-Android,2021-1,org.thoughtcrime.securesms.revealable.ViewOnceMessageActivity,top_level,4,101,0,4,1,7,0,1,0,1,0,1,0,1,5,1,0,1
Signal-Android,2021-1,org.thoughtcrime.securesms.revealable.ViewOnceMessageManager,top_level,0,39,0,0,1,2,0,1,0,1,0,1,0,1,2,1,0,1
Signal-Android,2021-1,org.thoughtcrime.securesms.revealable.ViewOnceMessageRepository,top_level,2,18,0,1,1,1,0,1,0,1,0,1,0,1,1,1,0,1
Signal-Android,2021-1,org.thoughtcrime.securesms.revealable.ViewOnceMessageView,top_level,3,98,0,2,1,26,0,1,0,1,0,1,0,1,26,1,0,1
Signal-Android,2021-1,org.thoughtcrime.securesms.revealable.ViewOnceMessageViewModel,top_level,1,50,0,1,1,2,0,1,0,1,0,1,0,1,1,1,0,1
Signal-Android,2021-1,org.thoughtcrime.securesms.revealable.ViewOnceUtil,top_level,0,30,0,0,1,14,0,1,0,1,0,1,0,1,11,1,0,1
Signal-Android,2021-1,org.thoughtcrime.securesms.ringrtc.CallState,top_level,0,9,0,0,0,,,0,,0,,0,,0,,0,,0
Signal-Android,2021-1,org.thoughtcrime.securesms.ringrtc.Camera,top_level,14,161,0,7,1,10,0,1,0,1,0,1,0,1,10,1,0,1
Signal-Android,2021-1,org.thoughtcrime.securesms.ringrtc.CameraEventListener,top_level,1,2,0,0,0,,,0,,0,,0,,0,,0,,0
Signal-Android,2021-1,org.thoughtcrime.securesms.ringrtc.CameraState,top_level,5,45,0,5,0,,,0,,0,,0,,0,,0,,0
Signal-Android,2021-1,org.thoughtcrime.securesms.ringrtc.IceCandidateParcel,top_level,1,30,0,1,0,,,0,,0,,0,,0,,0,,0
Signal-Android,2021-1,org.thoughtcrime.securesms.ringrtc.RemotePeer,top_level,17,84,0,10,1,1,0,1,0,1,0,1,0,1,0,1,0,1
Signal-Android,2021-1,org.thoughtcrime.securesms.ringrtc.RingRtcLogger,top_level,0,16,0,0,0,,,0,,0,,0,,0,,0,,0
Signal-Android,2021-1,org.thoughtcrime.securesms.ringrtc.TurnServerInfoParcel,top_level,1,34,0,1,0,,,0,,0,,0,,0,,0,,0
Signal-Android,2021-1,org.thoughtcrime.securesms.scribbles.FaceDetector,top_level,1,2,0,0,0,,,0,,0,,0,,0,,0,,0
Signal-Android,2021-1,org.thoughtcrime.securesms.scribbles.FirebaseFaceDetector,top_level,0,40,0,0,1,3,0,1,0,1,0,1,0,1,3,1,0,1
Signal-Android,2021-1,org.thoughtcrime.securesms.scribbles.ImageEditorFragment,top_level,30,347,0,18,1,38,0,1,0,1,0,1,0,1,36,1,0,1
Signal-Android,2021-1,org.thoughtcrime.securesms.scribbles.ImageEditorHud,top_level,39,239,0,23,1,11,0,1,0,1,0,1,0,1,8,1,0,1
Signal-Android,2021-1,org.thoughtcrime.securesms.scribbles.ImageEditorStickerSelectActivity,top_level,0,39,0,0,1,3,0,1,0,1,0,1,0,1,3,1,0,1
Signal-Android,2021-1,org.thoughtcrime.securesms.scribbles.UriGlideRenderer,top_level,8,174,0,3,1,21,0,1,0,1,0,1,0,1,19,1,0,1
Signal-Android,2021-1,org.thoughtcrime.securesms.scribbles.VideoEditorHud,top_level,7,109,0,7,1,11,0,1,0,1,0,1,0,1,7,1,0,1
Signal-Android,2021-1,org.thoughtcrime.securesms.scribbles.widget.ColorPaletteAdapter,top_level,3,30,0,3,1,1,0,1,0,1,0,1,0,1,1,1,0,1
Signal-Android,2021-1,org.thoughtcrime.securesms.scribbles.widget.VerticalSlideColorPicker,top_level,13,123,0,8,1,2,1,1,0,1,0,1,0,1,0,1,0,1
Signal-Android,2021-1,org.thoughtcrime.securesms.search.SearchRepository,top_level,1,231,0,1,1,38,0,1,0,1,0,1,0,1,35,1,1,1
Signal-Android,2021-1,org.thoughtcrime.securesms.service.AccountAuthenticatorService,top_level,2,40,0,1,1,2,0,1,0,1,0,1,0,1,2,1,0,1
Signal-Android,2021-1,org.thoughtcrime.securesms.service.AccountVerificationTimeoutException,top_level,1,8,0,1,0,,,0,,0,,0,,0,,0,,0
Signal-Android,2021-1,org.thoughtcrime.securesms.service.ApplicationMigrationService,top_level,12,119,0,8,1,9,1,1,0,1,0,1,0,1,8,1,0,1
Signal-Android,2021-1,org.thoughtcrime.securesms.service.BootReceiver,top_level,0,4,0,0,0,,,0,,0,,0,,0,,0,,0
Signal-Android,2021-1,org.thoughtcrime.securesms.service.ContactsSyncAdapterService,top_level,2,10,0,1,0,,,0,,0,,0,,0,,0,,0
Signal-Android,2021-1,org.thoughtcrime.securesms.service.DirectShareService,top_level,0,70,0,0,1,28,0,1,0,1,0,1,0,1,26,1,0,1
Signal-Android,2021-1,org.thoughtcrime.securesms.service.DirectoryRefreshListener,top_level,0,14,0,0,0,,,0,,0,,0,,0,,0,,0
Signal-Android,2021-1,org.thoughtcrime.securesms.service.ExpirationListener,top_level,0,10,0,0,1,4,0,1,0,1,0,1,0,1,4,1,0,1
Signal-Android,2021-1,org.thoughtcrime.securesms.service.ExpiringMessageManager,top_level,3,86,0,3,1,4,0,1,0,1,0,1,0,1,4,1,0,1
Signal-Android,2021-1,org.thoughtcrime.securesms.service.GenericForegroundService,top_level,7,150,0,3,1,3,0,1,0,1,0,1,0,1,2,1,0,1
Signal-Android,2021-1,org.thoughtcrime.securesms.service.KeyCachingService,top_level,17,157,0,9,1,13,0,1,0,1,0,1,0,1,10,1,0,1
Signal-Android,2021-1,org.thoughtcrime.securesms.service.LocalBackupListener,top_level,0,17,0,0,0,,,0,,0,,0,,0,,0,,0
Signal-Android,2021-1,org.thoughtcrime.securesms.service.MmsListener,top_level,0,19,0,0,1,5,0,1,0,1,0,1,0,1,4,1,0,1
Signal-Android,2021-1,org.thoughtcrime.securesms.service.NotificationController,top_level,10,46,0,7,1,5,0,1,0,1,0,1,0,1,5,1,0,1
Signal-Android,2021-1,org.thoughtcrime.securesms.service.PanicResponderListener,top_level,0,8,0,0,0,,,0,,0,,0,,0,,0,,0
Signal-Android,2021-1,org.thoughtcrime.securesms.service.PersistentAlarmManagerListener,top_level,0,15,0,0,1,2,0,1,0,1,0,1,0,1,2,1,0,1
Signal-Android,2021-1,org.thoughtcrime.securesms.service.PersistentConnectionBootListener,top_level,0,6,0,0,1,1,0,1,0,1,0,1,0,1,1,1,0,1
Signal-Android,2021-1,org.thoughtcrime.securesms.service.QuickResponseService,top_level,1,27,0,1,1,7,0,1,0,1,0,1,0,1,7,1,0,1
Signal-Android,2021-1,org.thoughtcrime.securesms.service.RotateSenderCertificateListener,top_level,0,13,0,0,0,,,0,,0,,0,,0,,0,,0
Signal-Android,2021-1,org.thoughtcrime.securesms.service.RotateSignedPreKeyListener,top_level,0,14,0,0,0,,,0,,0,,0,,0,,0,,0
Signal-Android,2021-1,org.thoughtcrime.securesms.service.SmsDeliveryListener,top_level,0,34,0,0,1,2,0,1,0,1,0,1,0,1,1,1,0,1
Signal-Android,2021-1,org.thoughtcrime.securesms.service.SmsListener,top_level,0,50,0,0,1,9,0,1,0,1,0,1,0,1,8,1,0,1
Signal-Android,2021-1,org.thoughtcrime.securesms.service.TimedEventManager<E>,top_level,5,34,0,4,0,,,0,,0,,0,,0,,0,,0
Signal-Android,2021-1,org.thoughtcrime.securesms.service.TrimThreadsByDateManager,top_level,8,47,0,3,1,8,0,1,0,1,0,1,0,1,8,1,0,1
Signal-Android,2021-1,org.thoughtcrime.securesms.service.UpdateApkReadyListener,top_level,0,59,0,0,1,8,0,1,0,1,0,1,0,1,7,1,0,1
Signal-Android,2021-1,org.thoughtcrime.securesms.service.UpdateApkRefreshListener,top_level,0,17,0,0,0,,,0,,0,,0,,0,,0,,0
Signal-Android,2021-1,org.thoughtcrime.securesms.service.VerificationCodeParser,top_level,0,10,0,0,1,6,0,1,0,1,0,1,0,1,5,1,0,1
Signal-Android,2021-1,org.thoughtcrime.securesms.service.WebRtcCallService,top_level,23,719,0,10,1,87,0,1,0,1,0,1,0,1,75,1,1,1
Signal-Android,2021-1,org.thoughtcrime.securesms.service.webrtc.ActiveCallActionProcessorDelegate,top_level,0,156,0,0,1,55,0,1,0,1,0,1,0,1,51,1,1,1
Signal-Android,2021-1,org.thoughtcrime.securesms.service.webrtc.BeginCallActionProcessorDelegate,top_level,0,60,0,0,1,4,0,1,0,1,0,1,0,1,4,1,0,1
Signal-Android,2021-1,org.thoughtcrime.securesms.service.webrtc.CallSetupActionProcessorDelegate,top_level,0,50,0,0,1,26,0,1,0,1,0,1,0,1,26,1,0,1
Signal-Android,2021-1,org.thoughtcrime.securesms.service.webrtc.ConnectedCallActionProcessor,top_level,0,66,0,0,1,23,0,1,0,1,0,1,0,1,22,1,0,1
Signal-Android,2021-1,org.thoughtcrime.securesms.service.webrtc.DeviceAwareActionProcessor,top_level,0,56,0,0,1,26,0,1,0,1,0,1,0,1,26,1,0,1
Signal-Android,2021-1,org.thoughtcrime.securesms.service.webrtc.DisconnectingCallActionProcessor,top_level,0,29,0,0,1,4,0,1,0,1,0,1,0,1,4,1,0,1
Signal-Android,2021-1,org.thoughtcrime.securesms.service.webrtc.GroupActionProcessor,top_level,0,190,0,0,1,71,0,1,0,1,0,1,0,1,70,1,0,1
Signal-Android,2021-1,org.thoughtcrime.securesms.service.webrtc.GroupConnectedActionProcessor,top_level,0,90,0,0,1,46,0,1,0,1,0,1,0,1,46,1,0,1
Signal-Android,2021-1,org.thoughtcrime.securesms.service.webrtc.GroupJoiningActionProcessor,top_level,0,97,0,0,1,40,0,1,0,1,0,1,0,1,37,1,0,1
Signal-Android,2021-1,org.thoughtcrime.securesms.service.webrtc.GroupPreJoinActionProcessor,top_level,0,109,0,0,1,54,0,1,0,1,0,1,0,1,54,1,0,1
Signal-Android,2021-1,org.thoughtcrime.securesms.service.webrtc.IdleActionProcessor,top_level,0,50,0,0,1,16,0,1,0,1,0,1,0,1,16,1,0,1
Signal-Android,2021-1,org.thoughtcrime.securesms.service.webrtc.IncomingCallActionProcessor,top_level,0,132,0,0,1,31,0,1,0,1,0,1,0,1,30,1,0,1
Signal-Android,2021-1,org.thoughtcrime.securesms.service.webrtc.OutgoingCallActionProcessor,top_level,0,135,0,0,1,38,0,1,0,1,0,1,0,1,37,1,0,1
Signal-Android,2021-1,org.thoughtcrime.securesms.service.webrtc.PreJoinActionProcessor,top_level,0,45,0,0,1,17,0,1,0,1,0,1,0,1,17,1,0,1
Signal-Android,2021-1,org.thoughtcrime.securesms.service.webrtc.WebRtcActionProcessor,top_level,0,384,0,0,1,59,0,1,0,1,0,1,0,1,51,1,0,1
Signal-Android,2021-1,org.thoughtcrime.securesms.service.webrtc.WebRtcData,top_level,0,151,0,0,1,1,0,1,0,1,0,1,0,1,1,1,0,1
Signal-Android,2021-1,org.thoughtcrime.securesms.service.webrtc.WebRtcIntentParser,top_level,1,83,0,1,1,14,0,1,0,1,0,1,0,1,13,1,0,1
Signal-Android,2021-1,org.thoughtcrime.securesms.service.webrtc.WebRtcInteractor,top_level,9,74,0,9,1,1,0,1,0,1,0,1,0,1,0,1,0,1
Signal-Android,2021-1,org.thoughtcrime.securesms.service.webrtc.WebRtcUtil,top_level,2,37,0,1,1,8,0,1,0,1,0,1,0,1,8,1,0,1
Signal-Android,2021-1,org.thoughtcrime.securesms.service.webrtc.WebRtcVideoUtil,top_level,1,56,0,1,1,10,0,1,0,1,0,1,0,1,10,1,0,1
Signal-Android,2021-1,org.thoughtcrime.securesms.service.webrtc.state.CallInfoState,top_level,4,90,0,4,1,1,0,1,0,1,1,1,0,1,0,1,0,1
Signal-Android,2021-1,org.thoughtcrime.securesms.service.webrtc.state.CallSetupState,top_level,7,22,0,7,0,,,0,,0,,0,,0,,0,,0
Signal-Android,2021-1,org.thoughtcrime.securesms.service.webrtc.state.LocalDeviceState,top_level,4,18,0,4,0,,,0,,0,,0,,0,,0,,0
Signal-Android,2021-1,org.thoughtcrime.securesms.service.webrtc.state.VideoState,top_level,2,24,0,2,0,,,0,,0,,0,,0,,0,,0
Signal-Android,2021-1,org.thoughtcrime.securesms.service.webrtc.state.WebRtcServiceState,top_level,1,30,0,1,1,1,1,1,0,1,0,1,0,1,0,1,0,1
Signal-Android,2021-1,org.thoughtcrime.securesms.service.webrtc.state.WebRtcServiceStateBuilder,top_level,5,143,0,5,1,22,0,1,0,1,0,1,0,1,16,1,0,1
Signal-Android,2021-1,org.thoughtcrime.securesms.sharing.ShareActivity,top_level,21,168,0,11,1,32,0,1,0,1,0,1,0,1,29,1,0,1
Signal-Android,2021-1,org.thoughtcrime.securesms.sharing.ShareData,top_level,5,30,0,4,1,2,1,1,0,1,0,1,0,1,0,1,0,1
Signal-Android,2021-1,org.thoughtcrime.securesms.sharing.ShareIntents,top_level,1,63,0,1,1,2,0,1,0,1,0,1,0,1,2,1,0,1
Signal-Android,2021-1,org.thoughtcrime.securesms.sharing.ShareRepository,top_level,0,114,0,0,1,22,0,1,0,1,0,1,0,1,22,1,0,1
Signal-Android,2021-1,org.thoughtcrime.securesms.sharing.ShareViewModel,top_level,10,35,0,5,1,4,0,1,0,1,0,1,0,1,4,1,0,1
Signal-Android,2021-1,org.thoughtcrime.securesms.sms.IncomingEncryptedMessage,top_level,1,6,0,1,0,,,0,,0,,0,,0,,0,,0
Signal-Android,2021-1,org.thoughtcrime.securesms.sms.IncomingEndSessionMessage,top_level,1,8,0,1,0,,,0,,0,,0,,0,,0,,0
Signal-Android,2021-1,org.thoughtcrime.securesms.sms.IncomingGroupUpdateMessage,top_level,4,18,0,4,1,2,0,1,0,1,0,1,0,1,2,1,0,1
Signal-Android,2021-1,org.thoughtcrime.securesms.sms.IncomingIdentityDefaultMessage,top_level,1,6,0,1,0,,,0,,0,,0,,0,,0,,0
Signal-Android,2021-1,org.thoughtcrime.securesms.sms.IncomingIdentityUpdateMessage,top_level,1,6,0,1,0,,,0,,0,,0,,0,,0,,0
Signal-Android,2021-1,org.thoughtcrime.securesms.sms.IncomingIdentityVerifiedMessage,top_level,1,6,0,1,0,,,0,,0,,0,,0,,0,,0
Signal-Android,2021-1,org.thoughtcrime.securesms.sms.IncomingJoinedMessage,top_level,2,9,0,2,0,,,0,,0,,0,,0,,0,,0
Signal-Android,2021-1,org.thoughtcrime.securesms.sms.IncomingTextMessage,top_level,20,190,0,20,0,,,0,,0,,0,,0,,0,,0
Signal-Android,2021-1,org.thoughtcrime.securesms.sms.MessageSender,top_level,1,333,0,0,1,87,0,1,0,1,0,1,0,1,77,1,1,1
Signal-Android,2021-1,org.thoughtcrime.securesms.sms.OutgoingEncryptedMessage,top_level,1,11,0,1,0,,,0,,0,,0,,0,,0,,0
Signal-Android,2021-1,org.thoughtcrime.securesms.sms.OutgoingEndSessionMessage,top_level,1,11,0,1,0,,,0,,0,,0,,0,,0,,0
Signal-Android,2021-1,org.thoughtcrime.securesms.sms.OutgoingIdentityDefaultMessage,top_level,1,10,0,1,0,,,0,,0,,0,,0,,0,,0
Signal-Android,2021-1,org.thoughtcrime.securesms.sms.OutgoingIdentityVerifiedMessage,top_level,1,11,0,1,0,,,0,,0,,0,,0,,0,,0
Signal-Android,2021-1,org.thoughtcrime.securesms.sms.OutgoingKeyExchangeMessage,top_level,1,11,0,1,0,,,0,,0,,0,,0,,0,,0
Signal-Android,2021-1,org.thoughtcrime.securesms.sms.OutgoingPrekeyBundleMessage,top_level,1,9,0,1,0,,,0,,0,,0,,0,,0,,0
Signal-Android,2021-1,org.thoughtcrime.securesms.sms.OutgoingTextMessage,top_level,8,48,0,8,0,,,0,,0,,0,,0,,0,,0
Signal-Android,2021-1,org.thoughtcrime.securesms.sms.TelephonyServiceState,top_level,0,47,0,0,1,2,0,1,0,1,0,1,0,1,2,1,0,1
Signal-Android,2021-1,org.thoughtcrime.securesms.stickers.BlessedPacks,top_level,0,31,0,0,1,1,0,1,0,1,0,1,0,1,0,1,0,1
Signal-Android,2021-1,org.thoughtcrime.securesms.stickers.StickerKeyboardPageAdapter,top_level,5,66,0,5,1,4,0,1,0,1,0,1,0,1,4,1,0,1
Signal-Android,2021-1,org.thoughtcrime.securesms.stickers.StickerKeyboardPageFragment,top_level,6,84,0,5,1,15,0,1,0,1,0,1,0,1,14,1,0,1
Signal-Android,2021-1,org.thoughtcrime.securesms.stickers.StickerKeyboardPageViewModel,top_level,1,38,0,1,1,1,0,1,0,1,0,1,0,1,1,1,0,1
Signal-Android,2021-1,org.thoughtcrime.securesms.stickers.StickerKeyboardProvider,top_level,8,139,0,5,1,11,0,1,0,1,0,1,0,1,11,1,0,1
Signal-Android,2021-1,org.thoughtcrime.securesms.stickers.StickerKeyboardRepository,top_level,4,47,0,2,1,3,0,1,0,1,0,1,0,1,3,1,0,1
Signal-Android,2021-1,org.thoughtcrime.securesms.stickers.StickerKeyboardViewModel,top_level,1,30,0,1,1,1,0,1,0,1,0,1,0,1,1,1,0,1
Signal-Android,2021-1,org.thoughtcrime.securesms.stickers.StickerLocator,top_level,2,40,0,2,1,1,1,1,0,1,0,1,0,1,0,1,0,1
Signal-Android,2021-1,org.thoughtcrime.securesms.stickers.StickerManagementActivity,top_level,7,73,0,6,1,5,0,1,0,1,0,1,0,1,3,1,0,1
Signal-Android,2021-1,org.thoughtcrime.securesms.stickers.StickerManagementAdapter,top_level,4,209,0,2,1,18,0,1,0,1,0,1,0,1,18,1,0,1
Signal-Android,2021-1,org.thoughtcrime.securesms.stickers.StickerManagementItemTouchHelper,top_level,3,30,0,3,0,,,0,,0,,0,,0,,0,,0
Signal-Android,2021-1,org.thoughtcrime.securesms.stickers.StickerManagementRepository,top_level,8,72,0,3,1,6,0,1,0,1,0,1,0,1,6,1,0,1
Signal-Android,2021-1,org.thoughtcrime.securesms.stickers.StickerManagementViewModel,top_level,3,42,0,3,1,1,0,1,0,1,0,1,0,1,1,1,0,1
Signal-Android,2021-1,org.thoughtcrime.securesms.stickers.StickerManifest,top_level,0,59,0,0,1,2,2,1,0,1,0,1,0,1,0,1,0,1
Signal-Android,2021-1,org.thoughtcrime.securesms.stickers.StickerPackInstallEvent,top_level,0,6,0,0,0,,,0,,0,,0,,0,,0,,0
Signal-Android,2021-1,org.thoughtcrime.securesms.stickers.StickerPackPreviewActivity,top_level,12,155,0,10,1,29,0,1,0,1,0,1,0,1,28,1,0,1
Signal-Android,2021-1,org.thoughtcrime.securesms.stickers.StickerPackPreviewAdapter,top_level,3,50,0,3,1,5,0,1,0,1,0,1,0,1,5,1,0,1
Signal-Android,2021-1,org.thoughtcrime.securesms.stickers.StickerPackPreviewRepository,top_level,0,83,0,0,1,8,0,1,0,1,0,1,0,1,8,1,0,1
Signal-Android,2021-1,org.thoughtcrime.securesms.stickers.StickerPackPreviewViewModel,top_level,3,47,0,3,1,1,0,1,0,1,0,1,0,1,1,1,0,1
Signal-Android,2021-1,org.thoughtcrime.securesms.stickers.StickerPreviewPopup,top_level,0,17,0,0,1,2,0,1,0,1,0,1,0,1,2,1,0,1
Signal-Android,2021-1,org.thoughtcrime.securesms.stickers.StickerRemoteUri,top_level,2,30,0,2,1,2,0,1,0,1,0,1,0,1,2,1,0,1
Signal-Android,2021-1,org.thoughtcrime.securesms.stickers.StickerRemoteUriFetcher,top_level,2,27,0,2,0,,,0,,0,,0,,0,,0,,0
Signal-Android,2021-1,org.thoughtcrime.securesms.stickers.StickerRemoteUriLoader,top_level,0,16,0,0,0,,,0,,0,,0,,0,,0,,0
Signal-Android,2021-1,org.thoughtcrime.securesms.stickers.StickerRolloverTouchListener,top_level,1,54,0,1,0,,,0,,0,,0,,0,,0,,0
Signal-Android,2021-1,org.thoughtcrime.securesms.stickers.StickerSearchRepository,top_level,3,32,0,1,1,2,0,1,0,1,0,1,0,1,2,1,0,1
Signal-Android,2021-1,org.thoughtcrime.securesms.stickers.StickerUrl,top_level,0,33,0,0,1,6,0,1,0,1,0,1,0,1,4,1,0,1
Signal-Android,2021-1,org.thoughtcrime.securesms.storage.AccountConflictMerger,top_level,0,91,0,0,1,16,0,1,0,1,1,1,0,1,15,1,0,1
Signal-Android,2021-1,org.thoughtcrime.securesms.storage.ContactConflictMerger,top_level,0,91,0,0,1,38,0,1,0,1,1,1,0,1,37,1,0,1
Signal-Android,2021-1,org.thoughtcrime.securesms.storage.GroupV1ConflictMerger,top_level,0,39,0,0,1,2,0,1,0,1,0,1,0,1,2,1,0,1
Signal-Android,2021-1,org.thoughtcrime.securesms.storage.GroupV2ConflictMerger,top_level,0,35,0,0,1,3,0,1,0,1,0,1,0,1,3,1,0,1
Signal-Android,2021-1,org.thoughtcrime.securesms.storage.GroupV2ExistenceChecker,top_level,1,2,0,0,0,,,0,,0,,0,,0,,0,,0
Signal-Android,2021-1,org.thoughtcrime.securesms.storage.StaticGroupV2ExistenceChecker,top_level,0,7,0,0,0,,,0,,0,,0,,0,,0,,0
Signal-Android,2021-1,org.thoughtcrime.securesms.storage.StorageSyncHelper,top_level,7,461,0,0,1,183,1,1,1,1,1,1,0,1,167,1,1,1
Signal-Android,2021-1,org.thoughtcrime.securesms.storage.StorageSyncModels,top_level,1,91,0,1,1,27,0,1,0,1,0,1,0,1,26,1,0,1
Signal-Android,2021-1,org.thoughtcrime.securesms.storage.StorageSyncValidations,top_level,1,48,0,1,1,42,0,1,0,1,0,1,0,1,26,1,0,1
Signal-Android,2021-1,org.thoughtcrime.securesms.tracing.Trace,top_level,0,2,0,0,0,,,0,,0,,0,,0,,0,,0
Signal-Android,2021-1,org.thoughtcrime.securesms.tracing.Tracer,top_level,5,104,0,2,1,11,0,1,0,1,0,1,0,1,10,1,0,1
Signal-Android,2021-1,org.thoughtcrime.securesms.transport.InsecureFallbackApprovalException,top_level,0,5,0,0,0,,,0,,0,,0,,0,,0,,0
Signal-Android,2021-1,org.thoughtcrime.securesms.transport.RetryLaterException,top_level,1,4,0,1,0,,,0,,0,,0,,0,,0,,0
Signal-Android,2021-1,org.thoughtcrime.securesms.transport.UndeliverableMessageException,top_level,1,8,0,1,0,,,0,,0,,0,,0,,0,,0
Signal-Android,2021-1,org.thoughtcrime.securesms.usernames.username.UsernameEditFragment,top_level,1,139,0,0,1,24,0,1,0,1,0,1,0,1,20,1,0,1
Signal-Android,2021-1,org.thoughtcrime.securesms.usernames.username.UsernameEditRepository,top_level,4,47,0,3,1,4,0,1,0,1,0,1,0,1,4,1,0,1
Signal-Android,2021-1,org.thoughtcrime.securesms.usernames.username.UsernameEditViewModel,top_level,4,101,0,2,1,9,0,1,0,1,0,1,0,1,8,1,0,1
Signal-Android,2021-1,org.thoughtcrime.securesms.util.AbstractCursorLoader,top_level,8,53,0,3,1,2,0,1,0,1,0,1,0,1,2,1,0,1
Signal-Android,2021-1,org.thoughtcrime.securesms.util.AccessibilityUtil,top_level,1,4,0,1,1,1,0,1,0,1,0,1,0,1,1,1,0,1
Signal-Android,2021-1,org.thoughtcrime.securesms.util.AlarmSleepTimer,top_level,5,52,0,1,1,3,0,1,0,1,0,1,0,1,2,1,0,1
Signal-Android,2021-1,org.thoughtcrime.securesms.util.AppSignatureUtil,top_level,1,32,0,1,1,4,0,1,0,1,0,1,0,1,4,1,0,1
Signal-Android,2021-1,org.thoughtcrime.securesms.util.AsyncLoader<D>,top_level,8,24,1,4,0,,,0,,0,,0,,0,,0,,0
Signal-Android,2021-1,org.thoughtcrime.securesms.util.AsynchronousCallback,top_level,0,20,0,0,0,,,0,,0,,0,,0,,0,,0
Signal-Android,2021-1,org.thoughtcrime.securesms.util.AttachmentUtil,top_level,0,71,0,0,1,15,0,1,0,1,0,1,0,1,14,1,0,1
Signal-Android,2021-1,org.thoughtcrime.securesms.util.AvatarUtil,top_level,1,87,0,1,1,21,0,1,0,1,0,1,0,1,21,1,0,1
Signal-Android,2021-1,org.thoughtcrime.securesms.util.BackupUtil,top_level,8,181,0,0,1,36,0,1,0,1,0,1,0,1,34,1,0,1
Signal-Android,2021-1,org.thoughtcrime.securesms.util.Base64,top_level,1,11,0,1,1,3,0,1,0,1,0,1,0,1,3,1,0,1
Signal-Android,2021-1,org.thoughtcrime.securesms.util.BitmapDecodingException,top_level,0,5,0,0,0,,,0,,0,,0,,0,,0,,0
Signal-Android,2021-1,org.thoughtcrime.securesms.util.BitmapUtil,top_level,18,278,0,0,1,40,0,1,0,1,0,1,0,1,24,1,1,1
Signal-Android,2021-1,org.thoughtcrime.securesms.util.Bitmask,top_level,6,24,0,0,1,1,0,1,0,1,0,1,0,1,0,1,0,1
Signal-Android,2021-1,org.thoughtcrime.securesms.util.BlurTransformation,top_level,0,27,0,0,1,6,0,1,0,1,0,1,0,1,6,1,0,1
Signal-Android,2021-1,org.thoughtcrime.securesms.util.BottomSheetUtil,top_level,1,9,0,1,1,2,0,1,0,1,0,1,0,1,2,1,0,1
Signal-Android,2021-1,org.thoughtcrime.securesms.util.BubbleUtil,top_level,1,48,0,1,1,6,0,1,0,1,0,1,0,1,6,1,0,1
Signal-Android,2021-1,org.thoughtcrime.securesms.util.BucketInfo,top_level,3,50,0,3,1,1,0,1,0,1,0,1,0,1,1,1,0,1
Signal-Android,2021-1,org.thoughtcrime.securesms.util.BucketingUtil,top_level,1,16,0,1,1,4,0,1,0,1,0,1,0,1,4,1,0,1
Signal-Android,2021-1,org.thoughtcrime.securesms.util.ByteUnit,top_level,4,29,0,4,0,,,0,,0,,0,,0,,0,,0
Signal-Android,2021-1,org.thoughtcrime.securesms.util.CachedInflater,top_level,1,75,0,1,1,9,0,1,0,1,0,1,0,1,9,1,0,1
Signal-Android,2021-1,org.thoughtcrime.securesms.util.CalendarDateOnly,top_level,0,10,0,0,1,1,0,1,0,1,0,1,0,1,0,1,0,1
Signal-Android,2021-1,org.thoughtcrime.securesms.util.CensorshipUtil,top_level,1,4,0,1,0,,,0,,0,,0,,0,,0,,0
Signal-Android,2021-1,org.thoughtcrime.securesms.util.CharacterCalculator,top_level,0,27,0,0,1,1,1,1,0,1,0,1,0,1,0,1,0,1
Signal-Android,2021-1,org.thoughtcrime.securesms.util.CloseableLiveData<E>,top_level,6,13,0,3,0,,,0,,0,,0,,0,,0,,0
Signal-Android,2021-1,org.thoughtcrime.securesms.util.CommunicationActions,top_level,0,167,0,0,1,20,0,1,0,1,0,1,0,1,17,1,0,1
Signal-Android,2021-1,org.thoughtcrime.securesms.util.ConfigurationUtil,top_level,1,8,0,1,1,1,0,1,0,1,0,1,0,1,1,1,0,1
Signal-Android,2021-1,org.thoughtcrime.securesms.util.ContextUtil,top_level,1,4,0,1,0,,,0,,0,,0,,0,,0,,0
Signal-Android,2021-1,org.thoughtcrime.securesms.util.ConversationShortcutPhoto,top_level,3,95,0,2,1,18,0,1,0,1,0,1,0,1,18,1,0,1
Signal-Android,2021-1,org.thoughtcrime.securesms.util.ConversationUtil,top_level,3,113,0,1,1,30,0,1,0,1,0,1,0,1,30,1,0,1
Signal-Android,2021-1,org.thoughtcrime.securesms.util.CursorUtil,top_level,1,36,0,1,0,,,0,,0,,0,,0,,0,,0
Signal-Android,2021-1,org.thoughtcrime.securesms.util.DateUtils,top_level,2,109,0,0,1,8,0,1,0,1,0,1,0,1,8,1,0,1
Signal-Android,2021-1,org.thoughtcrime.securesms.util.Debouncer,top_level,2,11,0,2,0,,,0,,0,,0,,0,,0,,0
Signal-Android,2021-1,org.thoughtcrime.securesms.util.DefaultValueLiveData<T>,top_level,5,17,1,4,0,,,0,,0,,0,,0,,0,,0
Signal-Android,2021-1,org.thoughtcrime.securesms.util.Deferred,top_level,5,16,0,3,1,1,0,1,0,1,0,1,0,1,1,1,0,1
Signal-Android,2021-1,org.thoughtcrime.securesms.util.DelimiterUtil,top_level,0,11,0,0,1,1,0,1,0,1,0,1,0,1,0,1,0,1
Signal-Android,2021-1,org.thoughtcrime.securesms.util.Dialogs,top_level,0,15,0,0,1,1,0,1,0,1,0,1,0,1,0,1,0,1
Signal-Android,2021-1,org.thoughtcrime.securesms.util.DiffHelper,top_level,0,15,0,0,1,1,0,1,0,1,0,1,0,1,0,1,0,1
Signal-Android,2021-1,org.thoughtcrime.securesms.util.DrawableUtil,top_level,1,21,0,1,1,1,0,1,0,1,0,1,0,1,1,1,0,1
Signal-Android,2021-1,org.thoughtcrime.securesms.util.DynamicDarkActionBarTheme,top_level,1,3,0,1,0,,,0,,0,,0,,0,,0,,0
Signal-Android,2021-1,org.thoughtcrime.securesms.util.DynamicDarkToolbarTheme,top_level,1,3,0,1,0,,,0,,0,,0,,0,,0,,0
Signal-Android,2021-1,org.thoughtcrime.securesms.util.DynamicIntroTheme,top_level,1,3,0,1,0,,,0,,0,,0,,0,,0,,0
Signal-Android,2021-1,org.thoughtcrime.securesms.util.DynamicLanguage,top_level,0,23,0,0,1,6,0,1,0,1,0,1,0,1,6,1,0,1
Signal-Android,2021-1,org.thoughtcrime.securesms.util.DynamicNoActionBarInviteTheme,top_level,1,3,0,1,0,,,0,,0,,0,,0,,0,,0
Signal-Android,2021-1,org.thoughtcrime.securesms.util.DynamicNoActionBarTheme,top_level,1,3,0,1,0,,,0,,0,,0,,0,,0,,0
Signal-Android,2021-1,org.thoughtcrime.securesms.util.DynamicRegistrationTheme,top_level,1,3,0,1,0,,,0,,0,,0,,0,,0,,0
Signal-Android,2021-1,org.thoughtcrime.securesms.util.DynamicTheme,top_level,2,43,0,1,1,7,0,1,0,1,0,1,0,1,7,1,0,1
Signal-Android,2021-1,org.thoughtcrime.securesms.util.EarlyMessageCache,top_level,0,27,0,0,0,,,0,,0,,0,,0,,0,,0
Signal-Android,2021-1,org.thoughtcrime.securesms.util.EllapsedTimeFormatter,top_level,3,18,0,1,1,1,0,1,0,1,0,1,0,1,0,1,0,1
Signal-Android,2021-1,org.thoughtcrime.securesms.util.ExpirationUtil,top_level,0,59,0,0,1,2,0,1,0,1,0,1,0,1,1,1,0,1
Signal-Android,2021-1,org.thoughtcrime.securesms.util.FeatureFlags,top_level,15,270,0,1,1,33,0,1,0,1,0,1,0,1,24,1,1,1
Signal-Android,2021-1,org.thoughtcrime.securesms.util.FileProviderUtil,top_level,0,11,0,0,1,2,0,1,0,1,0,1,0,1,1,1,0,1
Signal-Android,2021-1,org.thoughtcrime.securesms.util.FileUtils,top_level,0,27,0,0,1,3,0,1,0,1,0,1,0,1,2,1,0,1
Signal-Android,2021-1,org.thoughtcrime.securesms.util.FrameRateTracker,top_level,5,44,0,3,1,8,0,1,0,1,0,1,0,1,8,1,0,1
Signal-Android,2021-1,org.thoughtcrime.securesms.util.FullscreenHelper,top_level,4,53,0,3,1,7,0,1,0,1,0,1,0,1,7,1,0,1
Signal-Android,2021-1,"org.thoughtcrime.securesms.util.Function3<A,B,C,D>",top_level,1,2,0,1,0,,,0,,0,,0,,0,,0,,0
Signal-Android,2021-1,org.thoughtcrime.securesms.util.FutureTaskListener<V>,top_level,2,3,0,1,0,,,0,,0,,0,,0,,0,,0
Signal-Android,2021-1,org.thoughtcrime.securesms.util.GroupUtil,top_level,1,100,0,1,1,14,0,1,0,1,0,1,0,1,14,1,0,1
Signal-Android,2021-1,org.thoughtcrime.securesms.util.Hex,top_level,0,80,0,0,1,1,0,1,0,1,0,1,0,1,0,1,0,1
Signal-Android,2021-1,org.thoughtcrime.securesms.util.HtmlUtil,top_level,0,3,0,0,1,1,0,1,0,1,0,1,0,1,0,1,0,1
Signal-Android,2021-1,"org.thoughtcrime.securesms.util.IOFunction<I,O>",top_level,1,2,0,1,0,,,0,,0,,0,,0,,0,,0
Signal-Android,2021-1,org.thoughtcrime.securesms.util.IasKeyStore,top_level,1,10,0,1,1,2,0,1,0,1,0,1,0,1,2,1,0,1
Signal-Android,2021-1,org.thoughtcrime.securesms.util.IdentityUtil,top_level,0,130,0,0,1,51,0,1,0,1,0,1,0,1,45,1,0,1
Signal-Android,2021-1,org.thoughtcrime.securesms.util.IntentUtils,top_level,0,13,0,0,1,3,0,1,0,1,0,1,0,1,2,1,0,1
Signal-Android,2021-1,org.thoughtcrime.securesms.util.InterceptableLongClickCopyLinkSpan,top_level,0,10,0,0,0,,,0,,0,,0,,0,,0,,0
Signal-Android,2021-1,org.thoughtcrime.securesms.util.JsonUtils,top_level,0,31,0,0,1,1,0,1,0,1,0,1,0,1,0,1,0,1
Signal-Android,2021-1,"org.thoughtcrime.securesms.util.LRUCache<K,V>",top_level,1,7,0,1,0,,,0,,0,,0,,0,,0,,0
Signal-Android,2021-1,org.thoughtcrime.securesms.util.LayoutUtil,top_level,0,33,0,0,1,1,0,1,0,1,0,1,0,1,0,1,0,1
Signal-Android,2021-1,org.thoughtcrime.securesms.util.LeakyBucketLimiter,top_level,4,45,0,1,0,,,0,,0,,0,,0,,0,,0
Signal-Android,2021-1,org.thoughtcrime.securesms.util.LifecycleCursorWrapper,top_level,0,6,0,0,0,,,0,,0,,0,,0,,0,,0
Signal-Android,2021-1,org.thoughtcrime.securesms.util.LifecycleRecyclerAdapter<VH>,top_level,2,9,0,2,0,,,0,,0,,0,,0,,0,,0
Signal-Android,2021-1,org.thoughtcrime.securesms.util.LifecycleViewHolder,top_level,2,12,0,2,0,,,0,,0,,0,,0,,0,,0
Signal-Android,2021-1,org.thoughtcrime.securesms.util.LimitedInputStream,top_level,6,20,0,2,1,1,0,1,0,1,0,1,0,1,0,1,0,1
Signal-Android,2021-1,org.thoughtcrime.securesms.util.ListenableFutureTask<V>,top_level,6,62,0,4,0,,,0,,0,,0,,0,,0,,0
Signal-Android,2021-1,org.thoughtcrime.securesms.util.LongClickCopySpan,top_level,1,42,0,1,1,4,0,1,0,1,0,1,0,1,4,1,0,1
Signal-Android,2021-1,org.thoughtcrime.securesms.util.LongClickMovementMethod,top_level,0,62,0,0,1,5,0,1,0,1,0,1,0,1,4,1,0,1
Signal-Android,2021-1,org.thoughtcrime.securesms.util.MappingAdapter,top_level,3,56,0,2,1,5,0,1,0,1,0,1,0,1,4,1,0,1
Signal-Android,2021-1,org.thoughtcrime.securesms.util.MappingModel<T>,top_level,2,3,0,2,0,,,0,,0,,0,,0,,0,,0
Signal-Android,2021-1,org.thoughtcrime.securesms.util.MappingModelList,top_level,0,13,0,0,0,,,0,,0,,0,,0,,0,,0
Signal-Android,2021-1,org.thoughtcrime.securesms.util.MappingViewHolder<Model>,top_level,2,10,0,2,0,,,0,,0,,0,,0,,0,,0
Signal-Android,2021-1,org.thoughtcrime.securesms.util.MathUtils,top_level,1,11,0,0,1,1,0,1,0,1,0,1,0,1,0,1,0,1
Signal-Android,2021-1,org.thoughtcrime.securesms.util.MediaMetadataRetrieverUtil,top_level,1,10,0,1,1,1,0,1,0,1,0,1,0,1,0,1,0,1
Signal-Android,2021-1,org.thoughtcrime.securesms.util.MediaUtil,top_level,0,264,0,0,1,49,0,1,0,1,0,1,0,1,33,1,1,1
Signal-Android,2021-1,org.thoughtcrime.securesms.util.MemoryFileDescriptor,top_level,12,91,0,5,1,12,0,1,0,1,0,1,0,1,11,1,0,1
Signal-Android,2021-1,org.thoughtcrime.securesms.util.MemoryFileDescriptorProxy,top_level,0,45,0,0,1,4,0,1,0,1,0,1,0,1,3,1,0,1
Signal-Android,2021-1,org.thoughtcrime.securesms.util.MemoryFileUtil,top_level,1,21,0,1,1,5,0,1,0,1,0,1,0,1,5,1,0,1
Signal-Android,2021-1,org.thoughtcrime.securesms.util.MemoryUnitFormat,top_level,1,24,0,1,1,4,0,1,0,1,0,1,0,1,4,1,0,1
Signal-Android,2021-1,org.thoughtcrime.securesms.util.MessageRecordUtil,top_level,1,16,0,1,0,,,0,,0,,0,,0,,0,,0
Signal-Android,2021-1,org.thoughtcrime.securesms.util.MessageUtil,top_level,1,27,0,1,1,5,0,1,0,1,0,1,0,1,5,1,0,1
Signal-Android,2021-1,org.thoughtcrime.securesms.util.MmsCharacterCalculator,top_level,0,5,0,0,0,,,0,,0,,0,,0,,0,,0
Signal-Android,2021-1,org.thoughtcrime.securesms.util.ObservingLiveData<E>,top_level,4,17,0,2,0,,,0,,0,,0,,0,,0,,0
Signal-Android,2021-1,org.thoughtcrime.securesms.util.OkHttpUtil,top_level,1,20,0,1,1,2,0,1,0,1,0,1,0,1,2,1,0,1
Signal-Android,2021-1,org.thoughtcrime.securesms.util.ParcelUtil,top_level,0,30,0,0,1,5,0,1,0,1,0,1,0,1,4,1,0,1
Signal-Android,2021-1,org.thoughtcrime.securesms.util.PlayServicesUtil,top_level,0,34,0,0,1,4,0,1,0,1,0,1,0,1,2,1,0,1
Signal-Android,2021-1,org.thoughtcrime.securesms.util.PlayStoreUtil,top_level,1,13,0,1,0,,,0,,0,,0,,0,,0,,0
Signal-Android,2021-1,org.thoughtcrime.securesms.util.PopulationFeatureFlags,top_level,2,34,0,0,1,11,0,1,0,1,0,1,0,1,10,1,0,1
Signal-Android,2021-1,org.thoughtcrime.securesms.util.PowerManagerCompat,top_level,0,5,0,0,1,1,0,1,0,1,0,1,0,1,0,1,0,1
Signal-Android,2021-1,org.thoughtcrime.securesms.util.ProfileUtil,top_level,1,68,0,1,1,8,0,1,0,1,0,1,0,1,7,1,0,1
Signal-Android,2021-1,org.thoughtcrime.securesms.util.PushCharacterCalculator,top_level,0,6,0,0,0,,,0,,0,,0,,0,,0,,0
Signal-Android,2021-1,org.thoughtcrime.securesms.util.RedPhoneCallTypes,top_level,0,4,0,0,0,,,0,,0,,0,,0,,0,,0
Signal-Android,2021-1,org.thoughtcrime.securesms.util.RemoteDeleteUtil,top_level,1,24,0,1,1,5,0,1,0,1,0,1,0,1,5,1,0,1
Signal-Android,2021-1,org.thoughtcrime.securesms.util.RemoteDeprecation,top_level,2,38,0,1,1,6,0,1,0,1,0,1,0,1,6,1,0,1
Signal-Android,2021-1,org.thoughtcrime.securesms.util.RequestCodes,top_level,1,3,0,1,0,,,0,,0,,0,,0,,0,,0
Signal-Android,2021-1,org.thoughtcrime.securesms.util.ResUtil,top_level,0,25,0,0,1,5,0,1,0,1,0,1,0,1,4,1,0,1
Signal-Android,2021-1,org.thoughtcrime.securesms.util.Rfc5724Uri,top_level,0,33,0,0,1,3,0,1,0,1,0,1,0,1,3,1,0,1
Signal-Android,2021-1,org.thoughtcrime.securesms.util.SaveAttachmentTask,top_level,0,150,0,0,1,17,1,1,0,1,0,1,0,1,15,1,0,1
Signal-Android,2021-1,org.thoughtcrime.securesms.util.SearchUtil,top_level,0,47,0,0,1,6,0,1,0,1,0,1,0,1,5,1,0,1
Signal-Android,2021-1,org.thoughtcrime.securesms.util.SemanticVersion,top_level,3,39,0,3,1,4,0,1,0,1,0,1,0,1,4,1,0,1
Signal-Android,2021-1,org.thoughtcrime.securesms.util.ServiceUtil,top_level,0,42,0,0,1,1,0,1,0,1,0,1,0,1,0,1,0,1
Signal-Android,2021-1,org.thoughtcrime.securesms.util.SetUtil,top_level,1,17,0,1,0,,,0,,0,,0,,0,,0,,0
Signal-Android,2021-1,org.thoughtcrime.securesms.util.ShortCodeUtil,top_level,0,21,0,0,1,6,0,1,0,1,0,1,0,1,5,1,0,1
Signal-Android,2021-1,org.thoughtcrime.securesms.util.SignalUncaughtExceptionHandler,top_level,0,12,0,0,1,1,0,1,0,1,0,1,0,1,1,1,0,1
Signal-Android,2021-1,org.thoughtcrime.securesms.util.SingleLiveEvent<T>,top_level,2,18,0,2,0,,,0,,0,,0,,0,,0,,0
Signal-Android,2021-1,org.thoughtcrime.securesms.util.SmsCharacterCalculator,top_level,0,24,0,0,1,1,0,1,0,1,0,1,0,1,0,1,0,1
Signal-Android,2021-1,org.thoughtcrime.securesms.util.SmsUtil,top_level,1,10,0,1,1,1,0,1,0,1,0,1,0,1,1,1,0,1
Signal-Android,2021-1,org.thoughtcrime.securesms.util.SnapToTopDataObserver,top_level,11,87,0,5,1,1,0,1,0,1,0,1,0,1,1,1,0,1
Signal-Android,2021-1,"org.thoughtcrime.securesms.util.SoftHashMap<K,V>",top_level,12,115,0,9,0,,,0,,0,,0,,0,,0,,0
Signal-Android,2021-1,org.thoughtcrime.securesms.util.SpanUtil,top_level,0,32,0,0,1,1,0,1,0,1,0,1,0,1,0,1,0,1
Signal-Android,2021-1,org.thoughtcrime.securesms.util.SqlUtil,top_level,1,68,0,1,1,3,0,1,0,1,0,1,0,1,2,1,0,1
Signal-Android,2021-1,org.thoughtcrime.securesms.util.StickyHeaderDecoration,top_level,1,107,0,1,1,19,0,1,0,1,0,1,0,1,17,1,0,1
Signal-Android,2021-1,org.thoughtcrime.securesms.util.Stopwatch,top_level,0,30,0,0,1,6,0,1,0,1,0,1,0,1,6,1,0,1
Signal-Android,2021-1,org.thoughtcrime.securesms.util.StorageUtil,top_level,4,82,0,0,1,13,0,1,0,1,0,1,0,1,11,1,0,1
Signal-Android,2021-1,org.thoughtcrime.securesms.util.StringUtil,top_level,2,104,0,1,1,9,0,1,0,1,0,1,0,1,4,1,0,1
Signal-Android,2021-1,org.thoughtcrime.securesms.util.SupportEmailUtil,top_level,1,37,0,1,1,3,0,1,0,1,0,1,0,1,3,1,0,1
Signal-Android,2021-1,org.thoughtcrime.securesms.util.TaggedFutureTask<V>,top_level,0,10,0,0,0,,,0,,0,,0,,0,,0,,0
Signal-Android,2021-1,org.thoughtcrime.securesms.util.TelephonyUtil,top_level,0,26,0,0,1,10,0,1,0,1,0,1,0,1,9,1,0,1
Signal-Android,2021-1,org.thoughtcrime.securesms.util.TextSecurePreferences,top_level,0,656,0,0,1,41,0,1,0,1,0,1,0,1,35,1,1,1
Signal-Android,2021-1,org.thoughtcrime.securesms.util.ThemeUtil,top_level,0,45,0,0,1,12,0,1,0,1,0,1,0,1,11,1,0,1
Signal-Android,2021-1,org.thoughtcrime.securesms.util.ThrottledDebouncer,top_level,2,27,0,2,0,,,0,,0,,0,,0,,0,,0
Signal-Android,2021-1,org.thoughtcrime.securesms.util.Throttler,top_level,2,14,0,2,0,,,0,,0,,0,,0,,0,,0
Signal-Android,2021-1,"org.thoughtcrime.securesms.util.Triple<A,B,C>",top_level,8,23,3,5,0,,,0,,0,,0,,0,,0,,0
Signal-Android,2021-1,org.thoughtcrime.securesms.util.UrlClickHandler,top_level,1,2,0,0,0,,,0,,0,,0,,0,,0,,0
Signal-Android,2021-1,org.thoughtcrime.securesms.util.UsernameUtil,top_level,0,40,0,0,1,11,0,1,0,1,0,1,0,1,10,1,0,1
Signal-Android,2021-1,org.thoughtcrime.securesms.util.Util,top_level,28,304,0,0,1,32,0,1,0,1,0,1,0,1,26,1,1,1
Signal-Android,2021-1,org.thoughtcrime.securesms.util.VerifySpan,top_level,0,15,0,0,0,,,0,,0,,0,,0,,0,,0
Signal-Android,2021-1,org.thoughtcrime.securesms.util.VersionTracker,top_level,0,24,0,0,1,5,0,1,0,1,0,1,0,1,4,1,0,1
Signal-Android,2021-1,org.thoughtcrime.securesms.util.VibrateUtil,top_level,1,10,0,1,0,,,0,,0,,0,,0,,0,,0
Signal-Android,2021-1,org.thoughtcrime.securesms.util.ViewUtil,top_level,5,155,0,1,1,19,0,1,0,1,0,1,0,1,17,1,1,1
Signal-Android,2021-1,org.thoughtcrime.securesms.util.WakeLockUtil,top_level,0,33,0,0,1,5,0,1,0,1,0,1,0,1,2,1,0,1
Signal-Android,2021-1,org.thoughtcrime.securesms.util.WindowUtil,top_level,1,37,0,1,1,4,0,1,0,1,0,1,0,1,4,1,0,1
Signal-Android,2021-1,org.thoughtcrime.securesms.util.WorkerThread,top_level,2,17,0,1,1,1,0,1,0,1,0,1,0,1,1,1,0,1
Signal-Android,2021-1,org.thoughtcrime.securesms.util.adapter.AlwaysChangedDiffUtil<T>,top_level,2,7,0,2,0,,,0,,0,,0,,0,,0,,0
Signal-Android,2021-1,org.thoughtcrime.securesms.util.adapter.FixedViewsAdapter,top_level,9,31,0,6,0,,,0,,0,,0,,0,,0,,0
Signal-Android,2021-1,org.thoughtcrime.securesms.util.adapter.RecyclerViewConcatenateAdapter,top_level,11,127,0,5,1,8,0,1,0,1,0,1,0,1,8,1,0,1
Signal-Android,2021-1,org.thoughtcrime.securesms.util.adapter.RecyclerViewConcatenateAdapterStickyHeader,top_level,1,31,0,1,1,11,0,1,0,1,0,1,0,1,11,1,0,1
Signal-Android,2021-1,"org.thoughtcrime.securesms.util.adapter.SectionedRecyclerViewAdapter<IdType,SectionImpl>",top_level,8,79,0,4,0,,,0,,0,,0,,0,,0,,0
Signal-Android,2021-1,org.thoughtcrime.securesms.util.adapter.StableIdGenerator<E>,top_level,2,10,0,1,0,,,0,,0,,0,,0,,0,,0
Signal-Android,2021-1,org.thoughtcrime.securesms.util.cjkv.CJKVUtil,top_level,3,33,0,1,1,19,0,1,0,1,0,1,0,1,19,1,0,1
Signal-Android,2021-1,org.thoughtcrime.securesms.util.concurrent.AssertedSuccessListener<T>,top_level,0,4,0,0,0,,,0,,0,,0,,0,,0,,0
Signal-Android,2021-1,org.thoughtcrime.securesms.util.concurrent.FilteredExecutor,top_level,0,14,0,0,0,,,0,,0,,0,,0,,0,,0
Signal-Android,2021-1,org.thoughtcrime.securesms.util.concurrent.ListenableFuture<T>,top_level,1,5,0,1,0,,,0,,0,,0,,0,,0,,0
Signal-Android,2021-1,org.thoughtcrime.securesms.util.concurrent.SerialExecutor,top_level,2,18,0,1,0,,,0,,0,,0,,0,,0,,0
Signal-Android,2021-1,org.thoughtcrime.securesms.util.concurrent.SerialMonoLifoExecutor,top_level,2,25,0,1,0,,,0,,0,,0,,0,,0,,0
Signal-Android,2021-1,org.thoughtcrime.securesms.util.concurrent.SettableFuture<T>,top_level,15,75,1,8,0,,,0,,0,,0,,0,,0,,0
Signal-Android,2021-1,org.thoughtcrime.securesms.util.concurrent.SimpleTask,top_level,1,25,0,0,1,3,0,1,0,1,0,1,0,1,2,1,0,1
Signal-Android,2021-1,org.thoughtcrime.securesms.util.dualsim.SubscriptionInfoCompat,top_level,3,18,0,3,1,1,1,1,0,1,0,1,0,1,0,1,0,1
Signal-Android,2021-1,org.thoughtcrime.securesms.util.dualsim.SubscriptionManagerCompat,top_level,2,70,0,1,1,8,0,1,0,1,0,1,0,1,8,1,0,1
Signal-Android,2021-1,org.thoughtcrime.securesms.util.dynamiclanguage.DynamicLanguageContextWrapper,top_level,1,10,0,1,1,1,0,1,0,1,0,1,0,1,1,1,0,1
Signal-Android,2021-1,org.thoughtcrime.securesms.util.dynamiclanguage.LanguageString,top_level,1,22,0,1,1,1,0,1,0,1,0,1,0,1,0,1,0,1
Signal-Android,2021-1,org.thoughtcrime.securesms.util.dynamiclanguage.LocaleParser,top_level,1,19,0,1,1,3,0,1,0,1,0,1,0,1,3,1,0,1
Signal-Android,2021-1,"org.thoughtcrime.securesms.util.livedata.LiveDataPair<A,B>",top_level,0,31,2,0,0,,,0,,0,,0,,0,,0,,0
Signal-Android,2021-1,"org.thoughtcrime.securesms.util.livedata.LiveDataTriple<A,B,C>",top_level,0,78,3,0,0,,,0,,0,,0,,0,,0,,0
Signal-Android,2021-1,org.thoughtcrime.securesms.util.livedata.LiveDataUtil,top_level,1,87,0,1,1,1,0,1,0,1,0,1,0,1,0,1,0,1
Signal-Android,2021-1,org.thoughtcrime.securesms.util.paging.Invalidator,top_level,2,7,0,1,0,,,0,,0,,0,,0,,0,,0
Signal-Android,2021-1,org.thoughtcrime.securesms.util.paging.SizeFixResult<T>,top_level,1,23,0,1,0,,,0,,0,,0,,0,,0,,0
Signal-Android,2021-1,org.thoughtcrime.securesms.util.spans.CenterAlignedRelativeSizeSpan,top_level,1,11,0,1,0,,,0,,0,,0,,0,,0,,0
Signal-Android,2021-1,"org.thoughtcrime.securesms.util.task.ProgressDialogAsyncTask<Params,Progress,Result>",top_level,4,21,0,2,0,,,0,,0,,0,,0,,0,,0
Signal-Android,2021-1,org.thoughtcrime.securesms.util.task.SnackbarAsyncTask<Params>,top_level,4,69,1,3,0,,,0,,0,,0,,0,,0,,0
Signal-Android,2021-1,org.thoughtcrime.securesms.util.text.AfterTextChanged,top_level,0,11,0,0,0,,,0,,0,,0,,0,,0,,0
Signal-Android,2021-1,org.thoughtcrime.securesms.util.viewholders.RecipientMappingModel<T>,top_level,2,11,0,2,0,,,0,,0,,0,,0,,0,,0
Signal-Android,2021-1,org.thoughtcrime.securesms.util.viewholders.RecipientViewHolder<T>,top_level,4,25,0,1,0,,,0,,0,,0,,0,,0,,0
Signal-Android,2021-1,org.thoughtcrime.securesms.util.views.AdaptiveActionsToolbar,top_level,1,36,0,1,1,4,0,1,0,1,0,1,0,1,4,1,0,1
Signal-Android,2021-1,org.thoughtcrime.securesms.util.views.DarkOverflowToolbar,top_level,2,13,0,1,1,1,0,1,0,1,0,1,0,1,1,1,0,1
Signal-Android,2021-1,org.thoughtcrime.securesms.util.views.LearnMoreTextView,top_level,7,52,0,5,1,4,0,1,0,1,0,1,0,1,3,1,0,1
Signal-Android,2021-1,org.thoughtcrime.securesms.util.views.SimpleProgressDialog,top_level,1,44,0,1,1,3,0,1,0,1,0,1,0,1,3,1,0,1
Signal-Android,2021-1,org.thoughtcrime.securesms.util.views.SlideUpWithSnackbarBehavior,top_level,0,20,0,0,0,,,0,,0,,0,,0,,0,,0
Signal-Android,2021-1,org.thoughtcrime.securesms.util.views.Stub<T>,top_level,3,12,1,2,0,,,0,,0,,0,,0,,0,,0
Signal-Android,2021-1,org.thoughtcrime.securesms.util.views.TouchInterceptingFrameLayout,top_level,1,18,0,1,0,,,0,,0,,0,,0,,0,,0
Signal-Android,2021-1,org.thoughtcrime.securesms.video.ByteArrayMediaDataSource,top_level,8,21,0,4,0,,,0,,0,,0,,0,,0,,0
Signal-Android,2021-1,org.thoughtcrime.securesms.video.ClassicEncryptedMediaDataSource,top_level,5,24,0,3,0,,,0,,0,,0,,0,,0,,0
Signal-Android,2021-1,org.thoughtcrime.securesms.video.EncryptedMediaDataSource,top_level,0,9,0,0,1,1,0,1,0,1,0,1,0,1,0,1,0,1
Signal-Android,2021-1,org.thoughtcrime.securesms.video.InMemoryTranscoder,top_level,3,134,0,2,1,11,0,1,0,1,0,1,0,1,9,1,0,1
Signal-Android,2021-1,org.thoughtcrime.securesms.video.ModernEncryptedMediaDataSource,top_level,7,38,0,3,0,,,0,,0,,0,,0,,0,,0
Signal-Android,2021-1,org.thoughtcrime.securesms.video.VideoBitRateCalculator,top_level,5,58,0,3,0,,,0,,0,,0,,0,,0,,0
Signal-Android,2021-1,org.thoughtcrime.securesms.video.VideoPlayer,top_level,27,139,0,13,1,2,0,1,0,1,0,1,0,1,1,1,0,1
Signal-Android,2021-1,org.thoughtcrime.securesms.video.VideoSizeException,top_level,0,3,0,0,0,,,0,,0,,0,,0,,0,,0
Signal-Android,2021-1,org.thoughtcrime.securesms.video.VideoSourceException,top_level,0,5,0,0,0,,,0,,0,,0,,0,,0,,0
Signal-Android,2021-1,org.thoughtcrime.securesms.video.VideoUtil,top_level,2,32,0,1,1,1,0,1,0,1,0,1,0,1,1,1,0,1
Signal-Android,2021-1,org.thoughtcrime.securesms.video.exo.AttachmentDataSource,top_level,2,31,0,2,0,,,0,,0,,0,,0,,0,,0
Signal-Android,2021-1,org.thoughtcrime.securesms.video.exo.AttachmentDataSourceFactory,top_level,0,15,0,0,0,,,0,,0,,0,,0,,0,,0
Signal-Android,2021-1,org.thoughtcrime.securesms.video.exo.BlobDataSource,top_level,4,36,0,2,1,1,0,1,0,1,0,1,0,1,1,1,0,1
Signal-Android,2021-1,org.thoughtcrime.securesms.video.exo.PartDataSource,top_level,4,37,0,2,1,2,0,1,0,1,0,1,0,1,2,1,0,1
Signal-Android,2021-1,org.thoughtcrime.securesms.video.videoconverter.AndroidMuxer,top_level,3,22,0,3,0,,,0,,0,,0,,0,,0,,0
Signal-Android,2021-1,org.thoughtcrime.securesms.video.videoconverter.AudioTrackConverter,top_level,64,288,0,3,1,29,0,1,1,1,0,1,0,1,9,1,1,1
Signal-Android,2021-1,org.thoughtcrime.securesms.video.videoconverter.EncodingException,top_level,0,5,0,0,0,,,0,,0,,0,,0,,0,,0
Signal-Android,2021-1,org.thoughtcrime.securesms.video.videoconverter.InputSurface,top_level,12,80,0,5,1,3,0,1,0,1,0,1,0,1,1,1,0,1
Signal-Android,2021-1,org.thoughtcrime.securesms.video.videoconverter.MediaConverter,top_level,24,181,0,7,1,19,0,1,0,1,0,1,0,1,2,1,1,1
Signal-Android,2021-1,org.thoughtcrime.securesms.video.videoconverter.Muxer,top_level,5,6,0,3,0,,,0,,0,,0,,0,,0,,0
Signal-Android,2021-1,org.thoughtcrime.securesms.video.videoconverter.OutputSurface,top_level,23,123,0,8,1,1,0,1,0,1,0,1,0,1,1,1,0,1
Signal-Android,2021-1,org.thoughtcrime.securesms.video.videoconverter.Preconditions,top_level,0,4,0,0,1,1,0,1,0,1,0,1,0,1,0,1,0,1
Signal-Android,2021-1,org.thoughtcrime.securesms.video.videoconverter.TextureRender,top_level,9,165,0,3,1,1,0,1,0,1,0,1,0,1,0,1,0,1
Signal-Android,2021-1,org.thoughtcrime.securesms.video.videoconverter.TranscodingException,top_level,0,5,0,0,0,,,0,,0,,0,,0,,0,,0
Signal-Android,2021-1,org.thoughtcrime.securesms.video.videoconverter.VideoThumbnailsExtractor,top_level,0,119,0,0,1,22,0,1,0,1,0,1,0,1,11,1,0,1
Signal-Android,2021-1,org.thoughtcrime.securesms.video.videoconverter.VideoThumbnailsRangeSelectorView,top_level,47,362,0,16,1,34,0,1,0,1,0,1,0,1,16,1,1,1
Signal-Android,2021-1,org.thoughtcrime.securesms.video.videoconverter.VideoThumbnailsView,top_level,10,136,0,5,1,7,0,1,0,1,0,1,0,1,6,1,0,1
Signal-Android,2021-1,org.thoughtcrime.securesms.video.videoconverter.VideoTrackConverter,top_level,67,358,0,3,1,34,0,1,1,1,0,1,0,1,6,1,1,1
Signal-Android,2021-1,org.thoughtcrime.securesms.webrtc.CallNotificationBuilder,top_level,1,60,0,0,1,2,0,1,0,1,0,1,0,1,1,1,0,1
Signal-Android,2021-1,org.thoughtcrime.securesms.webrtc.UncaughtExceptionHandlerManager,top_level,2,19,0,2,1,1,0,1,0,1,0,1,0,1,1,1,0,1
Signal-Android,2021-1,org.thoughtcrime.securesms.webrtc.VoiceCallShare,top_level,0,25,0,0,1,10,0,1,0,1,0,1,0,1,9,1,0,1
Signal-Android,2021-1,org.thoughtcrime.securesms.webrtc.audio.AudioManagerCompat,top_level,2,87,0,2,0,,,0,,0,,0,,0,,0,,0
Signal-Android,2021-1,org.thoughtcrime.securesms.webrtc.audio.BluetoothStateManager,top_level,23,126,0,5,1,13,0,1,0,1,0,1,0,1,9,1,0,1
Signal-Android,2021-1,org.thoughtcrime.securesms.webrtc.audio.IncomingRinger,top_level,2,76,0,1,1,3,0,1,0,1,0,1,0,1,3,1,0,1
Signal-Android,2021-1,org.thoughtcrime.securesms.webrtc.audio.OutgoingRinger,top_level,8,37,0,2,0,,,0,,0,,0,,0,,0,,0
Signal-Android,2021-1,org.thoughtcrime.securesms.webrtc.audio.SignalAudioManager,top_level,6,50,0,4,1,9,0,1,0,1,0,1,0,1,9,1,0,1
Signal-Android,2021-1,org.thoughtcrime.securesms.webrtc.locks.AccelerometerListener,top_level,14,74,0,3,1,3,0,1,0,1,0,1,0,1,0,1,0,1
Signal-Android,2021-1,org.thoughtcrime.securesms.webrtc.locks.LockManager,top_level,16,109,0,3,1,2,0,1,0,1,0,1,0,1,1,1,0,1
Signal-Android,2021-1,org.thoughtcrime.securesms.webrtc.locks.ProximityLock,top_level,11,48,0,2,1,6,0,1,0,1,0,1,0,1,6,1,0,1
Signal-Android,2021-1,org.whispersystems.signalservice.api.CancelationException,top_level,0,1,0,0,0,,,0,,0,,0,,0,,0,,0
Signal-Android,2021-1,org.whispersystems.signalservice.api.ContentTooLargeException,top_level,1,3,0,1,0,,,0,,0,,0,,0,,0,,0
Signal-Android,2021-1,org.whispersystems.signalservice.api.KbsPinData,top_level,1,12,0,1,0,,,0,,0,,0,,0,,0,,0
Signal-Android,2021-1,org.whispersystems.signalservice.api.KeyBackupService,top_level,1,157,0,1,1,22,0,1,0,1,0,1,0,1,20,1,0,1
Signal-Android,2021-1,org.whispersystems.signalservice.api.KeyBackupServicePinException,top_level,1,7,0,1,0,,,0,,0,,0,,0,,0,,0
Signal-Android,2021-1,org.whispersystems.signalservice.api.KeyBackupSystemNoDataException,top_level,1,2,0,1,0,,,0,,0,,0,,0,,0,,0
Signal-Android,2021-1,org.whispersystems.signalservice.api.SignalServiceAccountManager,top_level,11,314,0,10,1,38,0,1,0,1,1,1,0,1,32,1,0,1
Signal-Android,2021-1,org.whispersystems.signalservice.api.SignalServiceMessagePipe,top_level,1,183,0,1,1,35,0,1,0,1,0,1,0,1,32,1,1,1
Signal-Android,2021-1,org.whispersystems.signalservice.api.SignalServiceMessageReceiver,top_level,1,140,0,1,1,21,0,1,0,1,0,1,0,1,19,1,0,1
Signal-Android,2021-1,org.whispersystems.signalservice.api.SignalServiceMessageSender,top_level,5,933,0,3,1,570,0,1,1,1,2,1,0,1,517,1,1,1
Signal-Android,2021-1,org.whispersystems.signalservice.api.TokenException,top_level,1,10,0,1,0,,,0,,0,,0,,0,,0,,0
Signal-Android,2021-1,org.whispersystems.signalservice.api.account.AccountAttributes,top_level,9,90,0,9,1,2,2,1,0,1,0,1,0,1,0,1,0,1
Signal-Android,2021-1,org.whispersystems.signalservice.api.crypto.AttachmentCipherInputStream,top_level,21,152,0,7,1,11,0,1,0,1,0,1,0,1,6,1,1,1
Signal-Android,2021-1,org.whispersystems.signalservice.api.crypto.AttachmentCipherOutputStream,top_level,7,55,0,4,0,,,0,,0,,0,,0,,0,,0
Signal-Android,2021-1,org.whispersystems.signalservice.api.crypto.CryptoUtil,top_level,5,16,0,1,1,2,0,1,0,1,0,1,0,1,2,1,0,1
Signal-Android,2021-1,org.whispersystems.signalservice.api.crypto.DigestingOutputStream,top_level,6,26,0,6,0,,,0,,0,,0,,0,,0,,0
Signal-Android,2021-1,org.whispersystems.signalservice.api.crypto.HmacSIV,top_level,7,26,0,0,1,1,0,1,0,1,0,1,0,1,0,1,0,1
Signal-Android,2021-1,org.whispersystems.signalservice.api.crypto.InvalidCiphertextException,top_level,0,5,0,0,0,,,0,,0,,0,,0,,0,,0
Signal-Android,2021-1,org.whispersystems.signalservice.api.crypto.NoCipherOutputStream,top_level,0,3,0,0,0,,,0,,0,,0,,0,,0,,0
Signal-Android,2021-1,org.whispersystems.signalservice.api.crypto.ProfileCipher,top_level,13,48,0,3,1,2,0,1,0,1,0,1,0,1,2,1,0,1
Signal-Android,2021-1,org.whispersystems.signalservice.api.crypto.ProfileCipherInputStream,top_level,9,39,0,3,1,1,0,1,0,1,0,1,0,1,0,1,0,1
Signal-Android,2021-1,org.whispersystems.signalservice.api.crypto.ProfileCipherOutputStream,top_level,7,40,0,5,0,,,0,,0,,0,,0,,0,,0
Signal-Android,2021-1,org.whispersystems.signalservice.api.crypto.SignalServiceCipher,top_level,0,137,0,0,1,29,0,1,0,1,0,1,0,1,23,1,0,1
Signal-Android,2021-1,org.whispersystems.signalservice.api.crypto.SkippingOutputStream,top_level,12,25,0,3,1,2,0,1,0,1,0,1,0,1,0,1,0,1
Signal-Android,2021-1,org.whispersystems.signalservice.api.crypto.UnidentifiedAccess,top_level,2,21,0,2,1,1,0,1,0,1,0,1,0,1,1,1,0,1
Signal-Android,2021-1,org.whispersystems.signalservice.api.crypto.UnidentifiedAccessPair,top_level,0,10,0,0,0,,,0,,0,,0,,0,,0,,0
Signal-Android,2021-1,org.whispersystems.signalservice.api.crypto.UntrustedIdentityException,top_level,1,13,0,1,0,,,0,,0,,0,,0,,0,,0
Signal-Android,2021-1,org.whispersystems.signalservice.api.groupsv2.ChangeSetModifier,top_level,18,19,0,18,1,1,0,1,0,1,0,1,0,1,0,1,0,1
Signal-Android,2021-1,org.whispersystems.signalservice.api.groupsv2.ClientZkOperations,top_level,0,16,0,0,0,,,0,,0,,0,,0,,0,,0
Signal-Android,2021-1,org.whispersystems.signalservice.api.groupsv2.CredentialResponse,top_level,0,5,0,0,0,,,0,,0,,0,,0,,0,,0
Signal-Android,2021-1,org.whispersystems.signalservice.api.groupsv2.DecryptedGroupChangeActionsBuilderChangeSetModifier,top_level,18,74,0,18,1,7,0,1,0,1,0,1,0,1,6,1,0,1
Signal-Android,2021-1,org.whispersystems.signalservice.api.groupsv2.DecryptedGroupHistoryEntry,top_level,0,13,0,0,0,,,0,,0,,0,,0,,0,,0
Signal-Android,2021-1,org.whispersystems.signalservice.api.groupsv2.DecryptedGroupUtil,top_level,0,291,0,0,1,32,0,1,0,1,0,1,0,1,28,1,1,1
Signal-Android,2021-1,org.whispersystems.signalservice.api.groupsv2.GroupCandidate,top_level,4,36,0,3,0,,,0,,0,,0,,0,,0,,0
Signal-Android,2021-1,org.whispersystems.signalservice.api.groupsv2.GroupChangeActionsBuilderChangeSetModifier,top_level,18,62,0,18,1,9,0,1,0,1,0,1,0,1,8,1,0,1
Signal-Android,2021-1,org.whispersystems.signalservice.api.groupsv2.GroupChangeReconstruct,top_level,0,120,0,0,1,30,0,1,1,1,0,1,0,1,19,1,0,1
Signal-Android,2021-1,org.whispersystems.signalservice.api.groupsv2.GroupChangeUtil,top_level,1,147,0,1,1,28,0,1,0,1,0,1,0,1,26,1,1,1
Signal-Android,2021-1,org.whispersystems.signalservice.api.groupsv2.GroupLinkNotActiveException,top_level,1,4,0,1,0,,,0,,0,,0,,0,,0,,0
Signal-Android,2021-1,org.whispersystems.signalservice.api.groupsv2.GroupsV2Api,top_level,0,94,0,0,1,8,0,1,0,1,0,1,0,1,8,1,0,1
Signal-Android,2021-1,org.whispersystems.signalservice.api.groupsv2.GroupsV2AuthorizationString,top_level,0,9,0,0,0,,,0,,0,,0,,0,,0,,0
Signal-Android,2021-1,org.whispersystems.signalservice.api.groupsv2.GroupsV2Operations,top_level,0,460,0,0,1,111,0,1,1,1,0,1,0,1,97,1,1,1
Signal-Android,2021-1,org.whispersystems.signalservice.api.groupsv2.InvalidGroupStateException,top_level,1,4,0,1,0,,,0,,0,,0,,0,,0,,0
Signal-Android,2021-1,org.whispersystems.signalservice.api.groupsv2.NoCredentialForRedemptionTimeException,top_level,0,1,0,0,0,,,0,,0,,0,,0,,0,,0
Signal-Android,2021-1,org.whispersystems.signalservice.api.groupsv2.NotAbleToApplyGroupV2ChangeException,top_level,1,2,0,1,0,,,0,,0,,0,,0,,0,,0
Signal-Android,2021-1,org.whispersystems.signalservice.api.groupsv2.TemporalCredential,top_level,2,9,0,2,0,,,0,,0,,0,,0,,0,,0
Signal-Android,2021-1,org.whispersystems.signalservice.api.groupsv2.UuidProfileKey,top_level,0,10,0,0,0,,,0,,0,,0,,0,,0,,0
Signal-Android,2021-1,org.whispersystems.signalservice.api.groupsv2.UuidProfileKeyCredential,top_level,0,10,0,0,0,,,0,,0,,0,,0,,0,,0
Signal-Android,2021-1,org.whispersystems.signalservice.api.kbs.HashedPin,top_level,4,20,0,2,0,,,0,,0,,0,,0,,0,,0
Signal-Android,2021-1,org.whispersystems.signalservice.api.kbs.KbsData,top_level,2,14,0,2,0,,,0,,0,,0,,0,,0,,0
Signal-Android,2021-1,org.whispersystems.signalservice.api.kbs.MasterKey,top_level,4,25,0,3,0,,,0,,0,,0,,0,,0,,0
Signal-Android,2021-1,org.whispersystems.signalservice.api.messages.SendMessageResult,top_level,4,50,0,4,0,,,0,,0,,0,,0,,0,,0
Signal-Android,2021-1,org.whispersystems.signalservice.api.messages.SignalServiceAttachment,top_level,3,93,0,2,1,1,0,1,0,1,0,1,0,1,0,1,0,1
Signal-Android,2021-1,org.whispersystems.signalservice.api.messages.SignalServiceAttachmentPointer,top_level,9,79,0,9,1,2,1,1,0,1,1,1,0,1,0,1,0,1
Signal-Android,2021-1,org.whispersystems.signalservice.api.messages.SignalServiceAttachmentRemoteId,top_level,1,33,0,1,1,1,0,1,0,1,0,1,0,1,1,1,0,1
Signal-Android,2021-1,org.whispersystems.signalservice.api.messages.SignalServiceAttachmentStream,top_level,8,88,0,8,1,2,1,1,0,1,1,1,0,1,0,1,0,1
Signal-Android,2021-1,org.whispersystems.signalservice.api.messages.SignalServiceContent,top_level,9,667,0,6,1,215,0,1,1,1,0,1,0,1,183,1,1,1
Signal-Android,2021-1,org.whispersystems.signalservice.api.messages.SignalServiceDataMessage,top_level,12,344,0,11,1,24,4,1,0,1,1,1,0,1,10,1,0,1
Signal-Android,2021-1,org.whispersystems.signalservice.api.messages.SignalServiceEnvelope,top_level,16,160,0,16,1,14,0,1,0,1,0,1,0,1,14,1,0,1
Signal-Android,2021-1,org.whispersystems.signalservice.api.messages.SignalServiceGroup,top_level,5,61,0,3,1,2,1,1,0,1,0,1,0,1,0,1,0,1
Signal-Android,2021-1,org.whispersystems.signalservice.api.messages.SignalServiceGroupContext,top_level,0,30,0,0,1,1,0,1,0,1,0,1,0,1,1,1,0,1
Signal-Android,2021-1,org.whispersystems.signalservice.api.messages.SignalServiceGroupV2,top_level,5,45,0,4,1,4,0,1,0,1,0,1,0,1,4,1,0,1
Signal-Android,2021-1,org.whispersystems.signalservice.api.messages.SignalServiceMetadata,top_level,5,31,0,5,1,1,1,1,0,1,0,1,0,1,0,1,0,1
Signal-Android,2021-1,org.whispersystems.signalservice.api.messages.SignalServiceReceiptMessage,top_level,5,22,0,5,0,,,0,,0,,0,,0,,0,,0
Signal-Android,2021-1,org.whispersystems.signalservice.api.messages.SignalServiceStickerManifest,top_level,0,32,0,0,1,1,1,1,0,1,0,1,0,1,0,1,0,1
Signal-Android,2021-1,org.whispersystems.signalservice.api.messages.SignalServiceTypingMessage,top_level,4,20,0,4,0,,,0,,0,,0,,0,,0,,0
Signal-Android,2021-1,org.whispersystems.signalservice.api.messages.calls.AnswerMessage,top_level,2,14,0,2,0,,,0,,0,,0,,0,,0,,0
Signal-Android,2021-1,org.whispersystems.signalservice.api.messages.calls.BusyMessage,top_level,2,6,0,2,0,,,0,,0,,0,,0,,0,,0
Signal-Android,2021-1,org.whispersystems.signalservice.api.messages.calls.CallingResponse,top_level,2,24,0,2,0,,,0,,0,,0,,0,,0,,0
Signal-Android,2021-1,org.whispersystems.signalservice.api.messages.calls.HangupMessage,top_level,5,43,0,5,1,2,0,1,0,1,0,1,0,1,2,1,0,1
Signal-Android,2021-1,org.whispersystems.signalservice.api.messages.calls.IceUpdateMessage,top_level,2,14,0,2,0,,,0,,0,,0,,0,,0,,0
Signal-Android,2021-1,org.whispersystems.signalservice.api.messages.calls.OfferMessage,top_level,3,40,0,3,1,3,1,1,0,1,0,1,0,1,2,1,0,1
Signal-Android,2021-1,org.whispersystems.signalservice.api.messages.calls.OpaqueMessage,top_level,2,6,0,2,0,,,0,,0,,0,,0,,0,,0
Signal-Android,2021-1,org.whispersystems.signalservice.api.messages.calls.SignalServiceCallMessage,top_level,2,114,0,1,1,1,0,1,0,1,0,1,0,1,0,1,0,1
Signal-Android,2021-1,org.whispersystems.signalservice.api.messages.calls.TurnServerInfo,top_level,0,13,0,0,0,,,0,,0,,0,,0,,0,,0
Signal-Android,2021-1,org.whispersystems.signalservice.api.messages.multidevice.BlockedListMessage,top_level,0,10,0,0,0,,,0,,0,,0,,0,,0,,0
Signal-Android,2021-1,org.whispersystems.signalservice.api.messages.multidevice.ChunkedInputStream,top_level,8,66,0,1,1,1,0,1,0,1,0,1,0,1,0,1,0,1
Signal-Android,2021-1,org.whispersystems.signalservice.api.messages.multidevice.ChunkedOutputStream,top_level,3,18,0,1,0,,,0,,0,,0,,0,,0,,0
Signal-Android,2021-1,org.whispersystems.signalservice.api.messages.multidevice.ConfigurationMessage,top_level,0,21,0,0,1,1,1,1,0,1,0,1,0,1,0,1,0,1
Signal-Android,2021-1,org.whispersystems.signalservice.api.messages.multidevice.ContactsMessage,top_level,1,10,0,1,0,,,0,,0,,0,,0,,0,,0
Signal-Android,2021-1,org.whispersystems.signalservice.api.messages.multidevice.DeviceContact,top_level,2,51,0,2,1,2,1,1,0,1,1,1,0,1,0,1,0,1
Signal-Android,2021-1,org.whispersystems.signalservice.api.messages.multidevice.DeviceContactsInputStream,top_level,0,55,0,0,1,34,0,1,0,1,0,1,0,1,27,1,0,1
Signal-Android,2021-1,org.whispersystems.signalservice.api.messages.multidevice.DeviceContactsOutputStream,top_level,1,51,0,1,1,65,0,1,0,1,0,1,0,1,58,1,0,1
Signal-Android,2021-1,org.whispersystems.signalservice.api.messages.multidevice.DeviceGroup,top_level,4,51,0,4,1,2,1,1,0,1,1,1,0,1,0,1,0,1
Signal-Android,2021-1,org.whispersystems.signalservice.api.messages.multidevice.DeviceGroupsInputStream,top_level,0,38,0,0,1,17,0,1,0,1,0,1,0,1,16,1,0,1
Signal-Android,2021-1,org.whispersystems.signalservice.api.messages.multidevice.DeviceGroupsOutputStream,top_level,1,43,0,1,1,31,0,1,0,1,0,1,0,1,31,1,0,1
Signal-Android,2021-1,org.whispersystems.signalservice.api.messages.multidevice.DeviceInfo,top_level,4,18,0,4,1,1,1,1,0,1,0,1,0,1,0,1,0,1
Signal-Android,2021-1,org.whispersystems.signalservice.api.messages.multidevice.KeysMessage,top_level,0,6,0,0,0,,,0,,0,,0,,0,,0,,0
Signal-Android,2021-1,org.whispersystems.signalservice.api.messages.multidevice.MessageRequestResponseMessage,top_level,2,22,0,1,1,1,0,1,0,1,0,1,0,1,0,1,0,1
Signal-Android,2021-1,org.whispersystems.signalservice.api.messages.multidevice.ReadMessage,top_level,1,10,0,1,0,,,0,,0,,0,,0,,0,,0
Signal-Android,2021-1,org.whispersystems.signalservice.api.messages.multidevice.RequestMessage,top_level,5,14,0,5,0,,,0,,0,,0,,0,,0,,0
Signal-Android,2021-1,org.whispersystems.signalservice.api.messages.multidevice.SentTranscriptMessage,top_level,3,46,0,3,0,,,0,,0,,0,,0,,0,,0
Signal-Android,2021-1,org.whispersystems.signalservice.api.messages.multidevice.SignalServiceSyncMessage,top_level,2,281,0,0,1,2,0,1,0,1,0,1,0,1,0,1,0,1
Signal-Android,2021-1,org.whispersystems.signalservice.api.messages.multidevice.StickerPackOperationMessage,top_level,1,16,0,1,0,,,0,,0,,0,,0,,0,,0
Signal-Android,2021-1,org.whispersystems.signalservice.api.messages.multidevice.VerifiedMessage,top_level,2,20,0,2,1,1,1,1,0,1,0,1,0,1,0,1,0,1
Signal-Android,2021-1,org.whispersystems.signalservice.api.messages.multidevice.ViewOnceOpenMessage,top_level,1,10,0,1,0,,,0,,0,,0,,0,,0,,0
Signal-Android,2021-1,org.whispersystems.signalservice.api.messages.shared.SharedContact,top_level,2,309,0,1,1,7,3,1,0,1,0,1,0,1,0,1,0,1
Signal-Android,2021-1,org.whispersystems.signalservice.api.profiles.ProfileAndCredential,top_level,0,16,0,0,0,,,0,,0,,0,,0,,0,,0
Signal-Android,2021-1,org.whispersystems.signalservice.api.profiles.SignalServiceProfile,top_level,5,66,0,5,1,1,1,1,0,1,0,1,0,1,0,1,0,1
Signal-Android,2021-1,org.whispersystems.signalservice.api.profiles.SignalServiceProfileWrite,top_level,2,18,0,2,1,3,0,1,0,1,0,1,0,1,0,1,0,1
Signal-Android,2021-1,org.whispersystems.signalservice.api.push.ContactTokenDetails,top_level,3,24,0,3,1,1,1,1,0,1,0,1,0,1,0,1,0,1
Signal-Android,2021-1,org.whispersystems.signalservice.api.push.SignalServiceAddress,top_level,5,62,0,2,1,10,0,1,0,1,0,1,0,1,9,1,0,1
Signal-Android,2021-1,org.whispersystems.signalservice.api.push.SignedPreKeyEntity,top_level,2,19,0,2,0,,,0,,0,,0,,0,,0,,0
Signal-Android,2021-1,org.whispersystems.signalservice.api.push.TrustStore,top_level,2,3,0,0,0,,,0,,0,,0,,0,,0,,0
Signal-Android,2021-1,org.whispersystems.signalservice.api.push.exceptions.AuthorizationFailedException,top_level,0,3,0,0,0,,,0,,0,,0,,0,,0,,0
Signal-Android,2021-1,org.whispersystems.signalservice.api.push.exceptions.CaptchaRequiredException,top_level,0,1,0,0,0,,,0,,0,,0,,0,,0,,0
Signal-Android,2021-1,org.whispersystems.signalservice.api.push.exceptions.ConflictException,top_level,1,3,0,1,0,,,0,,0,,0,,0,,0,,0
Signal-Android,2021-1,org.whispersystems.signalservice.api.push.exceptions.ContactManifestMismatchException,top_level,2,6,0,2,0,,,0,,0,,0,,0,,0,,0
Signal-Android,2021-1,org.whispersystems.signalservice.api.push.exceptions.DeprecatedVersionException,top_level,0,1,0,0,0,,,0,,0,,0,,0,,0,,0
Signal-Android,2021-1,org.whispersystems.signalservice.api.push.exceptions.EncapsulatedExceptions,top_level,0,21,0,0,0,,,0,,0,,0,,0,,0,,0
Signal-Android,2021-1,org.whispersystems.signalservice.api.push.exceptions.ExpectationFailedException,top_level,0,1,0,0,0,,,0,,0,,0,,0,,0,,0
Signal-Android,2021-1,org.whispersystems.signalservice.api.push.exceptions.MissingConfigurationException,top_level,0,3,0,0,0,,,0,,0,,0,,0,,0,,0
Signal-Android,2021-1,org.whispersystems.signalservice.api.push.exceptions.NetworkFailureException,top_level,0,7,0,0,0,,,0,,0,,0,,0,,0,,0
Signal-Android,2021-1,org.whispersystems.signalservice.api.push.exceptions.NoContentException,top_level,0,3,0,0,0,,,0,,0,,0,,0,,0,,0
Signal-Android,2021-1,org.whispersystems.signalservice.api.push.exceptions.NonSuccessfulResponseCodeException,top_level,1,5,0,1,0,,,0,,0,,0,,0,,0,,0
Signal-Android,2021-1,org.whispersystems.signalservice.api.push.exceptions.NotFoundException,top_level,0,3,0,0,0,,,0,,0,,0,,0,,0,,0
Signal-Android,2021-1,org.whispersystems.signalservice.api.push.exceptions.PushNetworkException,top_level,0,5,0,0,0,,,0,,0,,0,,0,,0,,0
Signal-Android,2021-1,org.whispersystems.signalservice.api.push.exceptions.RateLimitException,top_level,0,3,0,0,0,,,0,,0,,0,,0,,0,,0
Signal-Android,2021-1,org.whispersystems.signalservice.api.push.exceptions.RemoteAttestationResponseExpiredException,top_level,0,3,0,0,0,,,0,,0,,0,,0,,0,,0
Signal-Android,2021-1,org.whispersystems.signalservice.api.push.exceptions.ResumeLocationInvalidException,top_level,1,5,0,1,0,,,0,,0,,0,,0,,0,,0
Signal-Android,2021-1,org.whispersystems.signalservice.api.push.exceptions.UnregisteredUserException,top_level,0,7,0,0,0,,,0,,0,,0,,0,,0,,0
Signal-Android,2021-1,org.whispersystems.signalservice.api.push.exceptions.UsernameMalformedException,top_level,0,1,0,0,0,,,0,,0,,0,,0,,0,,0
Signal-Android,2021-1,org.whispersystems.signalservice.api.push.exceptions.UsernameTakenException,top_level,0,1,0,0,0,,,0,,0,,0,,0,,0,,0
Signal-Android,2021-1,org.whispersystems.signalservice.api.storage.SignalAccountRecord,top_level,11,179,0,10,1,20,0,1,0,1,0,1,0,1,20,1,0,1
Signal-Android,2021-1,org.whispersystems.signalservice.api.storage.SignalContactRecord,top_level,8,108,0,7,0,,,0,,0,,0,,0,,0,,0
Signal-Android,2021-1,org.whispersystems.signalservice.api.storage.SignalGroupV1Record,top_level,9,67,0,8,0,,,0,,0,,0,,0,,0,,0
Signal-Android,2021-1,org.whispersystems.signalservice.api.storage.SignalGroupV2Record,top_level,9,74,0,8,0,,,0,,0,,0,,0,,0,,0
Signal-Android,2021-1,org.whispersystems.signalservice.api.storage.SignalRecord,top_level,1,2,0,0,0,,,0,,0,,0,,0,,0,,0
Signal-Android,2021-1,org.whispersystems.signalservice.api.storage.SignalStorageCipher,top_level,0,23,0,0,1,3,0,1,0,1,0,1,0,1,2,1,0,1
Signal-Android,2021-1,org.whispersystems.signalservice.api.storage.SignalStorageManifest,top_level,1,24,0,1,1,1,0,1,0,1,0,1,0,1,1,1,0,1
Signal-Android,2021-1,org.whispersystems.signalservice.api.storage.SignalStorageModels,top_level,0,43,0,0,1,32,0,1,0,1,0,1,0,1,29,1,0,1
Signal-Android,2021-1,org.whispersystems.signalservice.api.storage.SignalStorageRecord,top_level,3,61,0,3,1,2,0,1,0,1,0,1,0,1,0,1,0,1
Signal-Android,2021-1,org.whispersystems.signalservice.api.storage.StorageAuthResponse,top_level,1,13,0,1,0,,,0,,0,,0,,0,,0,,0
Signal-Android,2021-1,org.whispersystems.signalservice.api.storage.StorageCipherKey,top_level,1,2,0,1,0,,,0,,0,,0,,0,,0,,0
Signal-Android,2021-1,org.whispersystems.signalservice.api.storage.StorageId,top_level,13,39,0,5,1,2,0,1,0,1,0,1,0,1,1,1,0,1
Signal-Android,2021-1,org.whispersystems.signalservice.api.storage.StorageItemKey,top_level,4,16,0,3,0,,,0,,0,,0,,0,,0,,0
Signal-Android,2021-1,org.whispersystems.signalservice.api.storage.StorageKey,top_level,4,21,0,3,0,,,0,,0,,0,,0,,0,,0
Signal-Android,2021-1,org.whispersystems.signalservice.api.storage.StorageManifestKey,top_level,4,16,0,3,0,,,0,,0,,0,,0,,0,,0
Signal-Android,2021-1,org.whispersystems.signalservice.api.util.CredentialsProvider,top_level,4,5,0,0,0,,,0,,0,,0,,0,,0,,0
Signal-Android,2021-1,org.whispersystems.signalservice.api.util.InvalidNumberException,top_level,0,3,0,0,0,,,0,,0,,0,,0,,0,,0
Signal-Android,2021-1,org.whispersystems.signalservice.api.util.OptionalUtil,top_level,1,20,0,1,0,,,0,,0,,0,,0,,0,,0
Signal-Android,2021-1,org.whispersystems.signalservice.api.util.PhoneNumberFormatter,top_level,0,82,0,0,1,27,0,1,0,1,0,1,0,1,26,1,0,1
Signal-Android,2021-1,org.whispersystems.signalservice.api.util.ProtoUtil,top_level,5,61,0,1,1,13,0,1,0,1,0,1,0,1,13,1,0,1
Signal-Android,2021-1,org.whispersystems.signalservice.api.util.SleepTimer,top_level,1,2,0,1,0,,,0,,0,,0,,0,,0,,0
Signal-Android,2021-1,org.whispersystems.signalservice.api.util.StreamDetails,top_level,3,21,0,2,0,,,0,,0,,0,,0,,0,,0
Signal-Android,2021-1,org.whispersystems.signalservice.api.util.Tls12SocketFactory,top_level,0,30,0,0,0,,,0,,0,,0,,0,,0,,0
Signal-Android,2021-1,org.whispersystems.signalservice.api.util.UptimeSleepTimer,top_level,1,4,0,1,0,,,0,,0,,0,,0,,0,,0
Signal-Android,2021-1,org.whispersystems.signalservice.api.util.UuidUtil,top_level,1,44,0,1,1,4,0,1,0,1,0,1,0,1,3,1,0,1
Signal-Android,2021-1,org.whispersystems.signalservice.api.websocket.ConnectivityListener,top_level,4,5,0,4,0,,,0,,0,,0,,0,,0,,0
Signal-Android,2021-1,org.whispersystems.signalservice.internal.configuration.SignalCdnUrl,top_level,0,5,0,0,0,,,0,,0,,0,,0,,0,,0
Signal-Android,2021-1,org.whispersystems.signalservice.internal.configuration.SignalContactDiscoveryUrl,top_level,0,5,0,0,0,,,0,,0,,0,,0,,0,,0
Signal-Android,2021-1,org.whispersystems.signalservice.internal.configuration.SignalKeyBackupServiceUrl,top_level,0,5,0,0,0,,,0,,0,,0,,0,,0,,0
Signal-Android,2021-1,org.whispersystems.signalservice.internal.configuration.SignalServiceConfiguration,top_level,1,41,0,1,1,1,1,1,0,1,0,1,0,1,0,1,0,1
Signal-Android,2021-1,org.whispersystems.signalservice.internal.configuration.SignalServiceUrl,top_level,0,5,0,0,0,,,0,,0,,0,,0,,0,,0
Signal-Android,2021-1,org.whispersystems.signalservice.internal.configuration.SignalStorageUrl,top_level,0,5,0,0,0,,,0,,0,,0,,0,,0,,0
Signal-Android,2021-1,org.whispersystems.signalservice.internal.configuration.SignalUrl,top_level,0,22,0,0,0,,,0,,0,,0,,0,,0,,0
Signal-Android,2021-1,org.whispersystems.signalservice.internal.contacts.crypto.AESCipher,top_level,6,36,0,0,1,4,0,1,0,1,0,1,0,1,3,1,0,1
Signal-Android,2021-1,org.whispersystems.signalservice.internal.contacts.crypto.ContactDiscoveryCipher,top_level,1,38,0,1,1,4,0,1,0,1,0,1,0,1,4,1,0,1
Signal-Android,2021-1,org.whispersystems.signalservice.internal.contacts.crypto.KeyBackupCipher,top_level,2,66,0,1,1,5,0,1,0,1,0,1,0,1,5,1,0,1
Signal-Android,2021-1,org.whispersystems.signalservice.internal.contacts.crypto.Quote,top_level,14,90,0,5,1,10,0,1,0,1,0,1,0,1,0,1,0,1
Signal-Android,2021-1,org.whispersystems.signalservice.internal.contacts.crypto.RemoteAttestation,top_level,1,14,0,1,0,,,0,,0,,0,,0,,0,,0
Signal-Android,2021-1,org.whispersystems.signalservice.internal.contacts.crypto.RemoteAttestationCipher,top_level,1,38,0,1,1,11,0,1,0,1,0,1,0,1,10,1,0,1
Signal-Android,2021-1,org.whispersystems.signalservice.internal.contacts.crypto.RemoteAttestationKeys,top_level,2,16,0,2,0,,,0,,0,,0,,0,,0,,0
Signal-Android,2021-1,org.whispersystems.signalservice.internal.contacts.crypto.SignatureBodyEntity,top_level,1,17,0,1,1,1,1,1,0,1,0,1,0,1,0,1,0,1
Signal-Android,2021-1,org.whispersystems.signalservice.internal.contacts.crypto.SigningCertificate,top_level,0,33,0,0,1,7,0,1,0,1,0,1,0,1,7,1,0,1
Signal-Android,2021-1,org.whispersystems.signalservice.internal.contacts.crypto.UnauthenticatedQuoteException,top_level,0,5,0,0,0,,,0,,0,,0,,0,,0,,0
Signal-Android,2021-1,org.whispersystems.signalservice.internal.contacts.crypto.UnauthenticatedResponseException,top_level,0,5,0,0,0,,,0,,0,,0,,0,,0,,0
Signal-Android,2021-1,org.whispersystems.signalservice.internal.contacts.entities.DiscoveryRequest,top_level,6,34,0,6,1,1,1,1,0,1,0,1,0,1,0,1,0,1
Signal-Android,2021-1,org.whispersystems.signalservice.internal.contacts.entities.DiscoveryResponse,top_level,5,20,0,5,1,1,1,1,0,1,0,1,0,1,0,1,0,1
Signal-Android,2021-1,org.whispersystems.signalservice.internal.contacts.entities.KeyBackupRequest,top_level,5,30,0,5,1,1,1,1,0,1,0,1,0,1,0,1,0,1
Signal-Android,2021-1,org.whispersystems.signalservice.internal.contacts.entities.KeyBackupResponse,top_level,5,20,0,5,0,,,0,,0,,0,,0,,0,,0
Signal-Android,2021-1,org.whispersystems.signalservice.internal.contacts.entities.MultiRemoteAttestationResponse,top_level,0,5,0,0,0,,,0,,0,,0,,0,,0,,0
Signal-Android,2021-1,org.whispersystems.signalservice.internal.contacts.entities.QueryEnvelope,top_level,2,15,0,2,1,4,0,1,0,1,0,1,0,1,0,1,0,1
Signal-Android,2021-1,org.whispersystems.signalservice.internal.contacts.entities.RemoteAttestationRequest,top_level,3,8,0,3,0,,,0,,0,,0,,0,,0,,0
Signal-Android,2021-1,org.whispersystems.signalservice.internal.contacts.entities.RemoteAttestationResponse,top_level,7,50,0,7,1,1,1,1,0,1,0,1,0,1,0,1,0,1
Signal-Android,2021-1,org.whispersystems.signalservice.internal.contacts.entities.TokenResponse,top_level,5,19,0,5,0,,,0,,0,,0,,0,,0,,0
Signal-Android,2021-1,org.whispersystems.signalservice.internal.crypto.PaddingInputStream,top_level,9,30,0,4,0,,,0,,0,,0,,0,,0,,0
Signal-Android,2021-1,org.whispersystems.signalservice.internal.crypto.ProvisioningCipher,top_level,4,33,0,2,1,6,0,1,0,1,0,1,0,1,6,1,0,1
Signal-Android,2021-1,org.whispersystems.signalservice.internal.push.AttachmentV2UploadAttributes,top_level,1,42,0,1,1,1,1,1,0,1,0,1,0,1,0,1,0,1
Signal-Android,2021-1,org.whispersystems.signalservice.internal.push.AttachmentV3UploadAttributes,top_level,2,18,0,2,1,1,1,1,0,1,0,1,0,1,0,1,0,1
Signal-Android,2021-1,org.whispersystems.signalservice.internal.push.AuthCredentials,top_level,0,7,0,0,0,,,0,,0,,0,,0,,0,,0
Signal-Android,2021-1,org.whispersystems.signalservice.internal.push.ContactDiscoveryFailureReason,top_level,0,5,0,0,1,1,0,1,0,1,0,1,0,1,0,1,0,1
Signal-Android,2021-1,org.whispersystems.signalservice.internal.push.ContactTokenDetailsList,top_level,1,6,0,1,0,,,0,,0,,0,,0,,0,,0
Signal-Android,2021-1,org.whispersystems.signalservice.internal.push.ContactTokenList,top_level,1,7,0,1,0,,,0,,0,,0,,0,,0,,0
Signal-Android,2021-1,org.whispersystems.signalservice.internal.push.ContentRange,top_level,4,23,0,4,1,4,0,1,0,1,0,1,0,1,4,1,0,1
Signal-Android,2021-1,org.whispersystems.signalservice.internal.push.DeviceCode,top_level,0,5,0,0,0,,,0,,0,,0,,0,,0,,0
Signal-Android,2021-1,org.whispersystems.signalservice.internal.push.DeviceInfoList,top_level,1,6,0,1,0,,,0,,0,,0,,0,,0,,0
Signal-Android,2021-1,org.whispersystems.signalservice.internal.push.DeviceLimit,top_level,2,9,0,2,0,,,0,,0,,0,,0,,0,,0
Signal-Android,2021-1,org.whispersystems.signalservice.internal.push.DeviceLimitExceededException,top_level,2,8,0,2,0,,,0,,0,,0,,0,,0,,0
Signal-Android,2021-1,org.whispersystems.signalservice.internal.push.LockedException,top_level,2,14,0,2,0,,,0,,0,,0,,0,,0,,0
Signal-Android,2021-1,org.whispersystems.signalservice.internal.push.MismatchedDevices,top_level,0,9,0,0,0,,,0,,0,,0,,0,,0,,0
Signal-Android,2021-1,org.whispersystems.signalservice.internal.push.NowhereBufferedSink,top_level,3,92,0,3,1,1,0,1,0,1,0,1,0,1,0,1,0,1
Signal-Android,2021-1,org.whispersystems.signalservice.internal.push.OutgoingPushMessage,top_level,0,17,0,0,1,8,0,1,0,1,0,1,0,1,0,1,0,1
Signal-Android,2021-1,org.whispersystems.signalservice.internal.push.OutgoingPushMessageList,top_level,2,25,0,2,1,5,1,1,0,1,0,1,0,1,0,1,0,1
Signal-Android,2021-1,org.whispersystems.signalservice.internal.push.PreKeyEntity,top_level,2,26,0,2,0,,,0,,0,,0,,0,,0,,0
Signal-Android,2021-1,org.whispersystems.signalservice.internal.push.PreKeyResponse,top_level,0,11,0,0,0,,,0,,0,,0,,0,,0,,0
Signal-Android,2021-1,org.whispersystems.signalservice.internal.push.PreKeyResponseItem,top_level,2,17,0,2,1,1,1,1,0,1,0,1,0,1,0,1,0,1
Signal-Android,2021-1,org.whispersystems.signalservice.internal.push.PreKeyState,top_level,0,13,0,0,1,6,0,1,0,1,0,1,0,1,0,1,0,1
Signal-Android,2021-1,org.whispersystems.signalservice.internal.push.PreKeyStatus,top_level,2,6,0,2,0,,,0,,0,,0,,0,,0,,0
Signal-Android,2021-1,org.whispersystems.signalservice.internal.push.ProfileAvatarData,top_level,1,18,0,1,1,1,1,1,0,1,0,1,0,1,0,1,0,1
Signal-Android,2021-1,org.whispersystems.signalservice.internal.push.ProfileAvatarUploadAttributes,top_level,1,30,0,1,1,1,1,1,0,1,0,1,0,1,0,1,0,1
Signal-Android,2021-1,org.whispersystems.signalservice.internal.push.ProvisioningMessage,top_level,0,5,0,0,1,2,0,1,0,1,0,1,0,1,0,1,0,1
Signal-Android,2021-1,org.whispersystems.signalservice.internal.push.PushAttachmentData,top_level,1,33,0,1,1,1,1,1,0,1,0,1,0,1,0,1,0,1
Signal-Android,2021-1,org.whispersystems.signalservice.internal.push.PushServiceSocket,top_level,19,1281,0,14,1,210,0,1,0,1,2,1,0,1,182,1,1,1
Signal-Android,2021-1,org.whispersystems.signalservice.internal.push.PushTransportDetails,top_level,12,32,0,4,0,,,0,,0,,0,,0,,0,,0
Signal-Android,2021-1,org.whispersystems.signalservice.internal.push.RemoteAttestationUtil,top_level,1,72,0,1,1,8,0,1,0,1,0,1,0,1,8,1,0,1
Signal-Android,2021-1,org.whispersystems.signalservice.internal.push.RemoteConfigResponse,top_level,0,18,0,0,0,,,0,,0,,0,,0,,0,,0
Signal-Android,2021-1,org.whispersystems.signalservice.internal.push.SendMessageResponse,top_level,3,7,0,3,0,,,0,,0,,0,,0,,0,,0
Signal-Android,2021-1,org.whispersystems.signalservice.internal.push.SenderCertificate,top_level,2,16,0,2,0,,,0,,0,,0,,0,,0,,0
Signal-Android,2021-1,org.whispersystems.signalservice.internal.push.SignalServiceEnvelopeEntity,top_level,8,44,0,8,1,1,1,1,0,1,0,1,0,1,0,1,0,1
Signal-Android,2021-1,org.whispersystems.signalservice.internal.push.SignalServiceEnvelopeEntityList,top_level,1,5,0,1,0,,,0,,0,,0,,0,,0,,0
Signal-Android,2021-1,org.whispersystems.signalservice.internal.push.SignalServiceMessagesResult,top_level,1,10,0,1,0,,,0,,0,,0,,0,,0,,0
Signal-Android,2021-1,org.whispersystems.signalservice.internal.push.StaleDevices,top_level,0,5,0,0,0,,,0,,0,,0,,0,,0,,0
Signal-Android,2021-1,org.whispersystems.signalservice.internal.push.UnsupportedDataMessageException,top_level,1,18,0,1,0,,,0,,0,,0,,0,,0,,0
Signal-Android,2021-1,org.whispersystems.signalservice.internal.push.UnsupportedDataMessageProtocolVersionException,top_level,1,11,0,1,0,,,0,,0,,0,,0,,0,,0
Signal-Android,2021-1,org.whispersystems.signalservice.internal.push.VerifyAccountResponse,top_level,1,9,0,1,0,,,0,,0,,0,,0,,0,,0
Signal-Android,2021-1,org.whispersystems.signalservice.internal.push.WhoAmIResponse,top_level,0,5,0,0,0,,,0,,0,,0,,0,,0,,0
Signal-Android,2021-1,org.whispersystems.signalservice.internal.push.exceptions.ForbiddenException,top_level,0,1,0,0,0,,,0,,0,,0,,0,,0,,0
Signal-Android,2021-1,org.whispersystems.signalservice.internal.push.exceptions.GroupExistsException,top_level,0,1,0,0,0,,,0,,0,,0,,0,,0,,0
Signal-Android,2021-1,org.whispersystems.signalservice.internal.push.exceptions.GroupNotFoundException,top_level,0,1,0,0,0,,,0,,0,,0,,0,,0,,0
Signal-Android,2021-1,org.whispersystems.signalservice.internal.push.exceptions.GroupPatchNotAcceptedException,top_level,0,1,0,0,0,,,0,,0,,0,,0,,0,,0
Signal-Android,2021-1,org.whispersystems.signalservice.internal.push.exceptions.MismatchedDevicesException,top_level,0,6,0,0,0,,,0,,0,,0,,0,,0,,0
Signal-Android,2021-1,org.whispersystems.signalservice.internal.push.exceptions.NotInGroupException,top_level,0,1,0,0,0,,,0,,0,,0,,0,,0,,0
Signal-Android,2021-1,org.whispersystems.signalservice.internal.push.exceptions.StaleDevicesException,top_level,0,6,0,0,0,,,0,,0,,0,,0,,0,,0
Signal-Android,2021-1,org.whispersystems.signalservice.internal.push.http.AttachmentCipherOutputStreamFactory,top_level,1,9,0,1,0,,,0,,0,,0,,0,,0,,0
Signal-Android,2021-1,org.whispersystems.signalservice.internal.push.http.CancelationSignal,top_level,1,2,0,1,0,,,0,,0,,0,,0,,0,,0
Signal-Android,2021-1,org.whispersystems.signalservice.internal.push.http.DigestingRequestBody,top_level,3,48,0,2,0,,,0,,0,,0,,0,,0,,0
Signal-Android,2021-1,org.whispersystems.signalservice.internal.push.http.NoCipherOutputStreamFactory,top_level,0,4,0,0,0,,,0,,0,,0,,0,,0,,0
Signal-Android,2021-1,org.whispersystems.signalservice.internal.push.http.OutputStreamFactory,top_level,1,2,0,0,0,,,0,,0,,0,,0,,0,,0
Signal-Android,2021-1,org.whispersystems.signalservice.internal.push.http.ProfileCipherOutputStreamFactory,top_level,0,7,0,0,0,,,0,,0,,0,,0,,0,,0
Signal-Android,2021-1,org.whispersystems.signalservice.internal.push.http.ResumableUploadSpec,top_level,2,55,0,2,1,12,1,1,0,1,0,1,0,1,11,1,0,1
Signal-Android,2021-1,org.whispersystems.signalservice.internal.registrationpin.PinHasher,top_level,0,11,0,0,1,3,0,1,0,1,0,1,0,1,2,1,0,1
Signal-Android,2021-1,org.whispersystems.signalservice.internal.registrationpin.PinString,top_level,0,12,0,0,1,1,0,1,0,1,0,1,0,1,0,1,0,1
Signal-Android,2021-1,org.whispersystems.signalservice.internal.registrationpin.PinValidityChecker,top_level,0,40,0,0,1,3,0,1,0,1,0,1,0,1,2,1,0,1
Signal-Android,2021-1,org.whispersystems.signalservice.internal.serialize.SignalServiceAddressProtobufSerializer,top_level,1,16,0,1,1,7,0,1,0,1,0,1,0,1,7,1,0,1
Signal-Android,2021-1,org.whispersystems.signalservice.internal.serialize.SignalServiceMetadataProtobufSerializer,top_level,1,18,0,1,0,,,0,,0,,0,,0,,0,,0
Signal-Android,2021-1,org.whispersystems.signalservice.internal.util.BlacklistingTrustManager,top_level,0,40,0,0,1,5,0,1,0,1,0,1,0,1,5,1,0,1
Signal-Android,2021-1,org.whispersystems.signalservice.internal.util.ContentLengthInputStream,top_level,5,20,0,3,0,,,0,,0,,0,,0,,0,,0
Signal-Android,2021-1,org.whispersystems.signalservice.internal.util.Hex,top_level,0,75,0,0,1,1,0,1,0,1,0,1,0,1,0,1,0,1
Signal-Android,2021-1,org.whispersystems.signalservice.internal.util.JsonUtil,top_level,0,35,0,0,1,1,0,1,0,1,0,1,0,1,0,1,0,1
Signal-Android,2021-1,org.whispersystems.signalservice.internal.util.StaticCredentialsProvider,top_level,0,22,0,0,1,1,1,1,0,1,0,1,0,1,0,1,0,1
Signal-Android,2021-1,org.whispersystems.signalservice.internal.util.Util,top_level,11,78,0,0,1,3,0,1,0,1,0,1,0,1,1,1,0,1
Signal-Android,2021-1,org.whispersystems.signalservice.internal.util.concurrent.CascadingFuture<T>,top_level,4,50,0,4,0,,,0,,0,,0,,0,,0,,0
Signal-Android,2021-1,"org.whispersystems.signalservice.internal.util.concurrent.FutureMapTransformer<Input,Output>",top_level,5,42,0,4,0,,,0,,0,,0,,0,,0,,0
Signal-Android,2021-1,org.whispersystems.signalservice.internal.util.concurrent.FutureTransformers,top_level,0,5,0,0,1,2,0,1,0,1,0,1,0,1,0,1,0,1
Signal-Android,2021-1,org.whispersystems.signalservice.internal.util.concurrent.ListenableFuture<T>,top_level,1,5,0,1,0,,,0,,0,,0,,0,,0,,0
Signal-Android,2021-1,org.whispersystems.signalservice.internal.util.concurrent.SettableFuture<T>,top_level,13,62,1,6,0,,,0,,0,,0,,0,,0,,0
Signal-Android,2021-1,org.whispersystems.signalservice.internal.websocket.WebSocketConnection,top_level,15,205,0,4,1,30,0,1,0,1,0,1,0,1,25,1,0,1
Signal-Android,2021-1,org.whispersystems.signalservice.internal.websocket.WebSocketEventListener,top_level,3,4,0,3,0,,,0,,0,,0,,0,,0,,0
Signal-Android,2021-1,org.whispersystems.signalservice.internal.websocket.WebsocketResponse,top_level,1,10,0,1,0,,,0,,0,,0,,0,,0,,0
Signal-Android,2021-1,org.whispersystems.util.Base64,top_level,59,737,0,1,1,74,0,1,1,1,0,1,0,1,8,1,1,1
Signal-Android,2021-1,org.whispersystems.util.Base64UrlSafe,top_level,1,17,0,1,1,1,0,1,0,1,0,1,0,1,1,1,0,1
Signal-Android,2021-1,org.whispersystems.util.ByteArrayUtil,top_level,5,14,0,1,0,,,0,,0,,0,,0,,0,,0
Signal-Android,2021-1,org.whispersystems.util.StringUtil,top_level,1,4,0,1,0,,,0,,0,,0,,0,,0,,0
