project,version_t,version_t1,transition,year_index,class,WMC_t,WMC_t1,delta_WMC,LOC_t,CBO_t,NOM_t,smell_status_known_t,DataClass_count_t,LongMethod_count_t,LongParameterList_count_t,MutableStaticState_count_t,LawOfDemeter_count_t,DataClass_present,LongMethod_present,LongParameterList_present,MutableStaticState_present,LawOfDemeter_log1p
Signal-Android,2016-1,2017-1,2016-1->2017-1,0,org.thoughtcrime.redphone.RedPhone,16,16,0,221,0,11,1,0.0,0.0,0.0,0.0,28.0,0,0,0,0,3.367295829986474
Signal-Android,2016-1,2017-1,2016-1->2017-1,0,org.thoughtcrime.redphone.RedPhoneService,44,44,0,312,0,31,1,0.0,0.0,0.0,0.0,24.0,0,0,0,0,3.2188758248682006
Signal-Android,2016-1,2017-1,2016-1->2017-1,0,org.thoughtcrime.redphone.RedPhoneShare,0,0,0,22,0,0,1,0.0,0.0,0.0,0.0,9.0,0,0,0,0,2.302585092994046
Signal-Android,2016-1,2017-1,2016-1->2017-1,0,org.thoughtcrime.redphone.audio.CallAudioManager,6,6,0,56,0,6,1,0.0,0.0,1.0,0.0,7.0,0,0,1,0,2.0794415416798357
Signal-Android,2016-1,2017-1,2016-1->2017-1,0,org.thoughtcrime.redphone.audio.IncomingRinger,12,12,0,82,0,3,1,0.0,0.0,0.0,0.0,6.0,0,0,0,0,1.9459101490553132
Signal-Android,2016-1,2017-1,2016-1->2017-1,0,org.thoughtcrime.redphone.audio.OutgoingRinger,17,15,-2,67,0,11,1,0.0,0.0,0.0,0.0,1.0,0,0,0,0,0.6931471805599453
Signal-Android,2016-1,2017-1,2016-1->2017-1,0,org.thoughtcrime.redphone.call.AccelerometerListener,14,14,0,74,0,3,1,0.0,0.0,0.0,0.0,0.0,0,0,0,0,0.0
Signal-Android,2016-1,2017-1,2016-1->2017-1,0,org.thoughtcrime.redphone.call.CallManager,19,19,0,76,0,5,1,0.0,0.0,0.0,0.0,0.0,0,0,0,0,0.0
Signal-Android,2016-1,2017-1,2016-1->2017-1,0,org.thoughtcrime.redphone.call.CallStateListener,18,18,0,19,0,15,1,0.0,0.0,0.0,0.0,0.0,0,0,0,0,0.0
Signal-Android,2016-1,2017-1,2016-1->2017-1,0,org.thoughtcrime.redphone.call.InitiatingCallManager,7,7,0,62,0,1,1,0.0,0.0,0.0,0.0,0.0,0,0,0,0,0.0
Signal-Android,2016-1,2017-1,2016-1->2017-1,0,org.thoughtcrime.redphone.call.LockManager,13,13,0,96,0,3,1,0.0,0.0,0.0,0.0,1.0,0,0,0,0,0.6931471805599453
Signal-Android,2016-1,2017-1,2016-1->2017-1,0,org.thoughtcrime.redphone.call.ProximityLock,11,11,0,49,0,2,1,0.0,0.0,0.0,0.0,6.0,0,0,0,0,1.9459101490553132
Signal-Android,2016-1,2017-1,2016-1->2017-1,0,org.thoughtcrime.redphone.call.ResponderCallManager,14,14,0,82,0,4,1,0.0,0.0,0.0,0.0,0.0,0,0,0,0,0.0
Signal-Android,2016-1,2017-1,2016-1->2017-1,0,org.thoughtcrime.redphone.call.SignalManager,1,1,0,45,0,1,1,0.0,0.0,0.0,0.0,4.0,0,0,0,0,1.6094379124341003
Signal-Android,2016-1,2017-1,2016-1->2017-1,0,org.thoughtcrime.redphone.crypto.EncryptedSignalMessage,9,9,0,63,0,5,1,0.0,0.0,0.0,0.0,5.0,0,0,0,0,1.791759469228055
Signal-Android,2016-1,2017-1,2016-1->2017-1,0,org.thoughtcrime.redphone.crypto.Otp,0,0,0,9,0,0,1,0.0,0.0,0.0,0.0,2.0,0,0,0,0,1.0986122886681098
Signal-Android,2016-1,2017-1,2016-1->2017-1,0,org.thoughtcrime.redphone.crypto.zrtp.CommitPacket,13,13,0,95,0,11,1,0.0,0.0,0.0,0.0,3.0,0,0,0,0,1.3862943611198906
Signal-Android,2016-1,2017-1,2016-1->2017-1,0,org.thoughtcrime.redphone.crypto.zrtp.ConfirmPacket,24,24,0,109,0,13,1,0.0,0.0,0.0,0.0,5.0,0,0,0,0,1.791759469228055
Signal-Android,2016-1,2017-1,2016-1->2017-1,0,org.thoughtcrime.redphone.crypto.zrtp.DH3KSecretCalculator,0,0,0,22,0,0,1,0.0,0.0,0.0,0.0,3.0,0,0,0,0,1.3862943611198906
Signal-Android,2016-1,2017-1,2016-1->2017-1,0,org.thoughtcrime.redphone.crypto.zrtp.DHPacket,15,15,0,117,0,9,1,0.0,0.0,0.0,0.0,1.0,0,0,0,0,0.6931471805599453
Signal-Android,2016-1,2017-1,2016-1->2017-1,0,org.thoughtcrime.redphone.crypto.zrtp.EC25SecretCalculator,0,0,0,28,0,0,1,0.0,0.0,0.0,0.0,5.0,0,0,0,0,1.791759469228055
Signal-Android,2016-1,2017-1,2016-1->2017-1,0,org.thoughtcrime.redphone.crypto.zrtp.HandshakePacket,25,25,0,114,0,16,1,0.0,0.0,0.0,0.0,3.0,0,0,0,0,1.3862943611198906
Signal-Android,2016-1,2017-1,2016-1->2017-1,0,org.thoughtcrime.redphone.crypto.zrtp.HashChain,6,6,0,22,0,5,1,1.0,0.0,0.0,0.0,0.0,1,0,0,0,0.0
Signal-Android,2016-1,2017-1,2016-1->2017-1,0,org.thoughtcrime.redphone.crypto.zrtp.MasterSecret,11,11,0,73,0,11,1,0.0,0.0,0.0,0.0,8.0,0,0,0,0,2.1972245773362196
Signal-Android,2016-1,2017-1,2016-1->2017-1,0,org.thoughtcrime.redphone.crypto.zrtp.SASCalculator,0,0,0,73,0,0,1,0.0,0.0,0.0,0.0,0.0,0,0,0,0,0.0
Signal-Android,2016-1,2017-1,2016-1->2017-1,0,org.thoughtcrime.redphone.crypto.zrtp.SecretCalculator,4,4,0,36,0,1,1,0.0,0.0,0.0,0.0,16.0,0,0,0,0,2.833213344056216
Signal-Android,2016-1,2017-1,2016-1->2017-1,0,org.thoughtcrime.redphone.crypto.zrtp.ZRTPInitiatorSocket,7,7,0,113,0,3,1,0.0,0.0,0.0,0.0,2.0,0,0,0,0,1.0986122886681098
Signal-Android,2016-1,2017-1,2016-1->2017-1,0,org.thoughtcrime.redphone.crypto.zrtp.ZRTPResponderSocket,4,4,0,102,0,2,1,0.0,0.0,0.0,0.0,0.0,0,0,0,0,0.0
Signal-Android,2016-1,2017-1,2016-1->2017-1,0,org.thoughtcrime.redphone.crypto.zrtp.ZRTPSocket,52,52,0,185,0,13,1,0.0,0.0,0.0,0.0,29.0,0,0,0,0,3.4011973816621555
Signal-Android,2016-1,2017-1,2016-1->2017-1,0,org.thoughtcrime.redphone.crypto.zrtp.retained.InitiatorRetainedSecretsCalculator,9,9,0,15,0,1,1,0.0,0.0,0.0,0.0,2.0,0,0,0,0,1.0986122886681098
Signal-Android,2016-1,2017-1,2016-1->2017-1,0,org.thoughtcrime.redphone.crypto.zrtp.retained.ResponderRetainedSecretsCalculator,9,9,0,15,0,1,1,0.0,0.0,0.0,0.0,2.0,0,0,0,0,1.0986122886681098
Signal-Android,2016-1,2017-1,2016-1->2017-1,0,org.thoughtcrime.redphone.crypto.zrtp.retained.RetainedSecretsCalculator,2,2,0,33,0,2,1,0.0,0.0,0.0,0.0,1.0,0,0,0,0,0.6931471805599453
Signal-Android,2016-1,2017-1,2016-1->2017-1,0,org.thoughtcrime.redphone.network.LowLatencySocketConnector,0,0,0,62,0,0,1,0.0,0.0,0.0,0.0,6.0,0,0,0,0,1.9459101490553132
Signal-Android,2016-1,2017-1,2016-1->2017-1,0,org.thoughtcrime.redphone.pstn.IncomingPstnCallListener,0,0,0,26,0,0,1,0.0,0.0,0.0,0.0,7.0,0,0,0,0,2.0794415416798357
Signal-Android,2016-1,2017-1,2016-1->2017-1,0,org.thoughtcrime.redphone.signaling.NetworkConnector,8,8,0,56,0,2,1,0.0,0.0,0.0,0.0,2.0,0,0,0,0,1.0986122886681098
Signal-Android,2016-1,2017-1,2016-1->2017-1,0,org.thoughtcrime.redphone.signaling.RedPhoneAccountAttributes,1,1,0,12,0,1,1,0.0,0.0,0.0,0.0,0.0,0,0,0,0,0.0
Signal-Android,2016-1,2017-1,2016-1->2017-1,0,org.thoughtcrime.redphone.signaling.RedPhoneAccountManager,0,0,0,50,0,0,1,0.0,0.0,0.0,0.0,8.0,0,0,0,0,2.1972245773362196
Signal-Android,2016-1,2017-1,2016-1->2017-1,0,org.thoughtcrime.redphone.signaling.RedPhoneGcmId,1,1,0,6,0,1,1,0.0,0.0,0.0,0.0,0.0,0,0,0,0,0.0
Signal-Android,2016-1,2017-1,2016-1->2017-1,0,org.thoughtcrime.redphone.signaling.RedPhoneTrustStore,0,0,0,10,0,0,1,0.0,0.0,0.0,0.0,1.0,0,0,0,0,0.6931471805599453
Signal-Android,2016-1,2017-1,2016-1->2017-1,0,org.thoughtcrime.redphone.signaling.SignalReader,0,0,0,31,0,0,1,0.0,0.0,0.0,0.0,2.0,0,0,0,0,1.0986122886681098
Signal-Android,2016-1,2017-1,2016-1->2017-1,0,org.thoughtcrime.redphone.signaling.SignalResponseReader,6,6,0,14,0,1,1,0.0,0.0,0.0,0.0,2.0,0,0,0,0,1.0986122886681098
Signal-Android,2016-1,2017-1,2016-1->2017-1,0,org.thoughtcrime.redphone.signaling.SignalingSocket,14,14,0,160,0,6,1,0.0,0.0,0.0,0.0,9.0,0,0,0,0,2.302585092994046
Signal-Android,2016-1,2017-1,2016-1->2017-1,0,org.thoughtcrime.redphone.signaling.signals.CompressedInitiateSignalProtocol,1,1,0,494,0,1,1,0.0,0.0,0.0,0.0,25.0,0,0,0,0,3.258096538021482
Signal-Android,2016-1,2017-1,2016-1->2017-1,0,org.thoughtcrime.redphone.signaling.signals.ServerSignal,4,4,0,21,0,4,1,0.0,0.0,0.0,0.0,0.0,0,0,0,0,0.0
Signal-Android,2016-1,2017-1,2016-1->2017-1,0,org.thoughtcrime.redphone.ui.CallCard,2,2,0,35,0,2,1,0.0,0.0,0.0,0.0,3.0,0,0,0,0,1.3862943611198906
Signal-Android,2016-1,2017-1,2016-1->2017-1,0,org.thoughtcrime.redphone.ui.CallControls,10,10,0,114,0,9,1,0.0,0.0,0.0,0.0,6.0,0,0,0,0,1.9459101490553132
Signal-Android,2016-1,2017-1,2016-1->2017-1,0,org.thoughtcrime.redphone.ui.CallScreen,3,3,0,40,0,3,1,0.0,0.0,0.0,0.0,3.0,0,0,0,0,1.3862943611198906
Signal-Android,2016-1,2017-1,2016-1->2017-1,0,org.thoughtcrime.redphone.ui.InCallAudioButton,12,12,0,102,0,3,1,0.0,0.0,0.0,0.0,13.0,0,0,0,0,2.6390573296152584
Signal-Android,2016-1,2017-1,2016-1->2017-1,0,org.thoughtcrime.redphone.ui.NotificationBarManager,0,0,0,38,0,0,1,0.0,0.0,0.0,0.0,2.0,0,0,0,0,1.0986122886681098
Signal-Android,2016-1,2017-1,2016-1->2017-1,0,org.thoughtcrime.redphone.util.AudioUtils,0,0,0,35,0,0,1,0.0,0.0,0.0,0.0,7.0,0,0,0,0,2.0794415416798357
Signal-Android,2016-1,2017-1,2016-1->2017-1,0,org.thoughtcrime.redphone.util.Conversions,27,27,0,129,0,0,1,0.0,0.0,0.0,0.0,4.0,0,0,0,0,1.6094379124341003
Signal-Android,2016-1,2017-1,2016-1->2017-1,0,org.thoughtcrime.redphone.util.LineReader,14,14,0,59,0,4,1,0.0,0.0,0.0,0.0,0.0,0,0,0,0,0.0
Signal-Android,2016-1,2017-1,2016-1->2017-1,0,org.thoughtcrime.redphone.util.UncaughtExceptionHandlerManager,2,2,0,18,0,2,1,0.0,0.0,0.0,0.0,1.0,0,0,0,0,0.6931471805599453
Signal-Android,2016-1,2017-1,2016-1->2017-1,0,org.thoughtcrime.redphone.util.Util,2,2,0,22,0,0,1,0.0,0.0,0.0,0.0,1.0,0,0,0,0,0.6931471805599453
Signal-Android,2016-1,2017-1,2016-1->2017-1,0,org.thoughtcrime.redphone.util.multiwaveview.MultiWaveView,108,108,0,599,0,39,1,0.0,0.0,0.0,0.0,28.0,0,0,0,0,3.367295829986474
Signal-Android,2016-1,2017-1,2016-1->2017-1,0,org.thoughtcrime.redphone.util.multiwaveview.TargetDrawable,23,23,0,93,0,16,1,0.0,0.0,0.0,0.0,2.0,0,0,0,0,1.0986122886681098
Signal-Android,2016-1,2017-1,2016-1->2017-1,0,org.thoughtcrime.redphone.util.multiwaveview.Tweener,3,3,0,99,0,0,1,0.0,0.0,0.0,0.0,11.0,0,0,0,0,2.4849066497880004
Signal-Android,2016-1,2017-1,2016-1->2017-1,0,org.thoughtcrime.securesms.ApplicationContext,11,14,3,52,0,8,1,0.0,0.0,0.0,0.0,0.0,0,0,0,0,0.0
Signal-Android,2016-1,2017-1,2016-1->2017-1,0,org.thoughtcrime.securesms.ApplicationPreferencesActivity,4,4,0,133,0,3,1,0.0,0.0,0.0,0.0,9.0,0,0,0,0,2.302585092994046
Signal-Android,2016-1,2017-1,2016-1->2017-1,0,org.thoughtcrime.securesms.BaseActionBarActivity,10,10,0,45,0,4,1,0.0,0.0,0.0,0.0,6.0,0,0,0,0,1.9459101490553132
Signal-Android,2016-1,2017-1,2016-1->2017-1,0,org.thoughtcrime.securesms.BasicIntroFragment,2,2,0,31,0,1,1,0.0,0.0,0.0,0.0,6.0,0,0,0,0,1.9459101490553132
Signal-Android,2016-1,2017-1,2016-1->2017-1,0,org.thoughtcrime.securesms.BlockedContactsActivity,2,2,0,66,0,2,1,0.0,0.0,0.0,0.0,6.0,0,0,0,0,1.9459101490553132
Signal-Android,2016-1,2017-1,2016-1->2017-1,0,org.thoughtcrime.securesms.ConfirmIdentityDialog,1,1,0,116,0,1,1,0.0,0.0,0.0,0.0,4.0,0,0,0,0,1.6094379124341003
Signal-Android,2016-1,2017-1,2016-1->2017-1,0,org.thoughtcrime.securesms.ContactSelectionActivity,6,6,0,72,0,6,1,0.0,0.0,0.0,0.0,8.0,0,0,0,0,2.1972245773362196
Signal-Android,2016-1,2017-1,2016-1->2017-1,0,org.thoughtcrime.securesms.ContactSelectionListFragment,8,8,0,185,0,8,1,0.0,0.0,0.0,0.0,24.0,0,0,0,0,3.2188758248682006
Signal-Android,2016-1,2017-1,2016-1->2017-1,0,org.thoughtcrime.securesms.ConversationActivity,117,123,6,1008,0,55,1,0.0,0.0,0.0,0.0,117.0,0,0,0,0,4.770684624465665
Signal-Android,2016-1,2017-1,2016-1->2017-1,0,org.thoughtcrime.securesms.ConversationFragment,11,11,0,272,0,6,1,0.0,0.0,0.0,0.0,65.0,0,0,0,0,4.189654742026425
Signal-Android,2016-1,2017-1,2016-1->2017-1,0,org.thoughtcrime.securesms.ConversationItem,15,15,0,371,0,8,1,0.0,0.0,0.0,0.0,21.0,0,0,0,0,3.091042453358316
Signal-Android,2016-1,2017-1,2016-1->2017-1,0,org.thoughtcrime.securesms.ConversationListActivity,13,14,1,128,0,12,1,0.0,0.0,0.0,0.0,10.0,0,0,0,0,2.3978952727983707
Signal-Android,2016-1,2017-1,2016-1->2017-1,0,org.thoughtcrime.securesms.ConversationListAdapter,9,9,0,104,0,5,1,0.0,0.0,0.0,0.0,7.0,0,0,0,0,2.0794415416798357
Signal-Android,2016-1,2017-1,2016-1->2017-1,0,org.thoughtcrime.securesms.ConversationListArchiveActivity,3,3,0,38,0,3,1,0.0,0.0,0.0,0.0,1.0,0,0,0,0,0.6931471805599453
Signal-Android,2016-1,2017-1,2016-1->2017-1,0,org.thoughtcrime.securesms.ConversationListFragment,10,10,0,296,0,8,1,0.0,0.0,0.0,0.0,70.0,0,0,0,0,4.2626798770413155
Signal-Android,2016-1,2017-1,2016-1->2017-1,0,org.thoughtcrime.securesms.ConversationListItem,7,7,0,152,0,6,1,0.0,0.0,0.0,0.0,6.0,0,0,0,0,1.9459101490553132
Signal-Android,2016-1,2017-1,2016-1->2017-1,0,org.thoughtcrime.securesms.ConversationListItemAction,2,2,0,18,0,2,1,0.0,0.0,0.0,0.0,1.0,0,0,0,0,0.6931471805599453
Signal-Android,2016-1,2017-1,2016-1->2017-1,0,org.thoughtcrime.securesms.ConversationPopupActivity,7,7,0,71,0,6,1,0.0,0.0,0.0,0.0,14.0,0,0,0,0,2.70805020110221
Signal-Android,2016-1,2017-1,2016-1->2017-1,0,org.thoughtcrime.securesms.ConversationTitleView,2,2,0,51,0,2,1,0.0,0.0,0.0,0.0,5.0,0,0,0,0,1.791759469228055
Signal-Android,2016-1,2017-1,2016-1->2017-1,0,org.thoughtcrime.securesms.ConversationUpdateItem,3,3,0,73,0,2,1,0.0,0.0,0.0,0.0,4.0,0,0,0,0,1.6094379124341003
Signal-Android,2016-1,2017-1,2016-1->2017-1,0,org.thoughtcrime.securesms.CountrySelectionActivity,0,0,0,13,0,0,1,0.0,0.0,0.0,0.0,2.0,0,0,0,0,1.0986122886681098
Signal-Android,2016-1,2017-1,2016-1->2017-1,0,org.thoughtcrime.securesms.CountrySelectionFragment,0,0,0,47,0,0,1,0.0,0.0,0.0,0.0,4.0,0,0,0,0,1.6094379124341003
Signal-Android,2016-1,2017-1,2016-1->2017-1,0,org.thoughtcrime.securesms.DatabaseMigrationActivity,13,13,0,112,0,11,1,0.0,0.0,0.0,0.0,4.0,0,0,0,0,1.6094379124341003
Signal-Android,2016-1,2017-1,2016-1->2017-1,0,org.thoughtcrime.securesms.DatabaseUpgradeActivity,4,4,0,168,0,1,1,0.0,0.0,0.0,0.0,13.0,0,0,0,0,2.6390573296152584
Signal-Android,2016-1,2017-1,2016-1->2017-1,0,org.thoughtcrime.securesms.DeviceActivity,2,2,0,131,0,2,1,0.0,0.0,0.0,0.0,28.0,0,0,0,0,3.367295829986474
Signal-Android,2016-1,2017-1,2016-1->2017-1,0,org.thoughtcrime.securesms.DeviceAddFragment,3,2,-1,116,0,3,1,0.0,0.0,0.0,0.0,11.0,0,0,0,0,2.4849066497880004
Signal-Android,2016-1,2017-1,2016-1->2017-1,0,org.thoughtcrime.securesms.DeviceLinkFragment,0,0,0,28,0,0,1,0.0,0.0,0.0,0.0,2.0,0,0,0,0,1.0986122886681098
Signal-Android,2016-1,2017-1,2016-1->2017-1,0,org.thoughtcrime.securesms.DeviceListFragment,2,2,0,112,0,2,1,0.0,0.0,0.0,0.0,13.0,0,0,0,0,2.6390573296152584
Signal-Android,2016-1,2017-1,2016-1->2017-1,0,org.thoughtcrime.securesms.DeviceListItem,2,2,0,31,0,2,1,0.0,0.0,0.0,0.0,3.0,0,0,0,0,1.3862943611198906
Signal-Android,2016-1,2017-1,2016-1->2017-1,0,org.thoughtcrime.securesms.DeviceProvisioningActivity,1,1,0,33,0,1,1,0.0,0.0,0.0,0.0,2.0,0,0,0,0,1.0986122886681098
Signal-Android,2016-1,2017-1,2016-1->2017-1,0,org.thoughtcrime.securesms.ExperienceUpgradeActivity,0,0,0,120,0,0,1,0.0,0.0,0.0,0.0,28.0,0,0,0,0,3.367295829986474
Signal-Android,2016-1,2017-1,2016-1->2017-1,0,org.thoughtcrime.securesms.ExportFragment,1,1,0,71,0,1,1,0.0,0.0,0.0,0.0,10.0,0,0,0,0,2.3978952727983707
Signal-Android,2016-1,2017-1,2016-1->2017-1,0,org.thoughtcrime.securesms.GroupCreateActivity,17,17,0,370,0,10,1,0.0,0.0,0.0,0.0,60.0,0,0,0,0,4.110873864173311
Signal-Android,2016-1,2017-1,2016-1->2017-1,0,org.thoughtcrime.securesms.GroupMembersDialog,3,3,0,76,0,2,1,0.0,0.0,0.0,0.0,4.0,0,0,0,0,1.6094379124341003
Signal-Android,2016-1,2017-1,2016-1->2017-1,0,org.thoughtcrime.securesms.ImageMediaAdapter,0,0,0,39,0,0,1,0.0,0.0,0.0,0.0,5.0,0,0,0,0,1.791759469228055
Signal-Android,2016-1,2017-1,2016-1->2017-1,0,org.thoughtcrime.securesms.ImportExportActivity,5,5,0,68,0,5,1,0.0,0.0,0.0,0.0,11.0,0,0,0,0,2.4849066497880004
Signal-Android,2016-1,2017-1,2016-1->2017-1,0,org.thoughtcrime.securesms.ImportFragment,6,6,0,162,0,4,1,0.0,0.0,0.0,0.0,28.0,0,0,0,0,3.367295829986474
Signal-Android,2016-1,2017-1,2016-1->2017-1,0,org.thoughtcrime.securesms.IntroPagerAdapter,1,1,0,18,0,1,1,0.0,0.0,0.0,0.0,0.0,0,0,0,0,0.0
Signal-Android,2016-1,2017-1,2016-1->2017-1,0,org.thoughtcrime.securesms.InviteActivity,7,7,0,156,0,5,1,0.0,0.0,0.0,0.0,23.0,0,0,0,0,3.1780538303479458
Signal-Android,2016-1,2017-1,2016-1->2017-1,0,org.thoughtcrime.securesms.LogSubmitActivity,4,4,0,33,0,4,1,0.0,0.0,0.0,0.0,6.0,0,0,0,0,1.9459101490553132
Signal-Android,2016-1,2017-1,2016-1->2017-1,0,org.thoughtcrime.securesms.MediaOverviewActivity,9,12,3,87,0,6,1,0.0,0.0,0.0,0.0,12.0,0,0,0,0,2.5649493574615367
Signal-Android,2016-1,2017-1,2016-1->2017-1,0,org.thoughtcrime.securesms.MediaPreviewActivity,18,23,5,105,0,9,1,0.0,0.0,0.0,0.0,12.0,0,0,0,0,2.5649493574615367
Signal-Android,2016-1,2017-1,2016-1->2017-1,0,org.thoughtcrime.securesms.MessageDetailsActivity,5,6,1,202,0,5,1,0.0,0.0,0.0,0.0,25.0,0,0,0,0,3.258096538021482
Signal-Android,2016-1,2017-1,2016-1->2017-1,0,org.thoughtcrime.securesms.MessageDetailsRecipientAdapter,2,2,0,33,0,2,1,0.0,0.0,0.0,0.0,6.0,0,0,0,0,1.9459101490553132
Signal-Android,2016-1,2017-1,2016-1->2017-1,0,org.thoughtcrime.securesms.MessageRecipientListItem,3,3,0,100,0,2,1,0.0,0.0,0.0,0.0,3.0,0,0,0,0,1.3862943611198906
Signal-Android,2016-1,2017-1,2016-1->2017-1,0,org.thoughtcrime.securesms.MuteDialog,0,0,0,26,0,0,1,0.0,0.0,0.0,0.0,6.0,0,0,0,0,1.9459101490553132
Signal-Android,2016-1,2017-1,2016-1->2017-1,0,org.thoughtcrime.securesms.NewConversationActivity,1,3,2,36,0,1,1,0.0,0.0,0.0,0.0,7.0,0,0,0,0,2.0794415416798357
Signal-Android,2016-1,2017-1,2016-1->2017-1,0,org.thoughtcrime.securesms.PassphraseActivity,1,1,0,24,0,1,1,0.0,0.0,0.0,0.0,3.0,0,0,0,0,1.3862943611198906
Signal-Android,2016-1,2017-1,2016-1->2017-1,0,org.thoughtcrime.securesms.PassphraseChangeActivity,11,11,0,90,0,4,1,0.0,0.0,0.0,0.0,8.0,0,0,0,0,2.1972245773362196
Signal-Android,2016-1,2017-1,2016-1->2017-1,0,org.thoughtcrime.securesms.PassphraseCreateActivity,3,3,0,32,0,3,1,0.0,0.0,0.0,0.0,2.0,0,0,0,0,1.0986122886681098
Signal-Android,2016-1,2017-1,2016-1->2017-1,0,org.thoughtcrime.securesms.PassphrasePromptActivity,9,9,0,106,0,6,1,0.0,0.0,0.0,0.0,5.0,0,0,0,0,1.791759469228055
Signal-Android,2016-1,2017-1,2016-1->2017-1,0,org.thoughtcrime.securesms.PassphraseRequiredActionBarActivity,7,9,2,133,0,6,1,0.0,0.0,0.0,0.0,3.0,0,0,0,0,1.3862943611198906
Signal-Android,2016-1,2017-1,2016-1->2017-1,0,org.thoughtcrime.securesms.PlayServicesProblemFragment,2,2,0,23,0,1,1,0.0,0.0,0.0,0.0,1.0,0,0,0,0,0.6931471805599453
Signal-Android,2016-1,2017-1,2016-1->2017-1,0,org.thoughtcrime.securesms.PromptMmsActivity,1,1,0,23,0,1,1,0.0,0.0,0.0,0.0,3.0,0,0,0,0,1.3862943611198906
Signal-Android,2016-1,2017-1,2016-1->2017-1,0,org.thoughtcrime.securesms.PushContactSelectionActivity,0,0,0,17,0,0,1,0.0,0.0,0.0,0.0,2.0,0,0,0,0,1.0986122886681098
Signal-Android,2016-1,2017-1,2016-1->2017-1,0,org.thoughtcrime.securesms.RecipientPreferenceActivity,3,5,2,261,0,3,1,0.0,0.0,0.0,0.0,26.0,0,0,0,0,3.295836866004329
Signal-Android,2016-1,2017-1,2016-1->2017-1,0,org.thoughtcrime.securesms.RegistrationActivity,10,10,0,175,0,4,1,0.0,0.0,0.0,0.0,17.0,0,0,0,0,2.8903717578961645
Signal-Android,2016-1,2017-1,2016-1->2017-1,0,org.thoughtcrime.securesms.RegistrationProgressActivity,24,24,0,439,0,19,1,0.0,0.0,0.0,0.0,11.0,0,0,0,0,2.4849066497880004
Signal-Android,2016-1,2017-1,2016-1->2017-1,0,org.thoughtcrime.securesms.ShareActivity,10,10,0,115,0,5,1,0.0,0.0,0.0,0.0,13.0,0,0,0,0,2.6390573296152584
Signal-Android,2016-1,2017-1,2016-1->2017-1,0,org.thoughtcrime.securesms.ShareFragment,1,1,0,42,0,1,1,0.0,0.0,0.0,0.0,6.0,0,0,0,0,1.9459101490553132
Signal-Android,2016-1,2017-1,2016-1->2017-1,0,org.thoughtcrime.securesms.ShareListAdapter,0,0,0,24,0,0,1,0.0,0.0,0.0,0.0,1.0,0,0,0,0,0.6931471805599453
Signal-Android,2016-1,2017-1,2016-1->2017-1,0,org.thoughtcrime.securesms.ShareListItem,6,6,0,49,0,5,1,0.0,0.0,0.0,0.0,2.0,0,0,0,0,1.0986122886681098
Signal-Android,2016-1,2017-1,2016-1->2017-1,0,org.thoughtcrime.securesms.SmsSendtoActivity,0,0,0,57,0,0,1,0.0,0.0,0.0,0.0,9.0,0,0,0,0,2.302585092994046
Signal-Android,2016-1,2017-1,2016-1->2017-1,0,org.thoughtcrime.securesms.TextSecureTestCase,1,1,0,6,0,1,1,0.0,0.0,0.0,0.0,4.0,0,0,0,0,1.6094379124341003
Signal-Android,2016-1,2017-1,2016-1->2017-1,0,org.thoughtcrime.securesms.TransportOption,5,5,0,38,0,5,1,0.0,0.0,0.0,0.0,0.0,0,0,0,0,0.0
Signal-Android,2016-1,2017-1,2016-1->2017-1,0,org.thoughtcrime.securesms.TransportOptions,6,7,1,75,0,4,1,0.0,0.0,0.0,0.0,7.0,0,0,0,0,2.0794415416798357
Signal-Android,2016-1,2017-1,2016-1->2017-1,0,org.thoughtcrime.securesms.TransportOptionsAdapter,2,2,0,30,0,2,1,0.0,0.0,0.0,0.0,9.0,0,0,0,0,2.302585092994046
Signal-Android,2016-1,2017-1,2016-1->2017-1,0,org.thoughtcrime.securesms.VerifyIdentityActivity,8,3,-5,78,0,4,1,0.0,0.0,0.0,0.0,8.0,0,0,0,0,2.1972245773362196
Signal-Android,2016-1,2017-1,2016-1->2017-1,0,org.thoughtcrime.securesms.attachments.Attachment,3,3,0,49,0,3,1,1.0,0.0,0.0,0.0,0.0,1,0,0,0,0.0
Signal-Android,2016-1,2017-1,2016-1->2017-1,0,org.thoughtcrime.securesms.attachments.PointerAttachment,0,0,0,24,0,0,1,0.0,0.0,0.0,0.0,6.0,0,0,0,0,1.9459101490553132
Signal-Android,2016-1,2017-1,2016-1->2017-1,0,org.thoughtcrime.securesms.audio.AudioCodec,7,7,0,120,0,5,1,0.0,0.0,0.0,0.0,7.0,0,0,0,0,2.0794415416798357
Signal-Android,2016-1,2017-1,2016-1->2017-1,0,org.thoughtcrime.securesms.audio.AudioRecorder,1,1,0,61,0,1,1,0.0,0.0,0.0,0.0,1.0,0,0,0,0,0.6931471805599453
Signal-Android,2016-1,2017-1,2016-1->2017-1,0,org.thoughtcrime.securesms.audio.AudioSlidePlayer,21,21,0,152,0,7,1,0.0,0.0,0.0,0.0,13.0,0,0,0,0,2.6390573296152584
Signal-Android,2016-1,2017-1,2016-1->2017-1,0,org.thoughtcrime.securesms.color.MaterialColor,0,0,0,80,0,0,1,0.0,0.0,0.0,0.0,18.0,0,0,0,0,2.9444389791664403
Signal-Android,2016-1,2017-1,2016-1->2017-1,0,org.thoughtcrime.securesms.components.AlertView,3,3,0,33,0,3,1,0.0,0.0,0.0,0.0,4.0,0,0,0,0,1.6094379124341003
Signal-Android,2016-1,2017-1,2016-1->2017-1,0,org.thoughtcrime.securesms.components.AttachmentTypeSelector,3,3,0,158,0,2,1,0.0,0.0,0.0,0.0,16.0,0,0,0,0,2.833213344056216
Signal-Android,2016-1,2017-1,2016-1->2017-1,0,org.thoughtcrime.securesms.components.AudioView,17,24,7,143,0,8,1,0.0,0.0,0.0,0.0,6.0,0,0,0,0,1.9459101490553132
Signal-Android,2016-1,2017-1,2016-1->2017-1,0,org.thoughtcrime.securesms.components.AvatarImageView,0,0,0,38,0,0,1,0.0,0.0,0.0,0.0,7.0,0,0,0,0,2.0794415416798357
Signal-Android,2016-1,2017-1,2016-1->2017-1,0,org.thoughtcrime.securesms.components.BubbleDrawableBuilder,10,10,0,43,0,6,1,0.0,0.0,0.0,0.0,2.0,0,0,0,0,1.0986122886681098
Signal-Android,2016-1,2017-1,2016-1->2017-1,0,org.thoughtcrime.securesms.components.ComposeText,3,4,1,46,0,2,1,0.0,0.0,0.0,0.0,5.0,0,0,0,0,1.791759469228055
Signal-Android,2016-1,2017-1,2016-1->2017-1,0,org.thoughtcrime.securesms.components.ContactFilterToolbar,7,4,-3,99,0,5,1,0.0,0.0,0.0,0.0,5.0,0,0,0,0,1.791759469228055
Signal-Android,2016-1,2017-1,2016-1->2017-1,0,org.thoughtcrime.securesms.components.CustomDefaultPreference,7,7,0,124,0,4,1,0.0,0.0,0.0,0.0,5.0,0,0,0,0,1.791759469228055
Signal-Android,2016-1,2017-1,2016-1->2017-1,0,org.thoughtcrime.securesms.components.FromTextView,0,0,0,35,0,0,1,0.0,0.0,0.0,0.0,4.0,0,0,0,0,1.6094379124341003
Signal-Android,2016-1,2017-1,2016-1->2017-1,0,org.thoughtcrime.securesms.components.ImageDivet,6,6,0,62,0,5,1,0.0,0.0,0.0,0.0,5.0,0,0,0,0,1.791759469228055
Signal-Android,2016-1,2017-1,2016-1->2017-1,0,org.thoughtcrime.securesms.components.InputAwareLayout,5,5,0,51,0,4,1,0.0,0.0,0.0,0.0,2.0,0,0,0,0,1.0986122886681098
Signal-Android,2016-1,2017-1,2016-1->2017-1,0,org.thoughtcrime.securesms.components.InputPanel,16,18,2,182,0,9,1,0.0,0.0,0.0,0.0,7.0,0,0,0,0,2.0794415416798357
Signal-Android,2016-1,2017-1,2016-1->2017-1,0,org.thoughtcrime.securesms.components.KeyboardAwareLinearLayout,34,34,0,129,0,19,1,0.0,0.0,0.0,0.0,14.0,0,0,0,0,2.70805020110221
Signal-Android,2016-1,2017-1,2016-1->2017-1,0,org.thoughtcrime.securesms.components.MicrophoneRecorderView,5,5,0,110,0,3,1,0.0,0.0,0.0,0.0,1.0,0,0,0,0,0.6931471805599453
Signal-Android,2016-1,2017-1,2016-1->2017-1,0,org.thoughtcrime.securesms.components.PushRecipientsPanel,6,6,0,75,0,4,1,0.0,0.0,0.0,0.0,7.0,0,0,0,0,2.0794415416798357
Signal-Android,2016-1,2017-1,2016-1->2017-1,0,org.thoughtcrime.securesms.components.RatingManager,0,0,0,45,0,0,1,0.0,0.0,0.0,0.0,4.0,0,0,0,0,1.6094379124341003
Signal-Android,2016-1,2017-1,2016-1->2017-1,0,org.thoughtcrime.securesms.components.RecyclerViewFastScroller,14,14,0,129,0,6,1,0.0,0.0,0.0,0.0,4.0,0,0,0,0,1.6094379124341003
Signal-Android,2016-1,2017-1,2016-1->2017-1,0,org.thoughtcrime.securesms.components.RepeatableImageKey,4,4,0,56,0,3,1,0.0,0.0,0.0,0.0,0.0,0,0,0,0,0.0
Signal-Android,2016-1,2017-1,2016-1->2017-1,0,org.thoughtcrime.securesms.components.SendButton,2,2,0,56,0,2,1,0.0,0.0,0.0,0.0,3.0,0,0,0,0,1.3862943611198906
Signal-Android,2016-1,2017-1,2016-1->2017-1,0,org.thoughtcrime.securesms.components.SingleRecipientPanel,6,6,0,79,0,5,1,0.0,0.0,0.0,0.0,6.0,0,0,0,0,1.9459101490553132
Signal-Android,2016-1,2017-1,2016-1->2017-1,0,org.thoughtcrime.securesms.components.ThumbnailView,10,10,0,106,0,6,1,0.0,0.0,0.0,0.0,16.0,0,0,0,0,2.833213344056216
Signal-Android,2016-1,2017-1,2016-1->2017-1,0,org.thoughtcrime.securesms.components.TransferControlView,8,8,0,101,0,6,1,0.0,0.0,0.0,0.0,6.0,0,0,0,0,1.9459101490553132
Signal-Android,2016-1,2017-1,2016-1->2017-1,0,org.thoughtcrime.securesms.components.ZoomingImageView,0,1,1,18,0,0,1,0.0,0.0,0.0,0.0,0.0,0,0,0,0,0.0
Signal-Android,2016-1,2017-1,2016-1->2017-1,0,org.thoughtcrime.securesms.components.camera.CameraUtils,0,0,0,57,0,0,1,0.0,0.0,0.0,0.0,4.0,0,0,0,0,1.6094379124341003
Signal-Android,2016-1,2017-1,2016-1->2017-1,0,org.thoughtcrime.securesms.components.camera.CameraView,33,33,0,385,0,15,1,1.0,0.0,0.0,0.0,31.0,1,0,0,0,3.4657359027997265
Signal-Android,2016-1,2017-1,2016-1->2017-1,0,org.thoughtcrime.securesms.components.camera.QuickAttachmentDrawer,69,69,0,374,0,28,1,0.0,0.0,0.0,0.0,16.0,0,0,0,0,2.833213344056216
Signal-Android,2016-1,2017-1,2016-1->2017-1,0,org.thoughtcrime.securesms.components.emoji.EmojiDrawer,12,12,0,104,0,8,1,0.0,0.0,0.0,0.0,4.0,0,0,0,0,1.6094379124341003
Signal-Android,2016-1,2017-1,2016-1->2017-1,0,org.thoughtcrime.securesms.components.emoji.EmojiEditText,0,0,0,18,0,0,1,0.0,0.0,0.0,0.0,1.0,0,0,0,0,0.6931471805599453
Signal-Android,2016-1,2017-1,2016-1->2017-1,0,org.thoughtcrime.securesms.components.emoji.EmojiFilter,0,0,0,12,0,0,1,0.0,0.0,0.0,0.0,0.0,0,0,0,0,0.0
Signal-Android,2016-1,2017-1,2016-1->2017-1,0,org.thoughtcrime.securesms.components.emoji.EmojiPageView,5,5,0,57,0,2,1,0.0,0.0,0.0,0.0,3.0,0,0,0,0,1.3862943611198906
Signal-Android,2016-1,2017-1,2016-1->2017-1,0,org.thoughtcrime.securesms.components.emoji.EmojiProvider,0,0,0,152,0,0,1,0.0,0.0,0.0,0.0,2.0,0,0,0,0,1.0986122886681098
Signal-Android,2016-1,2017-1,2016-1->2017-1,0,org.thoughtcrime.securesms.components.emoji.EmojiTextView,11,11,0,40,0,3,1,0.0,0.0,0.0,0.0,3.0,0,0,0,0,1.3862943611198906
Signal-Android,2016-1,2017-1,2016-1->2017-1,0,org.thoughtcrime.securesms.components.emoji.EmojiToggle,5,5,0,30,0,5,1,0.0,0.0,0.0,0.0,4.0,0,0,0,0,1.6094379124341003
Signal-Android,2016-1,2017-1,2016-1->2017-1,0,org.thoughtcrime.securesms.components.emoji.EmojiView,1,1,0,40,0,1,1,0.0,0.0,0.0,0.0,1.0,0,0,0,0,0.6931471805599453
Signal-Android,2016-1,2017-1,2016-1->2017-1,0,org.thoughtcrime.securesms.components.emoji.RecentEmojiPageModel,3,3,0,55,0,3,1,0.0,0.0,0.0,0.0,4.0,0,0,0,0,1.6094379124341003
Signal-Android,2016-1,2017-1,2016-1->2017-1,0,org.thoughtcrime.securesms.components.location.SignalMapView,0,0,0,50,0,0,1,0.0,0.0,0.0,0.0,2.0,0,0,0,0,1.0986122886681098
Signal-Android,2016-1,2017-1,2016-1->2017-1,0,org.thoughtcrime.securesms.components.reminder.InviteReminder,0,0,0,13,0,0,1,0.0,0.0,0.0,0.0,1.0,0,0,0,0,0.6931471805599453
Signal-Android,2016-1,2017-1,2016-1->2017-1,0,org.thoughtcrime.securesms.components.reminder.OutdatedBuildReminder,2,2,0,22,0,1,1,0.0,0.0,0.0,0.0,1.0,0,0,0,0,0.6931471805599453
Signal-Android,2016-1,2017-1,2016-1->2017-1,0,org.thoughtcrime.securesms.components.reminder.Reminder,1,1,0,23,0,1,1,1.0,0.0,0.0,0.0,0.0,1,0,0,0,0.0
Signal-Android,2016-1,2017-1,2016-1->2017-1,0,org.thoughtcrime.securesms.components.reminder.ReminderView,4,4,0,43,0,4,1,0.0,0.0,0.0,0.0,2.0,0,0,0,0,1.0986122886681098
Signal-Android,2016-1,2017-1,2016-1->2017-1,0,org.thoughtcrime.securesms.components.reminder.ShareReminder,0,0,0,23,0,0,1,0.0,0.0,0.0,0.0,1.0,0,0,0,0,0.6931471805599453
Signal-Android,2016-1,2017-1,2016-1->2017-1,0,org.thoughtcrime.securesms.contacts.ArrayListCursor,9,9,0,94,0,9,1,0.0,0.0,0.0,0.0,7.0,0,0,0,0,2.0794415416798357
Signal-Android,2016-1,2017-1,2016-1->2017-1,0,org.thoughtcrime.securesms.contacts.ContactAccessor,1,1,0,172,0,0,1,0.0,0.0,0.0,0.0,10.0,0,0,0,0,2.3978952727983707
Signal-Android,2016-1,2017-1,2016-1->2017-1,0,org.thoughtcrime.securesms.contacts.ContactIdentityManagerGingerbread,7,7,0,71,0,3,1,0.0,0.0,0.0,0.0,3.0,0,0,0,0,1.3862943611198906
Signal-Android,2016-1,2017-1,2016-1->2017-1,0,org.thoughtcrime.securesms.contacts.ContactIdentityManagerICS,1,1,0,43,0,1,1,0.0,0.0,0.0,0.0,2.0,0,0,0,0,1.0986122886681098
Signal-Android,2016-1,2017-1,2016-1->2017-1,0,org.thoughtcrime.securesms.contacts.ContactSelectionListAdapter,3,3,0,87,0,3,1,0.0,0.0,0.0,0.0,16.0,0,0,0,0,2.833213344056216
Signal-Android,2016-1,2017-1,2016-1->2017-1,0,org.thoughtcrime.securesms.contacts.ContactsCursorLoader,0,0,0,57,0,0,1,0.0,0.0,0.0,0.0,2.0,0,0,0,0,1.0986122886681098
Signal-Android,2016-1,2017-1,2016-1->2017-1,0,org.thoughtcrime.securesms.contacts.ContactsDatabase,0,0,0,314,0,0,1,0.0,0.0,0.0,0.0,76.0,0,0,0,0,4.343805421853684
Signal-Android,2016-1,2017-1,2016-1->2017-1,0,org.thoughtcrime.securesms.contacts.RecipientsAdapter,0,0,0,72,0,0,1,0.0,0.0,0.0,0.0,7.0,0,0,0,0,2.0794415416798357
Signal-Android,2016-1,2017-1,2016-1->2017-1,0,org.thoughtcrime.securesms.contacts.RecipientsEditor,8,8,0,180,0,4,1,0.0,0.0,0.0,0.0,8.0,0,0,0,0,2.1972245773362196
Signal-Android,2016-1,2017-1,2016-1->2017-1,0,org.thoughtcrime.securesms.contacts.avatars.BitmapContactPhoto,0,0,0,15,0,0,1,0.0,0.0,0.0,0.0,2.0,0,0,0,0,1.0986122886681098
Signal-Android,2016-1,2017-1,2016-1->2017-1,0,org.thoughtcrime.securesms.contacts.avatars.ContactColors,0,0,0,4,0,0,1,0.0,0.0,0.0,0.0,2.0,0,0,0,0,1.0986122886681098
Signal-Android,2016-1,2017-1,2016-1->2017-1,0,org.thoughtcrime.securesms.contacts.avatars.ContactPhotoFactory,0,0,0,25,0,0,1,0.0,0.0,0.0,0.0,1.0,0,0,0,0,0.6931471805599453
Signal-Android,2016-1,2017-1,2016-1->2017-1,0,org.thoughtcrime.securesms.contacts.avatars.GeneratedContactPhoto,0,0,0,26,0,0,1,0.0,0.0,0.0,0.0,8.0,0,0,0,0,2.1972245773362196
Signal-Android,2016-1,2017-1,2016-1->2017-1,0,org.thoughtcrime.securesms.contacts.avatars.ResourceContactPhoto,1,1,0,27,0,1,1,0.0,0.0,0.0,0.0,4.0,0,0,0,0,1.6094379124341003
Signal-Android,2016-1,2017-1,2016-1->2017-1,0,org.thoughtcrime.securesms.contacts.avatars.TransparentContactPhoto,1,1,0,11,0,1,1,0.0,0.0,0.0,0.0,2.0,0,0,0,0,1.0986122886681098
Signal-Android,2016-1,2017-1,2016-1->2017-1,0,org.thoughtcrime.securesms.crypto.AsymmetricMasterCipher,6,6,0,53,0,3,1,0.0,0.0,0.0,0.0,5.0,0,0,0,0,1.791759469228055
Signal-Android,2016-1,2017-1,2016-1->2017-1,0,org.thoughtcrime.securesms.crypto.DecryptingPartInputStream,24,24,0,131,0,7,1,0.0,0.0,0.0,0.0,3.0,0,0,0,0,1.3862943611198906
Signal-Android,2016-1,2017-1,2016-1->2017-1,0,org.thoughtcrime.securesms.crypto.EncryptingPartOutputStream,7,7,0,54,0,3,1,0.0,0.0,0.0,0.0,3.0,0,0,0,0,1.3862943611198906
Signal-Android,2016-1,2017-1,2016-1->2017-1,0,org.thoughtcrime.securesms.crypto.IdentityKeyParcelable,1,1,0,27,0,1,1,0.0,0.0,0.0,0.0,1.0,0,0,0,0,0.6931471805599453
Signal-Android,2016-1,2017-1,2016-1->2017-1,0,org.thoughtcrime.securesms.crypto.IdentityKeyUtil,0,0,0,67,0,0,1,0.0,0.0,0.0,0.0,16.0,0,0,0,0,2.833213344056216
Signal-Android,2016-1,2017-1,2016-1->2017-1,0,org.thoughtcrime.securesms.crypto.MasterCipher,4,4,0,101,0,2,1,0.0,0.0,0.0,0.0,1.0,0,0,0,0,0.6931471805599453
Signal-Android,2016-1,2017-1,2016-1->2017-1,0,org.thoughtcrime.securesms.crypto.MasterSecret,2,2,0,48,0,2,1,0.0,0.0,0.0,0.0,9.0,0,0,0,0,2.302585092994046
Signal-Android,2016-1,2017-1,2016-1->2017-1,0,org.thoughtcrime.securesms.crypto.MasterSecretUtil,5,5,0,208,0,0,1,0.0,0.0,0.0,0.0,36.0,0,0,0,0,3.6109179126442243
Signal-Android,2016-1,2017-1,2016-1->2017-1,0,org.thoughtcrime.securesms.crypto.MediaKey,0,0,0,14,0,0,1,0.0,0.0,0.0,0.0,3.0,0,0,0,0,1.3862943611198906
Signal-Android,2016-1,2017-1,2016-1->2017-1,0,org.thoughtcrime.securesms.crypto.PRNGFixes,21,21,0,145,0,1,1,0.0,0.0,0.0,0.0,14.0,0,0,0,0,2.70805020110221
Signal-Android,2016-1,2017-1,2016-1->2017-1,0,org.thoughtcrime.securesms.crypto.PreKeyUtil,0,0,0,103,0,0,1,0.0,0.0,0.0,0.0,6.0,0,0,0,0,1.9459101490553132
Signal-Android,2016-1,2017-1,2016-1->2017-1,0,org.thoughtcrime.securesms.crypto.PublicKey,10,10,0,40,0,8,1,0.0,0.0,0.0,0.0,1.0,0,0,0,0,0.6931471805599453
Signal-Android,2016-1,2017-1,2016-1->2017-1,0,org.thoughtcrime.securesms.crypto.SecurityEvent,0,0,0,6,0,0,1,0.0,0.0,0.0,0.0,0.0,0,0,0,0,0.0
Signal-Android,2016-1,2017-1,2016-1->2017-1,0,org.thoughtcrime.securesms.crypto.SessionUtil,0,0,0,7,0,0,1,0.0,0.0,0.0,0.0,0.0,0,0,0,0,0.0
Signal-Android,2016-1,2017-1,2016-1->2017-1,0,org.thoughtcrime.securesms.crypto.storage.TextSecureIdentityKeyStore,1,1,0,19,0,1,1,0.0,0.0,0.0,0.0,6.0,0,0,0,0,1.9459101490553132
Signal-Android,2016-1,2017-1,2016-1->2017-1,0,org.thoughtcrime.securesms.crypto.storage.TextSecurePreKeyStore,9,9,0,140,0,5,1,0.0,0.0,0.0,0.0,10.0,0,0,0,0,2.3978952727983707
Signal-Android,2016-1,2017-1,2016-1->2017-1,0,org.thoughtcrime.securesms.crypto.storage.TextSecureSessionStore,4,4,0,131,0,1,1,0.0,0.0,0.0,0.0,13.0,0,0,0,0,2.6390573296152584
Signal-Android,2016-1,2017-1,2016-1->2017-1,0,org.thoughtcrime.securesms.database.ApnDatabase,0,0,0,98,0,0,1,0.0,0.0,0.0,0.0,2.0,0,0,0,0,1.0986122886681098
Signal-Android,2016-1,2017-1,2016-1->2017-1,0,org.thoughtcrime.securesms.database.AttachmentDatabase,8,8,0,317,0,2,1,0.0,0.0,0.0,0.0,39.0,0,0,0,0,3.6888794541139363
Signal-Android,2016-1,2017-1,2016-1->2017-1,0,org.thoughtcrime.securesms.database.CanonicalAddressDatabase,7,7,0,130,0,2,1,0.0,0.0,0.0,0.0,9.0,0,0,0,0,2.302585092994046
Signal-Android,2016-1,2017-1,2016-1->2017-1,0,org.thoughtcrime.securesms.database.CanonicalSessionMigrator,0,0,0,29,0,0,1,0.0,0.0,0.0,0.0,6.0,0,0,0,0,1.9459101490553132
Signal-Android,2016-1,2017-1,2016-1->2017-1,0,org.thoughtcrime.securesms.database.Database,2,2,0,22,0,2,1,0.0,0.0,0.0,0.0,2.0,0,0,0,0,1.0986122886681098
Signal-Android,2016-1,2017-1,2016-1->2017-1,0,org.thoughtcrime.securesms.database.DatabaseFactory,0,0,0,537,0,0,1,0.0,2.0,0.0,0.0,59.0,0,1,0,0,4.0943445622221
Signal-Android,2016-1,2017-1,2016-1->2017-1,0,org.thoughtcrime.securesms.database.DraftDatabase,2,2,0,97,0,2,1,1.0,0.0,0.0,0.0,3.0,1,0,0,0,1.3862943611198906
Signal-Android,2016-1,2017-1,2016-1->2017-1,0,org.thoughtcrime.securesms.database.EncryptedBackupExporter,6,6,0,58,0,0,1,0.0,0.0,0.0,0.0,8.0,0,0,0,0,2.1972245773362196
Signal-Android,2016-1,2017-1,2016-1->2017-1,0,org.thoughtcrime.securesms.database.EncryptingSmsDatabase,0,0,0,113,0,0,1,0.0,0.0,0.0,0.0,17.0,0,0,0,0,2.8903717578961645
Signal-Android,2016-1,2017-1,2016-1->2017-1,0,org.thoughtcrime.securesms.database.GroupDatabase,9,10,1,210,0,7,1,1.0,0.0,0.0,0.0,6.0,1,0,0,0,1.9459101490553132
Signal-Android,2016-1,2017-1,2016-1->2017-1,0,org.thoughtcrime.securesms.database.IdentityDatabase,1,1,0,81,0,1,1,0.0,0.0,0.0,0.0,5.0,0,0,0,0,1.791759469228055
Signal-Android,2016-1,2017-1,2016-1->2017-1,0,org.thoughtcrime.securesms.database.MessagingDatabase,0,0,0,93,0,0,1,0.0,0.0,0.0,0.0,8.0,0,0,0,0,2.1972245773362196
Signal-Android,2016-1,2017-1,2016-1->2017-1,0,org.thoughtcrime.securesms.database.MmsAddressDatabase,2,2,0,76,0,2,1,0.0,0.0,0.0,0.0,8.0,0,0,0,0,2.1972245773362196
Signal-Android,2016-1,2017-1,2016-1->2017-1,0,org.thoughtcrime.securesms.database.MmsDatabase,35,34,-1,703,0,24,1,0.0,0.0,0.0,0.0,88.0,0,0,0,0,4.48863636973214
Signal-Android,2016-1,2017-1,2016-1->2017-1,0,org.thoughtcrime.securesms.database.MmsSmsColumns,0,0,0,142,0,0,1,0.0,0.0,0.0,0.0,0.0,0,0,0,0,0.0
Signal-Android,2016-1,2017-1,2016-1->2017-1,0,org.thoughtcrime.securesms.database.MmsSmsDatabase,1,4,3,207,0,1,1,0.0,1.0,0.0,0.0,12.0,0,1,0,0,2.5649493574615367
Signal-Android,2016-1,2017-1,2016-1->2017-1,0,org.thoughtcrime.securesms.database.PduHeadersBuilder,0,0,0,32,0,0,1,0.0,0.0,0.0,0.0,4.0,0,0,0,0,1.6094379124341003
Signal-Android,2016-1,2017-1,2016-1->2017-1,0,org.thoughtcrime.securesms.database.PlaintextBackupExporter,2,2,0,34,0,0,1,0.0,0.0,0.0,0.0,8.0,0,0,0,0,2.1972245773362196
Signal-Android,2016-1,2017-1,2016-1->2017-1,0,org.thoughtcrime.securesms.database.PlaintextBackupImporter,4,4,0,74,0,0,1,0.0,0.0,0.0,0.0,20.0,0,0,0,0,3.044522437723423
Signal-Android,2016-1,2017-1,2016-1->2017-1,0,org.thoughtcrime.securesms.database.PushDatabase,1,1,0,97,0,1,1,0.0,0.0,0.0,0.0,3.0,0,0,0,0,1.3862943611198906
Signal-Android,2016-1,2017-1,2016-1->2017-1,0,org.thoughtcrime.securesms.database.RecipientPreferenceDatabase,0,0,0,134,0,0,1,1.0,0.0,0.0,0.0,4.0,1,0,0,0,1.6094379124341003
Signal-Android,2016-1,2017-1,2016-1->2017-1,0,org.thoughtcrime.securesms.database.SmsDatabase,37,38,1,435,0,27,1,0.0,0.0,0.0,0.0,48.0,0,0,0,0,3.8918202981106265
Signal-Android,2016-1,2017-1,2016-1->2017-1,0,org.thoughtcrime.securesms.database.SmsMigrator,0,0,0,157,0,0,1,0.0,0.0,0.0,0.0,11.0,0,0,0,0,2.4849066497880004
Signal-Android,2016-1,2017-1,2016-1->2017-1,0,org.thoughtcrime.securesms.database.TextSecureDirectory,0,0,0,163,0,0,1,0.0,0.0,0.0,0.0,2.0,0,0,0,0,1.0986122886681098
Signal-Android,2016-1,2017-1,2016-1->2017-1,0,org.thoughtcrime.securesms.database.ThreadDatabase,29,29,0,366,0,14,1,0.0,0.0,0.0,0.0,33.0,0,0,0,0,3.5263605246161616
Signal-Android,2016-1,2017-1,2016-1->2017-1,0,org.thoughtcrime.securesms.database.XmlBackup,15,15,0,139,0,1,1,1.0,0.0,0.0,0.0,17.0,1,0,0,0,2.8903717578961645
Signal-Android,2016-1,2017-1,2016-1->2017-1,0,org.thoughtcrime.securesms.database.documents.IdentityKeyMismatch,3,3,0,39,0,3,1,0.0,0.0,0.0,0.0,1.0,0,0,0,0,0.6931471805599453
Signal-Android,2016-1,2017-1,2016-1->2017-1,0,org.thoughtcrime.securesms.database.documents.IdentityKeyMismatchList,3,3,0,14,0,2,1,0.0,0.0,0.0,0.0,0.0,0,0,0,0,0.0
Signal-Android,2016-1,2017-1,2016-1->2017-1,0,org.thoughtcrime.securesms.database.documents.NetworkFailure,4,4,0,16,0,4,1,0.0,0.0,0.0,0.0,0.0,0,0,0,0,0.0
Signal-Android,2016-1,2017-1,2016-1->2017-1,0,org.thoughtcrime.securesms.database.documents.NetworkFailureList,3,3,0,15,0,2,1,0.0,0.0,0.0,0.0,0.0,0,0,0,0,0.0
Signal-Android,2016-1,2017-1,2016-1->2017-1,0,org.thoughtcrime.securesms.database.loaders.BlockedContactsLoader,0,0,0,7,0,0,1,0.0,0.0,0.0,0.0,1.0,0,0,0,0,0.6931471805599453
Signal-Android,2016-1,2017-1,2016-1->2017-1,0,org.thoughtcrime.securesms.database.loaders.ConversationListLoader,0,0,0,33,0,0,1,0.0,0.0,0.0,0.0,6.0,0,0,0,0,1.9459101490553132
Signal-Android,2016-1,2017-1,2016-1->2017-1,0,org.thoughtcrime.securesms.database.loaders.ConversationLoader,1,1,0,12,0,1,1,0.0,0.0,0.0,0.0,1.0,0,0,0,0,0.6931471805599453
Signal-Android,2016-1,2017-1,2016-1->2017-1,0,org.thoughtcrime.securesms.database.loaders.CountryListLoader,0,0,0,18,0,0,1,0.0,0.0,0.0,0.0,4.0,0,0,0,0,1.6094379124341003
Signal-Android,2016-1,2017-1,2016-1->2017-1,0,org.thoughtcrime.securesms.database.loaders.DeviceListLoader,0,0,0,25,0,0,1,0.0,0.0,0.0,0.0,2.0,0,0,0,0,1.0986122886681098
Signal-Android,2016-1,2017-1,2016-1->2017-1,0,org.thoughtcrime.securesms.database.loaders.IdentityLoader,0,0,0,8,0,0,1,0.0,0.0,0.0,0.0,1.0,0,0,0,0,0.6931471805599453
Signal-Android,2016-1,2017-1,2016-1->2017-1,0,org.thoughtcrime.securesms.database.loaders.MessageDetailsLoader,0,0,0,16,0,0,1,0.0,0.0,0.0,0.0,2.0,0,0,0,0,1.0986122886681098
Signal-Android,2016-1,2017-1,2016-1->2017-1,0,org.thoughtcrime.securesms.database.model.DisplayRecord,21,22,1,80,0,21,1,0.0,0.0,0.0,0.0,14.0,0,0,0,0,2.70805020110221
Signal-Android,2016-1,2017-1,2016-1->2017-1,0,org.thoughtcrime.securesms.database.model.MediaMmsMessageRecord,4,8,4,45,0,4,1,0.0,0.0,1.0,0.0,5.0,0,0,1,0,1.791759469228055
Signal-Android,2016-1,2017-1,2016-1->2017-1,0,org.thoughtcrime.securesms.database.model.MessageRecord,21,26,5,96,0,20,1,0.0,0.0,1.0,0.0,24.0,0,0,1,0,3.2188758248682006
Signal-Android,2016-1,2017-1,2016-1->2017-1,0,org.thoughtcrime.securesms.database.model.NotificationMmsMessageRecord,11,12,1,50,0,11,1,0.0,0.0,1.0,0.0,1.0,0,0,1,0,0.6931471805599453
Signal-Android,2016-1,2017-1,2016-1->2017-1,0,org.thoughtcrime.securesms.database.model.SmsMessageRecord,3,3,0,54,0,3,1,0.0,0.0,1.0,0.0,7.0,0,0,1,0,2.0794415416798357
Signal-Android,2016-1,2017-1,2016-1->2017-1,0,org.thoughtcrime.securesms.database.model.ThreadRecord,5,6,1,73,0,5,1,1.0,0.0,1.0,0.0,19.0,1,0,1,0,2.995732273553991
Signal-Android,2016-1,2017-1,2016-1->2017-1,0,org.thoughtcrime.securesms.dom.AttrImpl,3,3,0,38,0,3,1,0.0,0.0,0.0,0.0,0.0,0,0,0,0,0.0
Signal-Android,2016-1,2017-1,2016-1->2017-1,0,org.thoughtcrime.securesms.dom.DocumentImpl,7,7,0,69,0,7,1,0.0,0.0,0.0,0.0,0.0,0,0,0,0,0.0
Signal-Android,2016-1,2017-1,2016-1->2017-1,0,org.thoughtcrime.securesms.dom.ElementImpl,2,2,0,67,0,2,1,0.0,0.0,0.0,0.0,1.0,0,0,0,0,0.6931471805599453
Signal-Android,2016-1,2017-1,2016-1->2017-1,0,org.thoughtcrime.securesms.dom.NamedNodeMapImpl,1,1,0,35,0,1,1,0.0,0.0,0.0,0.0,1.0,0,0,0,0,0.6931471805599453
Signal-Android,2016-1,2017-1,2016-1->2017-1,0,org.thoughtcrime.securesms.dom.NodeImpl,4,4,0,118,0,4,1,0.0,0.0,0.0,0.0,4.0,0,0,0,0,1.6094379124341003
Signal-Android,2016-1,2017-1,2016-1->2017-1,0,org.thoughtcrime.securesms.dom.NodeListImpl,2,2,0,44,0,1,1,0.0,0.0,0.0,0.0,3.0,0,0,0,0,1.3862943611198906
Signal-Android,2016-1,2017-1,2016-1->2017-1,0,org.thoughtcrime.securesms.dom.events.EventTargetImpl,0,0,0,54,0,0,1,0.0,0.0,0.0,0.0,13.0,0,0,0,0,2.6390573296152584
Signal-Android,2016-1,2017-1,2016-1->2017-1,0,org.thoughtcrime.securesms.dom.smil.ElementParallelTimeContainerImpl,9,9,0,76,0,2,1,0.0,0.0,0.0,0.0,20.0,0,0,0,0,3.044522437723423
Signal-Android,2016-1,2017-1,2016-1->2017-1,0,org.thoughtcrime.securesms.dom.smil.ElementSequentialTimeContainerImpl,4,4,0,23,0,1,1,0.0,0.0,0.0,0.0,4.0,0,0,0,0,1.6094379124341003
Signal-Android,2016-1,2017-1,2016-1->2017-1,0,org.thoughtcrime.securesms.dom.smil.ElementTimeImpl,48,48,0,166,0,15,1,0.0,0.0,0.0,0.0,25.0,0,0,0,0,3.258096538021482
Signal-Android,2016-1,2017-1,2016-1->2017-1,0,org.thoughtcrime.securesms.dom.smil.SmilDocumentImpl,18,18,0,130,0,18,1,0.0,0.0,0.0,0.0,16.0,0,0,0,0,2.833213344056216
Signal-Android,2016-1,2017-1,2016-1->2017-1,0,org.thoughtcrime.securesms.dom.smil.SmilElementImpl,0,0,0,6,0,0,1,0.0,0.0,0.0,0.0,0.0,0,0,0,0,0.0
Signal-Android,2016-1,2017-1,2016-1->2017-1,0,org.thoughtcrime.securesms.dom.smil.SmilLayoutElementImpl,1,1,0,23,0,1,1,0.0,0.0,0.0,0.0,4.0,0,0,0,0,1.6094379124341003
Signal-Android,2016-1,2017-1,2016-1->2017-1,0,org.thoughtcrime.securesms.dom.smil.SmilMediaElementImpl,17,17,0,169,0,17,1,0.0,0.0,0.0,0.0,20.0,0,0,0,0,3.044522437723423
Signal-Android,2016-1,2017-1,2016-1->2017-1,0,org.thoughtcrime.securesms.dom.smil.SmilParElementImpl,19,19,0,89,0,19,1,0.0,0.0,0.0,0.0,9.0,0,0,0,0,2.302585092994046
Signal-Android,2016-1,2017-1,2016-1->2017-1,0,org.thoughtcrime.securesms.dom.smil.SmilRegionMediaElementImpl,0,0,0,18,0,0,1,0.0,0.0,0.0,0.0,6.0,0,0,0,0,1.9459101490553132
Signal-Android,2016-1,2017-1,2016-1->2017-1,0,org.thoughtcrime.securesms.dom.smil.SmilRootLayoutElementImpl,4,4,0,33,0,4,1,0.0,0.0,0.0,0.0,0.0,0,0,0,0,0.0
Signal-Android,2016-1,2017-1,2016-1->2017-1,0,org.thoughtcrime.securesms.dom.smil.parser.SmilXmlSerializer,0,0,0,32,0,0,1,0.0,0.0,0.0,0.0,4.0,0,0,0,0,1.6094379124341003
Signal-Android,2016-1,2017-1,2016-1->2017-1,0,org.thoughtcrime.securesms.gcm.GcmBroadcastReceiver,0,0,0,50,0,0,1,0.0,0.0,0.0,0.0,8.0,0,0,0,0,2.1972245773362196
Signal-Android,2016-1,2017-1,2016-1->2017-1,0,org.thoughtcrime.securesms.groups.GroupManager,0,0,0,67,0,0,1,0.0,0.0,0.0,0.0,3.0,0,0,0,0,1.3862943611198906
Signal-Android,2016-1,2017-1,2016-1->2017-1,0,org.thoughtcrime.securesms.groups.GroupMessageProcessor,0,0,0,126,0,0,1,0.0,0.0,0.0,0.0,42.0,0,0,0,0,3.7612001156935624
Signal-Android,2016-1,2017-1,2016-1->2017-1,0,org.thoughtcrime.securesms.jobs.AttachmentDownloadJob,2,2,0,96,0,2,1,0.0,0.0,0.0,0.0,2.0,0,0,0,0,1.0986122886681098
Signal-Android,2016-1,2017-1,2016-1->2017-1,0,org.thoughtcrime.securesms.jobs.AvatarDownloadJob,2,2,0,49,0,2,1,0.0,0.0,0.0,0.0,1.0,0,0,0,0,0.6931471805599453
Signal-Android,2016-1,2017-1,2016-1->2017-1,0,org.thoughtcrime.securesms.jobs.CleanPreKeysJob,2,2,0,56,0,2,1,0.0,0.0,0.0,0.0,3.0,0,0,0,0,1.3862943611198906
Signal-Android,2016-1,2017-1,2016-1->2017-1,0,org.thoughtcrime.securesms.jobs.CreateSignedPreKeyJob,2,2,0,28,0,2,1,0.0,0.0,0.0,0.0,0.0,0,0,0,0,0.0
Signal-Android,2016-1,2017-1,2016-1->2017-1,0,org.thoughtcrime.securesms.jobs.DeliveryReceiptJob,3,3,0,32,0,3,1,0.0,0.0,0.0,0.0,0.0,0,0,0,0,0.0
Signal-Android,2016-1,2017-1,2016-1->2017-1,0,org.thoughtcrime.securesms.jobs.DirectoryRefreshJob,5,5,0,36,0,3,1,0.0,0.0,0.0,0.0,1.0,0,0,0,0,0.6931471805599453
Signal-Android,2016-1,2017-1,2016-1->2017-1,0,org.thoughtcrime.securesms.jobs.GcmRefreshJob,7,7,0,47,0,4,1,0.0,0.0,0.0,0.0,1.0,0,0,0,0,0.6931471805599453
Signal-Android,2016-1,2017-1,2016-1->2017-1,0,org.thoughtcrime.securesms.jobs.MasterSecretDecryptJob,2,2,0,46,0,2,1,0.0,0.0,0.0,0.0,6.0,0,0,0,0,1.9459101490553132
Signal-Android,2016-1,2017-1,2016-1->2017-1,0,org.thoughtcrime.securesms.jobs.MasterSecretJob,1,1,0,18,0,1,1,0.0,0.0,0.0,0.0,0.0,0,0,0,0,0.0
Signal-Android,2016-1,2017-1,2016-1->2017-1,0,org.thoughtcrime.securesms.jobs.MmsDownloadJob,5,5,0,116,0,2,1,0.0,0.0,0.0,0.0,14.0,0,0,0,0,2.70805020110221
Signal-Android,2016-1,2017-1,2016-1->2017-1,0,org.thoughtcrime.securesms.jobs.MmsReceiveJob,8,8,0,45,0,3,1,0.0,0.0,0.0,0.0,2.0,0,0,0,0,1.0986122886681098
Signal-Android,2016-1,2017-1,2016-1->2017-1,0,org.thoughtcrime.securesms.jobs.MmsSendJob,2,2,0,119,0,2,1,0.0,0.0,0.0,0.0,6.0,0,0,0,0,1.9459101490553132
Signal-Android,2016-1,2017-1,2016-1->2017-1,0,org.thoughtcrime.securesms.jobs.MultiDeviceContactUpdateJob,2,7,5,89,0,2,1,0.0,0.0,0.0,0.0,7.0,0,0,0,0,2.0794415416798357
Signal-Android,2016-1,2017-1,2016-1->2017-1,0,org.thoughtcrime.securesms.jobs.MultiDeviceGroupUpdateJob,2,2,0,60,0,2,1,0.0,0.0,0.0,0.0,2.0,0,0,0,0,1.0986122886681098
Signal-Android,2016-1,2017-1,2016-1->2017-1,0,org.thoughtcrime.securesms.jobs.PushDecryptJob,6,6,0,283,0,3,1,0.0,0.0,0.0,0.0,55.0,0,0,0,0,4.02535169073515
Signal-Android,2016-1,2017-1,2016-1->2017-1,0,org.thoughtcrime.securesms.jobs.PushGroupSendJob,2,2,0,86,0,2,1,0.0,0.0,0.0,0.0,10.0,0,0,0,0,2.3978952727983707
Signal-Android,2016-1,2017-1,2016-1->2017-1,0,org.thoughtcrime.securesms.jobs.PushMediaSendJob,2,2,0,73,0,2,1,0.0,0.0,0.0,0.0,7.0,0,0,0,0,2.0794415416798357
Signal-Android,2016-1,2017-1,2016-1->2017-1,0,org.thoughtcrime.securesms.jobs.PushReceivedJob,0,0,0,41,0,0,1,0.0,0.0,0.0,0.0,5.0,0,0,0,0,1.791759469228055
Signal-Android,2016-1,2017-1,2016-1->2017-1,0,org.thoughtcrime.securesms.jobs.PushSendJob,0,0,0,43,0,0,1,0.0,0.0,0.0,0.0,3.0,0,0,0,0,1.3862943611198906
Signal-Android,2016-1,2017-1,2016-1->2017-1,0,org.thoughtcrime.securesms.jobs.PushTextSendJob,4,4,0,63,0,2,1,0.0,0.0,0.0,0.0,6.0,0,0,0,0,1.9459101490553132
Signal-Android,2016-1,2017-1,2016-1->2017-1,0,org.thoughtcrime.securesms.jobs.RefreshPreKeysJob,2,2,0,37,0,2,1,0.0,0.0,0.0,0.0,1.0,0,0,0,0,0.6931471805599453
Signal-Android,2016-1,2017-1,2016-1->2017-1,0,org.thoughtcrime.securesms.jobs.SendJob,0,0,0,34,0,0,1,0.0,0.0,0.0,0.0,0.0,0,0,0,0,0.0
Signal-Android,2016-1,2017-1,2016-1->2017-1,0,org.thoughtcrime.securesms.jobs.SmsReceiveJob,7,7,0,52,0,3,1,0.0,0.0,0.0,0.0,3.0,0,0,0,0,1.3862943611198906
Signal-Android,2016-1,2017-1,2016-1->2017-1,0,org.thoughtcrime.securesms.jobs.SmsSendJob,2,2,0,102,0,2,1,0.0,0.0,0.0,0.0,9.0,0,0,0,0,2.302585092994046
Signal-Android,2016-1,2017-1,2016-1->2017-1,0,org.thoughtcrime.securesms.jobs.SmsSentJob,3,3,0,52,0,3,1,0.0,0.0,0.0,0.0,5.0,0,0,0,0,1.791759469228055
Signal-Android,2016-1,2017-1,2016-1->2017-1,0,org.thoughtcrime.securesms.jobs.TrimThreadJob,4,4,0,23,0,3,1,0.0,0.0,0.0,0.0,1.0,0,0,0,0,0.6931471805599453
Signal-Android,2016-1,2017-1,2016-1->2017-1,0,org.thoughtcrime.securesms.jobs.persistence.EncryptingJobSerializer,1,1,0,27,0,1,1,0.0,0.0,0.0,0.0,1.0,0,0,0,0,0.6931471805599453
Signal-Android,2016-1,2017-1,2016-1->2017-1,0,org.thoughtcrime.securesms.jobs.requirements.MasterSecretRequirementProvider,0,0,0,15,0,0,1,0.0,0.0,0.0,0.0,0.0,0,0,0,0,0.0
Signal-Android,2016-1,2017-1,2016-1->2017-1,0,org.thoughtcrime.securesms.jobs.requirements.MediaNetworkRequirement,8,8,0,54,0,4,1,0.0,0.0,0.0,0.0,10.0,0,0,0,0,2.3978952727983707
Signal-Android,2016-1,2017-1,2016-1->2017-1,0,org.thoughtcrime.securesms.mms.AttachmentManager,4,4,0,209,0,3,1,0.0,0.0,0.0,0.0,7.0,0,0,0,0,2.0794415416798357
Signal-Android,2016-1,2017-1,2016-1->2017-1,0,org.thoughtcrime.securesms.mms.AttachmentStreamLocalUriFetcher,4,4,0,20,0,2,1,0.0,0.0,0.0,0.0,0.0,0,0,0,0,0.0
Signal-Android,2016-1,2017-1,2016-1->2017-1,0,org.thoughtcrime.securesms.mms.AttachmentStreamUriLoader,0,0,0,28,0,0,1,0.0,0.0,0.0,0.0,0.0,0,0,0,0,0.0
Signal-Android,2016-1,2017-1,2016-1->2017-1,0,org.thoughtcrime.securesms.mms.AttachmentTypeSelectorAdapter,1,1,0,49,0,1,1,0.0,0.0,0.0,0.0,8.0,0,0,0,0,2.1972245773362196
Signal-Android,2016-1,2017-1,2016-1->2017-1,0,org.thoughtcrime.securesms.mms.CompatMmsConnection,0,0,0,32,0,0,1,0.0,0.0,0.0,0.0,0.0,0,0,0,0,0.0
Signal-Android,2016-1,2017-1,2016-1->2017-1,0,org.thoughtcrime.securesms.mms.ContactPhotoLocalUriFetcher,0,0,0,11,0,0,1,0.0,0.0,0.0,0.0,2.0,0,0,0,0,1.0986122886681098
Signal-Android,2016-1,2017-1,2016-1->2017-1,0,org.thoughtcrime.securesms.mms.DecryptableStreamLocalUriFetcher,0,0,0,15,0,0,1,0.0,0.0,0.0,0.0,0.0,0,0,0,0,0.0
Signal-Android,2016-1,2017-1,2016-1->2017-1,0,org.thoughtcrime.securesms.mms.IncomingLegacyMmsConnection,2,2,0,68,0,1,1,0.0,0.0,0.0,0.0,4.0,0,0,0,0,1.6094379124341003
Signal-Android,2016-1,2017-1,2016-1->2017-1,0,org.thoughtcrime.securesms.mms.IncomingLollipopMmsConnection,0,0,0,35,0,0,1,0.0,0.0,0.0,0.0,5.0,0,0,0,0,1.791759469228055
Signal-Android,2016-1,2017-1,2016-1->2017-1,0,org.thoughtcrime.securesms.mms.LegacyMmsConnection,1,1,0,152,0,1,1,1.0,0.0,0.0,1.0,16.0,1,0,0,1,2.833213344056216
Signal-Android,2016-1,2017-1,2016-1->2017-1,0,org.thoughtcrime.securesms.mms.LollipopMmsConnection,5,5,0,34,0,3,1,0.0,0.0,0.0,0.0,2.0,0,0,0,0,1.0986122886681098
Signal-Android,2016-1,2017-1,2016-1->2017-1,0,org.thoughtcrime.securesms.mms.MediaConstraints,4,4,0,38,0,4,1,0.0,0.0,0.0,2.0,0.0,0,0,0,1,0.0
Signal-Android,2016-1,2017-1,2016-1->2017-1,0,org.thoughtcrime.securesms.mms.MmsRadio,18,18,0,78,0,6,1,0.0,0.0,0.0,0.0,4.0,0,0,0,0,1.6094379124341003
Signal-Android,2016-1,2017-1,2016-1->2017-1,0,org.thoughtcrime.securesms.mms.OutgoingGroupMediaMessage,3,3,0,28,0,3,1,0.0,0.0,0.0,0.0,2.0,0,0,0,0,1.0986122886681098
Signal-Android,2016-1,2017-1,2016-1->2017-1,0,org.thoughtcrime.securesms.mms.OutgoingLegacyMmsConnection,8,8,0,80,0,2,1,0.0,0.0,0.0,0.0,6.0,0,0,0,0,1.9459101490553132
Signal-Android,2016-1,2017-1,2016-1->2017-1,0,org.thoughtcrime.securesms.mms.OutgoingLollipopMmsConnection,0,0,0,34,0,0,1,0.0,0.0,0.0,0.0,4.0,0,0,0,0,1.6094379124341003
Signal-Android,2016-1,2017-1,2016-1->2017-1,0,org.thoughtcrime.securesms.mms.OutgoingMediaMessage,5,8,3,47,0,5,1,1.0,0.0,0.0,0.0,0.0,1,0,0,0,0.0
Signal-Android,2016-1,2017-1,2016-1->2017-1,0,org.thoughtcrime.securesms.mms.PartAuthority,0,0,0,53,0,0,1,0.0,0.0,0.0,0.0,5.0,0,0,0,0,1.791759469228055
Signal-Android,2016-1,2017-1,2016-1->2017-1,0,org.thoughtcrime.securesms.mms.PartParser,0,0,0,41,0,0,1,0.0,0.0,0.0,0.0,5.0,0,0,0,0,1.791759469228055
Signal-Android,2016-1,2017-1,2016-1->2017-1,0,org.thoughtcrime.securesms.mms.PartUriParser,2,2,0,10,0,2,1,0.0,0.0,0.0,0.0,1.0,0,0,0,0,0.6931471805599453
Signal-Android,2016-1,2017-1,2016-1->2017-1,0,org.thoughtcrime.securesms.mms.RoundedCorners,0,0,0,52,0,0,1,0.0,0.0,0.0,0.0,2.0,0,0,0,0,1.0986122886681098
Signal-Android,2016-1,2017-1,2016-1->2017-1,0,org.thoughtcrime.securesms.mms.Slide,9,10,1,60,0,9,1,0.0,0.0,0.0,0.0,8.0,0,0,0,0,2.1972245773362196
Signal-Android,2016-1,2017-1,2016-1->2017-1,0,org.thoughtcrime.securesms.mms.SlideDeck,7,7,0,45,0,3,1,0.0,0.0,0.0,0.0,2.0,0,0,0,0,1.0986122886681098
Signal-Android,2016-1,2017-1,2016-1->2017-1,0,org.thoughtcrime.securesms.mms.TextTransport,2,2,0,5,0,2,1,0.0,0.0,0.0,0.0,1.0,0,0,0,0,0.6931471805599453
Signal-Android,2016-1,2017-1,2016-1->2017-1,0,org.thoughtcrime.securesms.notifications.AbstractNotificationBuilder,0,2,2,33,0,0,1,0.0,0.0,0.0,0.0,2.0,0,0,0,0,1.0986122886681098
Signal-Android,2016-1,2017-1,2016-1->2017-1,0,org.thoughtcrime.securesms.notifications.MarkReadReceiver,0,0,0,23,0,0,1,0.0,0.0,0.0,0.0,1.0,0,0,0,0,0.6931471805599453
Signal-Android,2016-1,2017-1,2016-1->2017-1,0,org.thoughtcrime.securesms.notifications.MessageNotifier,1,3,2,238,0,0,1,0.0,0.0,0.0,0.0,56.0,0,0,0,0,4.04305126783455
Signal-Android,2016-1,2017-1,2016-1->2017-1,0,org.thoughtcrime.securesms.notifications.MultipleRecipientNotificationBuilder,1,1,0,41,0,1,1,0.0,0.0,0.0,0.0,1.0,0,0,0,0,0.6931471805599453
Signal-Android,2016-1,2017-1,2016-1->2017-1,0,org.thoughtcrime.securesms.notifications.NotificationItem,2,2,0,39,0,2,1,1.0,0.0,0.0,0.0,1.0,1,0,0,0,0.6931471805599453
Signal-Android,2016-1,2017-1,2016-1->2017-1,0,org.thoughtcrime.securesms.notifications.NotificationState,3,4,1,53,0,3,1,0.0,0.0,0.0,0.0,5.0,0,0,0,0,1.791759469228055
Signal-Android,2016-1,2017-1,2016-1->2017-1,0,org.thoughtcrime.securesms.notifications.SingleRecipientNotificationBuilder,1,1,0,129,0,1,1,0.0,0.0,0.0,0.0,14.0,0,0,0,0,2.70805020110221
Signal-Android,2016-1,2017-1,2016-1->2017-1,0,org.thoughtcrime.securesms.preferences.AdvancedPreferenceFragment,6,6,0,139,0,3,1,0.0,0.0,0.0,0.0,8.0,0,0,0,0,2.1972245773362196
Signal-Android,2016-1,2017-1,2016-1->2017-1,0,org.thoughtcrime.securesms.preferences.AppProtectionPreferenceFragment,5,5,0,109,0,3,1,0.0,0.0,0.0,0.0,9.0,0,0,0,0,2.302585092994046
Signal-Android,2016-1,2017-1,2016-1->2017-1,0,org.thoughtcrime.securesms.preferences.AppearancePreferenceFragment,3,3,0,33,0,3,1,0.0,0.0,0.0,0.0,6.0,0,0,0,0,1.9459101490553132
Signal-Android,2016-1,2017-1,2016-1->2017-1,0,org.thoughtcrime.securesms.preferences.ChatsPreferenceFragment,2,2,0,79,0,2,1,0.0,0.0,0.0,0.0,8.0,0,0,0,0,2.1972245773362196
Signal-Android,2016-1,2017-1,2016-1->2017-1,0,org.thoughtcrime.securesms.preferences.ColorPreference,7,7,0,132,0,5,1,0.0,0.0,0.0,0.0,17.0,0,0,0,0,2.8903717578961645
Signal-Android,2016-1,2017-1,2016-1->2017-1,0,org.thoughtcrime.securesms.preferences.LedBlinkPatternListPreference,5,5,0,72,0,3,1,0.0,0.0,0.0,0.0,8.0,0,0,0,0,2.1972245773362196
Signal-Android,2016-1,2017-1,2016-1->2017-1,0,org.thoughtcrime.securesms.preferences.ListSummaryPreferenceFragment,0,0,0,12,0,0,1,0.0,0.0,0.0,0.0,6.0,0,0,0,0,1.9459101490553132
Signal-Android,2016-1,2017-1,2016-1->2017-1,0,org.thoughtcrime.securesms.preferences.MmsPreferencesActivity,3,3,0,30,0,3,1,0.0,0.0,0.0,0.0,3.0,0,0,0,0,1.3862943611198906
Signal-Android,2016-1,2017-1,2016-1->2017-1,0,org.thoughtcrime.securesms.preferences.MmsPreferencesFragment,1,1,0,41,0,1,1,0.0,0.0,0.0,0.0,1.0,0,0,0,0,0.6931471805599453
Signal-Android,2016-1,2017-1,2016-1->2017-1,0,org.thoughtcrime.securesms.preferences.NotificationsPreferenceFragment,1,1,0,56,0,1,1,0.0,0.0,0.0,0.0,4.0,0,0,0,0,1.6094379124341003
Signal-Android,2016-1,2017-1,2016-1->2017-1,0,org.thoughtcrime.securesms.preferences.SmsMmsPreferenceFragment,9,9,0,64,0,2,1,0.0,0.0,0.0,0.0,6.0,0,0,0,0,1.9459101490553132
Signal-Android,2016-1,2017-1,2016-1->2017-1,0,org.thoughtcrime.securesms.providers.MmsBodyProvider,1,1,0,66,0,1,1,0.0,0.0,0.0,0.0,7.0,0,0,0,0,2.0794415416798357
Signal-Android,2016-1,2017-1,2016-1->2017-1,0,org.thoughtcrime.securesms.providers.PartProvider,1,1,0,64,0,1,1,0.0,0.0,0.0,0.0,3.0,0,0,0,0,1.3862943611198906
Signal-Android,2016-1,2017-1,2016-1->2017-1,0,org.thoughtcrime.securesms.providers.PersistentBlobProvider,0,0,0,74,0,0,1,0.0,0.0,0.0,0.0,3.0,0,0,0,0,1.3862943611198906
Signal-Android,2016-1,2017-1,2016-1->2017-1,0,org.thoughtcrime.securesms.providers.SingleUseBlobProvider,2,2,0,23,0,1,1,0.0,0.0,0.0,0.0,1.0,0,0,0,0,0.6931471805599453
Signal-Android,2016-1,2017-1,2016-1->2017-1,0,org.thoughtcrime.securesms.recipients.Recipient,10,10,0,95,0,8,1,0.0,0.0,0.0,0.0,0.0,0,0,0,0,0.0
Signal-Android,2016-1,2017-1,2016-1->2017-1,0,org.thoughtcrime.securesms.recipients.RecipientFactory,1,0,-1,58,0,0,1,0.0,0.0,0.0,0.0,7.0,0,0,0,0,2.0794415416798357
Signal-Android,2016-1,2017-1,2016-1->2017-1,0,org.thoughtcrime.securesms.recipients.RecipientProvider,1,1,0,136,0,1,1,1.0,0.0,0.0,0.0,8.0,1,0,0,0,2.1972245773362196
Signal-Android,2016-1,2017-1,2016-1->2017-1,0,org.thoughtcrime.securesms.recipients.Recipients,23,25,2,162,0,15,1,0.0,0.0,0.0,0.0,10.0,0,0,0,0,2.3978952727983707
Signal-Android,2016-1,2017-1,2016-1->2017-1,0,org.thoughtcrime.securesms.recipients.RecipientsFormatter,0,0,0,28,0,0,1,0.0,0.0,0.0,0.0,3.0,0,0,0,0,1.3862943611198906
Signal-Android,2016-1,2017-1,2016-1->2017-1,0,org.thoughtcrime.securesms.service.AccountAuthenticatorService,2,2,0,40,0,1,1,0.0,0.0,0.0,0.0,2.0,0,0,0,0,1.0986122886681098
Signal-Android,2016-1,2017-1,2016-1->2017-1,0,org.thoughtcrime.securesms.service.ApplicationMigrationService,12,12,0,123,0,8,1,1.0,0.0,0.0,0.0,8.0,1,0,0,0,2.1972245773362196
Signal-Android,2016-1,2017-1,2016-1->2017-1,0,org.thoughtcrime.securesms.service.DirectoryRefreshListener,0,0,0,29,0,0,1,0.0,0.0,0.0,0.0,2.0,0,0,0,0,1.0986122886681098
Signal-Android,2016-1,2017-1,2016-1->2017-1,0,org.thoughtcrime.securesms.service.KeyCachingService,24,24,0,186,0,14,1,0.0,0.0,0.0,0.0,6.0,0,0,0,0,1.9459101490553132
Signal-Android,2016-1,2017-1,2016-1->2017-1,0,org.thoughtcrime.securesms.service.MessageRetrievalService,16,16,0,103,0,8,1,0.0,0.0,0.0,0.0,1.0,0,0,0,0,0.6931471805599453
Signal-Android,2016-1,2017-1,2016-1->2017-1,0,org.thoughtcrime.securesms.service.MmsListener,0,0,0,25,0,0,1,0.0,0.0,0.0,0.0,3.0,0,0,0,0,1.3862943611198906
Signal-Android,2016-1,2017-1,2016-1->2017-1,0,org.thoughtcrime.securesms.service.QuickResponseService,1,1,0,29,0,1,1,0.0,0.0,0.0,0.0,4.0,0,0,0,0,1.6094379124341003
Signal-Android,2016-1,2017-1,2016-1->2017-1,0,org.thoughtcrime.securesms.service.RegistrationService,14,14,0,216,0,9,1,1.0,0.0,0.0,0.0,6.0,1,0,0,0,1.9459101490553132
Signal-Android,2016-1,2017-1,2016-1->2017-1,0,org.thoughtcrime.securesms.service.SmsDeliveryListener,0,0,0,26,0,0,1,0.0,0.0,0.0,0.0,2.0,0,0,0,0,1.0986122886681098
Signal-Android,2016-1,2017-1,2016-1->2017-1,0,org.thoughtcrime.securesms.service.SmsListener,0,0,0,74,0,0,1,0.0,0.0,0.0,0.0,11.0,0,0,0,0,2.4849066497880004
Signal-Android,2016-1,2017-1,2016-1->2017-1,0,org.thoughtcrime.securesms.sms.IncomingGroupMessage,3,3,0,15,0,3,1,0.0,0.0,0.0,0.0,2.0,0,0,0,0,1.0986122886681098
Signal-Android,2016-1,2017-1,2016-1->2017-1,0,org.thoughtcrime.securesms.sms.MessageSender,0,0,0,161,0,0,1,0.0,0.0,0.0,0.0,21.0,0,0,0,0,3.091042453358316
Signal-Android,2016-1,2017-1,2016-1->2017-1,0,org.thoughtcrime.securesms.sms.OutgoingTextMessage,4,6,2,32,0,4,1,0.0,0.0,0.0,0.0,4.0,0,0,0,0,1.6094379124341003
Signal-Android,2016-1,2017-1,2016-1->2017-1,0,org.thoughtcrime.securesms.sms.TelephonyServiceState,0,0,0,47,0,0,1,0.0,0.0,0.0,0.0,2.0,0,0,0,0,1.0986122886681098
Signal-Android,2016-1,2017-1,2016-1->2017-1,0,org.thoughtcrime.securesms.util.AbstractCursorLoader,8,8,0,49,0,3,1,0.0,0.0,0.0,0.0,1.0,0,0,0,0,0.6931471805599453
Signal-Android,2016-1,2017-1,2016-1->2017-1,0,org.thoughtcrime.securesms.util.Base64,59,59,0,737,0,1,1,0.0,1.0,0.0,0.0,8.0,0,1,0,0,2.1972245773362196
Signal-Android,2016-1,2017-1,2016-1->2017-1,0,org.thoughtcrime.securesms.util.BitmapUtil,15,18,3,183,0,0,1,0.0,0.0,0.0,0.0,5.0,0,0,0,0,1.791759469228055
Signal-Android,2016-1,2017-1,2016-1->2017-1,0,org.thoughtcrime.securesms.util.Conversions,25,25,0,110,0,0,1,0.0,0.0,0.0,0.0,0.0,0,0,0,0,0.0
Signal-Android,2016-1,2017-1,2016-1->2017-1,0,org.thoughtcrime.securesms.util.DateUtils,0,0,0,59,0,0,1,0.0,0.0,0.0,0.0,5.0,0,0,0,0,1.791759469228055
Signal-Android,2016-1,2017-1,2016-1->2017-1,0,org.thoughtcrime.securesms.util.Dialogs,0,0,0,15,0,0,1,0.0,0.0,0.0,0.0,0.0,0,0,0,0,0.0
Signal-Android,2016-1,2017-1,2016-1->2017-1,0,org.thoughtcrime.securesms.util.DirectoryHelper,0,0,0,139,0,0,1,0.0,0.0,0.0,0.0,21.0,0,0,0,0,3.091042453358316
Signal-Android,2016-1,2017-1,2016-1->2017-1,0,org.thoughtcrime.securesms.util.DynamicIntroTheme,0,0,0,6,0,0,1,0.0,0.0,0.0,0.0,1.0,0,0,0,0,0.6931471805599453
Signal-Android,2016-1,2017-1,2016-1->2017-1,0,org.thoughtcrime.securesms.util.DynamicLanguage,0,0,0,43,0,0,1,0.0,0.0,0.0,0.0,8.0,0,0,0,0,2.1972245773362196
Signal-Android,2016-1,2017-1,2016-1->2017-1,0,org.thoughtcrime.securesms.util.DynamicNoActionBarTheme,0,0,0,6,0,0,1,0.0,0.0,0.0,0.0,1.0,0,0,0,0,0.6931471805599453
Signal-Android,2016-1,2017-1,2016-1->2017-1,0,org.thoughtcrime.securesms.util.DynamicTheme,0,0,0,21,0,0,1,0.0,0.0,0.0,0.0,1.0,0,0,0,0,0.6931471805599453
Signal-Android,2016-1,2017-1,2016-1->2017-1,0,org.thoughtcrime.securesms.util.GroupUtil,0,0,0,49,0,0,1,0.0,0.0,0.0,0.0,4.0,0,0,0,0,1.6094379124341003
Signal-Android,2016-1,2017-1,2016-1->2017-1,0,org.thoughtcrime.securesms.util.Hex,0,0,0,75,0,0,1,0.0,0.0,0.0,0.0,0.0,0,0,0,0,0.0
Signal-Android,2016-1,2017-1,2016-1->2017-1,0,org.thoughtcrime.securesms.util.JsonUtils,0,0,0,14,0,0,1,0.0,0.0,0.0,0.0,0.0,0,0,0,0,0.0
Signal-Android,2016-1,2017-1,2016-1->2017-1,0,org.thoughtcrime.securesms.util.MediaUtil,0,0,0,78,0,0,1,0.0,0.0,0.0,0.0,9.0,0,0,0,0,2.302585092994046
Signal-Android,2016-1,2017-1,2016-1->2017-1,0,org.thoughtcrime.securesms.util.NumberUtil,0,0,0,20,0,0,1,0.0,0.0,0.0,0.0,1.0,0,0,0,0,0.6931471805599453
Signal-Android,2016-1,2017-1,2016-1->2017-1,0,org.thoughtcrime.securesms.util.ParcelUtil,0,0,0,15,0,0,1,0.0,0.0,0.0,0.0,4.0,0,0,0,0,1.6094379124341003
Signal-Android,2016-1,2017-1,2016-1->2017-1,0,org.thoughtcrime.securesms.util.ResUtil,0,0,0,21,0,0,1,0.0,0.0,0.0,0.0,3.0,0,0,0,0,1.3862943611198906
Signal-Android,2016-1,2017-1,2016-1->2017-1,0,org.thoughtcrime.securesms.util.Rfc5724Uri,0,0,0,33,0,0,1,0.0,0.0,0.0,0.0,3.0,0,0,0,0,1.3862943611198906
Signal-Android,2016-1,2017-1,2016-1->2017-1,0,org.thoughtcrime.securesms.util.SaveAttachmentTask,0,0,0,95,0,0,1,0.0,0.0,0.0,0.0,6.0,0,0,0,0,1.9459101490553132
Signal-Android,2016-1,2017-1,2016-1->2017-1,0,org.thoughtcrime.securesms.util.SelectedRecipientsAdapter,6,6,0,88,0,4,1,0.0,0.0,0.0,0.0,15.0,0,0,0,0,2.772588722239781
Signal-Android,2016-1,2017-1,2016-1->2017-1,0,org.thoughtcrime.securesms.util.ServiceUtil,0,0,0,13,0,0,1,0.0,0.0,0.0,0.0,0.0,0,0,0,0,0.0
Signal-Android,2016-1,2017-1,2016-1->2017-1,0,org.thoughtcrime.securesms.util.ShortCodeUtil,0,0,0,23,0,0,1,0.0,0.0,0.0,0.0,6.0,0,0,0,0,1.9459101490553132
Signal-Android,2016-1,2017-1,2016-1->2017-1,0,org.thoughtcrime.securesms.util.SmilUtil,0,0,0,80,0,0,1,0.0,0.0,0.0,0.0,16.0,0,0,0,0,2.833213344056216
Signal-Android,2016-1,2017-1,2016-1->2017-1,0,org.thoughtcrime.securesms.util.SpanUtil,0,0,0,19,0,0,1,0.0,0.0,0.0,0.0,0.0,0,0,0,0,0.0
Signal-Android,2016-1,2017-1,2016-1->2017-1,0,org.thoughtcrime.securesms.util.TelephonyUtil,0,0,0,24,0,0,1,0.0,0.0,0.0,0.0,8.0,0,0,0,0,2.1972245773362196
Signal-Android,2016-1,2017-1,2016-1->2017-1,0,org.thoughtcrime.securesms.util.TextSecurePreferences,0,0,0,310,0,0,1,0.0,0.0,0.0,0.0,22.0,0,0,0,0,3.1354942159291497
Signal-Android,2016-1,2017-1,2016-1->2017-1,0,org.thoughtcrime.securesms.util.ThreadUtil,0,0,0,6,0,0,1,0.0,0.0,0.0,0.0,0.0,0,0,0,0,0.0
Signal-Android,2016-1,2017-1,2016-1->2017-1,0,org.thoughtcrime.securesms.util.Trimmer,0,0,0,36,0,0,1,0.0,0.0,0.0,0.0,2.0,0,0,0,0,1.0986122886681098
Signal-Android,2016-1,2017-1,2016-1->2017-1,0,org.thoughtcrime.securesms.util.Util,12,16,4,198,0,0,1,0.0,0.0,0.0,1.0,14.0,0,0,0,1,2.70805020110221
Signal-Android,2016-1,2017-1,2016-1->2017-1,0,org.thoughtcrime.securesms.util.VersionTracker,0,0,0,9,0,0,1,0.0,0.0,0.0,0.0,0.0,0,0,0,0,0.0
Signal-Android,2016-1,2017-1,2016-1->2017-1,0,org.thoughtcrime.securesms.util.ViewUtil,0,0,0,106,0,0,1,0.0,0.0,0.0,0.0,0.0,0,0,0,0,0.0
Signal-Android,2016-1,2017-1,2016-1->2017-1,0,org.thoughtcrime.securesms.util.WorkerThread,2,2,0,17,0,1,1,0.0,0.0,0.0,0.0,1.0,0,0,0,0,0.6931471805599453
Signal-Android,2016-1,2017-1,2016-1->2017-1,0,ws.com.google.android.mms.ContentType,1,1,0,153,0,1,1,0.0,0.0,0.0,0.0,0.0,0,0,0,0,0.0
Signal-Android,2016-1,2017-1,2016-1->2017-1,0,ws.com.google.android.mms.pdu.Base64,15,15,0,68,0,0,1,0.0,0.0,0.0,0.0,0.0,0,0,0,0,0.0
Signal-Android,2016-1,2017-1,2016-1->2017-1,0,ws.com.google.android.mms.pdu.CharacterSets,1,1,0,96,0,1,1,0.0,0.0,0.0,0.0,0.0,0,0,0,0,0.0
Signal-Android,2016-1,2017-1,2016-1->2017-1,0,ws.com.google.android.mms.pdu.PduBody,3,3,0,56,0,3,1,0.0,0.0,0.0,0.0,0.0,0,0,0,0,0.0
Signal-Android,2016-1,2017-1,2016-1->2017-1,0,ws.com.google.android.mms.pdu.PduComposer,114,114,0,516,0,18,1,0.0,2.0,0.0,0.0,18.0,0,1,0,0,2.9444389791664403
Signal-Android,2016-1,2017-1,2016-1->2017-1,0,ws.com.google.android.mms.pdu.PduHeaders,100,100,0,405,0,9,1,0.0,1.0,0.0,0.0,3.0,0,1,0,0,1.3862943611198906
Signal-Android,2016-1,2017-1,2016-1->2017-1,0,ws.com.google.android.mms.pdu.PduParser,29,29,0,989,0,1,1,0.0,5.0,0.0,0.0,16.0,0,1,0,0,2.833213344056216
Signal-Android,2016-1,2017-1,2016-1->2017-1,0,ws.com.google.android.mms.pdu.PduPart,33,33,0,141,0,19,1,0.0,0.0,0.0,0.0,0.0,0,0,0,0,0.0
Signal-Android,2016-1,2017-1,2016-1->2017-1,0,ws.com.google.android.mms.pdu.QuotedPrintable,9,9,0,24,0,0,1,0.0,0.0,0.0,0.0,0.0,0,0,0,0,0.0
Signal-Android,2016-1,2017-1,2016-1->2017-1,0,ws.com.google.android.mms.pdu.SendReq,17,17,0,72,0,16,1,0.0,0.0,0.0,0.0,1.0,0,0,0,0,0.6931471805599453
Signal-Android,2017-1,2018-1,2017-1->2018-1,1,org.thoughtcrime.securesms.ApplicationContext,14,19,5,62,0,10,1,0.0,0.0,0.0,0.0,0.0,0,0,0,0,0.0
Signal-Android,2017-1,2018-1,2017-1->2018-1,1,org.thoughtcrime.securesms.ApplicationPreferencesActivity,4,4,0,138,0,3,1,0.0,0.0,0.0,0.0,10.0,0,0,0,0,2.3978952727983707
Signal-Android,2017-1,2018-1,2017-1->2018-1,1,org.thoughtcrime.securesms.BaseActionBarActivity,10,10,0,45,0,4,1,0.0,0.0,0.0,0.0,6.0,0,0,0,0,1.9459101490553132
Signal-Android,2017-1,2018-1,2017-1->2018-1,1,org.thoughtcrime.securesms.BasicIntroFragment,2,2,0,31,0,1,1,0.0,0.0,0.0,0.0,6.0,0,0,0,0,1.9459101490553132
Signal-Android,2017-1,2018-1,2017-1->2018-1,1,org.thoughtcrime.securesms.BlockedContactsActivity,2,2,0,66,0,2,1,0.0,0.0,0.0,0.0,6.0,0,0,0,0,1.9459101490553132
Signal-Android,2017-1,2018-1,2017-1->2018-1,1,org.thoughtcrime.securesms.ConfirmIdentityDialog,1,1,0,119,0,1,1,0.0,0.0,0.0,0.0,4.0,0,0,0,0,1.6094379124341003
Signal-Android,2017-1,2018-1,2017-1->2018-1,1,org.thoughtcrime.securesms.ContactSelectionActivity,6,6,0,74,0,6,1,0.0,0.0,0.0,0.0,10.0,0,0,0,0,2.3978952727983707
Signal-Android,2017-1,2018-1,2017-1->2018-1,1,org.thoughtcrime.securesms.ContactSelectionListFragment,8,16,8,187,0,8,1,0.0,0.0,0.0,0.0,24.0,0,0,0,0,3.2188758248682006
Signal-Android,2017-1,2018-1,2017-1->2018-1,1,org.thoughtcrime.securesms.ConversationActivity,123,154,31,1128,0,58,1,0.0,0.0,0.0,0.0,127.0,0,0,0,0,4.852030263919617
Signal-Android,2017-1,2018-1,2017-1->2018-1,1,org.thoughtcrime.securesms.ConversationFragment,11,17,6,303,0,6,1,0.0,0.0,0.0,0.0,74.0,0,0,0,0,4.31748811353631
Signal-Android,2017-1,2018-1,2017-1->2018-1,1,org.thoughtcrime.securesms.ConversationItem,15,19,4,424,0,8,1,0.0,0.0,0.0,0.0,36.0,0,0,0,0,3.6109179126442243
Signal-Android,2017-1,2018-1,2017-1->2018-1,1,org.thoughtcrime.securesms.ConversationListActivity,14,15,1,131,0,12,1,0.0,0.0,0.0,0.0,11.0,0,0,0,0,2.4849066497880004
Signal-Android,2017-1,2018-1,2017-1->2018-1,1,org.thoughtcrime.securesms.ConversationListAdapter,9,9,0,104,0,5,1,0.0,0.0,0.0,0.0,7.0,0,0,0,0,2.0794415416798357
Signal-Android,2017-1,2018-1,2017-1->2018-1,1,org.thoughtcrime.securesms.ConversationListArchiveActivity,3,3,0,38,0,3,1,0.0,0.0,0.0,0.0,1.0,0,0,0,0,0.6931471805599453
Signal-Android,2017-1,2018-1,2017-1->2018-1,1,org.thoughtcrime.securesms.ConversationListFragment,10,12,2,297,0,8,1,0.0,0.0,0.0,0.0,70.0,0,0,0,0,4.2626798770413155
Signal-Android,2017-1,2018-1,2017-1->2018-1,1,org.thoughtcrime.securesms.ConversationListItem,7,8,1,152,0,6,1,0.0,0.0,0.0,0.0,6.0,0,0,0,0,1.9459101490553132
Signal-Android,2017-1,2018-1,2017-1->2018-1,1,org.thoughtcrime.securesms.ConversationListItemAction,2,2,0,18,0,2,1,0.0,0.0,0.0,0.0,1.0,0,0,0,0,0.6931471805599453
Signal-Android,2017-1,2018-1,2017-1->2018-1,1,org.thoughtcrime.securesms.ConversationPopupActivity,7,8,1,71,0,6,1,0.0,0.0,0.0,0.0,14.0,0,0,0,0,2.70805020110221
Signal-Android,2017-1,2018-1,2017-1->2018-1,1,org.thoughtcrime.securesms.ConversationTitleView,2,4,2,51,0,2,1,0.0,0.0,0.0,0.0,5.0,0,0,0,0,1.791759469228055
Signal-Android,2017-1,2018-1,2017-1->2018-1,1,org.thoughtcrime.securesms.ConversationUpdateItem,3,3,0,124,0,2,1,0.0,0.0,0.0,0.0,3.0,0,0,0,0,1.3862943611198906
Signal-Android,2017-1,2018-1,2017-1->2018-1,1,org.thoughtcrime.securesms.CountrySelectionActivity,0,0,0,13,0,0,1,0.0,0.0,0.0,0.0,2.0,0,0,0,0,1.0986122886681098
Signal-Android,2017-1,2018-1,2017-1->2018-1,1,org.thoughtcrime.securesms.CountrySelectionFragment,0,0,0,47,0,0,1,0.0,0.0,0.0,0.0,4.0,0,0,0,0,1.6094379124341003
Signal-Android,2017-1,2018-1,2017-1->2018-1,1,org.thoughtcrime.securesms.DatabaseMigrationActivity,13,13,0,112,0,11,1,0.0,0.0,0.0,0.0,4.0,0,0,0,0,1.6094379124341003
Signal-Android,2017-1,2018-1,2017-1->2018-1,1,org.thoughtcrime.securesms.DatabaseUpgradeActivity,4,4,0,168,0,1,1,0.0,0.0,0.0,0.0,13.0,0,0,0,0,2.6390573296152584
Signal-Android,2017-1,2018-1,2017-1->2018-1,1,org.thoughtcrime.securesms.DeviceActivity,2,2,0,132,0,2,1,0.0,0.0,0.0,0.0,28.0,0,0,0,0,3.367295829986474
Signal-Android,2017-1,2018-1,2017-1->2018-1,1,org.thoughtcrime.securesms.DeviceAddFragment,2,2,0,59,0,2,1,0.0,0.0,0.0,0.0,4.0,0,0,0,0,1.6094379124341003
Signal-Android,2017-1,2018-1,2017-1->2018-1,1,org.thoughtcrime.securesms.DeviceLinkFragment,0,0,0,28,0,0,1,0.0,0.0,0.0,0.0,2.0,0,0,0,0,1.0986122886681098
Signal-Android,2017-1,2018-1,2017-1->2018-1,1,org.thoughtcrime.securesms.DeviceListFragment,2,2,0,121,0,2,1,0.0,0.0,0.0,0.0,16.0,0,0,0,0,2.833213344056216
Signal-Android,2017-1,2018-1,2017-1->2018-1,1,org.thoughtcrime.securesms.DeviceListItem,2,2,0,31,0,2,1,0.0,0.0,0.0,0.0,3.0,0,0,0,0,1.3862943611198906
Signal-Android,2017-1,2018-1,2017-1->2018-1,1,org.thoughtcrime.securesms.DeviceProvisioningActivity,1,1,0,33,0,1,1,0.0,0.0,0.0,0.0,2.0,0,0,0,0,1.0986122886681098
Signal-Android,2017-1,2018-1,2017-1->2018-1,1,org.thoughtcrime.securesms.ExperienceUpgradeActivity,0,0,0,120,0,0,1,0.0,0.0,0.0,0.0,28.0,0,0,0,0,3.367295829986474
Signal-Android,2017-1,2018-1,2017-1->2018-1,1,org.thoughtcrime.securesms.ExpirationDialog,0,0,0,52,0,0,1,0.0,0.0,0.0,0.0,10.0,0,0,0,0,2.3978952727983707
Signal-Android,2017-1,2018-1,2017-1->2018-1,1,org.thoughtcrime.securesms.GroupCreateActivity,17,16,-1,373,0,10,1,0.0,0.0,0.0,0.0,60.0,0,0,0,0,4.110873864173311
Signal-Android,2017-1,2018-1,2017-1->2018-1,1,org.thoughtcrime.securesms.GroupMembersDialog,3,2,-1,76,0,2,1,0.0,0.0,0.0,0.0,4.0,0,0,0,0,1.6094379124341003
Signal-Android,2017-1,2018-1,2017-1->2018-1,1,org.thoughtcrime.securesms.ImportExportActivity,5,2,-3,68,0,5,1,0.0,0.0,0.0,0.0,11.0,0,0,0,0,2.4849066497880004
Signal-Android,2017-1,2018-1,2017-1->2018-1,1,org.thoughtcrime.securesms.IntroPagerAdapter,1,1,0,18,0,1,1,0.0,0.0,0.0,0.0,0.0,0,0,0,0,0.0
Signal-Android,2017-1,2018-1,2017-1->2018-1,1,org.thoughtcrime.securesms.InviteActivity,7,7,0,159,0,5,1,0.0,0.0,0.0,0.0,26.0,0,0,0,0,3.295836866004329
Signal-Android,2017-1,2018-1,2017-1->2018-1,1,org.thoughtcrime.securesms.LogSubmitActivity,4,4,0,43,0,4,1,0.0,0.0,0.0,0.0,7.0,0,0,0,0,2.0794415416798357
Signal-Android,2017-1,2018-1,2017-1->2018-1,1,org.thoughtcrime.securesms.MediaOverviewActivity,12,4,-8,125,0,7,1,0.0,0.0,0.0,0.0,22.0,0,0,0,0,3.1354942159291497
Signal-Android,2017-1,2018-1,2017-1->2018-1,1,org.thoughtcrime.securesms.MediaPreviewActivity,23,24,1,135,0,11,1,0.0,0.0,0.0,0.0,16.0,0,0,0,0,2.833213344056216
Signal-Android,2017-1,2018-1,2017-1->2018-1,1,org.thoughtcrime.securesms.MessageDetailsActivity,6,6,0,231,0,6,1,0.0,0.0,0.0,0.0,27.0,0,0,0,0,3.332204510175204
Signal-Android,2017-1,2018-1,2017-1->2018-1,1,org.thoughtcrime.securesms.MessageDetailsRecipientAdapter,2,3,1,33,0,2,1,0.0,0.0,0.0,0.0,6.0,0,0,0,0,1.9459101490553132
Signal-Android,2017-1,2018-1,2017-1->2018-1,1,org.thoughtcrime.securesms.MessageRecipientListItem,3,4,1,101,0,2,1,0.0,0.0,0.0,0.0,3.0,0,0,0,0,1.3862943611198906
Signal-Android,2017-1,2018-1,2017-1->2018-1,1,org.thoughtcrime.securesms.MuteDialog,0,0,0,26,0,0,1,0.0,0.0,0.0,0.0,6.0,0,0,0,0,1.9459101490553132
Signal-Android,2017-1,2018-1,2017-1->2018-1,1,org.thoughtcrime.securesms.NewConversationActivity,3,3,0,41,0,3,1,0.0,0.0,0.0,0.0,6.0,0,0,0,0,1.9459101490553132
Signal-Android,2017-1,2018-1,2017-1->2018-1,1,org.thoughtcrime.securesms.PassphraseActivity,1,1,0,29,0,1,1,0.0,0.0,0.0,0.0,3.0,0,0,0,0,1.3862943611198906
Signal-Android,2017-1,2018-1,2017-1->2018-1,1,org.thoughtcrime.securesms.PassphraseChangeActivity,11,11,0,88,0,4,1,0.0,0.0,0.0,0.0,5.0,0,0,0,0,1.791759469228055
Signal-Android,2017-1,2018-1,2017-1->2018-1,1,org.thoughtcrime.securesms.PassphraseCreateActivity,3,3,0,32,0,3,1,0.0,0.0,0.0,0.0,2.0,0,0,0,0,1.0986122886681098
Signal-Android,2017-1,2018-1,2017-1->2018-1,1,org.thoughtcrime.securesms.PassphrasePromptActivity,9,9,0,106,0,6,1,0.0,0.0,0.0,0.0,4.0,0,0,0,0,1.6094379124341003
Signal-Android,2017-1,2018-1,2017-1->2018-1,1,org.thoughtcrime.securesms.PassphraseRequiredActionBarActivity,9,9,0,136,0,6,1,0.0,0.0,0.0,0.0,3.0,0,0,0,0,1.3862943611198906
Signal-Android,2017-1,2018-1,2017-1->2018-1,1,org.thoughtcrime.securesms.PlayServicesProblemFragment,2,2,0,23,0,1,1,0.0,0.0,0.0,0.0,1.0,0,0,0,0,0.6931471805599453
Signal-Android,2017-1,2018-1,2017-1->2018-1,1,org.thoughtcrime.securesms.PromptMmsActivity,1,1,0,23,0,1,1,0.0,0.0,0.0,0.0,3.0,0,0,0,0,1.3862943611198906
Signal-Android,2017-1,2018-1,2017-1->2018-1,1,org.thoughtcrime.securesms.PushContactSelectionActivity,0,0,0,17,0,0,1,0.0,0.0,0.0,0.0,2.0,0,0,0,0,1.0986122886681098
Signal-Android,2017-1,2018-1,2017-1->2018-1,1,org.thoughtcrime.securesms.RecipientPreferenceActivity,5,5,0,321,0,5,1,0.0,0.0,0.0,0.0,35.0,0,0,0,0,3.58351893845611
Signal-Android,2017-1,2018-1,2017-1->2018-1,1,org.thoughtcrime.securesms.RegistrationActivity,10,36,26,188,0,4,1,0.0,0.0,0.0,0.0,17.0,0,0,0,0,2.8903717578961645
Signal-Android,2017-1,2018-1,2017-1->2018-1,1,org.thoughtcrime.securesms.ShareActivity,10,17,7,126,0,5,1,0.0,0.0,0.0,0.0,11.0,0,0,0,0,2.4849066497880004
Signal-Android,2017-1,2018-1,2017-1->2018-1,1,org.thoughtcrime.securesms.SmsSendtoActivity,0,0,0,57,0,0,1,0.0,0.0,0.0,0.0,9.0,0,0,0,0,2.302585092994046
Signal-Android,2017-1,2018-1,2017-1->2018-1,1,org.thoughtcrime.securesms.TextSecureTestCase,1,1,0,6,0,1,1,0.0,0.0,0.0,0.0,4.0,0,0,0,0,1.6094379124341003
Signal-Android,2017-1,2018-1,2017-1->2018-1,1,org.thoughtcrime.securesms.TransportOptions,7,7,0,103,0,4,1,0.0,0.0,0.0,0.0,7.0,0,0,0,0,2.0794415416798357
Signal-Android,2017-1,2018-1,2017-1->2018-1,1,org.thoughtcrime.securesms.TransportOptionsAdapter,2,2,0,36,0,2,1,0.0,0.0,0.0,0.0,10.0,0,0,0,0,2.3978952727983707
Signal-Android,2017-1,2018-1,2017-1->2018-1,1,org.thoughtcrime.securesms.VerifyIdentityActivity,3,1,-2,299,0,2,1,0.0,0.0,0.0,0.0,41.0,0,0,0,0,3.7376696182833684
Signal-Android,2017-1,2018-1,2017-1->2018-1,1,org.thoughtcrime.securesms.attachments.Attachment,3,5,2,42,0,3,1,1.0,0.0,0.0,0.0,0.0,1,0,0,0,0.0
Signal-Android,2017-1,2018-1,2017-1->2018-1,1,org.thoughtcrime.securesms.attachments.AttachmentServer,10,10,0,213,0,3,1,0.0,0.0,0.0,0.0,19.0,0,0,0,0,2.995732273553991
Signal-Android,2017-1,2018-1,2017-1->2018-1,1,org.thoughtcrime.securesms.attachments.DatabaseAttachment,4,4,0,44,0,4,1,0.0,0.0,1.0,0.0,0.0,0,0,1,0,0.0
Signal-Android,2017-1,2018-1,2017-1->2018-1,1,org.thoughtcrime.securesms.attachments.PointerAttachment,0,0,0,24,0,0,1,0.0,0.0,0.0,0.0,6.0,0,0,0,0,1.9459101490553132
Signal-Android,2017-1,2018-1,2017-1->2018-1,1,org.thoughtcrime.securesms.audio.AudioCodec,7,7,0,120,0,5,1,0.0,0.0,0.0,0.0,7.0,0,0,0,0,2.0794415416798357
Signal-Android,2017-1,2018-1,2017-1->2018-1,1,org.thoughtcrime.securesms.audio.AudioRecorder,1,1,0,63,0,1,1,0.0,0.0,0.0,0.0,1.0,0,0,0,0,0.6931471805599453
Signal-Android,2017-1,2018-1,2017-1->2018-1,1,org.thoughtcrime.securesms.audio.AudioSlidePlayer,21,23,2,152,0,7,1,0.0,0.0,0.0,0.0,13.0,0,0,0,0,2.6390573296152584
Signal-Android,2017-1,2018-1,2017-1->2018-1,1,org.thoughtcrime.securesms.color.MaterialColor,0,0,0,82,0,0,1,0.0,0.0,0.0,0.0,18.0,0,0,0,0,2.9444389791664403
Signal-Android,2017-1,2018-1,2017-1->2018-1,1,org.thoughtcrime.securesms.components.AlertView,3,3,0,33,0,3,1,0.0,0.0,0.0,0.0,4.0,0,0,0,0,1.6094379124341003
Signal-Android,2017-1,2018-1,2017-1->2018-1,1,org.thoughtcrime.securesms.components.AttachmentTypeSelector,3,3,0,171,0,2,1,0.0,0.0,0.0,0.0,14.0,0,0,0,0,2.70805020110221
Signal-Android,2017-1,2018-1,2017-1->2018-1,1,org.thoughtcrime.securesms.components.AudioView,24,28,4,174,0,10,1,0.0,0.0,0.0,0.0,10.0,0,0,0,0,2.3978952727983707
Signal-Android,2017-1,2018-1,2017-1->2018-1,1,org.thoughtcrime.securesms.components.AvatarImageView,0,0,0,38,0,0,1,0.0,0.0,0.0,0.0,7.0,0,0,0,0,2.0794415416798357
Signal-Android,2017-1,2018-1,2017-1->2018-1,1,org.thoughtcrime.securesms.components.BubbleDrawableBuilder,10,10,0,43,0,6,1,0.0,0.0,0.0,0.0,2.0,0,0,0,0,1.0986122886681098
Signal-Android,2017-1,2018-1,2017-1->2018-1,1,org.thoughtcrime.securesms.components.ComposeText,4,6,2,91,0,2,1,0.0,0.0,0.0,0.0,10.0,0,0,0,0,2.3978952727983707
Signal-Android,2017-1,2018-1,2017-1->2018-1,1,org.thoughtcrime.securesms.components.ContactFilterToolbar,4,4,0,88,0,3,1,0.0,0.0,0.0,0.0,5.0,0,0,0,0,1.791759469228055
Signal-Android,2017-1,2018-1,2017-1->2018-1,1,org.thoughtcrime.securesms.components.CustomDefaultPreference,7,2,-5,124,0,4,1,0.0,0.0,0.0,0.0,5.0,0,0,0,0,1.791759469228055
Signal-Android,2017-1,2018-1,2017-1->2018-1,1,org.thoughtcrime.securesms.components.ExpirationTimerView,7,7,0,45,0,5,1,0.0,0.0,0.0,0.0,1.0,0,0,0,0,0.6931471805599453
Signal-Android,2017-1,2018-1,2017-1->2018-1,1,org.thoughtcrime.securesms.components.FromTextView,0,0,0,35,0,0,1,0.0,0.0,0.0,0.0,4.0,0,0,0,0,1.6094379124341003
Signal-Android,2017-1,2018-1,2017-1->2018-1,1,org.thoughtcrime.securesms.components.ImageDivet,6,6,0,62,0,5,1,0.0,0.0,0.0,0.0,5.0,0,0,0,0,1.791759469228055
Signal-Android,2017-1,2018-1,2017-1->2018-1,1,org.thoughtcrime.securesms.components.InputAwareLayout,5,5,0,51,0,4,1,0.0,0.0,0.0,0.0,2.0,0,0,0,0,1.0986122886681098
Signal-Android,2017-1,2018-1,2017-1->2018-1,1,org.thoughtcrime.securesms.components.InputPanel,18,24,6,189,0,10,1,0.0,0.0,0.0,0.0,7.0,0,0,0,0,2.0794415416798357
Signal-Android,2017-1,2018-1,2017-1->2018-1,1,org.thoughtcrime.securesms.components.KeyboardAwareLinearLayout,34,34,0,129,0,19,1,0.0,0.0,0.0,0.0,14.0,0,0,0,0,2.70805020110221
Signal-Android,2017-1,2018-1,2017-1->2018-1,1,org.thoughtcrime.securesms.components.MicrophoneRecorderView,5,5,0,110,0,3,1,0.0,0.0,0.0,0.0,1.0,0,0,0,0,0.6931471805599453
Signal-Android,2017-1,2018-1,2017-1->2018-1,1,org.thoughtcrime.securesms.components.PushRecipientsPanel,6,6,0,75,0,4,1,0.0,0.0,0.0,0.0,7.0,0,0,0,0,2.0794415416798357
Signal-Android,2017-1,2018-1,2017-1->2018-1,1,org.thoughtcrime.securesms.components.RatingManager,0,0,0,49,0,0,1,0.0,0.0,0.0,0.0,5.0,0,0,0,0,1.791759469228055
Signal-Android,2017-1,2018-1,2017-1->2018-1,1,org.thoughtcrime.securesms.components.RecentPhotoViewRail,2,2,0,68,0,1,1,0.0,0.0,0.0,0.0,7.0,0,0,0,0,2.0794415416798357
Signal-Android,2017-1,2018-1,2017-1->2018-1,1,org.thoughtcrime.securesms.components.RecyclerViewFastScroller,14,14,0,130,0,6,1,0.0,0.0,0.0,0.0,4.0,0,0,0,0,1.6094379124341003
Signal-Android,2017-1,2018-1,2017-1->2018-1,1,org.thoughtcrime.securesms.components.RemovableEditableMediaView,1,1,0,40,0,1,1,0.0,0.0,0.0,0.0,0.0,0,0,0,0,0.0
Signal-Android,2017-1,2018-1,2017-1->2018-1,1,org.thoughtcrime.securesms.components.RepeatableImageKey,4,4,0,56,0,3,1,0.0,0.0,0.0,0.0,0.0,0,0,0,0,0.0
Signal-Android,2017-1,2018-1,2017-1->2018-1,1,org.thoughtcrime.securesms.components.SendButton,2,2,0,58,0,2,1,0.0,0.0,0.0,0.0,3.0,0,0,0,0,1.3862943611198906
Signal-Android,2017-1,2018-1,2017-1->2018-1,1,org.thoughtcrime.securesms.components.ThumbnailView,10,6,-4,118,0,6,1,0.0,0.0,0.0,0.0,17.0,0,0,0,0,2.8903717578961645
Signal-Android,2017-1,2018-1,2017-1->2018-1,1,org.thoughtcrime.securesms.components.TransferControlView,8,8,0,101,0,6,1,0.0,0.0,0.0,0.0,6.0,0,0,0,0,1.9459101490553132
Signal-Android,2017-1,2018-1,2017-1->2018-1,1,org.thoughtcrime.securesms.components.ZoomingImageView,1,1,0,61,0,1,1,0.0,0.0,0.0,0.0,0.0,0,0,0,0,0.0
Signal-Android,2017-1,2018-1,2017-1->2018-1,1,org.thoughtcrime.securesms.components.camera.CameraUtils,0,0,0,57,0,0,1,0.0,0.0,0.0,0.0,4.0,0,0,0,0,1.6094379124341003
Signal-Android,2017-1,2018-1,2017-1->2018-1,1,org.thoughtcrime.securesms.components.camera.CameraView,33,33,0,385,0,15,1,1.0,0.0,0.0,0.0,31.0,1,0,0,0,3.4657359027997265
Signal-Android,2017-1,2018-1,2017-1->2018-1,1,org.thoughtcrime.securesms.components.camera.QuickAttachmentDrawer,69,69,0,374,0,28,1,0.0,0.0,0.0,0.0,16.0,0,0,0,0,2.833213344056216
Signal-Android,2017-1,2018-1,2017-1->2018-1,1,org.thoughtcrime.securesms.components.emoji.EmojiDrawer,12,12,0,111,0,8,1,0.0,0.0,0.0,0.0,4.0,0,0,0,0,1.6094379124341003
Signal-Android,2017-1,2018-1,2017-1->2018-1,1,org.thoughtcrime.securesms.components.emoji.EmojiEditText,0,0,0,28,0,0,1,0.0,0.0,0.0,0.0,1.0,0,0,0,0,0.6931471805599453
Signal-Android,2017-1,2018-1,2017-1->2018-1,1,org.thoughtcrime.securesms.components.emoji.EmojiFilter,0,0,0,12,0,0,1,0.0,0.0,0.0,0.0,0.0,0,0,0,0,0.0
Signal-Android,2017-1,2018-1,2017-1->2018-1,1,org.thoughtcrime.securesms.components.emoji.EmojiPageView,5,5,0,57,0,2,1,0.0,0.0,0.0,0.0,3.0,0,0,0,0,1.3862943611198906
Signal-Android,2017-1,2018-1,2017-1->2018-1,1,org.thoughtcrime.securesms.components.emoji.EmojiProvider,0,0,0,93,0,0,1,0.0,0.0,0.0,0.0,0.0,0,0,0,0,0.0
Signal-Android,2017-1,2018-1,2017-1->2018-1,1,org.thoughtcrime.securesms.components.emoji.EmojiTextView,11,13,2,40,0,3,1,0.0,0.0,0.0,0.0,3.0,0,0,0,0,1.3862943611198906
Signal-Android,2017-1,2018-1,2017-1->2018-1,1,org.thoughtcrime.securesms.components.emoji.EmojiToggle,5,5,0,30,0,5,1,0.0,0.0,0.0,0.0,4.0,0,0,0,0,1.6094379124341003
Signal-Android,2017-1,2018-1,2017-1->2018-1,1,org.thoughtcrime.securesms.components.emoji.EmojiView,1,1,0,43,0,1,1,0.0,0.0,0.0,0.0,1.0,0,0,0,0,0.6931471805599453
Signal-Android,2017-1,2018-1,2017-1->2018-1,1,org.thoughtcrime.securesms.components.emoji.RecentEmojiPageModel,3,3,0,55,0,3,1,0.0,0.0,0.0,0.0,4.0,0,0,0,0,1.6094379124341003
Signal-Android,2017-1,2018-1,2017-1->2018-1,1,org.thoughtcrime.securesms.components.emoji.parsing.EmojiParser,0,0,0,40,0,0,1,0.0,0.0,0.0,0.0,2.0,0,0,0,0,1.0986122886681098
Signal-Android,2017-1,2018-1,2017-1->2018-1,1,org.thoughtcrime.securesms.components.emoji.parsing.EmojiTree,0,0,0,48,0,0,1,0.0,0.0,0.0,0.0,3.0,0,0,0,0,1.3862943611198906
Signal-Android,2017-1,2018-1,2017-1->2018-1,1,org.thoughtcrime.securesms.components.emoji.parsing.Fitzpatrick,0,0,0,22,0,0,1,0.0,0.0,0.0,0.0,3.0,0,0,0,0,1.3862943611198906
Signal-Android,2017-1,2018-1,2017-1->2018-1,1,org.thoughtcrime.securesms.components.location.SignalMapView,0,0,0,50,0,0,1,0.0,0.0,0.0,0.0,2.0,0,0,0,0,1.0986122886681098
Signal-Android,2017-1,2018-1,2017-1->2018-1,1,org.thoughtcrime.securesms.components.reminder.InviteReminder,0,0,0,13,0,0,1,0.0,0.0,0.0,0.0,1.0,0,0,0,0,0.6931471805599453
Signal-Android,2017-1,2018-1,2017-1->2018-1,1,org.thoughtcrime.securesms.components.reminder.OutdatedBuildReminder,2,2,0,22,0,1,1,0.0,0.0,0.0,0.0,1.0,0,0,0,0,0.6931471805599453
Signal-Android,2017-1,2018-1,2017-1->2018-1,1,org.thoughtcrime.securesms.components.reminder.Reminder,1,1,0,23,0,1,1,1.0,0.0,0.0,0.0,0.0,1,0,0,0,0.0
Signal-Android,2017-1,2018-1,2017-1->2018-1,1,org.thoughtcrime.securesms.components.reminder.ReminderView,4,4,0,43,0,4,1,0.0,0.0,0.0,0.0,2.0,0,0,0,0,1.0986122886681098
Signal-Android,2017-1,2018-1,2017-1->2018-1,1,org.thoughtcrime.securesms.components.reminder.ShareReminder,0,0,0,23,0,0,1,0.0,0.0,0.0,0.0,1.0,0,0,0,0,0.6931471805599453
Signal-Android,2017-1,2018-1,2017-1->2018-1,1,org.thoughtcrime.securesms.components.subsampling.AttachmentBitmapDecoder,0,0,0,18,0,0,1,0.0,0.0,0.0,0.0,0.0,0,0,0,0,0.0
Signal-Android,2017-1,2018-1,2017-1->2018-1,1,org.thoughtcrime.securesms.components.subsampling.AttachmentRegionDecoder,3,3,0,44,0,2,1,0.0,0.0,0.0,0.0,1.0,0,0,0,0,0.6931471805599453
Signal-Android,2017-1,2018-1,2017-1->2018-1,1,org.thoughtcrime.securesms.contacts.ArrayListCursor,9,9,0,94,0,9,1,0.0,0.0,0.0,0.0,7.0,0,0,0,0,2.0794415416798357
Signal-Android,2017-1,2018-1,2017-1->2018-1,1,org.thoughtcrime.securesms.contacts.ContactAccessor,1,1,0,172,0,0,1,0.0,0.0,0.0,0.0,10.0,0,0,0,0,2.3978952727983707
Signal-Android,2017-1,2018-1,2017-1->2018-1,1,org.thoughtcrime.securesms.contacts.ContactIdentityManagerGingerbread,7,7,0,71,0,3,1,0.0,0.0,0.0,0.0,3.0,0,0,0,0,1.3862943611198906
Signal-Android,2017-1,2018-1,2017-1->2018-1,1,org.thoughtcrime.securesms.contacts.ContactIdentityManagerICS,1,1,0,43,0,1,1,0.0,0.0,0.0,0.0,2.0,0,0,0,0,1.0986122886681098
Signal-Android,2017-1,2018-1,2017-1->2018-1,1,org.thoughtcrime.securesms.contacts.ContactSelectionListAdapter,3,7,4,87,0,3,1,0.0,0.0,0.0,0.0,16.0,0,0,0,0,2.833213344056216
Signal-Android,2017-1,2018-1,2017-1->2018-1,1,org.thoughtcrime.securesms.contacts.ContactsCursorLoader,0,0,0,57,0,0,1,0.0,0.0,0.0,0.0,2.0,0,0,0,0,1.0986122886681098
Signal-Android,2017-1,2018-1,2017-1->2018-1,1,org.thoughtcrime.securesms.contacts.ContactsDatabase,0,0,0,314,0,0,1,0.0,0.0,0.0,0.0,76.0,0,0,0,0,4.343805421853684
Signal-Android,2017-1,2018-1,2017-1->2018-1,1,org.thoughtcrime.securesms.contacts.RecipientsAdapter,0,0,0,72,0,0,1,0.0,0.0,0.0,0.0,7.0,0,0,0,0,2.0794415416798357
Signal-Android,2017-1,2018-1,2017-1->2018-1,1,org.thoughtcrime.securesms.contacts.RecipientsEditor,8,8,0,180,0,4,1,0.0,0.0,0.0,0.0,8.0,0,0,0,0,2.1972245773362196
Signal-Android,2017-1,2018-1,2017-1->2018-1,1,org.thoughtcrime.securesms.contacts.avatars.ContactColors,0,0,0,4,0,0,1,0.0,0.0,0.0,0.0,2.0,0,0,0,0,1.0986122886681098
Signal-Android,2017-1,2018-1,2017-1->2018-1,1,org.thoughtcrime.securesms.contacts.avatars.GeneratedContactPhoto,0,0,0,26,0,0,1,0.0,0.0,0.0,0.0,8.0,0,0,0,0,2.1972245773362196
Signal-Android,2017-1,2018-1,2017-1->2018-1,1,org.thoughtcrime.securesms.contacts.avatars.ResourceContactPhoto,1,2,1,27,0,1,1,0.0,0.0,0.0,0.0,4.0,0,0,0,0,1.6094379124341003
Signal-Android,2017-1,2018-1,2017-1->2018-1,1,org.thoughtcrime.securesms.contacts.avatars.TransparentContactPhoto,1,1,0,11,0,1,1,0.0,0.0,0.0,0.0,1.0,0,0,0,0,0.6931471805599453
Signal-Android,2017-1,2018-1,2017-1->2018-1,1,org.thoughtcrime.securesms.crypto.AsymmetricMasterCipher,6,6,0,53,0,3,1,0.0,0.0,0.0,0.0,5.0,0,0,0,0,1.791759469228055
Signal-Android,2017-1,2018-1,2017-1->2018-1,1,org.thoughtcrime.securesms.crypto.DecryptingPartInputStream,24,0,-24,131,0,7,1,0.0,0.0,0.0,0.0,3.0,0,0,0,0,1.3862943611198906
Signal-Android,2017-1,2018-1,2017-1->2018-1,1,org.thoughtcrime.securesms.crypto.EncryptingPartOutputStream,7,7,0,54,0,3,1,0.0,0.0,0.0,0.0,3.0,0,0,0,0,1.3862943611198906
Signal-Android,2017-1,2018-1,2017-1->2018-1,1,org.thoughtcrime.securesms.crypto.IdentityKeyParcelable,1,1,0,27,0,1,1,0.0,0.0,0.0,0.0,1.0,0,0,0,0,0.6931471805599453
Signal-Android,2017-1,2018-1,2017-1->2018-1,1,org.thoughtcrime.securesms.crypto.IdentityKeyUtil,0,0,0,67,0,0,1,0.0,0.0,0.0,0.0,16.0,0,0,0,0,2.833213344056216
Signal-Android,2017-1,2018-1,2017-1->2018-1,1,org.thoughtcrime.securesms.crypto.MasterCipher,4,4,0,101,0,2,1,0.0,0.0,0.0,0.0,1.0,0,0,0,0,0.6931471805599453
Signal-Android,2017-1,2018-1,2017-1->2018-1,1,org.thoughtcrime.securesms.crypto.MasterSecret,2,2,0,48,0,2,1,0.0,0.0,0.0,0.0,9.0,0,0,0,0,2.302585092994046
Signal-Android,2017-1,2018-1,2017-1->2018-1,1,org.thoughtcrime.securesms.crypto.MasterSecretUtil,5,5,0,208,0,0,1,0.0,0.0,0.0,0.0,36.0,0,0,0,0,3.6109179126442243
Signal-Android,2017-1,2018-1,2017-1->2018-1,1,org.thoughtcrime.securesms.crypto.MediaKey,0,0,0,14,0,0,1,0.0,0.0,0.0,0.0,3.0,0,0,0,0,1.3862943611198906
Signal-Android,2017-1,2018-1,2017-1->2018-1,1,org.thoughtcrime.securesms.crypto.PRNGFixes,21,21,0,145,0,1,1,0.0,0.0,0.0,0.0,14.0,0,0,0,0,2.70805020110221
Signal-Android,2017-1,2018-1,2017-1->2018-1,1,org.thoughtcrime.securesms.crypto.PreKeyUtil,0,0,0,103,0,0,1,0.0,0.0,0.0,0.0,6.0,0,0,0,0,1.9459101490553132
Signal-Android,2017-1,2018-1,2017-1->2018-1,1,org.thoughtcrime.securesms.crypto.PublicKey,10,10,0,40,0,8,1,0.0,0.0,0.0,0.0,1.0,0,0,0,0,0.6931471805599453
Signal-Android,2017-1,2018-1,2017-1->2018-1,1,org.thoughtcrime.securesms.crypto.SecurityEvent,0,0,0,6,0,0,1,0.0,0.0,0.0,0.0,0.0,0,0,0,0,0.0
Signal-Android,2017-1,2018-1,2017-1->2018-1,1,org.thoughtcrime.securesms.crypto.SessionUtil,0,0,0,7,0,0,1,0.0,0.0,0.0,0.0,0.0,0,0,0,0,0.0
Signal-Android,2017-1,2018-1,2017-1->2018-1,1,org.thoughtcrime.securesms.crypto.storage.SignalProtocolStoreImpl,5,5,0,67,0,5,1,0.0,0.0,0.0,0.0,0.0,0,0,0,0,0.0
Signal-Android,2017-1,2018-1,2017-1->2018-1,1,org.thoughtcrime.securesms.crypto.storage.TextSecureIdentityKeyStore,1,1,0,29,0,1,1,0.0,0.0,0.0,0.0,6.0,0,0,0,0,1.9459101490553132
Signal-Android,2017-1,2018-1,2017-1->2018-1,1,org.thoughtcrime.securesms.crypto.storage.TextSecurePreKeyStore,9,9,0,140,0,5,1,0.0,0.0,0.0,0.0,10.0,0,0,0,0,2.3978952727983707
Signal-Android,2017-1,2018-1,2017-1->2018-1,1,org.thoughtcrime.securesms.crypto.storage.TextSecureSessionStore,4,8,4,131,0,1,1,0.0,0.0,0.0,0.0,13.0,0,0,0,0,2.6390573296152584
Signal-Android,2017-1,2018-1,2017-1->2018-1,1,org.thoughtcrime.securesms.database.ApnDatabase,0,0,0,98,0,0,1,0.0,0.0,0.0,0.0,2.0,0,0,0,0,1.0986122886681098
Signal-Android,2017-1,2018-1,2017-1->2018-1,1,org.thoughtcrime.securesms.database.AttachmentDatabase,8,8,0,342,0,2,1,0.0,0.0,0.0,0.0,38.0,0,0,0,0,3.6635616461296463
Signal-Android,2017-1,2018-1,2017-1->2018-1,1,org.thoughtcrime.securesms.database.Database,2,2,0,22,0,2,1,0.0,0.0,0.0,0.0,2.0,0,0,0,0,1.0986122886681098
Signal-Android,2017-1,2018-1,2017-1->2018-1,1,org.thoughtcrime.securesms.database.DatabaseFactory,0,0,0,550,0,0,1,0.0,2.0,0.0,0.0,59.0,0,1,0,0,4.0943445622221
Signal-Android,2017-1,2018-1,2017-1->2018-1,1,org.thoughtcrime.securesms.database.DraftDatabase,2,2,0,97,0,2,1,1.0,0.0,0.0,0.0,3.0,1,0,0,0,1.3862943611198906
Signal-Android,2017-1,2018-1,2017-1->2018-1,1,org.thoughtcrime.securesms.database.EncryptingSmsDatabase,0,0,0,113,0,0,1,0.0,0.0,0.0,0.0,17.0,0,0,0,0,2.8903717578961645
Signal-Android,2017-1,2018-1,2017-1->2018-1,1,org.thoughtcrime.securesms.database.GroupDatabase,10,3,-7,214,0,8,1,1.0,0.0,0.0,0.0,6.0,1,0,0,0,1.9459101490553132
Signal-Android,2017-1,2018-1,2017-1->2018-1,1,org.thoughtcrime.securesms.database.IdentityDatabase,1,0,-1,81,0,1,1,0.0,0.0,0.0,0.0,5.0,0,0,0,0,1.791759469228055
Signal-Android,2017-1,2018-1,2017-1->2018-1,1,org.thoughtcrime.securesms.database.MessagingDatabase,0,3,3,131,0,0,1,1.0,0.0,0.0,0.0,8.0,1,0,0,0,2.1972245773362196
Signal-Android,2017-1,2018-1,2017-1->2018-1,1,org.thoughtcrime.securesms.database.MmsDatabase,34,34,0,783,0,22,1,0.0,0.0,0.0,0.0,93.0,0,0,0,0,4.543294782270004
Signal-Android,2017-1,2018-1,2017-1->2018-1,1,org.thoughtcrime.securesms.database.MmsSmsColumns,0,0,0,148,0,0,1,0.0,0.0,0.0,0.0,0.0,0,0,0,0,0.0
Signal-Android,2017-1,2018-1,2017-1->2018-1,1,org.thoughtcrime.securesms.database.MmsSmsDatabase,4,4,0,231,0,2,1,0.0,1.0,0.0,0.0,12.0,0,1,0,0,2.5649493574615367
Signal-Android,2017-1,2018-1,2017-1->2018-1,1,org.thoughtcrime.securesms.database.PlaintextBackupExporter,2,0,-2,34,0,0,1,0.0,0.0,0.0,0.0,8.0,0,0,0,0,2.1972245773362196
Signal-Android,2017-1,2018-1,2017-1->2018-1,1,org.thoughtcrime.securesms.database.PlaintextBackupImporter,4,1,-3,76,0,0,1,0.0,0.0,0.0,0.0,22.0,0,0,0,0,3.1354942159291497
Signal-Android,2017-1,2018-1,2017-1->2018-1,1,org.thoughtcrime.securesms.database.PushDatabase,1,1,0,97,0,1,1,0.0,0.0,0.0,0.0,3.0,0,0,0,0,1.3862943611198906
Signal-Android,2017-1,2018-1,2017-1->2018-1,1,org.thoughtcrime.securesms.database.SmsDatabase,38,39,1,504,0,27,1,0.0,0.0,0.0,0.0,54.0,0,0,0,0,4.007333185232471
Signal-Android,2017-1,2018-1,2017-1->2018-1,1,org.thoughtcrime.securesms.database.SmsMigrator,0,0,0,157,0,0,1,0.0,0.0,0.0,0.0,11.0,0,0,0,0,2.4849066497880004
Signal-Android,2017-1,2018-1,2017-1->2018-1,1,org.thoughtcrime.securesms.database.ThreadDatabase,29,35,6,382,0,14,1,0.0,0.0,1.0,0.0,35.0,0,0,1,0,3.58351893845611
Signal-Android,2017-1,2018-1,2017-1->2018-1,1,org.thoughtcrime.securesms.database.XmlBackup,15,17,2,139,0,1,1,1.0,0.0,0.0,0.0,17.0,1,0,0,0,2.8903717578961645
Signal-Android,2017-1,2018-1,2017-1->2018-1,1,org.thoughtcrime.securesms.database.documents.IdentityKeyMismatch,3,2,-1,39,0,3,1,0.0,0.0,0.0,0.0,1.0,0,0,0,0,0.6931471805599453
Signal-Android,2017-1,2018-1,2017-1->2018-1,1,org.thoughtcrime.securesms.database.documents.IdentityKeyMismatchList,3,3,0,14,0,2,1,0.0,0.0,0.0,0.0,0.0,0,0,0,0,0.0
Signal-Android,2017-1,2018-1,2017-1->2018-1,1,org.thoughtcrime.securesms.database.documents.NetworkFailure,4,2,-2,16,0,4,1,0.0,0.0,0.0,0.0,0.0,0,0,0,0,0.0
Signal-Android,2017-1,2018-1,2017-1->2018-1,1,org.thoughtcrime.securesms.database.documents.NetworkFailureList,3,3,0,15,0,2,1,0.0,0.0,0.0,0.0,0.0,0,0,0,0,0.0
Signal-Android,2017-1,2018-1,2017-1->2018-1,1,org.thoughtcrime.securesms.database.loaders.BlockedContactsLoader,0,0,0,7,0,0,1,0.0,0.0,0.0,0.0,1.0,0,0,0,0,0.6931471805599453
Signal-Android,2017-1,2018-1,2017-1->2018-1,1,org.thoughtcrime.securesms.database.loaders.ConversationListLoader,0,0,0,34,0,0,1,0.0,0.0,0.0,0.0,6.0,0,0,0,0,1.9459101490553132
Signal-Android,2017-1,2018-1,2017-1->2018-1,1,org.thoughtcrime.securesms.database.loaders.ConversationLoader,1,3,2,12,0,1,1,0.0,0.0,0.0,0.0,1.0,0,0,0,0,0.6931471805599453
Signal-Android,2017-1,2018-1,2017-1->2018-1,1,org.thoughtcrime.securesms.database.loaders.CountryListLoader,0,0,0,18,0,0,1,0.0,0.0,0.0,0.0,4.0,0,0,0,0,1.6094379124341003
Signal-Android,2017-1,2018-1,2017-1->2018-1,1,org.thoughtcrime.securesms.database.loaders.DeviceListLoader,0,0,0,25,0,0,1,0.0,0.0,0.0,0.0,2.0,0,0,0,0,1.0986122886681098
Signal-Android,2017-1,2018-1,2017-1->2018-1,1,org.thoughtcrime.securesms.database.loaders.MessageDetailsLoader,0,0,0,16,0,0,1,0.0,0.0,0.0,0.0,2.0,0,0,0,0,1.0986122886681098
Signal-Android,2017-1,2018-1,2017-1->2018-1,1,org.thoughtcrime.securesms.database.loaders.RecentPhotosLoader,0,0,0,18,0,0,1,0.0,0.0,0.0,1.0,1.0,0,0,0,1,0.6931471805599453
Signal-Android,2017-1,2018-1,2017-1->2018-1,1,org.thoughtcrime.securesms.database.model.DisplayRecord,22,25,3,82,0,22,1,0.0,0.0,0.0,0.0,15.0,0,0,0,0,2.772588722239781
Signal-Android,2017-1,2018-1,2017-1->2018-1,1,org.thoughtcrime.securesms.database.model.MediaMmsMessageRecord,8,2,-6,53,0,5,1,0.0,0.0,1.0,0.0,6.0,0,0,1,0,1.9459101490553132
Signal-Android,2017-1,2018-1,2017-1->2018-1,1,org.thoughtcrime.securesms.database.model.MessageRecord,26,27,1,118,0,24,1,0.0,0.0,1.0,0.0,26.0,0,0,1,0,3.295836866004329
Signal-Android,2017-1,2018-1,2017-1->2018-1,1,org.thoughtcrime.securesms.database.model.NotificationMmsMessageRecord,12,10,-2,55,0,12,1,0.0,0.0,1.0,0.0,1.0,0,0,1,0,0.6931471805599453
Signal-Android,2017-1,2018-1,2017-1->2018-1,1,org.thoughtcrime.securesms.database.model.SmsMessageRecord,3,3,0,56,0,3,1,0.0,0.0,1.0,0.0,7.0,0,0,1,0,2.0794415416798357
Signal-Android,2017-1,2018-1,2017-1->2018-1,1,org.thoughtcrime.securesms.database.model.ThreadRecord,6,7,1,82,0,6,1,1.0,0.0,1.0,0.0,23.0,1,0,1,0,3.1780538303479458
Signal-Android,2017-1,2018-1,2017-1->2018-1,1,org.thoughtcrime.securesms.dependencies.SignalCommunicationModule,1,0,-1,62,0,1,1,0.0,0.0,0.0,0.0,0.0,0,0,0,0,0.0
Signal-Android,2017-1,2018-1,2017-1->2018-1,1,org.thoughtcrime.securesms.gcm.GcmBroadcastReceiver,0,0,0,50,0,0,1,0.0,0.0,0.0,0.0,8.0,0,0,0,0,2.1972245773362196
Signal-Android,2017-1,2018-1,2017-1->2018-1,1,org.thoughtcrime.securesms.giph.net.GiphyLoader,0,0,0,30,0,0,1,0.0,0.0,0.0,1.0,5.0,0,0,0,1,1.791759469228055
Signal-Android,2017-1,2018-1,2017-1->2018-1,1,org.thoughtcrime.securesms.giph.net.GiphyProxySelector,3,3,0,34,0,2,1,0.0,0.0,0.0,0.0,3.0,0,0,0,0,1.3862943611198906
Signal-Android,2017-1,2018-1,2017-1->2018-1,1,org.thoughtcrime.securesms.giph.ui.GiphyActivity,4,4,0,92,0,4,1,0.0,0.0,0.0,0.0,9.0,0,0,0,0,2.302585092994046
Signal-Android,2017-1,2018-1,2017-1->2018-1,1,org.thoughtcrime.securesms.giph.ui.GiphyActivityToolbar,6,6,0,104,0,5,1,0.0,0.0,0.0,0.0,5.0,0,0,0,0,1.791759469228055
Signal-Android,2017-1,2018-1,2017-1->2018-1,1,org.thoughtcrime.securesms.giph.ui.GiphyAdapter,5,5,0,94,0,4,1,0.0,0.0,0.0,0.0,13.0,0,0,0,0,2.6390573296152584
Signal-Android,2017-1,2018-1,2017-1->2018-1,1,org.thoughtcrime.securesms.giph.ui.GiphyFragment,2,2,0,61,0,1,1,0.0,0.0,0.0,0.0,2.0,0,0,0,0,1.0986122886681098
Signal-Android,2017-1,2018-1,2017-1->2018-1,1,org.thoughtcrime.securesms.giph.util.InfiniteScrollListener,1,1,0,24,0,1,1,0.0,0.0,0.0,1.0,2.0,0,0,0,1,1.0986122886681098
Signal-Android,2017-1,2018-1,2017-1->2018-1,1,org.thoughtcrime.securesms.giph.util.RecyclerViewPositionHelper,10,10,0,48,0,5,1,0.0,0.0,0.0,0.0,2.0,0,0,0,0,1.0986122886681098
Signal-Android,2017-1,2018-1,2017-1->2018-1,1,org.thoughtcrime.securesms.glide.OkHttpStreamFetcher,6,5,-1,38,0,2,1,0.0,0.0,0.0,0.0,4.0,0,0,0,0,1.6094379124341003
Signal-Android,2017-1,2018-1,2017-1->2018-1,1,org.thoughtcrime.securesms.groups.GroupManager,0,0,0,67,0,0,1,0.0,0.0,0.0,0.0,3.0,0,0,0,0,1.3862943611198906
Signal-Android,2017-1,2018-1,2017-1->2018-1,1,org.thoughtcrime.securesms.groups.GroupMessageProcessor,0,0,0,137,0,0,1,0.0,0.0,0.0,0.0,44.0,0,0,0,0,3.8066624897703196
Signal-Android,2017-1,2018-1,2017-1->2018-1,1,org.thoughtcrime.securesms.jobs.AttachmentDownloadJob,2,2,0,96,0,2,1,0.0,0.0,0.0,0.0,2.0,0,0,0,0,1.0986122886681098
Signal-Android,2017-1,2018-1,2017-1->2018-1,1,org.thoughtcrime.securesms.jobs.AvatarDownloadJob,2,2,0,45,0,2,1,0.0,0.0,0.0,0.0,1.0,0,0,0,0,0.6931471805599453
Signal-Android,2017-1,2018-1,2017-1->2018-1,1,org.thoughtcrime.securesms.jobs.CleanPreKeysJob,2,2,0,56,0,2,1,0.0,0.0,0.0,0.0,3.0,0,0,0,0,1.3862943611198906
Signal-Android,2017-1,2018-1,2017-1->2018-1,1,org.thoughtcrime.securesms.jobs.CreateSignedPreKeyJob,2,2,0,31,0,2,1,0.0,0.0,0.0,0.0,0.0,0,0,0,0,0.0
Signal-Android,2017-1,2018-1,2017-1->2018-1,1,org.thoughtcrime.securesms.jobs.DirectoryRefreshJob,5,5,0,36,0,3,1,0.0,0.0,0.0,0.0,1.0,0,0,0,0,0.6931471805599453
Signal-Android,2017-1,2018-1,2017-1->2018-1,1,org.thoughtcrime.securesms.jobs.GcmRefreshJob,7,6,-1,47,0,4,1,0.0,0.0,0.0,0.0,1.0,0,0,0,0,0.6931471805599453
Signal-Android,2017-1,2018-1,2017-1->2018-1,1,org.thoughtcrime.securesms.jobs.MasterSecretDecryptJob,2,2,0,46,0,2,1,0.0,0.0,0.0,0.0,6.0,0,0,0,0,1.9459101490553132
Signal-Android,2017-1,2018-1,2017-1->2018-1,1,org.thoughtcrime.securesms.jobs.MasterSecretJob,1,1,0,18,0,1,1,0.0,0.0,0.0,0.0,0.0,0,0,0,0,0.0
Signal-Android,2017-1,2018-1,2017-1->2018-1,1,org.thoughtcrime.securesms.jobs.MmsDownloadJob,5,5,0,117,0,2,1,0.0,0.0,0.0,0.0,19.0,0,0,0,0,2.995732273553991
Signal-Android,2017-1,2018-1,2017-1->2018-1,1,org.thoughtcrime.securesms.jobs.MmsReceiveJob,8,8,0,48,0,3,1,0.0,0.0,0.0,0.0,2.0,0,0,0,0,1.0986122886681098
Signal-Android,2017-1,2018-1,2017-1->2018-1,1,org.thoughtcrime.securesms.jobs.MmsSendJob,2,2,0,117,0,2,1,0.0,0.0,0.0,0.0,6.0,0,0,0,0,1.9459101490553132
Signal-Android,2017-1,2018-1,2017-1->2018-1,1,org.thoughtcrime.securesms.jobs.MultiDeviceBlockedUpdateJob,2,2,0,31,0,2,1,0.0,0.0,0.0,0.0,2.0,0,0,0,0,1.0986122886681098
Signal-Android,2017-1,2018-1,2017-1->2018-1,1,org.thoughtcrime.securesms.jobs.MultiDeviceContactUpdateJob,7,8,1,124,0,4,1,0.0,0.0,0.0,0.0,9.0,0,0,0,0,2.302585092994046
Signal-Android,2017-1,2018-1,2017-1->2018-1,1,org.thoughtcrime.securesms.jobs.MultiDeviceGroupUpdateJob,2,2,0,61,0,2,1,0.0,0.0,0.0,0.0,2.0,0,0,0,0,1.0986122886681098
Signal-Android,2017-1,2018-1,2017-1->2018-1,1,org.thoughtcrime.securesms.jobs.PushDecryptJob,6,6,0,386,0,3,1,0.0,0.0,0.0,0.0,104.0,0,0,0,0,4.653960350157523
Signal-Android,2017-1,2018-1,2017-1->2018-1,1,org.thoughtcrime.securesms.jobs.PushGroupSendJob,2,2,0,94,0,2,1,0.0,0.0,0.0,0.0,13.0,0,0,0,0,2.6390573296152584
Signal-Android,2017-1,2018-1,2017-1->2018-1,1,org.thoughtcrime.securesms.jobs.PushGroupUpdateJob,5,6,1,48,0,3,1,0.0,0.0,0.0,0.0,4.0,0,0,0,0,1.6094379124341003
Signal-Android,2017-1,2018-1,2017-1->2018-1,1,org.thoughtcrime.securesms.jobs.PushMediaSendJob,2,2,0,73,0,2,1,0.0,0.0,0.0,0.0,8.0,0,0,0,0,2.1972245773362196
Signal-Android,2017-1,2018-1,2017-1->2018-1,1,org.thoughtcrime.securesms.jobs.PushReceivedJob,0,0,0,41,0,0,1,0.0,0.0,0.0,0.0,4.0,0,0,0,0,1.6094379124341003
Signal-Android,2017-1,2018-1,2017-1->2018-1,1,org.thoughtcrime.securesms.jobs.PushSendJob,0,0,0,43,0,0,1,0.0,0.0,0.0,0.0,3.0,0,0,0,0,1.3862943611198906
Signal-Android,2017-1,2018-1,2017-1->2018-1,1,org.thoughtcrime.securesms.jobs.PushTextSendJob,4,4,0,63,0,2,1,0.0,0.0,0.0,0.0,7.0,0,0,0,0,2.0794415416798357
Signal-Android,2017-1,2018-1,2017-1->2018-1,1,org.thoughtcrime.securesms.jobs.RefreshPreKeysJob,2,2,0,37,0,2,1,0.0,0.0,0.0,0.0,1.0,0,0,0,0,0.6931471805599453
Signal-Android,2017-1,2018-1,2017-1->2018-1,1,org.thoughtcrime.securesms.jobs.SendJob,0,0,0,34,0,0,1,0.0,0.0,0.0,0.0,0.0,0,0,0,0,0.0
Signal-Android,2017-1,2018-1,2017-1->2018-1,1,org.thoughtcrime.securesms.jobs.SmsReceiveJob,7,8,1,55,0,3,1,0.0,0.0,0.0,0.0,3.0,0,0,0,0,1.3862943611198906
Signal-Android,2017-1,2018-1,2017-1->2018-1,1,org.thoughtcrime.securesms.jobs.SmsSendJob,2,2,0,105,0,2,1,0.0,0.0,0.0,0.0,9.0,0,0,0,0,2.302585092994046
Signal-Android,2017-1,2018-1,2017-1->2018-1,1,org.thoughtcrime.securesms.jobs.SmsSentJob,3,3,0,52,0,3,1,0.0,0.0,0.0,0.0,5.0,0,0,0,0,1.791759469228055
Signal-Android,2017-1,2018-1,2017-1->2018-1,1,org.thoughtcrime.securesms.jobs.TrimThreadJob,4,4,0,23,0,3,1,0.0,0.0,0.0,0.0,1.0,0,0,0,0,0.6931471805599453
Signal-Android,2017-1,2018-1,2017-1->2018-1,1,org.thoughtcrime.securesms.jobs.persistence.EncryptingJobSerializer,1,1,0,27,0,1,1,0.0,0.0,0.0,0.0,1.0,0,0,0,0,0.6931471805599453
Signal-Android,2017-1,2018-1,2017-1->2018-1,1,org.thoughtcrime.securesms.jobs.requirements.MasterSecretRequirementProvider,0,0,0,15,0,0,1,0.0,0.0,0.0,0.0,0.0,0,0,0,0,0.0
Signal-Android,2017-1,2018-1,2017-1->2018-1,1,org.thoughtcrime.securesms.mms.AttachmentManager,4,5,1,223,0,3,1,0.0,0.0,0.0,0.0,8.0,0,0,0,0,2.1972245773362196
Signal-Android,2017-1,2018-1,2017-1->2018-1,1,org.thoughtcrime.securesms.mms.AttachmentStreamLocalUriFetcher,4,4,0,20,0,2,1,0.0,0.0,0.0,0.0,0.0,0,0,0,0,0.0
Signal-Android,2017-1,2018-1,2017-1->2018-1,1,org.thoughtcrime.securesms.mms.AttachmentStreamUriLoader,0,1,1,28,0,0,1,0.0,0.0,0.0,0.0,0.0,0,0,0,0,0.0
Signal-Android,2017-1,2018-1,2017-1->2018-1,1,org.thoughtcrime.securesms.mms.CompatMmsConnection,0,0,0,40,0,0,1,0.0,0.0,0.0,0.0,0.0,0,0,0,0,0.0
Signal-Android,2017-1,2018-1,2017-1->2018-1,1,org.thoughtcrime.securesms.mms.ContactPhotoLocalUriFetcher,0,0,0,11,0,0,1,0.0,0.0,0.0,0.0,2.0,0,0,0,0,1.0986122886681098
Signal-Android,2017-1,2018-1,2017-1->2018-1,1,org.thoughtcrime.securesms.mms.DecryptableStreamLocalUriFetcher,0,0,0,15,0,0,1,0.0,0.0,0.0,0.0,0.0,0,0,0,0,0.0
Signal-Android,2017-1,2018-1,2017-1->2018-1,1,org.thoughtcrime.securesms.mms.IncomingLegacyMmsConnection,2,2,0,68,0,1,1,0.0,0.0,0.0,0.0,4.0,0,0,0,0,1.6094379124341003
Signal-Android,2017-1,2018-1,2017-1->2018-1,1,org.thoughtcrime.securesms.mms.IncomingLollipopMmsConnection,0,0,0,41,0,0,1,0.0,0.0,0.0,0.0,5.0,0,0,0,0,1.791759469228055
Signal-Android,2017-1,2018-1,2017-1->2018-1,1,org.thoughtcrime.securesms.mms.IncomingMediaMessage,6,6,0,69,0,6,1,1.0,0.0,1.0,0.0,0.0,1,0,1,0,0.0
Signal-Android,2017-1,2018-1,2017-1->2018-1,1,org.thoughtcrime.securesms.mms.LegacyMmsConnection,1,1,0,162,0,1,1,1.0,0.0,0.0,1.0,17.0,1,0,0,1,2.8903717578961645
Signal-Android,2017-1,2018-1,2017-1->2018-1,1,org.thoughtcrime.securesms.mms.LollipopMmsConnection,5,5,0,34,0,3,1,0.0,0.0,0.0,0.0,2.0,0,0,0,0,1.0986122886681098
Signal-Android,2017-1,2018-1,2017-1->2018-1,1,org.thoughtcrime.securesms.mms.MediaConstraints,4,2,-2,41,0,4,1,0.0,0.0,0.0,2.0,0.0,0,0,0,1,0.0
Signal-Android,2017-1,2018-1,2017-1->2018-1,1,org.thoughtcrime.securesms.mms.MmsRadio,18,24,6,78,0,6,1,0.0,0.0,0.0,0.0,4.0,0,0,0,0,1.6094379124341003
Signal-Android,2017-1,2018-1,2017-1->2018-1,1,org.thoughtcrime.securesms.mms.OutgoingGroupMediaMessage,3,3,0,30,0,3,1,0.0,0.0,0.0,0.0,2.0,0,0,0,0,1.0986122886681098
Signal-Android,2017-1,2018-1,2017-1->2018-1,1,org.thoughtcrime.securesms.mms.OutgoingLegacyMmsConnection,8,8,0,80,0,2,1,0.0,0.0,0.0,0.0,6.0,0,0,0,0,1.9459101490553132
Signal-Android,2017-1,2018-1,2017-1->2018-1,1,org.thoughtcrime.securesms.mms.OutgoingLollipopMmsConnection,0,0,0,40,0,0,1,0.0,0.0,0.0,0.0,4.0,0,0,0,0,1.6094379124341003
Signal-Android,2017-1,2018-1,2017-1->2018-1,1,org.thoughtcrime.securesms.mms.OutgoingMediaMessage,8,8,0,60,0,8,1,1.0,0.0,0.0,0.0,0.0,1,0,0,0,0.0
Signal-Android,2017-1,2018-1,2017-1->2018-1,1,org.thoughtcrime.securesms.mms.PartAuthority,0,0,0,53,0,0,1,0.0,0.0,0.0,0.0,5.0,0,0,0,0,1.791759469228055
Signal-Android,2017-1,2018-1,2017-1->2018-1,1,org.thoughtcrime.securesms.mms.PartParser,0,0,0,41,0,0,1,0.0,0.0,0.0,0.0,5.0,0,0,0,0,1.791759469228055
Signal-Android,2017-1,2018-1,2017-1->2018-1,1,org.thoughtcrime.securesms.mms.PartUriParser,2,2,0,10,0,2,1,0.0,0.0,0.0,0.0,1.0,0,0,0,0,0.6931471805599453
Signal-Android,2017-1,2018-1,2017-1->2018-1,1,org.thoughtcrime.securesms.mms.Slide,10,12,2,63,0,10,1,0.0,0.0,0.0,0.0,8.0,0,0,0,0,2.1972245773362196
Signal-Android,2017-1,2018-1,2017-1->2018-1,1,org.thoughtcrime.securesms.mms.SlideDeck,7,8,1,45,0,3,1,0.0,0.0,0.0,0.0,2.0,0,0,0,0,1.0986122886681098
Signal-Android,2017-1,2018-1,2017-1->2018-1,1,org.thoughtcrime.securesms.mms.TextTransport,2,2,0,5,0,2,1,0.0,0.0,0.0,0.0,1.0,0,0,0,0,0.6931471805599453
Signal-Android,2017-1,2018-1,2017-1->2018-1,1,org.thoughtcrime.securesms.notifications.AbstractNotificationBuilder,2,2,0,42,0,1,1,0.0,0.0,0.0,0.0,2.0,0,0,0,0,1.0986122886681098
Signal-Android,2017-1,2018-1,2017-1->2018-1,1,org.thoughtcrime.securesms.notifications.AndroidAutoHeardReceiver,0,0,0,26,0,0,1,0.0,0.0,0.0,0.0,2.0,0,0,0,0,1.0986122886681098
Signal-Android,2017-1,2018-1,2017-1->2018-1,1,org.thoughtcrime.securesms.notifications.AndroidAutoReplyReceiver,0,0,0,42,0,0,1,0.0,0.0,0.0,0.0,5.0,0,0,0,0,1.791759469228055
Signal-Android,2017-1,2018-1,2017-1->2018-1,1,org.thoughtcrime.securesms.notifications.MarkReadReceiver,0,0,0,39,0,0,1,0.0,0.0,0.0,0.0,6.0,0,0,0,0,1.9459101490553132
Signal-Android,2017-1,2018-1,2017-1->2018-1,1,org.thoughtcrime.securesms.notifications.MessageNotifier,3,3,0,337,0,0,1,0.0,0.0,0.0,0.0,73.0,0,0,0,0,4.30406509320417
Signal-Android,2017-1,2018-1,2017-1->2018-1,1,org.thoughtcrime.securesms.notifications.MultipleRecipientNotificationBuilder,1,1,0,42,0,1,1,0.0,0.0,0.0,0.0,1.0,0,0,0,0,0.6931471805599453
Signal-Android,2017-1,2018-1,2017-1->2018-1,1,org.thoughtcrime.securesms.notifications.NotificationItem,2,4,2,41,0,2,1,1.0,0.0,0.0,0.0,3.0,1,0,0,0,1.3862943611198906
Signal-Android,2017-1,2018-1,2017-1->2018-1,1,org.thoughtcrime.securesms.notifications.NotificationState,4,4,0,90,0,4,1,0.0,0.0,0.0,0.0,4.0,0,0,0,0,1.6094379124341003
Signal-Android,2017-1,2018-1,2017-1->2018-1,1,org.thoughtcrime.securesms.notifications.RemoteReplyReceiver,0,0,0,32,0,0,1,0.0,0.0,0.0,0.0,6.0,0,0,0,0,1.9459101490553132
Signal-Android,2017-1,2018-1,2017-1->2018-1,1,org.thoughtcrime.securesms.notifications.SingleRecipientNotificationBuilder,1,1,0,144,0,1,1,0.0,0.0,0.0,0.0,14.0,0,0,0,0,2.70805020110221
Signal-Android,2017-1,2018-1,2017-1->2018-1,1,org.thoughtcrime.securesms.preferences.AdvancedPreferenceFragment,6,6,0,139,0,3,1,0.0,0.0,0.0,0.0,8.0,0,0,0,0,2.1972245773362196
Signal-Android,2017-1,2018-1,2017-1->2018-1,1,org.thoughtcrime.securesms.preferences.AppProtectionPreferenceFragment,5,5,0,109,0,3,1,0.0,0.0,0.0,0.0,9.0,0,0,0,0,2.302585092994046
Signal-Android,2017-1,2018-1,2017-1->2018-1,1,org.thoughtcrime.securesms.preferences.AppearancePreferenceFragment,3,3,0,33,0,3,1,0.0,0.0,0.0,0.0,6.0,0,0,0,0,1.9459101490553132
Signal-Android,2017-1,2018-1,2017-1->2018-1,1,org.thoughtcrime.securesms.preferences.ChatsPreferenceFragment,2,2,0,79,0,2,1,0.0,0.0,0.0,0.0,8.0,0,0,0,0,2.1972245773362196
Signal-Android,2017-1,2018-1,2017-1->2018-1,1,org.thoughtcrime.securesms.preferences.ListSummaryPreferenceFragment,0,0,0,12,0,0,1,0.0,0.0,0.0,0.0,6.0,0,0,0,0,1.9459101490553132
Signal-Android,2017-1,2018-1,2017-1->2018-1,1,org.thoughtcrime.securesms.preferences.MmsPreferencesActivity,3,3,0,30,0,3,1,0.0,0.0,0.0,0.0,3.0,0,0,0,0,1.3862943611198906
Signal-Android,2017-1,2018-1,2017-1->2018-1,1,org.thoughtcrime.securesms.preferences.MmsPreferencesFragment,1,1,0,41,0,1,1,0.0,0.0,0.0,0.0,1.0,0,0,0,0,0.6931471805599453
Signal-Android,2017-1,2018-1,2017-1->2018-1,1,org.thoughtcrime.securesms.preferences.NotificationsPreferenceFragment,1,1,0,56,0,1,1,0.0,0.0,0.0,0.0,4.0,0,0,0,0,1.6094379124341003
Signal-Android,2017-1,2018-1,2017-1->2018-1,1,org.thoughtcrime.securesms.preferences.SmsMmsPreferenceFragment,9,11,2,64,0,2,1,0.0,0.0,0.0,0.0,6.0,0,0,0,0,1.9459101490553132
Signal-Android,2017-1,2018-1,2017-1->2018-1,1,org.thoughtcrime.securesms.providers.MmsBodyProvider,1,1,0,66,0,1,1,0.0,0.0,0.0,0.0,7.0,0,0,0,0,2.0794415416798357
Signal-Android,2017-1,2018-1,2017-1->2018-1,1,org.thoughtcrime.securesms.providers.PartProvider,1,1,0,64,0,1,1,0.0,0.0,0.0,0.0,3.0,0,0,0,0,1.3862943611198906
Signal-Android,2017-1,2018-1,2017-1->2018-1,1,org.thoughtcrime.securesms.providers.PersistentBlobProvider,0,0,0,95,0,0,1,0.0,0.0,0.0,0.0,9.0,0,0,0,0,2.302585092994046
Signal-Android,2017-1,2018-1,2017-1->2018-1,1,org.thoughtcrime.securesms.providers.SingleUseBlobProvider,2,2,0,23,0,1,1,0.0,0.0,0.0,0.0,1.0,0,0,0,0,0.6931471805599453
Signal-Android,2017-1,2018-1,2017-1->2018-1,1,org.thoughtcrime.securesms.push.AccountManagerFactory,0,0,0,9,0,0,1,0.0,0.0,0.0,0.0,0.0,0,0,0,0,0.0
Signal-Android,2017-1,2018-1,2017-1->2018-1,1,org.thoughtcrime.securesms.push.GoogleFrontingTrustStore,0,0,0,10,0,0,1,0.0,0.0,0.0,0.0,1.0,0,0,0,0,0.6931471805599453
Signal-Android,2017-1,2018-1,2017-1->2018-1,1,org.thoughtcrime.securesms.push.SignalServiceTrustStore,0,0,0,10,0,0,1,0.0,0.0,0.0,0.0,1.0,0,0,0,0,0.6931471805599453
Signal-Android,2017-1,2018-1,2017-1->2018-1,1,org.thoughtcrime.securesms.qr.QrCode,0,0,0,14,0,0,1,0.0,0.0,0.0,0.0,1.0,0,0,0,0,0.6931471805599453
Signal-Android,2017-1,2018-1,2017-1->2018-1,1,org.thoughtcrime.securesms.qr.ScanningThread,8,8,0,59,0,2,1,0.0,0.0,0.0,0.0,6.0,0,0,0,0,1.9459101490553132
Signal-Android,2017-1,2018-1,2017-1->2018-1,1,org.thoughtcrime.securesms.recipients.Recipient,10,23,13,95,0,8,1,0.0,0.0,0.0,0.0,0.0,0,0,0,0,0.0
Signal-Android,2017-1,2018-1,2017-1->2018-1,1,org.thoughtcrime.securesms.recipients.RecipientProvider,1,0,-1,140,0,1,1,1.0,0.0,0.0,0.0,8.0,1,0,0,0,2.1972245773362196
Signal-Android,2017-1,2018-1,2017-1->2018-1,1,org.thoughtcrime.securesms.recipients.RecipientsFormatter,0,0,0,28,0,0,1,0.0,0.0,0.0,0.0,3.0,0,0,0,0,1.3862943611198906
Signal-Android,2017-1,2018-1,2017-1->2018-1,1,org.thoughtcrime.securesms.scribbles.ScribbleActivity,16,16,0,160,0,10,1,0.0,0.0,0.0,0.0,9.0,0,0,0,0,2.302585092994046
Signal-Android,2017-1,2018-1,2017-1->2018-1,1,org.thoughtcrime.securesms.scribbles.ScribbleToolbar,10,10,0,141,0,7,1,0.0,0.0,0.0,0.0,3.0,0,0,0,0,1.3862943611198906
Signal-Android,2017-1,2018-1,2017-1->2018-1,1,org.thoughtcrime.securesms.scribbles.StickerLoader,0,0,0,17,0,0,1,0.0,0.0,0.0,0.0,2.0,0,0,0,0,1.0986122886681098
Signal-Android,2017-1,2018-1,2017-1->2018-1,1,org.thoughtcrime.securesms.scribbles.StickerSelectActivity,0,0,0,51,0,0,1,0.0,0.0,0.0,0.0,2.0,0,0,0,0,1.0986122886681098
Signal-Android,2017-1,2018-1,2017-1->2018-1,1,org.thoughtcrime.securesms.scribbles.StickerSelectFragment,1,1,0,76,0,1,1,0.0,0.0,0.0,0.0,6.0,0,0,0,0,1.9459101490553132
Signal-Android,2017-1,2018-1,2017-1->2018-1,1,org.thoughtcrime.securesms.scribbles.multitouch.BaseGestureDetector,6,6,0,43,0,4,1,0.0,0.0,0.0,0.0,3.0,0,0,0,0,1.3862943611198906
Signal-Android,2017-1,2018-1,2017-1->2018-1,1,org.thoughtcrime.securesms.scribbles.multitouch.MoveGestureDetector,2,2,0,71,0,2,1,0.0,0.0,0.0,0.0,1.0,0,0,0,0,0.6931471805599453
Signal-Android,2017-1,2018-1,2017-1->2018-1,1,org.thoughtcrime.securesms.scribbles.multitouch.ShoveGestureDetector,2,2,0,90,0,2,1,0.0,0.0,0.0,0.0,2.0,0,0,0,0,1.0986122886681098
Signal-Android,2017-1,2018-1,2017-1->2018-1,1,org.thoughtcrime.securesms.scribbles.multitouch.TwoFingerGestureDetector,4,4,0,86,0,2,1,0.0,0.0,0.0,0.0,5.0,0,0,0,0,1.791759469228055
Signal-Android,2017-1,2018-1,2017-1->2018-1,1,org.thoughtcrime.securesms.scribbles.viewmodel.Font,9,9,0,26,0,7,1,1.0,0.0,0.0,0.0,0.0,1,0,0,0,0.0
Signal-Android,2017-1,2018-1,2017-1->2018-1,1,org.thoughtcrime.securesms.scribbles.viewmodel.TextLayer,8,8,0,38,0,6,1,1.0,0.0,0.0,0.0,0.0,1,0,0,0,0.0
Signal-Android,2017-1,2018-1,2017-1->2018-1,1,org.thoughtcrime.securesms.scribbles.widget.CanvasView,33,32,-1,366,0,24,1,0.0,0.0,0.0,0.0,14.0,0,0,0,0,2.70805020110221
Signal-Android,2017-1,2018-1,2017-1->2018-1,1,org.thoughtcrime.securesms.scribbles.widget.MotionView,12,12,0,244,0,7,1,0.0,0.0,0.0,0.0,26.0,0,0,0,0,3.295836866004329
Signal-Android,2017-1,2018-1,2017-1->2018-1,1,org.thoughtcrime.securesms.scribbles.widget.VerticalSlideColorPicker,9,9,0,97,0,7,1,1.0,0.0,0.0,0.0,0.0,1,0,0,0,0.0
Signal-Android,2017-1,2018-1,2017-1->2018-1,1,org.thoughtcrime.securesms.scribbles.widget.entity.MotionEntity,12,12,0,111,0,11,1,0.0,0.0,0.0,0.0,0.0,0,0,0,0,0.0
Signal-Android,2017-1,2018-1,2017-1->2018-1,1,org.thoughtcrime.securesms.scribbles.widget.entity.TextEntity,10,10,0,82,0,4,1,0.0,0.0,0.0,0.0,2.0,0,0,0,0,1.0986122886681098
Signal-Android,2017-1,2018-1,2017-1->2018-1,1,org.thoughtcrime.securesms.service.AccountAuthenticatorService,2,2,0,40,0,1,1,0.0,0.0,0.0,0.0,2.0,0,0,0,0,1.0986122886681098
Signal-Android,2017-1,2018-1,2017-1->2018-1,1,org.thoughtcrime.securesms.service.ApplicationMigrationService,12,12,0,123,0,8,1,1.0,0.0,0.0,0.0,8.0,1,0,0,0,2.1972245773362196
Signal-Android,2017-1,2018-1,2017-1->2018-1,1,org.thoughtcrime.securesms.service.DirectoryRefreshListener,0,0,0,29,0,0,1,0.0,0.0,0.0,0.0,2.0,0,0,0,0,1.0986122886681098
Signal-Android,2017-1,2018-1,2017-1->2018-1,1,org.thoughtcrime.securesms.service.ExpirationListener,0,0,0,10,0,0,1,0.0,0.0,0.0,0.0,4.0,0,0,0,0,1.6094379124341003
Signal-Android,2017-1,2018-1,2017-1->2018-1,1,org.thoughtcrime.securesms.service.ExpiringMessageManager,3,3,0,83,0,3,1,0.0,0.0,0.0,0.0,2.0,0,0,0,0,1.0986122886681098
Signal-Android,2017-1,2018-1,2017-1->2018-1,1,org.thoughtcrime.securesms.service.KeyCachingService,24,24,0,184,0,14,1,0.0,0.0,0.0,0.0,6.0,0,0,0,0,1.9459101490553132
Signal-Android,2017-1,2018-1,2017-1->2018-1,1,org.thoughtcrime.securesms.service.MessageRetrievalService,16,14,-2,103,0,8,1,0.0,0.0,0.0,0.0,1.0,0,0,0,0,0.6931471805599453
Signal-Android,2017-1,2018-1,2017-1->2018-1,1,org.thoughtcrime.securesms.service.MmsListener,0,0,0,26,0,0,1,0.0,0.0,0.0,0.0,4.0,0,0,0,0,1.6094379124341003
Signal-Android,2017-1,2018-1,2017-1->2018-1,1,org.thoughtcrime.securesms.service.QuickResponseService,1,1,0,32,0,1,1,0.0,0.0,0.0,0.0,8.0,0,0,0,0,2.1972245773362196
Signal-Android,2017-1,2018-1,2017-1->2018-1,1,org.thoughtcrime.securesms.service.SmsDeliveryListener,0,0,0,26,0,0,1,0.0,0.0,0.0,0.0,2.0,0,0,0,0,1.0986122886681098
Signal-Android,2017-1,2018-1,2017-1->2018-1,1,org.thoughtcrime.securesms.service.SmsListener,0,0,0,75,0,0,1,0.0,0.0,0.0,0.0,12.0,0,0,0,0,2.5649493574615367
Signal-Android,2017-1,2018-1,2017-1->2018-1,1,org.thoughtcrime.securesms.sms.IncomingGroupMessage,3,3,0,15,0,3,1,0.0,0.0,0.0,0.0,2.0,0,0,0,0,1.0986122886681098
Signal-Android,2017-1,2018-1,2017-1->2018-1,1,org.thoughtcrime.securesms.sms.MessageSender,0,0,0,166,0,0,1,0.0,0.0,0.0,0.0,23.0,0,0,0,0,3.1780538303479458
Signal-Android,2017-1,2018-1,2017-1->2018-1,1,org.thoughtcrime.securesms.sms.OutgoingTextMessage,6,8,2,44,0,6,1,0.0,0.0,0.0,0.0,4.0,0,0,0,0,1.6094379124341003
Signal-Android,2017-1,2018-1,2017-1->2018-1,1,org.thoughtcrime.securesms.sms.TelephonyServiceState,0,0,0,47,0,0,1,0.0,0.0,0.0,0.0,2.0,0,0,0,0,1.0986122886681098
Signal-Android,2017-1,2018-1,2017-1->2018-1,1,org.thoughtcrime.securesms.util.AbstractCursorLoader,8,8,0,49,0,3,1,0.0,0.0,0.0,0.0,1.0,0,0,0,0,0.6931471805599453
Signal-Android,2017-1,2018-1,2017-1->2018-1,1,org.thoughtcrime.securesms.util.Base64,59,59,0,737,0,1,1,0.0,1.0,0.0,0.0,8.0,0,1,0,0,2.1972245773362196
Signal-Android,2017-1,2018-1,2017-1->2018-1,1,org.thoughtcrime.securesms.util.BitmapUtil,18,18,0,209,0,0,1,0.0,0.0,0.0,0.0,12.0,0,0,0,0,2.5649493574615367
Signal-Android,2017-1,2018-1,2017-1->2018-1,1,org.thoughtcrime.securesms.util.Conversions,25,25,0,110,0,0,1,0.0,0.0,0.0,0.0,0.0,0,0,0,0,0.0
Signal-Android,2017-1,2018-1,2017-1->2018-1,1,org.thoughtcrime.securesms.util.DateUtils,0,1,1,59,0,0,1,0.0,0.0,0.0,0.0,5.0,0,0,0,0,1.791759469228055
Signal-Android,2017-1,2018-1,2017-1->2018-1,1,org.thoughtcrime.securesms.util.Dialogs,0,0,0,15,0,0,1,0.0,0.0,0.0,0.0,0.0,0,0,0,0,0.0
Signal-Android,2017-1,2018-1,2017-1->2018-1,1,org.thoughtcrime.securesms.util.DirectoryHelper,0,0,0,139,0,0,1,0.0,0.0,0.0,0.0,21.0,0,0,0,0,3.091042453358316
Signal-Android,2017-1,2018-1,2017-1->2018-1,1,org.thoughtcrime.securesms.util.DynamicIntroTheme,0,0,0,6,0,0,1,0.0,0.0,0.0,0.0,1.0,0,0,0,0,0.6931471805599453
Signal-Android,2017-1,2018-1,2017-1->2018-1,1,org.thoughtcrime.securesms.util.DynamicLanguage,0,0,0,43,0,0,1,0.0,0.0,0.0,0.0,8.0,0,0,0,0,2.1972245773362196
Signal-Android,2017-1,2018-1,2017-1->2018-1,1,org.thoughtcrime.securesms.util.DynamicNoActionBarTheme,0,0,0,6,0,0,1,0.0,0.0,0.0,0.0,1.0,0,0,0,0,0.6931471805599453
Signal-Android,2017-1,2018-1,2017-1->2018-1,1,org.thoughtcrime.securesms.util.DynamicTheme,0,0,0,21,0,0,1,0.0,0.0,0.0,0.0,1.0,0,0,0,0,0.6931471805599453
Signal-Android,2017-1,2018-1,2017-1->2018-1,1,org.thoughtcrime.securesms.util.ExpirationUtil,0,0,0,33,0,0,1,0.0,0.0,0.0,0.0,26.0,0,0,0,0,3.295836866004329
Signal-Android,2017-1,2018-1,2017-1->2018-1,1,org.thoughtcrime.securesms.util.FileUtils,0,0,0,4,0,0,1,0.0,0.0,0.0,0.0,0.0,0,0,0,0,0.0
Signal-Android,2017-1,2018-1,2017-1->2018-1,1,org.thoughtcrime.securesms.util.GroupUtil,0,0,0,49,0,0,1,0.0,0.0,0.0,0.0,4.0,0,0,0,0,1.6094379124341003
Signal-Android,2017-1,2018-1,2017-1->2018-1,1,org.thoughtcrime.securesms.util.Hex,0,0,0,75,0,0,1,0.0,0.0,0.0,0.0,0.0,0,0,0,0,0.0
Signal-Android,2017-1,2018-1,2017-1->2018-1,1,org.thoughtcrime.securesms.util.IdentityUtil,0,0,0,20,0,0,1,0.0,0.0,0.0,0.0,2.0,0,0,0,0,1.0986122886681098
Signal-Android,2017-1,2018-1,2017-1->2018-1,1,org.thoughtcrime.securesms.util.JsonUtils,0,0,0,16,0,0,1,0.0,0.0,0.0,0.0,0.0,0,0,0,0,0.0
Signal-Android,2017-1,2018-1,2017-1->2018-1,1,org.thoughtcrime.securesms.util.MathUtils,1,1,0,11,0,0,1,0.0,0.0,0.0,0.0,0.0,0,0,0,0,0.0
Signal-Android,2017-1,2018-1,2017-1->2018-1,1,org.thoughtcrime.securesms.util.MediaUtil,0,0,0,90,0,0,1,0.0,0.0,0.0,0.0,10.0,0,0,0,0,2.3978952727983707
Signal-Android,2017-1,2018-1,2017-1->2018-1,1,org.thoughtcrime.securesms.util.NumberUtil,0,0,0,20,0,0,1,0.0,0.0,0.0,0.0,1.0,0,0,0,0,0.6931471805599453
Signal-Android,2017-1,2018-1,2017-1->2018-1,1,org.thoughtcrime.securesms.util.ParcelUtil,0,0,0,15,0,0,1,0.0,0.0,0.0,0.0,4.0,0,0,0,0,1.6094379124341003
Signal-Android,2017-1,2018-1,2017-1->2018-1,1,org.thoughtcrime.securesms.util.ResUtil,0,0,0,21,0,0,1,0.0,0.0,0.0,0.0,3.0,0,0,0,0,1.3862943611198906
Signal-Android,2017-1,2018-1,2017-1->2018-1,1,org.thoughtcrime.securesms.util.Rfc5724Uri,0,0,0,33,0,0,1,0.0,0.0,0.0,0.0,3.0,0,0,0,0,1.3862943611198906
Signal-Android,2017-1,2018-1,2017-1->2018-1,1,org.thoughtcrime.securesms.util.SaveAttachmentTask,0,0,0,112,0,0,1,0.0,0.0,0.0,0.0,9.0,0,0,0,0,2.302585092994046
Signal-Android,2017-1,2018-1,2017-1->2018-1,1,org.thoughtcrime.securesms.util.SelectedRecipientsAdapter,6,6,0,88,0,4,1,0.0,0.0,0.0,0.0,15.0,0,0,0,0,2.772588722239781
Signal-Android,2017-1,2018-1,2017-1->2018-1,1,org.thoughtcrime.securesms.util.ServiceUtil,0,0,0,13,0,0,1,0.0,0.0,0.0,0.0,0.0,0,0,0,0,0.0
Signal-Android,2017-1,2018-1,2017-1->2018-1,1,org.thoughtcrime.securesms.util.ShortCodeUtil,0,0,0,23,0,0,1,0.0,0.0,0.0,0.0,6.0,0,0,0,0,1.9459101490553132
Signal-Android,2017-1,2018-1,2017-1->2018-1,1,org.thoughtcrime.securesms.util.SpanUtil,0,0,0,19,0,0,1,0.0,0.0,0.0,0.0,0.0,0,0,0,0,0.0
Signal-Android,2017-1,2018-1,2017-1->2018-1,1,org.thoughtcrime.securesms.util.TelephonyUtil,0,0,0,24,0,0,1,0.0,0.0,0.0,0.0,8.0,0,0,0,0,2.1972245773362196
Signal-Android,2017-1,2018-1,2017-1->2018-1,1,org.thoughtcrime.securesms.util.TextSecurePreferences,0,0,0,315,0,0,1,0.0,0.0,0.0,0.0,22.0,0,0,0,0,3.1354942159291497
Signal-Android,2017-1,2018-1,2017-1->2018-1,1,org.thoughtcrime.securesms.util.ThreadUtil,0,0,0,6,0,0,1,0.0,0.0,0.0,0.0,0.0,0,0,0,0,0.0
Signal-Android,2017-1,2018-1,2017-1->2018-1,1,org.thoughtcrime.securesms.util.Trimmer,0,0,0,36,0,0,1,0.0,0.0,0.0,0.0,2.0,0,0,0,0,1.0986122886681098
Signal-Android,2017-1,2018-1,2017-1->2018-1,1,org.thoughtcrime.securesms.util.Util,16,16,0,234,0,0,1,0.0,0.0,0.0,1.0,28.0,0,0,0,1,3.367295829986474
Signal-Android,2017-1,2018-1,2017-1->2018-1,1,org.thoughtcrime.securesms.util.VersionTracker,0,0,0,9,0,0,1,0.0,0.0,0.0,0.0,0.0,0,0,0,0,0.0
Signal-Android,2017-1,2018-1,2017-1->2018-1,1,org.thoughtcrime.securesms.util.ViewUtil,0,0,0,106,0,0,1,0.0,0.0,0.0,0.0,0.0,0,0,0,0,0.0
Signal-Android,2017-1,2018-1,2017-1->2018-1,1,org.thoughtcrime.securesms.util.WorkerThread,2,2,0,17,0,1,1,0.0,0.0,0.0,0.0,1.0,0,0,0,0,0.6931471805599453
Signal-Android,2017-1,2018-1,2017-1->2018-1,1,org.thoughtcrime.securesms.util.dualsim.SubscriptionManagerCompat,0,0,0,23,0,0,1,0.0,0.0,0.0,0.0,3.0,0,0,0,0,1.3862943611198906
Signal-Android,2017-1,2018-1,2017-1->2018-1,1,org.thoughtcrime.securesms.video.VideoPlayer,2,7,5,36,0,1,1,0.0,0.0,0.0,0.0,1.0,0,0,0,0,0.6931471805599453
Signal-Android,2018-1,2019-1,2018-1->2019-1,2,org.thoughtcrime.securesms.ApplicationContext,19,31,12,93,0,11,1,0.0,0.0,0.0,0.0,3.0,0,0,0,0,1.3862943611198906
Signal-Android,2018-1,2019-1,2018-1->2019-1,2,org.thoughtcrime.securesms.ApplicationPreferencesActivity,4,4,0,179,0,3,1,0.0,0.0,0.0,0.0,13.0,0,0,0,0,2.6390573296152584
Signal-Android,2018-1,2019-1,2018-1->2019-1,2,org.thoughtcrime.securesms.BaseActionBarActivity,10,10,0,45,0,4,1,0.0,0.0,0.0,0.0,6.0,0,0,0,0,1.9459101490553132
Signal-Android,2018-1,2019-1,2018-1->2019-1,2,org.thoughtcrime.securesms.BasicIntroFragment,2,2,0,31,0,1,1,0.0,0.0,0.0,0.0,6.0,0,0,0,0,1.9459101490553132
Signal-Android,2018-1,2019-1,2018-1->2019-1,2,org.thoughtcrime.securesms.BlockedContactsActivity,2,2,0,68,0,2,1,0.0,0.0,0.0,0.0,6.0,0,0,0,0,1.9459101490553132
Signal-Android,2018-1,2019-1,2018-1->2019-1,2,org.thoughtcrime.securesms.ConfirmIdentityDialog,1,1,0,107,0,1,1,0.0,0.0,0.0,0.0,5.0,0,0,0,0,1.791759469228055
Signal-Android,2018-1,2019-1,2018-1->2019-1,2,org.thoughtcrime.securesms.ContactSelectionActivity,6,6,0,74,0,6,1,0.0,0.0,0.0,0.0,10.0,0,0,0,0,2.3978952727983707
Signal-Android,2018-1,2019-1,2018-1->2019-1,2,org.thoughtcrime.securesms.ContactSelectionListFragment,16,16,0,176,0,9,1,0.0,0.0,0.0,0.0,21.0,0,0,0,0,3.091042453358316
Signal-Android,2018-1,2019-1,2018-1->2019-1,2,org.thoughtcrime.securesms.ConversationActivity,154,153,-1,1365,0,66,1,0.0,0.0,0.0,0.0,168.0,0,0,0,0,5.1298987149230735
Signal-Android,2018-1,2019-1,2018-1->2019-1,2,org.thoughtcrime.securesms.ConversationFragment,17,38,21,409,0,9,1,0.0,0.0,0.0,0.0,86.0,0,0,0,0,4.465908118654584
Signal-Android,2018-1,2019-1,2018-1->2019-1,2,org.thoughtcrime.securesms.ConversationItem,19,20,1,441,0,9,1,0.0,0.0,0.0,0.0,76.0,0,0,0,0,4.343805421853684
Signal-Android,2018-1,2019-1,2018-1->2019-1,2,org.thoughtcrime.securesms.ConversationListActivity,15,14,-1,121,0,13,1,0.0,0.0,0.0,0.0,4.0,0,0,0,0,1.6094379124341003
Signal-Android,2018-1,2019-1,2018-1->2019-1,2,org.thoughtcrime.securesms.ConversationListAdapter,9,10,1,103,0,5,1,0.0,0.0,0.0,0.0,13.0,0,0,0,0,2.6390573296152584
Signal-Android,2018-1,2019-1,2018-1->2019-1,2,org.thoughtcrime.securesms.ConversationListArchiveActivity,3,3,0,40,0,3,1,0.0,0.0,0.0,0.0,2.0,0,0,0,0,1.0986122886681098
Signal-Android,2018-1,2019-1,2018-1->2019-1,2,org.thoughtcrime.securesms.ConversationListFragment,12,14,2,366,0,9,1,0.0,0.0,0.0,0.0,72.0,0,0,0,0,4.290459441148391
Signal-Android,2018-1,2019-1,2018-1->2019-1,2,org.thoughtcrime.securesms.ConversationListItem,8,8,0,165,0,7,1,0.0,0.0,0.0,0.0,14.0,0,0,0,0,2.70805020110221
Signal-Android,2018-1,2019-1,2018-1->2019-1,2,org.thoughtcrime.securesms.ConversationListItemAction,2,2,0,18,0,2,1,0.0,0.0,0.0,0.0,1.0,0,0,0,0,0.6931471805599453
Signal-Android,2018-1,2019-1,2018-1->2019-1,2,org.thoughtcrime.securesms.ConversationPopupActivity,8,8,0,72,0,6,1,0.0,0.0,0.0,0.0,15.0,0,0,0,0,2.772588722239781
Signal-Android,2018-1,2019-1,2018-1->2019-1,2,org.thoughtcrime.securesms.ConversationTitleView,4,4,0,77,0,3,1,0.0,0.0,0.0,0.0,5.0,0,0,0,0,1.791759469228055
Signal-Android,2018-1,2019-1,2018-1->2019-1,2,org.thoughtcrime.securesms.ConversationUpdateItem,3,3,0,134,0,2,1,0.0,0.0,0.0,0.0,5.0,0,0,0,0,1.791759469228055
Signal-Android,2018-1,2019-1,2018-1->2019-1,2,org.thoughtcrime.securesms.CountrySelectionActivity,0,0,0,13,0,0,1,0.0,0.0,0.0,0.0,2.0,0,0,0,0,1.0986122886681098
Signal-Android,2018-1,2019-1,2018-1->2019-1,2,org.thoughtcrime.securesms.CountrySelectionFragment,0,0,0,47,0,0,1,0.0,0.0,0.0,0.0,4.0,0,0,0,0,1.6094379124341003
Signal-Android,2018-1,2019-1,2018-1->2019-1,2,org.thoughtcrime.securesms.CreateProfileActivity,25,25,0,303,0,10,1,0.0,0.0,0.0,0.0,32.0,0,0,0,0,3.4965075614664802
Signal-Android,2018-1,2019-1,2018-1->2019-1,2,org.thoughtcrime.securesms.DatabaseMigrationActivity,13,13,0,112,0,11,1,0.0,0.0,0.0,0.0,4.0,0,0,0,0,1.6094379124341003
Signal-Android,2018-1,2019-1,2018-1->2019-1,2,org.thoughtcrime.securesms.DatabaseUpgradeActivity,4,4,0,193,0,1,1,0.0,0.0,0.0,0.0,17.0,0,0,0,0,2.8903717578961645
Signal-Android,2018-1,2019-1,2018-1->2019-1,2,org.thoughtcrime.securesms.DeviceActivity,2,2,0,148,0,2,1,0.0,0.0,0.0,0.0,16.0,0,0,0,0,2.833213344056216
Signal-Android,2018-1,2019-1,2018-1->2019-1,2,org.thoughtcrime.securesms.DeviceAddFragment,2,2,0,59,0,2,1,0.0,0.0,0.0,0.0,4.0,0,0,0,0,1.6094379124341003
Signal-Android,2018-1,2019-1,2018-1->2019-1,2,org.thoughtcrime.securesms.DeviceLinkFragment,0,0,0,28,0,0,1,0.0,0.0,0.0,0.0,2.0,0,0,0,0,1.0986122886681098
Signal-Android,2018-1,2019-1,2018-1->2019-1,2,org.thoughtcrime.securesms.DeviceListFragment,2,2,0,121,0,2,1,0.0,0.0,0.0,0.0,16.0,0,0,0,0,2.833213344056216
Signal-Android,2018-1,2019-1,2018-1->2019-1,2,org.thoughtcrime.securesms.DeviceListItem,2,2,0,31,0,2,1,0.0,0.0,0.0,0.0,3.0,0,0,0,0,1.3862943611198906
Signal-Android,2018-1,2019-1,2018-1->2019-1,2,org.thoughtcrime.securesms.DeviceProvisioningActivity,1,1,0,33,0,1,1,0.0,0.0,0.0,0.0,2.0,0,0,0,0,1.0986122886681098
Signal-Android,2018-1,2019-1,2018-1->2019-1,2,org.thoughtcrime.securesms.ExperienceUpgradeActivity,0,1,1,167,0,0,1,0.0,0.0,0.0,0.0,32.0,0,0,0,0,3.4965075614664802
Signal-Android,2018-1,2019-1,2018-1->2019-1,2,org.thoughtcrime.securesms.ExpirationDialog,0,0,0,52,0,0,1,0.0,0.0,0.0,0.0,10.0,0,0,0,0,2.3978952727983707
Signal-Android,2018-1,2019-1,2018-1->2019-1,2,org.thoughtcrime.securesms.GroupCreateActivity,16,16,0,359,0,10,1,0.0,0.0,0.0,0.0,65.0,0,0,0,0,4.189654742026425
Signal-Android,2018-1,2019-1,2018-1->2019-1,2,org.thoughtcrime.securesms.GroupMembersDialog,2,2,0,69,0,2,1,0.0,0.0,0.0,0.0,6.0,0,0,0,0,1.9459101490553132
Signal-Android,2018-1,2019-1,2018-1->2019-1,2,org.thoughtcrime.securesms.IntroPagerAdapter,1,1,0,18,0,1,1,0.0,0.0,0.0,0.0,0.0,0,0,0,0,0.0
Signal-Android,2018-1,2019-1,2018-1->2019-1,2,org.thoughtcrime.securesms.InviteActivity,7,7,0,158,0,5,1,0.0,0.0,0.0,0.0,25.0,0,0,0,0,3.258096538021482
Signal-Android,2018-1,2019-1,2018-1->2019-1,2,org.thoughtcrime.securesms.LogSubmitActivity,4,4,0,43,0,4,1,0.0,0.0,0.0,0.0,7.0,0,0,0,0,2.0794415416798357
Signal-Android,2018-1,2019-1,2018-1->2019-1,2,org.thoughtcrime.securesms.MediaDocumentsAdapter,7,7,0,65,0,2,1,0.0,0.0,0.0,0.0,17.0,0,0,0,0,2.8903717578961645
Signal-Android,2018-1,2019-1,2018-1->2019-1,2,org.thoughtcrime.securesms.MediaGalleryAdapter,2,7,5,67,0,2,1,0.0,0.0,0.0,0.0,6.0,0,0,0,0,1.9459101490553132
Signal-Android,2018-1,2019-1,2018-1->2019-1,2,org.thoughtcrime.securesms.MediaOverviewActivity,4,6,2,144,0,4,1,0.0,0.0,0.0,0.0,14.0,0,0,0,0,2.70805020110221
Signal-Android,2018-1,2019-1,2018-1->2019-1,2,org.thoughtcrime.securesms.MediaPreviewActivity,24,40,16,297,0,12,1,0.0,0.0,0.0,0.0,36.0,0,0,0,0,3.6109179126442243
Signal-Android,2018-1,2019-1,2018-1->2019-1,2,org.thoughtcrime.securesms.MessageDetailsActivity,6,6,0,236,0,6,1,0.0,0.0,0.0,0.0,30.0,0,0,0,0,3.4339872044851463
Signal-Android,2018-1,2019-1,2018-1->2019-1,2,org.thoughtcrime.securesms.MessageDetailsRecipientAdapter,3,3,0,54,0,2,1,0.0,0.0,0.0,0.0,6.0,0,0,0,0,1.9459101490553132
Signal-Android,2018-1,2019-1,2018-1->2019-1,2,org.thoughtcrime.securesms.MessageRecipientListItem,4,4,0,119,0,2,1,0.0,0.0,0.0,0.0,8.0,0,0,0,0,2.1972245773362196
Signal-Android,2018-1,2019-1,2018-1->2019-1,2,org.thoughtcrime.securesms.MuteDialog,0,0,0,26,0,0,1,0.0,0.0,0.0,0.0,6.0,0,0,0,0,1.9459101490553132
Signal-Android,2018-1,2019-1,2018-1->2019-1,2,org.thoughtcrime.securesms.NewConversationActivity,3,3,0,41,0,3,1,0.0,0.0,0.0,0.0,7.0,0,0,0,0,2.0794415416798357
Signal-Android,2018-1,2019-1,2018-1->2019-1,2,org.thoughtcrime.securesms.PassphraseActivity,1,1,0,29,0,1,1,0.0,0.0,0.0,0.0,3.0,0,0,0,0,1.3862943611198906
Signal-Android,2018-1,2019-1,2018-1->2019-1,2,org.thoughtcrime.securesms.PassphraseChangeActivity,11,11,0,88,0,4,1,0.0,0.0,0.0,0.0,5.0,0,0,0,0,1.791759469228055
Signal-Android,2018-1,2019-1,2018-1->2019-1,2,org.thoughtcrime.securesms.PassphrasePromptActivity,9,30,21,106,0,6,1,0.0,0.0,0.0,0.0,4.0,0,0,0,0,1.6094379124341003
Signal-Android,2018-1,2019-1,2018-1->2019-1,2,org.thoughtcrime.securesms.PassphraseRequiredActionBarActivity,9,17,8,138,0,6,1,0.0,0.0,0.0,0.0,3.0,0,0,0,0,1.3862943611198906
Signal-Android,2018-1,2019-1,2018-1->2019-1,2,org.thoughtcrime.securesms.PlayServicesProblemFragment,2,2,0,23,0,1,1,0.0,0.0,0.0,0.0,1.0,0,0,0,0,0.6931471805599453
Signal-Android,2018-1,2019-1,2018-1->2019-1,2,org.thoughtcrime.securesms.PromptMmsActivity,1,1,0,23,0,1,1,0.0,0.0,0.0,0.0,3.0,0,0,0,0,1.3862943611198906
Signal-Android,2018-1,2019-1,2018-1->2019-1,2,org.thoughtcrime.securesms.PushContactSelectionActivity,0,0,0,17,0,0,1,0.0,0.0,0.0,0.0,2.0,0,0,0,0,1.0986122886681098
Signal-Android,2018-1,2019-1,2018-1->2019-1,2,org.thoughtcrime.securesms.ReadReceiptsIntroFragment,2,2,0,22,0,1,1,0.0,0.0,0.0,0.0,2.0,0,0,0,0,1.0986122886681098
Signal-Android,2018-1,2019-1,2018-1->2019-1,2,org.thoughtcrime.securesms.RecipientPreferenceActivity,5,5,0,353,0,4,1,0.0,0.0,0.0,0.0,41.0,0,0,0,0,3.7376696182833684
Signal-Android,2018-1,2019-1,2018-1->2019-1,2,org.thoughtcrime.securesms.RegistrationActivity,36,46,10,471,1,13,1,0.0,0.0,0.0,0.0,54.0,0,0,0,0,4.007333185232471
Signal-Android,2018-1,2019-1,2018-1->2019-1,2,org.thoughtcrime.securesms.ShareActivity,17,17,0,199,0,10,1,0.0,0.0,0.0,0.0,22.0,0,0,0,0,3.1354942159291497
Signal-Android,2018-1,2019-1,2018-1->2019-1,2,org.thoughtcrime.securesms.SmsSendtoActivity,0,0,0,57,0,0,1,0.0,0.0,0.0,0.0,9.0,0,0,0,0,2.302585092994046
Signal-Android,2018-1,2019-1,2018-1->2019-1,2,org.thoughtcrime.securesms.TextSecureTestCase,1,1,0,6,0,1,1,0.0,0.0,0.0,0.0,4.0,0,0,0,0,1.6094379124341003
Signal-Android,2018-1,2019-1,2018-1->2019-1,2,org.thoughtcrime.securesms.TransportOptions,7,7,0,108,0,4,1,0.0,0.0,0.0,0.0,6.0,0,0,0,0,1.9459101490553132
Signal-Android,2018-1,2019-1,2018-1->2019-1,2,org.thoughtcrime.securesms.TransportOptionsAdapter,2,2,0,36,0,2,1,0.0,0.0,0.0,0.0,10.0,0,0,0,0,2.3978952727983707
Signal-Android,2018-1,2019-1,2018-1->2019-1,2,org.thoughtcrime.securesms.VerifyIdentityActivity,1,1,0,394,0,1,1,0.0,0.0,0.0,0.0,54.0,0,0,0,0,4.007333185232471
Signal-Android,2018-1,2019-1,2018-1->2019-1,2,org.thoughtcrime.securesms.WebRtcCallActivity,17,16,-1,224,0,11,1,0.0,0.0,0.0,0.0,35.0,0,0,0,0,3.58351893845611
Signal-Android,2018-1,2019-1,2018-1->2019-1,2,org.thoughtcrime.securesms.attachments.Attachment,5,8,3,65,0,5,1,1.0,0.0,1.0,0.0,0.0,1,0,1,0,0.0
Signal-Android,2018-1,2019-1,2018-1->2019-1,2,org.thoughtcrime.securesms.attachments.AttachmentServer,10,10,0,213,0,3,1,0.0,0.0,0.0,0.0,19.0,0,0,0,0,2.995732273553991
Signal-Android,2018-1,2019-1,2018-1->2019-1,2,org.thoughtcrime.securesms.attachments.DatabaseAttachment,4,4,0,45,0,4,1,0.0,0.0,1.0,0.0,0.0,0,0,1,0,0.0
Signal-Android,2018-1,2019-1,2018-1->2019-1,2,org.thoughtcrime.securesms.attachments.PointerAttachment,0,0,0,29,0,0,1,0.0,0.0,0.0,0.0,11.0,0,0,0,0,2.4849066497880004
Signal-Android,2018-1,2019-1,2018-1->2019-1,2,org.thoughtcrime.securesms.audio.AudioCodec,7,7,0,120,0,5,1,0.0,0.0,0.0,0.0,7.0,0,0,0,0,2.0794415416798357
Signal-Android,2018-1,2019-1,2018-1->2019-1,2,org.thoughtcrime.securesms.audio.AudioRecorder,1,3,2,63,0,1,1,0.0,0.0,0.0,0.0,1.0,0,0,0,0,0.6931471805599453
Signal-Android,2018-1,2019-1,2018-1->2019-1,2,org.thoughtcrime.securesms.audio.AudioSlidePlayer,23,24,1,213,0,8,1,0.0,0.0,0.0,0.0,14.0,0,0,0,0,2.70805020110221
Signal-Android,2018-1,2019-1,2018-1->2019-1,2,org.thoughtcrime.securesms.color.MaterialColor,0,0,0,82,0,0,1,0.0,0.0,0.0,0.0,18.0,0,0,0,0,2.9444389791664403
Signal-Android,2018-1,2019-1,2018-1->2019-1,2,org.thoughtcrime.securesms.components.AlertView,3,3,0,33,0,3,1,0.0,0.0,0.0,0.0,4.0,0,0,0,0,1.6094379124341003
Signal-Android,2018-1,2019-1,2018-1->2019-1,2,org.thoughtcrime.securesms.components.AttachmentTypeSelector,3,3,0,180,0,2,1,0.0,0.0,0.0,0.0,14.0,0,0,0,0,2.70805020110221
Signal-Android,2018-1,2019-1,2018-1->2019-1,2,org.thoughtcrime.securesms.components.AudioView,28,28,0,201,0,13,1,0.0,0.0,0.0,0.0,10.0,0,0,0,0,2.3978952727983707
Signal-Android,2018-1,2019-1,2018-1->2019-1,2,org.thoughtcrime.securesms.components.AvatarImageView,0,0,0,47,0,0,1,0.0,0.0,0.0,0.0,5.0,0,0,0,0,1.791759469228055
Signal-Android,2018-1,2019-1,2018-1->2019-1,2,org.thoughtcrime.securesms.components.BubbleDrawableBuilder,10,10,0,43,0,6,1,0.0,0.0,0.0,0.0,2.0,0,0,0,0,1.0986122886681098
Signal-Android,2018-1,2019-1,2018-1->2019-1,2,org.thoughtcrime.securesms.components.ComposeText,6,6,0,99,0,3,1,0.0,0.0,0.0,0.0,12.0,0,0,0,0,2.5649493574615367
Signal-Android,2018-1,2019-1,2018-1->2019-1,2,org.thoughtcrime.securesms.components.ContactFilterToolbar,4,4,0,89,0,3,1,0.0,0.0,0.0,0.0,5.0,0,0,0,0,1.791759469228055
Signal-Android,2018-1,2019-1,2018-1->2019-1,2,org.thoughtcrime.securesms.components.CustomDefaultPreference,2,2,0,139,0,2,1,0.0,0.0,0.0,0.0,12.0,0,0,0,0,2.5649493574615367
Signal-Android,2018-1,2019-1,2018-1->2019-1,2,org.thoughtcrime.securesms.components.DocumentView,4,3,-1,109,0,4,1,0.0,0.0,0.0,0.0,5.0,0,0,0,0,1.791759469228055
Signal-Android,2018-1,2019-1,2018-1->2019-1,2,org.thoughtcrime.securesms.components.ExpirationTimerView,7,8,1,49,0,5,1,0.0,0.0,0.0,0.0,3.0,0,0,0,0,1.3862943611198906
Signal-Android,2018-1,2019-1,2018-1->2019-1,2,org.thoughtcrime.securesms.components.ImageDivet,6,6,0,62,0,5,1,0.0,0.0,0.0,0.0,5.0,0,0,0,0,1.791759469228055
Signal-Android,2018-1,2019-1,2018-1->2019-1,2,org.thoughtcrime.securesms.components.InputAwareLayout,5,5,0,51,0,4,1,0.0,0.0,0.0,0.0,2.0,0,0,0,0,1.0986122886681098
Signal-Android,2018-1,2019-1,2018-1->2019-1,2,org.thoughtcrime.securesms.components.InputPanel,24,25,1,192,0,12,1,0.0,0.0,0.0,0.0,4.0,0,0,0,0,1.6094379124341003
Signal-Android,2018-1,2019-1,2018-1->2019-1,2,org.thoughtcrime.securesms.components.KeyboardAwareLinearLayout,34,36,2,129,0,19,1,0.0,0.0,0.0,0.0,14.0,0,0,0,0,2.70805020110221
Signal-Android,2018-1,2019-1,2018-1->2019-1,2,org.thoughtcrime.securesms.components.MicrophoneRecorderView,5,5,0,122,0,3,1,0.0,0.0,0.0,0.0,1.0,0,0,0,0,0.6931471805599453
Signal-Android,2018-1,2019-1,2018-1->2019-1,2,org.thoughtcrime.securesms.components.PushRecipientsPanel,6,6,0,73,0,4,1,0.0,0.0,0.0,0.0,5.0,0,0,0,0,1.791759469228055
Signal-Android,2018-1,2019-1,2018-1->2019-1,2,org.thoughtcrime.securesms.components.RatingManager,0,0,0,49,0,0,1,0.0,0.0,0.0,0.0,5.0,0,0,0,0,1.791759469228055
Signal-Android,2018-1,2019-1,2018-1->2019-1,2,org.thoughtcrime.securesms.components.RecentPhotoViewRail,2,2,0,67,0,1,1,0.0,0.0,0.0,0.0,8.0,0,0,0,0,2.1972245773362196
Signal-Android,2018-1,2019-1,2018-1->2019-1,2,org.thoughtcrime.securesms.components.RecyclerViewFastScroller,14,14,0,130,0,6,1,0.0,0.0,0.0,0.0,4.0,0,0,0,0,1.6094379124341003
Signal-Android,2018-1,2019-1,2018-1->2019-1,2,org.thoughtcrime.securesms.components.RemovableEditableMediaView,1,1,0,40,0,1,1,0.0,0.0,0.0,0.0,0.0,0,0,0,0,0.0
Signal-Android,2018-1,2019-1,2018-1->2019-1,2,org.thoughtcrime.securesms.components.RepeatableImageKey,4,4,0,56,0,3,1,0.0,0.0,0.0,0.0,0.0,0,0,0,0,0.0
Signal-Android,2018-1,2019-1,2018-1->2019-1,2,org.thoughtcrime.securesms.components.SearchToolbar,12,12,0,85,0,6,1,0.0,0.0,0.0,0.0,20.0,0,0,0,0,3.044522437723423
Signal-Android,2018-1,2019-1,2018-1->2019-1,2,org.thoughtcrime.securesms.components.SendButton,2,2,0,58,0,2,1,0.0,0.0,0.0,0.0,3.0,0,0,0,0,1.3862943611198906
Signal-Android,2018-1,2019-1,2018-1->2019-1,2,org.thoughtcrime.securesms.components.ThreadPhotoRailView,2,2,0,58,0,1,1,0.0,0.0,0.0,0.0,4.0,0,0,0,0,1.6094379124341003
Signal-Android,2018-1,2019-1,2018-1->2019-1,2,org.thoughtcrime.securesms.components.ThumbnailView,6,31,25,117,0,4,1,0.0,0.0,0.0,0.0,17.0,0,0,0,0,2.8903717578961645
Signal-Android,2018-1,2019-1,2018-1->2019-1,2,org.thoughtcrime.securesms.components.TransferControlView,8,12,4,101,0,6,1,0.0,0.0,0.0,0.0,6.0,0,0,0,0,1.9459101490553132
Signal-Android,2018-1,2019-1,2018-1->2019-1,2,org.thoughtcrime.securesms.components.camera.CameraUtils,0,0,0,57,0,0,1,0.0,0.0,0.0,0.0,4.0,0,0,0,0,1.6094379124341003
Signal-Android,2018-1,2019-1,2018-1->2019-1,2,org.thoughtcrime.securesms.components.camera.CameraView,33,33,0,385,0,15,1,1.0,0.0,0.0,0.0,31.0,1,0,0,0,3.4657359027997265
Signal-Android,2018-1,2019-1,2018-1->2019-1,2,org.thoughtcrime.securesms.components.camera.QuickAttachmentDrawer,69,69,0,374,0,28,1,0.0,0.0,0.0,0.0,16.0,0,0,0,0,2.833213344056216
Signal-Android,2018-1,2019-1,2018-1->2019-1,2,org.thoughtcrime.securesms.components.emoji.EmojiDrawer,12,13,1,111,0,8,1,0.0,0.0,0.0,0.0,4.0,0,0,0,0,1.6094379124341003
Signal-Android,2018-1,2019-1,2018-1->2019-1,2,org.thoughtcrime.securesms.components.emoji.EmojiEditText,0,0,0,28,0,0,1,0.0,0.0,0.0,0.0,1.0,0,0,0,0,0.6931471805599453
Signal-Android,2018-1,2019-1,2018-1->2019-1,2,org.thoughtcrime.securesms.components.emoji.EmojiFilter,0,0,0,12,0,0,1,0.0,0.0,0.0,0.0,0.0,0,0,0,0,0.0
Signal-Android,2018-1,2019-1,2018-1->2019-1,2,org.thoughtcrime.securesms.components.emoji.EmojiPageView,5,7,2,57,0,2,1,0.0,0.0,0.0,0.0,3.0,0,0,0,0,1.3862943611198906
Signal-Android,2018-1,2019-1,2018-1->2019-1,2,org.thoughtcrime.securesms.components.emoji.EmojiProvider,0,0,0,98,0,0,1,0.0,0.0,0.0,0.0,0.0,0,0,0,0,0.0
Signal-Android,2018-1,2019-1,2018-1->2019-1,2,org.thoughtcrime.securesms.components.emoji.EmojiTextView,13,9,-4,67,0,5,1,0.0,0.0,0.0,0.0,5.0,0,0,0,0,1.791759469228055
Signal-Android,2018-1,2019-1,2018-1->2019-1,2,org.thoughtcrime.securesms.components.emoji.EmojiToggle,5,5,0,30,0,5,1,0.0,0.0,0.0,0.0,4.0,0,0,0,0,1.6094379124341003
Signal-Android,2018-1,2019-1,2018-1->2019-1,2,org.thoughtcrime.securesms.components.emoji.RecentEmojiPageModel,3,3,0,55,0,3,1,0.0,0.0,0.0,0.0,4.0,0,0,0,0,1.6094379124341003
Signal-Android,2018-1,2019-1,2018-1->2019-1,2,org.thoughtcrime.securesms.components.emoji.parsing.EmojiPageBitmap,0,0,0,58,0,0,1,0.0,0.0,0.0,0.0,8.0,0,0,0,0,2.1972245773362196
Signal-Android,2018-1,2019-1,2018-1->2019-1,2,org.thoughtcrime.securesms.components.emoji.parsing.EmojiParser,0,0,0,54,0,0,1,0.0,0.0,0.0,0.0,2.0,0,0,0,0,1.0986122886681098
Signal-Android,2018-1,2019-1,2018-1->2019-1,2,org.thoughtcrime.securesms.components.emoji.parsing.EmojiTree,0,0,0,56,0,0,1,0.0,0.0,0.0,0.0,10.0,0,0,0,0,2.3978952727983707
Signal-Android,2018-1,2019-1,2018-1->2019-1,2,org.thoughtcrime.securesms.components.emoji.parsing.Fitzpatrick,0,0,0,22,0,0,1,0.0,0.0,0.0,0.0,3.0,0,0,0,0,1.3862943611198906
Signal-Android,2018-1,2019-1,2018-1->2019-1,2,org.thoughtcrime.securesms.components.identity.UnverifiedBannerView,2,2,0,48,0,2,1,0.0,0.0,0.0,0.0,1.0,0,0,0,0,0.6931471805599453
Signal-Android,2018-1,2019-1,2018-1->2019-1,2,org.thoughtcrime.securesms.components.location.SignalMapView,0,0,0,50,0,0,1,0.0,0.0,0.0,0.0,2.0,0,0,0,0,1.0986122886681098
Signal-Android,2018-1,2019-1,2018-1->2019-1,2,org.thoughtcrime.securesms.components.registration.CallMeCountDownView,8,8,0,57,0,5,1,0.0,0.0,0.0,0.0,3.0,0,0,0,0,1.3862943611198906
Signal-Android,2018-1,2019-1,2018-1->2019-1,2,org.thoughtcrime.securesms.components.registration.PulsingFloatingActionButton,5,5,0,26,0,3,1,0.0,0.0,0.0,0.0,2.0,0,0,0,0,1.0986122886681098
Signal-Android,2018-1,2019-1,2018-1->2019-1,2,org.thoughtcrime.securesms.components.registration.VerificationCodeView,9,9,0,90,0,4,1,0.0,0.0,0.0,0.0,14.0,0,0,0,0,2.70805020110221
Signal-Android,2018-1,2019-1,2018-1->2019-1,2,org.thoughtcrime.securesms.components.registration.VerificationPinKeyboard,4,4,0,104,0,4,1,0.0,0.0,0.0,0.0,2.0,0,0,0,0,1.0986122886681098
Signal-Android,2018-1,2019-1,2018-1->2019-1,2,org.thoughtcrime.securesms.components.reminder.InviteReminder,0,0,0,13,0,0,1,0.0,0.0,0.0,0.0,1.0,0,0,0,0,0.6931471805599453
Signal-Android,2018-1,2019-1,2018-1->2019-1,2,org.thoughtcrime.securesms.components.reminder.OutdatedBuildReminder,2,2,0,25,0,1,1,0.0,0.0,0.0,0.0,1.0,0,0,0,0,0.6931471805599453
Signal-Android,2018-1,2019-1,2018-1->2019-1,2,org.thoughtcrime.securesms.components.reminder.Reminder,1,2,1,23,0,1,1,1.0,0.0,0.0,0.0,0.0,1,0,0,0,0.0
Signal-Android,2018-1,2019-1,2018-1->2019-1,2,org.thoughtcrime.securesms.components.reminder.ReminderView,4,4,0,43,0,4,1,0.0,0.0,0.0,0.0,2.0,0,0,0,0,1.0986122886681098
Signal-Android,2018-1,2019-1,2018-1->2019-1,2,org.thoughtcrime.securesms.components.reminder.ShareReminder,0,0,0,23,0,0,1,0.0,0.0,0.0,0.0,1.0,0,0,0,0,0.6931471805599453
Signal-Android,2018-1,2019-1,2018-1->2019-1,2,org.thoughtcrime.securesms.components.subsampling.AttachmentBitmapDecoder,0,1,1,18,0,0,1,0.0,0.0,0.0,0.0,0.0,0,0,0,0,0.0
Signal-Android,2018-1,2019-1,2018-1->2019-1,2,org.thoughtcrime.securesms.components.subsampling.AttachmentRegionDecoder,3,3,0,40,0,2,1,0.0,0.0,0.0,0.0,1.0,0,0,0,0,0.6931471805599453
Signal-Android,2018-1,2019-1,2018-1->2019-1,2,org.thoughtcrime.securesms.components.webrtc.PercentFrameLayout,15,15,0,66,0,7,1,0.0,0.0,0.0,0.0,6.0,0,0,0,0,1.9459101490553132
Signal-Android,2018-1,2019-1,2018-1->2019-1,2,org.thoughtcrime.securesms.components.webrtc.WebRtcAnswerDeclineButton,8,9,1,190,0,6,1,0.0,0.0,0.0,0.0,30.0,0,0,0,0,3.4339872044851463
Signal-Android,2018-1,2019-1,2018-1->2019-1,2,org.thoughtcrime.securesms.components.webrtc.WebRtcCallControls,17,19,2,111,0,10,1,0.0,0.0,0.0,0.0,5.0,0,0,0,0,1.791759469228055
Signal-Android,2018-1,2019-1,2018-1->2019-1,2,org.thoughtcrime.securesms.components.webrtc.WebRtcCallScreen,18,13,-5,188,0,8,1,0.0,0.0,0.0,0.0,23.0,0,0,0,0,3.1780538303479458
Signal-Android,2018-1,2019-1,2018-1->2019-1,2,org.thoughtcrime.securesms.contacts.ArrayListCursor,9,9,0,94,0,9,1,0.0,0.0,0.0,0.0,7.0,0,0,0,0,2.0794415416798357
Signal-Android,2018-1,2019-1,2018-1->2019-1,2,org.thoughtcrime.securesms.contacts.ContactAccessor,1,1,0,192,0,0,1,0.0,0.0,0.0,0.0,10.0,0,0,0,0,2.3978952727983707
Signal-Android,2018-1,2019-1,2018-1->2019-1,2,org.thoughtcrime.securesms.contacts.ContactIdentityManagerGingerbread,7,7,0,71,0,3,1,0.0,0.0,0.0,0.0,3.0,0,0,0,0,1.3862943611198906
Signal-Android,2018-1,2019-1,2018-1->2019-1,2,org.thoughtcrime.securesms.contacts.ContactIdentityManagerICS,1,1,0,43,0,1,1,0.0,0.0,0.0,0.0,2.0,0,0,0,0,1.0986122886681098
Signal-Android,2018-1,2019-1,2018-1->2019-1,2,org.thoughtcrime.securesms.contacts.ContactSelectionListAdapter,7,7,0,135,0,5,1,0.0,0.0,0.0,0.0,16.0,0,0,0,0,2.833213344056216
Signal-Android,2018-1,2019-1,2018-1->2019-1,2,org.thoughtcrime.securesms.contacts.ContactsCursorLoader,0,3,3,71,0,0,1,0.0,0.0,0.0,0.0,11.0,0,0,0,0,2.4849066497880004
Signal-Android,2018-1,2019-1,2018-1->2019-1,2,org.thoughtcrime.securesms.contacts.ContactsDatabase,0,0,0,370,0,0,1,0.0,0.0,0.0,0.0,91.0,0,0,0,0,4.5217885770490405
Signal-Android,2018-1,2019-1,2018-1->2019-1,2,org.thoughtcrime.securesms.contacts.RecipientsAdapter,0,0,0,72,0,0,1,0.0,0.0,0.0,0.0,7.0,0,0,0,0,2.0794415416798357
Signal-Android,2018-1,2019-1,2018-1->2019-1,2,org.thoughtcrime.securesms.contacts.RecipientsEditor,8,8,0,178,0,4,1,0.0,0.0,0.0,0.0,10.0,0,0,0,0,2.3978952727983707
Signal-Android,2018-1,2019-1,2018-1->2019-1,2,org.thoughtcrime.securesms.contacts.avatars.ContactColors,0,0,0,4,0,0,1,0.0,0.0,0.0,0.0,2.0,0,0,0,0,1.0986122886681098
Signal-Android,2018-1,2019-1,2018-1->2019-1,2,org.thoughtcrime.securesms.contacts.avatars.GeneratedContactPhoto,0,0,0,27,0,0,1,0.0,0.0,0.0,0.0,9.0,0,0,0,0,2.302585092994046
Signal-Android,2018-1,2019-1,2018-1->2019-1,2,org.thoughtcrime.securesms.contacts.avatars.GroupRecordContactPhoto,1,2,1,25,0,1,1,0.0,0.0,0.0,0.0,5.0,0,0,0,0,1.791759469228055
Signal-Android,2018-1,2019-1,2018-1->2019-1,2,org.thoughtcrime.securesms.contacts.avatars.ProfileContactPhoto,1,2,1,21,0,1,1,0.0,0.0,0.0,0.0,1.0,0,0,0,0,0.6931471805599453
Signal-Android,2018-1,2019-1,2018-1->2019-1,2,org.thoughtcrime.securesms.contacts.avatars.ResourceContactPhoto,2,2,0,31,0,2,1,0.0,0.0,0.0,0.0,3.0,0,0,0,0,1.3862943611198906
Signal-Android,2018-1,2019-1,2018-1->2019-1,2,org.thoughtcrime.securesms.contacts.avatars.SystemContactPhoto,1,2,1,24,0,1,1,0.0,0.0,0.0,0.0,3.0,0,0,0,0,1.3862943611198906
Signal-Android,2018-1,2019-1,2018-1->2019-1,2,org.thoughtcrime.securesms.contacts.avatars.TransparentContactPhoto,1,1,0,11,0,1,1,0.0,0.0,0.0,0.0,1.0,0,0,0,0,0.6931471805599453
Signal-Android,2018-1,2019-1,2018-1->2019-1,2,org.thoughtcrime.securesms.crypto.AsymmetricMasterCipher,6,6,0,53,0,3,1,0.0,0.0,0.0,0.0,5.0,0,0,0,0,1.791759469228055
Signal-Android,2018-1,2019-1,2018-1->2019-1,2,org.thoughtcrime.securesms.crypto.IdentityKeyParcelable,1,1,0,27,0,1,1,0.0,0.0,0.0,0.0,1.0,0,0,0,0,0.6931471805599453
Signal-Android,2018-1,2019-1,2018-1->2019-1,2,org.thoughtcrime.securesms.crypto.IdentityKeyUtil,0,0,0,67,0,0,1,0.0,0.0,0.0,0.0,16.0,0,0,0,0,2.833213344056216
Signal-Android,2018-1,2019-1,2018-1->2019-1,2,org.thoughtcrime.securesms.crypto.MasterCipher,4,4,0,101,0,2,1,0.0,0.0,0.0,0.0,1.0,0,0,0,0,0.6931471805599453
Signal-Android,2018-1,2019-1,2018-1->2019-1,2,org.thoughtcrime.securesms.crypto.MasterSecret,2,2,0,48,0,2,1,0.0,0.0,0.0,0.0,9.0,0,0,0,0,2.302585092994046
Signal-Android,2018-1,2019-1,2018-1->2019-1,2,org.thoughtcrime.securesms.crypto.MasterSecretUtil,5,5,0,208,0,0,1,0.0,0.0,0.0,0.0,36.0,0,0,0,0,3.6109179126442243
Signal-Android,2018-1,2019-1,2018-1->2019-1,2,org.thoughtcrime.securesms.crypto.PRNGFixes,21,21,0,145,0,1,1,0.0,0.0,0.0,0.0,14.0,0,0,0,0,2.70805020110221
Signal-Android,2018-1,2019-1,2018-1->2019-1,2,org.thoughtcrime.securesms.crypto.PreKeyUtil,0,0,0,121,0,0,1,0.0,0.0,0.0,0.0,10.0,0,0,0,0,2.3978952727983707
Signal-Android,2018-1,2019-1,2018-1->2019-1,2,org.thoughtcrime.securesms.crypto.ProfileKeyUtil,0,0,0,12,0,0,1,0.0,0.0,0.0,0.0,0.0,0,0,0,0,0.0
Signal-Android,2018-1,2019-1,2018-1->2019-1,2,org.thoughtcrime.securesms.crypto.PublicKey,10,10,0,40,0,8,1,0.0,0.0,0.0,0.0,1.0,0,0,0,0,0.6931471805599453
Signal-Android,2018-1,2019-1,2018-1->2019-1,2,org.thoughtcrime.securesms.crypto.SecurityEvent,0,0,0,6,0,0,1,0.0,0.0,0.0,0.0,0.0,0,0,0,0,0.0
Signal-Android,2018-1,2019-1,2018-1->2019-1,2,org.thoughtcrime.securesms.crypto.SessionUtil,0,0,0,20,0,0,1,0.0,0.0,0.0,0.0,2.0,0,0,0,0,1.0986122886681098
Signal-Android,2018-1,2019-1,2018-1->2019-1,2,org.thoughtcrime.securesms.crypto.storage.SignalProtocolStoreImpl,5,5,0,67,0,5,1,0.0,0.0,0.0,0.0,0.0,0,0,0,0,0.0
Signal-Android,2018-1,2019-1,2018-1->2019-1,2,org.thoughtcrime.securesms.crypto.storage.TextSecureIdentityKeyStore,1,1,0,72,0,1,1,0.0,0.0,0.0,0.0,14.0,0,0,0,0,2.70805020110221
Signal-Android,2018-1,2019-1,2018-1->2019-1,2,org.thoughtcrime.securesms.crypto.storage.TextSecurePreKeyStore,9,4,-5,141,0,5,1,0.0,0.0,0.0,0.0,10.0,0,0,0,0,2.3978952727983707
Signal-Android,2018-1,2019-1,2018-1->2019-1,2,org.thoughtcrime.securesms.crypto.storage.TextSecureSessionStore,8,2,-6,138,0,2,1,0.0,0.0,0.0,0.0,15.0,0,0,0,0,2.772588722239781
Signal-Android,2018-1,2019-1,2018-1->2019-1,2,org.thoughtcrime.securesms.database.Address,7,7,0,132,0,7,1,0.0,0.0,0.0,0.0,15.0,0,0,0,0,2.772588722239781
Signal-Android,2018-1,2019-1,2018-1->2019-1,2,org.thoughtcrime.securesms.database.ApnDatabase,0,0,0,98,0,0,1,0.0,0.0,0.0,0.0,2.0,0,0,0,0,1.0986122886681098
Signal-Android,2018-1,2019-1,2018-1->2019-1,2,org.thoughtcrime.securesms.database.AttachmentDatabase,8,6,-2,389,0,2,1,0.0,0.0,0.0,0.0,46.0,0,0,0,0,3.8501476017100584
Signal-Android,2018-1,2019-1,2018-1->2019-1,2,org.thoughtcrime.securesms.database.Database,2,3,1,22,0,2,1,0.0,0.0,0.0,0.0,2.0,0,0,0,0,1.0986122886681098
Signal-Android,2018-1,2019-1,2018-1->2019-1,2,org.thoughtcrime.securesms.database.DatabaseFactory,0,0,0,1027,0,0,1,0.0,2.0,0.0,0.0,78.0,0,1,0,0,4.3694478524670215
Signal-Android,2018-1,2019-1,2018-1->2019-1,2,org.thoughtcrime.securesms.database.DraftDatabase,2,2,0,97,0,2,1,1.0,0.0,0.0,0.0,3.0,1,0,0,0,1.3862943611198906
Signal-Android,2018-1,2019-1,2018-1->2019-1,2,org.thoughtcrime.securesms.database.EarlyReceiptCache,0,0,0,20,0,0,1,0.0,0.0,0.0,0.0,1.0,0,0,0,0,0.6931471805599453
Signal-Android,2018-1,2019-1,2018-1->2019-1,2,org.thoughtcrime.securesms.database.GroupDatabase,3,3,0,267,0,2,1,1.0,0.0,1.0,0.0,11.0,1,0,1,0,2.4849066497880004
Signal-Android,2018-1,2019-1,2018-1->2019-1,2,org.thoughtcrime.securesms.database.GroupReceiptDatabase,2,2,0,63,0,2,1,0.0,0.0,0.0,0.0,1.0,0,0,0,0,0.6931471805599453
Signal-Android,2018-1,2019-1,2018-1->2019-1,2,org.thoughtcrime.securesms.database.IdentityDatabase,0,0,0,132,0,0,1,1.0,0.0,0.0,0.0,5.0,1,0,0,0,1.791759469228055
Signal-Android,2018-1,2019-1,2018-1->2019-1,2,org.thoughtcrime.securesms.database.MediaDatabase,0,0,0,76,0,0,1,0.0,0.0,0.0,0.0,2.0,0,0,0,0,1.0986122886681098
Signal-Android,2018-1,2019-1,2018-1->2019-1,2,org.thoughtcrime.securesms.database.MessagingDatabase,3,4,1,144,0,3,1,1.0,0.0,0.0,0.0,8.0,1,0,0,0,2.1972245773362196
Signal-Android,2018-1,2019-1,2018-1->2019-1,2,org.thoughtcrime.securesms.database.MmsDatabase,34,44,10,796,0,22,1,1.0,0.0,0.0,0.0,90.0,1,0,0,0,4.51085950651685
Signal-Android,2018-1,2019-1,2018-1->2019-1,2,org.thoughtcrime.securesms.database.MmsSmsColumns,0,0,0,158,0,0,1,0.0,0.0,0.0,0.0,0.0,0,0,0,0,0.0
Signal-Android,2018-1,2019-1,2018-1->2019-1,2,org.thoughtcrime.securesms.database.MmsSmsDatabase,4,7,3,262,0,2,1,0.0,1.0,0.0,0.0,14.0,0,1,0,0,2.70805020110221
Signal-Android,2018-1,2019-1,2018-1->2019-1,2,org.thoughtcrime.securesms.database.PushDatabase,1,1,0,97,0,1,1,0.0,0.0,0.0,0.0,3.0,0,0,0,0,1.3862943611198906
Signal-Android,2018-1,2019-1,2018-1->2019-1,2,org.thoughtcrime.securesms.database.RecipientDatabase,1,5,4,381,0,1,1,1.0,0.0,1.0,0.0,19.0,1,0,1,0,2.995732273553991
Signal-Android,2018-1,2019-1,2018-1->2019-1,2,org.thoughtcrime.securesms.database.SmsDatabase,39,43,4,542,0,28,1,0.0,0.0,0.0,0.0,66.0,0,0,0,0,4.204692619390966
Signal-Android,2018-1,2019-1,2018-1->2019-1,2,org.thoughtcrime.securesms.database.SmsMigrator,0,0,0,163,0,0,1,0.0,0.0,0.0,0.0,18.0,0,0,0,0,2.9444389791664403
Signal-Android,2018-1,2019-1,2018-1->2019-1,2,org.thoughtcrime.securesms.database.ThreadDatabase,35,35,0,450,0,16,1,0.0,0.0,1.0,0.0,41.0,0,0,1,0,3.7376696182833684
Signal-Android,2018-1,2019-1,2018-1->2019-1,2,org.thoughtcrime.securesms.database.XmlBackup,17,17,0,154,0,1,1,1.0,0.0,1.0,0.0,19.0,1,0,1,0,2.995732273553991
Signal-Android,2018-1,2019-1,2018-1->2019-1,2,org.thoughtcrime.securesms.database.documents.IdentityKeyMismatch,2,2,0,40,0,2,1,0.0,0.0,0.0,0.0,2.0,0,0,0,0,1.0986122886681098
Signal-Android,2018-1,2019-1,2018-1->2019-1,2,org.thoughtcrime.securesms.database.documents.IdentityKeyMismatchList,3,3,0,15,0,2,1,0.0,0.0,0.0,0.0,0.0,0,0,0,0,0.0
Signal-Android,2018-1,2019-1,2018-1->2019-1,2,org.thoughtcrime.securesms.database.documents.NetworkFailure,2,2,0,17,0,2,1,0.0,0.0,0.0,0.0,0.0,0,0,0,0,0.0
Signal-Android,2018-1,2019-1,2018-1->2019-1,2,org.thoughtcrime.securesms.database.documents.NetworkFailureList,3,3,0,15,0,2,1,0.0,0.0,0.0,0.0,0.0,0,0,0,0,0.0
Signal-Android,2018-1,2019-1,2018-1->2019-1,2,org.thoughtcrime.securesms.database.identity.IdentityRecordList,10,10,0,51,0,4,1,0.0,0.0,0.0,0.0,1.0,0,0,0,0,0.6931471805599453
Signal-Android,2018-1,2019-1,2018-1->2019-1,2,org.thoughtcrime.securesms.database.loaders.BlockedContactsLoader,0,0,0,7,0,0,1,0.0,0.0,0.0,0.0,1.0,0,0,0,0,0.6931471805599453
Signal-Android,2018-1,2019-1,2018-1->2019-1,2,org.thoughtcrime.securesms.database.loaders.BucketedThreadMediaLoader,6,7,1,113,0,3,1,0.0,0.0,0.0,0.0,31.0,0,0,0,0,3.4657359027997265
Signal-Android,2018-1,2019-1,2018-1->2019-1,2,org.thoughtcrime.securesms.database.loaders.ConversationListLoader,0,0,0,41,0,0,1,0.0,0.0,0.0,0.0,7.0,0,0,0,0,2.0794415416798357
Signal-Android,2018-1,2019-1,2018-1->2019-1,2,org.thoughtcrime.securesms.database.loaders.ConversationLoader,3,5,2,24,0,3,1,0.0,0.0,0.0,0.0,2.0,0,0,0,0,1.0986122886681098
Signal-Android,2018-1,2019-1,2018-1->2019-1,2,org.thoughtcrime.securesms.database.loaders.CountryListLoader,0,0,0,18,0,0,1,0.0,0.0,0.0,0.0,4.0,0,0,0,0,1.6094379124341003
Signal-Android,2018-1,2019-1,2018-1->2019-1,2,org.thoughtcrime.securesms.database.loaders.DeviceListLoader,0,0,0,25,0,0,1,0.0,0.0,0.0,0.0,2.0,0,0,0,0,1.0986122886681098
Signal-Android,2018-1,2019-1,2018-1->2019-1,2,org.thoughtcrime.securesms.database.loaders.MessageDetailsLoader,0,0,0,16,0,0,1,0.0,0.0,0.0,0.0,2.0,0,0,0,0,1.0986122886681098
Signal-Android,2018-1,2019-1,2018-1->2019-1,2,org.thoughtcrime.securesms.database.loaders.PagingMediaLoader,0,0,0,20,0,0,1,0.0,0.0,0.0,0.0,3.0,0,0,0,0,1.3862943611198906
Signal-Android,2018-1,2019-1,2018-1->2019-1,2,org.thoughtcrime.securesms.database.loaders.RecentPhotosLoader,0,0,0,21,0,0,1,0.0,0.0,0.0,1.0,1.0,0,0,0,1,0.6931471805599453
Signal-Android,2018-1,2019-1,2018-1->2019-1,2,org.thoughtcrime.securesms.database.loaders.ThreadMediaLoader,0,0,0,18,0,0,1,0.0,0.0,0.0,0.0,3.0,0,0,0,0,1.3862943611198906
Signal-Android,2018-1,2019-1,2018-1->2019-1,2,org.thoughtcrime.securesms.database.model.DisplayRecord,25,24,-1,93,0,25,1,0.0,0.0,1.0,0.0,19.0,0,0,1,0,2.995732273553991
Signal-Android,2018-1,2019-1,2018-1->2019-1,2,org.thoughtcrime.securesms.database.model.MediaMmsMessageRecord,2,2,0,38,0,2,1,0.0,0.0,1.0,0.0,5.0,0,0,1,0,1.791759469228055
Signal-Android,2018-1,2019-1,2018-1->2019-1,2,org.thoughtcrime.securesms.database.model.MessageRecord,27,28,1,127,0,25,1,0.0,0.0,1.0,0.0,31.0,0,0,1,0,3.4657359027997265
Signal-Android,2018-1,2019-1,2018-1->2019-1,2,org.thoughtcrime.securesms.database.model.MmsMessageRecord,6,6,0,24,0,3,1,0.0,0.0,1.0,0.0,1.0,0,0,1,0,0.6931471805599453
Signal-Android,2018-1,2019-1,2018-1->2019-1,2,org.thoughtcrime.securesms.database.model.NotificationMmsMessageRecord,10,10,0,54,0,10,1,0.0,0.0,1.0,0.0,0.0,0,0,1,0,0.0
Signal-Android,2018-1,2019-1,2018-1->2019-1,2,org.thoughtcrime.securesms.database.model.SmsMessageRecord,3,3,0,53,0,3,1,0.0,0.0,1.0,0.0,7.0,0,0,1,0,2.0794415416798357
Signal-Android,2018-1,2019-1,2018-1->2019-1,2,org.thoughtcrime.securesms.database.model.ThreadRecord,7,7,0,92,0,7,1,1.0,0.0,1.0,0.0,22.0,1,0,1,0,3.1354942159291497
Signal-Android,2018-1,2019-1,2018-1->2019-1,2,org.thoughtcrime.securesms.dependencies.SignalCommunicationModule,0,0,0,93,0,0,1,0.0,0.0,0.0,0.0,0.0,0,0,0,0,0.0
Signal-Android,2018-1,2019-1,2018-1->2019-1,2,org.thoughtcrime.securesms.events.WebRtcViewModel,5,4,-1,53,0,5,1,1.0,0.0,0.0,0.0,0.0,1,0,0,0,0.0
Signal-Android,2018-1,2019-1,2018-1->2019-1,2,org.thoughtcrime.securesms.gcm.GcmBroadcastReceiver,0,3,3,22,0,0,1,0.0,0.0,0.0,0.0,2.0,0,0,0,0,1.0986122886681098
Signal-Android,2018-1,2019-1,2018-1->2019-1,2,org.thoughtcrime.securesms.giph.model.GiphyPaddedUrl,2,2,0,22,0,2,1,0.0,0.0,0.0,0.0,0.0,0,0,0,0,0.0
Signal-Android,2018-1,2019-1,2018-1->2019-1,2,org.thoughtcrime.securesms.giph.net.GiphyLoader,0,0,0,30,0,0,1,0.0,0.0,0.0,1.0,5.0,0,0,0,1,1.791759469228055
Signal-Android,2018-1,2019-1,2018-1->2019-1,2,org.thoughtcrime.securesms.giph.net.GiphyProxySelector,3,3,0,34,0,2,1,0.0,0.0,0.0,0.0,3.0,0,0,0,0,1.3862943611198906
Signal-Android,2018-1,2019-1,2018-1->2019-1,2,org.thoughtcrime.securesms.giph.ui.GiphyActivity,4,4,0,92,0,4,1,0.0,0.0,0.0,0.0,9.0,0,0,0,0,2.302585092994046
Signal-Android,2018-1,2019-1,2018-1->2019-1,2,org.thoughtcrime.securesms.giph.ui.GiphyActivityToolbar,6,6,0,107,0,5,1,0.0,0.0,0.0,0.0,5.0,0,0,0,0,1.791759469228055
Signal-Android,2018-1,2019-1,2018-1->2019-1,2,org.thoughtcrime.securesms.giph.ui.GiphyAdapter,5,5,0,96,0,4,1,0.0,0.0,0.0,0.0,8.0,0,0,0,0,2.1972245773362196
Signal-Android,2018-1,2019-1,2018-1->2019-1,2,org.thoughtcrime.securesms.giph.ui.GiphyFragment,2,2,0,61,0,1,1,0.0,0.0,0.0,0.0,2.0,0,0,0,0,1.0986122886681098
Signal-Android,2018-1,2019-1,2018-1->2019-1,2,org.thoughtcrime.securesms.giph.util.InfiniteScrollListener,1,1,0,24,0,1,1,0.0,0.0,0.0,1.0,2.0,0,0,0,1,1.0986122886681098
Signal-Android,2018-1,2019-1,2018-1->2019-1,2,org.thoughtcrime.securesms.giph.util.RecyclerViewPositionHelper,10,10,0,48,0,5,1,0.0,0.0,0.0,0.0,2.0,0,0,0,0,1.0986122886681098
Signal-Android,2018-1,2019-1,2018-1->2019-1,2,org.thoughtcrime.securesms.glide.GiphyPaddedUrlFetcher,11,11,0,156,0,2,1,0.0,0.0,0.0,0.0,10.0,0,0,0,0,2.3978952727983707
Signal-Android,2018-1,2019-1,2018-1->2019-1,2,org.thoughtcrime.securesms.glide.OkHttpStreamFetcher,5,5,0,45,0,2,1,0.0,0.0,0.0,0.0,5.0,0,0,0,0,1.791759469228055
Signal-Android,2018-1,2019-1,2018-1->2019-1,2,org.thoughtcrime.securesms.groups.GroupManager,0,0,0,83,0,0,1,0.0,0.0,0.0,0.0,6.0,0,0,0,0,1.9459101490553132
Signal-Android,2018-1,2019-1,2018-1->2019-1,2,org.thoughtcrime.securesms.groups.GroupMessageProcessor,0,0,0,149,0,0,1,0.0,0.0,0.0,0.0,54.0,0,0,0,0,4.007333185232471
Signal-Android,2018-1,2019-1,2018-1->2019-1,2,org.thoughtcrime.securesms.jobs.AttachmentDownloadJob,2,10,8,112,0,2,1,0.0,0.0,0.0,0.0,2.0,0,0,0,0,1.0986122886681098
Signal-Android,2018-1,2019-1,2018-1->2019-1,2,org.thoughtcrime.securesms.jobs.AvatarDownloadJob,2,8,6,51,0,2,1,0.0,0.0,0.0,0.0,8.0,0,0,0,0,2.1972245773362196
Signal-Android,2018-1,2019-1,2018-1->2019-1,2,org.thoughtcrime.securesms.jobs.CleanPreKeysJob,2,7,5,58,0,2,1,0.0,0.0,0.0,0.0,1.0,0,0,0,0,0.6931471805599453
Signal-Android,2018-1,2019-1,2018-1->2019-1,2,org.thoughtcrime.securesms.jobs.CreateSignedPreKeyJob,2,4,2,31,0,2,1,0.0,0.0,0.0,0.0,0.0,0,0,0,0,0.0
Signal-Android,2018-1,2019-1,2018-1->2019-1,2,org.thoughtcrime.securesms.jobs.DirectoryRefreshJob,5,3,-2,38,0,3,1,0.0,0.0,0.0,0.0,1.0,0,0,0,0,0.6931471805599453
Signal-Android,2018-1,2019-1,2018-1->2019-1,2,org.thoughtcrime.securesms.jobs.GcmRefreshJob,6,5,-1,45,0,4,1,0.0,0.0,0.0,0.0,1.0,0,0,0,0,0.6931471805599453
Signal-Android,2018-1,2019-1,2018-1->2019-1,2,org.thoughtcrime.securesms.jobs.MmsDownloadJob,5,21,16,137,0,2,1,0.0,0.0,0.0,0.0,23.0,0,0,0,0,3.1780538303479458
Signal-Android,2018-1,2019-1,2018-1->2019-1,2,org.thoughtcrime.securesms.jobs.MmsReceiveJob,8,7,-1,48,0,3,1,0.0,0.0,0.0,0.0,3.0,0,0,0,0,1.3862943611198906
Signal-Android,2018-1,2019-1,2018-1->2019-1,2,org.thoughtcrime.securesms.jobs.MmsSendJob,2,5,3,163,0,2,1,0.0,1.0,0.0,0.0,26.0,0,1,0,0,3.295836866004329
Signal-Android,2018-1,2019-1,2018-1->2019-1,2,org.thoughtcrime.securesms.jobs.MultiDeviceBlockedUpdateJob,2,5,3,30,0,2,1,0.0,0.0,0.0,0.0,2.0,0,0,0,0,1.0986122886681098
Signal-Android,2018-1,2019-1,2018-1->2019-1,2,org.thoughtcrime.securesms.jobs.MultiDeviceContactUpdateJob,8,14,6,148,0,3,1,0.0,0.0,0.0,0.0,22.0,0,0,0,0,3.1354942159291497
Signal-Android,2018-1,2019-1,2018-1->2019-1,2,org.thoughtcrime.securesms.jobs.MultiDeviceGroupUpdateJob,2,11,9,63,0,2,1,0.0,0.0,0.0,0.0,2.0,0,0,0,0,1.0986122886681098
Signal-Android,2018-1,2019-1,2018-1->2019-1,2,org.thoughtcrime.securesms.jobs.MultiDeviceProfileKeyUpdateJob,2,3,1,41,0,2,1,0.0,0.0,0.0,0.0,1.0,0,0,0,0,0.6931471805599453
Signal-Android,2018-1,2019-1,2018-1->2019-1,2,org.thoughtcrime.securesms.jobs.MultiDeviceVerifiedUpdateJob,6,5,-1,49,0,3,1,0.0,0.0,0.0,0.0,1.0,0,0,0,0,0.6931471805599453
Signal-Android,2018-1,2019-1,2018-1->2019-1,2,org.thoughtcrime.securesms.jobs.PushDecryptJob,6,6,0,523,0,3,1,0.0,0.0,0.0,0.0,206.0,0,0,0,0,5.332718793265369
Signal-Android,2018-1,2019-1,2018-1->2019-1,2,org.thoughtcrime.securesms.jobs.PushGroupSendJob,2,21,19,105,0,2,1,0.0,0.0,0.0,0.0,19.0,0,0,0,0,2.995732273553991
Signal-Android,2018-1,2019-1,2018-1->2019-1,2,org.thoughtcrime.securesms.jobs.PushGroupUpdateJob,6,5,-1,50,0,3,1,0.0,0.0,0.0,0.0,8.0,0,0,0,0,2.1972245773362196
Signal-Android,2018-1,2019-1,2018-1->2019-1,2,org.thoughtcrime.securesms.jobs.PushMediaSendJob,2,16,14,71,0,2,1,0.0,0.0,0.0,0.0,4.0,0,0,0,0,1.6094379124341003
Signal-Android,2018-1,2019-1,2018-1->2019-1,2,org.thoughtcrime.securesms.jobs.PushReceivedJob,0,0,0,30,0,0,1,0.0,0.0,0.0,0.0,5.0,0,0,0,0,1.791759469228055
Signal-Android,2018-1,2019-1,2018-1->2019-1,2,org.thoughtcrime.securesms.jobs.PushSendJob,0,9,9,54,0,0,1,0.0,0.0,0.0,0.0,4.0,0,0,0,0,1.6094379124341003
Signal-Android,2018-1,2019-1,2018-1->2019-1,2,org.thoughtcrime.securesms.jobs.PushTextSendJob,4,18,14,62,0,2,1,0.0,0.0,0.0,0.0,7.0,0,0,0,0,2.0794415416798357
Signal-Android,2018-1,2019-1,2018-1->2019-1,2,org.thoughtcrime.securesms.jobs.RefreshPreKeysJob,2,5,3,37,0,2,1,0.0,0.0,0.0,0.0,2.0,0,0,0,0,1.0986122886681098
Signal-Android,2018-1,2019-1,2018-1->2019-1,2,org.thoughtcrime.securesms.jobs.RetrieveProfileAvatarJob,7,6,-1,46,0,3,1,0.0,0.0,0.0,0.0,4.0,0,0,0,0,1.6094379124341003
Signal-Android,2018-1,2019-1,2018-1->2019-1,2,org.thoughtcrime.securesms.jobs.RetrieveProfileJob,5,4,-1,75,0,3,1,0.0,0.0,0.0,0.0,10.0,0,0,0,0,2.3978952727983707
Signal-Android,2018-1,2019-1,2018-1->2019-1,2,org.thoughtcrime.securesms.jobs.RotateSignedPreKeyJob,2,2,0,29,0,2,1,0.0,0.0,0.0,0.0,1.0,0,0,0,0,0.6931471805599453
Signal-Android,2018-1,2019-1,2018-1->2019-1,2,org.thoughtcrime.securesms.jobs.SendJob,0,3,3,34,0,0,1,0.0,0.0,0.0,0.0,0.0,0,0,0,0,0.0
Signal-Android,2018-1,2019-1,2018-1->2019-1,2,org.thoughtcrime.securesms.jobs.SendReadReceiptJob,4,3,-1,30,0,3,1,0.0,0.0,0.0,0.0,0.0,0,0,0,0,0.0
Signal-Android,2018-1,2019-1,2018-1->2019-1,2,org.thoughtcrime.securesms.jobs.SmsReceiveJob,8,6,-2,60,0,3,1,0.0,0.0,0.0,0.0,9.0,0,0,0,0,2.302585092994046
Signal-Android,2018-1,2019-1,2018-1->2019-1,2,org.thoughtcrime.securesms.jobs.SmsSendJob,2,12,10,108,0,2,1,0.0,0.0,0.0,0.0,10.0,0,0,0,0,2.3978952727983707
Signal-Android,2018-1,2019-1,2018-1->2019-1,2,org.thoughtcrime.securesms.jobs.SmsSentJob,3,10,7,52,0,3,1,0.0,0.0,0.0,0.0,6.0,0,0,0,0,1.9459101490553132
Signal-Android,2018-1,2019-1,2018-1->2019-1,2,org.thoughtcrime.securesms.jobs.TrimThreadJob,4,3,-1,23,0,3,1,0.0,0.0,0.0,0.0,1.0,0,0,0,0,0.6931471805599453
Signal-Android,2018-1,2019-1,2018-1->2019-1,2,org.thoughtcrime.securesms.jobs.UpdateApkJob,12,11,-1,135,1,6,1,0.0,0.0,0.0,0.0,16.0,0,0,0,0,2.833213344056216
Signal-Android,2018-1,2019-1,2018-1->2019-1,2,org.thoughtcrime.securesms.jobs.requirements.MasterSecretRequirementProvider,0,0,0,15,0,0,1,0.0,0.0,0.0,0.0,0.0,0,0,0,0,0.0
Signal-Android,2018-1,2019-1,2018-1->2019-1,2,org.thoughtcrime.securesms.mms.AttachmentManager,5,5,0,313,0,3,1,0.0,1.0,0.0,0.0,47.0,0,1,0,0,3.871201010907891
Signal-Android,2018-1,2019-1,2018-1->2019-1,2,org.thoughtcrime.securesms.mms.AttachmentStreamUriLoader,1,1,0,37,0,1,1,0.0,0.0,0.0,0.0,1.0,0,0,0,0,0.6931471805599453
Signal-Android,2018-1,2019-1,2018-1->2019-1,2,org.thoughtcrime.securesms.mms.CompatMmsConnection,0,0,0,53,0,0,1,0.0,0.0,0.0,0.0,0.0,0,0,0,0,0.0
Signal-Android,2018-1,2019-1,2018-1->2019-1,2,org.thoughtcrime.securesms.mms.ContactPhotoLocalUriFetcher,0,0,0,11,0,0,1,0.0,0.0,0.0,0.0,2.0,0,0,0,0,1.0986122886681098
Signal-Android,2018-1,2019-1,2018-1->2019-1,2,org.thoughtcrime.securesms.mms.DecryptableStreamLocalUriFetcher,0,0,0,21,0,0,1,0.0,0.0,0.0,0.0,1.0,0,0,0,0,0.6931471805599453
Signal-Android,2018-1,2019-1,2018-1->2019-1,2,org.thoughtcrime.securesms.mms.DecryptableStreamUriLoader,1,1,0,38,0,1,1,0.0,0.0,0.0,0.0,1.0,0,0,0,0,0.6931471805599453
Signal-Android,2018-1,2019-1,2018-1->2019-1,2,org.thoughtcrime.securesms.mms.IncomingLegacyMmsConnection,2,2,0,68,0,1,1,0.0,0.0,0.0,0.0,4.0,0,0,0,0,1.6094379124341003
Signal-Android,2018-1,2019-1,2018-1->2019-1,2,org.thoughtcrime.securesms.mms.IncomingLollipopMmsConnection,0,3,3,41,0,0,1,0.0,0.0,0.0,0.0,5.0,0,0,0,0,1.791759469228055
Signal-Android,2018-1,2019-1,2018-1->2019-1,2,org.thoughtcrime.securesms.mms.IncomingMediaMessage,6,7,1,67,0,6,1,1.0,0.0,1.0,0.0,0.0,1,0,1,0,0.0
Signal-Android,2018-1,2019-1,2018-1->2019-1,2,org.thoughtcrime.securesms.mms.LegacyMmsConnection,1,1,0,159,0,1,1,1.0,0.0,0.0,1.0,16.0,1,0,0,1,2.833213344056216
Signal-Android,2018-1,2019-1,2018-1->2019-1,2,org.thoughtcrime.securesms.mms.LollipopMmsConnection,5,5,0,34,0,3,1,0.0,0.0,0.0,0.0,2.0,0,0,0,0,1.0986122886681098
Signal-Android,2018-1,2019-1,2018-1->2019-1,2,org.thoughtcrime.securesms.mms.MmsConfigManager,0,0,0,19,0,0,1,0.0,0.0,0.0,0.0,3.0,0,0,0,0,1.3862943611198906
Signal-Android,2018-1,2019-1,2018-1->2019-1,2,org.thoughtcrime.securesms.mms.MmsRadio,24,24,0,95,0,6,1,0.0,0.0,0.0,0.0,8.0,0,0,0,0,2.1972245773362196
Signal-Android,2018-1,2019-1,2018-1->2019-1,2,org.thoughtcrime.securesms.mms.OutgoingGroupMediaMessage,3,3,0,30,0,3,1,0.0,0.0,0.0,0.0,2.0,0,0,0,0,1.0986122886681098
Signal-Android,2018-1,2019-1,2018-1->2019-1,2,org.thoughtcrime.securesms.mms.OutgoingLegacyMmsConnection,8,8,0,80,0,2,1,0.0,0.0,0.0,0.0,6.0,0,0,0,0,1.9459101490553132
Signal-Android,2018-1,2019-1,2018-1->2019-1,2,org.thoughtcrime.securesms.mms.OutgoingLollipopMmsConnection,0,0,0,47,0,0,1,0.0,0.0,0.0,0.0,4.0,0,0,0,0,1.6094379124341003
Signal-Android,2018-1,2019-1,2018-1->2019-1,2,org.thoughtcrime.securesms.mms.OutgoingMediaMessage,8,8,0,60,0,8,1,1.0,0.0,0.0,0.0,0.0,1,0,0,0,0.0
Signal-Android,2018-1,2019-1,2018-1->2019-1,2,org.thoughtcrime.securesms.mms.PartAuthority,0,0,0,86,0,0,1,0.0,0.0,0.0,0.0,3.0,0,0,0,0,1.3862943611198906
Signal-Android,2018-1,2019-1,2018-1->2019-1,2,org.thoughtcrime.securesms.mms.PartParser,0,0,0,41,0,0,1,0.0,0.0,0.0,0.0,5.0,0,0,0,0,1.791759469228055
Signal-Android,2018-1,2019-1,2018-1->2019-1,2,org.thoughtcrime.securesms.mms.PartUriParser,2,2,0,10,0,2,1,0.0,0.0,0.0,0.0,1.0,0,0,0,0,0.6931471805599453
Signal-Android,2018-1,2019-1,2018-1->2019-1,2,org.thoughtcrime.securesms.mms.Slide,12,12,0,80,0,12,1,0.0,0.0,0.0,0.0,9.0,0,0,0,0,2.302585092994046
Signal-Android,2018-1,2019-1,2018-1->2019-1,2,org.thoughtcrime.securesms.mms.SlideDeck,8,8,0,50,0,3,1,0.0,0.0,0.0,0.0,2.0,0,0,0,0,1.0986122886681098
Signal-Android,2018-1,2019-1,2018-1->2019-1,2,org.thoughtcrime.securesms.mms.TextTransport,2,2,0,5,0,2,1,0.0,0.0,0.0,0.0,1.0,0,0,0,0,0.6931471805599453
Signal-Android,2018-1,2019-1,2018-1->2019-1,2,org.thoughtcrime.securesms.notifications.AbstractNotificationBuilder,2,2,0,44,0,1,1,0.0,0.0,0.0,0.0,4.0,0,0,0,0,1.6094379124341003
Signal-Android,2018-1,2019-1,2018-1->2019-1,2,org.thoughtcrime.securesms.notifications.AndroidAutoHeardReceiver,0,0,0,26,0,0,1,0.0,0.0,0.0,0.0,2.0,0,0,0,0,1.0986122886681098
Signal-Android,2018-1,2019-1,2018-1->2019-1,2,org.thoughtcrime.securesms.notifications.AndroidAutoReplyReceiver,0,0,0,41,0,0,1,0.0,0.0,0.0,0.0,2.0,0,0,0,0,1.0986122886681098
Signal-Android,2018-1,2019-1,2018-1->2019-1,2,org.thoughtcrime.securesms.notifications.DeleteNotificationReceiver,0,0,0,19,0,0,1,0.0,0.0,0.0,3.0,2.0,0,0,0,1,1.0986122886681098
Signal-Android,2018-1,2019-1,2018-1->2019-1,2,org.thoughtcrime.securesms.notifications.MarkReadReceiver,0,0,0,47,0,0,1,0.0,0.0,0.0,0.0,10.0,0,0,0,0,2.3978952727983707
Signal-Android,2018-1,2019-1,2018-1->2019-1,2,org.thoughtcrime.securesms.notifications.MessageNotifier,3,3,0,320,0,0,1,0.0,0.0,0.0,0.0,72.0,0,0,0,0,4.290459441148391
Signal-Android,2018-1,2019-1,2018-1->2019-1,2,org.thoughtcrime.securesms.notifications.MultipleRecipientNotificationBuilder,1,1,0,41,0,1,1,0.0,0.0,0.0,0.0,1.0,0,0,0,0,0.6931471805599453
Signal-Android,2018-1,2019-1,2018-1->2019-1,2,org.thoughtcrime.securesms.notifications.NotificationItem,4,4,0,50,0,4,1,1.0,0.0,0.0,0.0,3.0,1,0,0,0,1.3862943611198906
Signal-Android,2018-1,2019-1,2018-1->2019-1,2,org.thoughtcrime.securesms.notifications.NotificationState,4,4,0,105,0,4,1,0.0,0.0,0.0,0.0,4.0,0,0,0,0,1.6094379124341003
Signal-Android,2018-1,2019-1,2018-1->2019-1,2,org.thoughtcrime.securesms.notifications.RemoteReplyReceiver,0,0,0,31,0,0,1,0.0,0.0,0.0,0.0,6.0,0,0,0,0,1.9459101490553132
Signal-Android,2018-1,2019-1,2018-1->2019-1,2,org.thoughtcrime.securesms.notifications.SingleRecipientNotificationBuilder,1,1,0,161,0,1,1,0.0,0.0,0.0,0.0,18.0,0,0,0,0,2.9444389791664403
Signal-Android,2018-1,2019-1,2018-1->2019-1,2,org.thoughtcrime.securesms.permissions.Permissions,0,0,0,182,0,0,1,0.0,0.0,0.0,0.0,5.0,0,0,0,0,1.791759469228055
Signal-Android,2018-1,2019-1,2018-1->2019-1,2,org.thoughtcrime.securesms.permissions.PermissionsRequest,0,0,0,51,0,0,1,0.0,0.0,0.0,0.0,0.0,0,0,0,0,0.0
Signal-Android,2018-1,2019-1,2018-1->2019-1,2,org.thoughtcrime.securesms.permissions.RationaleDialog,0,0,0,21,0,0,1,0.0,0.0,0.0,0.0,5.0,0,0,0,0,1.791759469228055
Signal-Android,2018-1,2019-1,2018-1->2019-1,2,org.thoughtcrime.securesms.preferences.AdvancedPreferenceFragment,6,6,0,134,0,3,1,0.0,0.0,0.0,0.0,8.0,0,0,0,0,2.1972245773362196
Signal-Android,2018-1,2019-1,2018-1->2019-1,2,org.thoughtcrime.securesms.preferences.AppProtectionPreferenceFragment,5,9,4,121,0,3,1,0.0,0.0,0.0,0.0,9.0,0,0,0,0,2.302585092994046
Signal-Android,2018-1,2019-1,2018-1->2019-1,2,org.thoughtcrime.securesms.preferences.AppearancePreferenceFragment,3,3,0,35,0,3,1,0.0,0.0,0.0,0.0,6.0,0,0,0,0,1.9459101490553132
Signal-Android,2018-1,2019-1,2018-1->2019-1,2,org.thoughtcrime.securesms.preferences.ChatsPreferenceFragment,2,4,2,84,0,2,1,0.0,0.0,0.0,0.0,8.0,0,0,0,0,2.1972245773362196
Signal-Android,2018-1,2019-1,2018-1->2019-1,2,org.thoughtcrime.securesms.preferences.CorrectedPreferenceFragment,0,0,0,21,0,0,1,0.0,0.0,0.0,0.0,3.0,0,0,0,0,1.3862943611198906
Signal-Android,2018-1,2019-1,2018-1->2019-1,2,org.thoughtcrime.securesms.preferences.ListSummaryPreferenceFragment,0,0,0,12,0,0,1,0.0,0.0,0.0,0.0,6.0,0,0,0,0,1.9459101490553132
Signal-Android,2018-1,2019-1,2018-1->2019-1,2,org.thoughtcrime.securesms.preferences.MmsPreferencesActivity,3,3,0,30,0,3,1,0.0,0.0,0.0,0.0,3.0,0,0,0,0,1.3862943611198906
Signal-Android,2018-1,2019-1,2018-1->2019-1,2,org.thoughtcrime.securesms.preferences.MmsPreferencesFragment,1,1,0,43,0,1,1,0.0,0.0,0.0,0.0,1.0,0,0,0,0,0.6931471805599453
Signal-Android,2018-1,2019-1,2018-1->2019-1,2,org.thoughtcrime.securesms.preferences.NotificationsPreferenceFragment,1,1,0,84,0,1,1,0.0,0.0,0.0,0.0,7.0,0,0,0,0,2.0794415416798357
Signal-Android,2018-1,2019-1,2018-1->2019-1,2,org.thoughtcrime.securesms.preferences.SmsMmsPreferenceFragment,11,13,2,70,0,3,1,0.0,0.0,0.0,0.0,6.0,0,0,0,0,1.9459101490553132
Signal-Android,2018-1,2019-1,2018-1->2019-1,2,org.thoughtcrime.securesms.preferences.widgets.ColorPickerPreference,16,16,0,87,0,12,1,1.0,0.0,0.0,0.0,0.0,1,0,0,0,0.0
Signal-Android,2018-1,2019-1,2018-1->2019-1,2,org.thoughtcrime.securesms.preferences.widgets.ColorPickerPreferenceDialogFragmentCompat,3,3,0,34,0,2,1,0.0,0.0,0.0,0.0,7.0,0,0,0,0,2.0794415416798357
Signal-Android,2018-1,2019-1,2018-1->2019-1,2,org.thoughtcrime.securesms.preferences.widgets.LEDColorListPreference,1,1,0,46,0,1,1,0.0,0.0,0.0,0.0,17.0,0,0,0,0,2.8903717578961645
Signal-Android,2018-1,2019-1,2018-1->2019-1,2,org.thoughtcrime.securesms.preferences.widgets.ProfilePreference,4,4,0,39,0,2,1,0.0,0.0,0.0,0.0,4.0,0,0,0,0,1.6094379124341003
Signal-Android,2018-1,2019-1,2018-1->2019-1,2,org.thoughtcrime.securesms.profiles.AvatarHelper,0,0,0,19,0,0,1,0.0,0.0,0.0,0.0,1.0,0,0,0,0,0.6931471805599453
Signal-Android,2018-1,2019-1,2018-1->2019-1,2,org.thoughtcrime.securesms.profiles.GroupShareProfileView,2,2,0,33,0,1,1,0.0,0.0,0.0,0.0,0.0,0,0,0,0,0.0
Signal-Android,2018-1,2019-1,2018-1->2019-1,2,org.thoughtcrime.securesms.profiles.SystemProfileUtil,0,0,0,54,0,0,1,0.0,0.0,0.0,0.0,8.0,0,0,0,0,2.1972245773362196
Signal-Android,2018-1,2019-1,2018-1->2019-1,2,org.thoughtcrime.securesms.profiles.UnknownSenderView,7,7,0,60,0,3,1,0.0,0.0,0.0,0.0,12.0,0,0,0,0,2.5649493574615367
Signal-Android,2018-1,2019-1,2018-1->2019-1,2,org.thoughtcrime.securesms.providers.MmsBodyProvider,1,1,0,66,0,1,1,0.0,0.0,0.0,0.0,7.0,0,0,0,0,2.0794415416798357
Signal-Android,2018-1,2019-1,2018-1->2019-1,2,org.thoughtcrime.securesms.providers.PartProvider,1,1,0,83,0,1,1,0.0,0.0,0.0,0.0,5.0,0,0,0,0,1.791759469228055
Signal-Android,2018-1,2019-1,2018-1->2019-1,2,org.thoughtcrime.securesms.providers.PersistentBlobProvider,0,0,0,142,0,0,1,0.0,0.0,0.0,0.0,14.0,0,0,0,0,2.70805020110221
Signal-Android,2018-1,2019-1,2018-1->2019-1,2,org.thoughtcrime.securesms.push.AccountManagerFactory,0,0,0,20,0,0,1,0.0,0.0,0.0,0.0,0.0,0,0,0,0,0.0
Signal-Android,2018-1,2019-1,2018-1->2019-1,2,org.thoughtcrime.securesms.push.SignalServiceTrustStore,0,0,0,10,0,0,1,0.0,0.0,0.0,0.0,1.0,0,0,0,0,0.6931471805599453
Signal-Android,2018-1,2019-1,2018-1->2019-1,2,org.thoughtcrime.securesms.qr.QrCode,0,0,0,14,0,0,1,0.0,0.0,0.0,0.0,1.0,0,0,0,0,0.6931471805599453
Signal-Android,2018-1,2019-1,2018-1->2019-1,2,org.thoughtcrime.securesms.qr.ScanningThread,8,8,0,59,0,2,1,0.0,0.0,0.0,0.0,6.0,0,0,0,0,1.9459101490553132
Signal-Android,2018-1,2019-1,2018-1->2019-1,2,org.thoughtcrime.securesms.recipients.Recipient,23,23,0,341,0,21,1,0.0,1.0,0.0,0.0,13.0,0,1,0,0,2.6390573296152584
Signal-Android,2018-1,2019-1,2018-1->2019-1,2,org.thoughtcrime.securesms.recipients.RecipientProvider,0,0,0,114,0,0,1,0.0,0.0,0.0,0.0,17.0,0,0,0,0,2.8903717578961645
Signal-Android,2018-1,2019-1,2018-1->2019-1,2,org.thoughtcrime.securesms.recipients.RecipientsFormatter,0,0,0,28,0,0,1,0.0,0.0,0.0,0.0,3.0,0,0,0,0,1.3862943611198906
Signal-Android,2018-1,2019-1,2018-1->2019-1,2,org.thoughtcrime.securesms.scribbles.ScribbleActivity,16,3,-13,160,0,10,1,0.0,0.0,0.0,0.0,9.0,0,0,0,0,2.302585092994046
Signal-Android,2018-1,2019-1,2018-1->2019-1,2,org.thoughtcrime.securesms.scribbles.StickerLoader,0,0,0,17,0,0,1,0.0,0.0,0.0,0.0,2.0,0,0,0,0,1.0986122886681098
Signal-Android,2018-1,2019-1,2018-1->2019-1,2,org.thoughtcrime.securesms.scribbles.StickerSelectActivity,0,0,0,51,0,0,1,0.0,0.0,0.0,0.0,2.0,0,0,0,0,1.0986122886681098
Signal-Android,2018-1,2019-1,2018-1->2019-1,2,org.thoughtcrime.securesms.scribbles.StickerSelectFragment,1,1,0,75,0,1,1,0.0,0.0,0.0,0.0,5.0,0,0,0,0,1.791759469228055
Signal-Android,2018-1,2019-1,2018-1->2019-1,2,org.thoughtcrime.securesms.scribbles.multitouch.BaseGestureDetector,6,6,0,43,0,4,1,0.0,0.0,0.0,0.0,3.0,0,0,0,0,1.3862943611198906
Signal-Android,2018-1,2019-1,2018-1->2019-1,2,org.thoughtcrime.securesms.scribbles.multitouch.MoveGestureDetector,2,2,0,71,0,2,1,0.0,0.0,0.0,0.0,1.0,0,0,0,0,0.6931471805599453
Signal-Android,2018-1,2019-1,2018-1->2019-1,2,org.thoughtcrime.securesms.scribbles.multitouch.ShoveGestureDetector,2,2,0,90,0,2,1,0.0,0.0,0.0,0.0,2.0,0,0,0,0,1.0986122886681098
Signal-Android,2018-1,2019-1,2018-1->2019-1,2,org.thoughtcrime.securesms.scribbles.multitouch.TwoFingerGestureDetector,4,4,0,86,0,2,1,0.0,0.0,0.0,0.0,5.0,0,0,0,0,1.791759469228055
Signal-Android,2018-1,2019-1,2018-1->2019-1,2,org.thoughtcrime.securesms.scribbles.viewmodel.Font,9,9,0,26,0,7,1,1.0,0.0,0.0,0.0,0.0,1,0,0,0,0.0
Signal-Android,2018-1,2019-1,2018-1->2019-1,2,org.thoughtcrime.securesms.scribbles.viewmodel.TextLayer,8,8,0,38,0,6,1,1.0,0.0,0.0,0.0,0.0,1,0,0,0,0.0
Signal-Android,2018-1,2019-1,2018-1->2019-1,2,org.thoughtcrime.securesms.scribbles.widget.CanvasView,32,32,0,314,0,24,1,0.0,0.0,0.0,0.0,14.0,0,0,0,0,2.70805020110221
Signal-Android,2018-1,2019-1,2018-1->2019-1,2,org.thoughtcrime.securesms.scribbles.widget.MotionView,12,12,0,244,0,7,1,0.0,0.0,0.0,0.0,26.0,0,0,0,0,3.295836866004329
Signal-Android,2018-1,2019-1,2018-1->2019-1,2,org.thoughtcrime.securesms.scribbles.widget.VerticalSlideColorPicker,9,11,2,97,0,7,1,1.0,0.0,0.0,0.0,0.0,1,0,0,0,0.0
Signal-Android,2018-1,2019-1,2018-1->2019-1,2,org.thoughtcrime.securesms.scribbles.widget.entity.MotionEntity,12,12,0,111,0,11,1,0.0,0.0,0.0,0.0,0.0,0,0,0,0,0.0
Signal-Android,2018-1,2019-1,2018-1->2019-1,2,org.thoughtcrime.securesms.scribbles.widget.entity.TextEntity,10,10,0,82,0,4,1,0.0,0.0,0.0,0.0,2.0,0,0,0,0,1.0986122886681098
Signal-Android,2018-1,2019-1,2018-1->2019-1,2,org.thoughtcrime.securesms.service.AccountAuthenticatorService,2,2,0,40,0,1,1,0.0,0.0,0.0,0.0,2.0,0,0,0,0,1.0986122886681098
Signal-Android,2018-1,2019-1,2018-1->2019-1,2,org.thoughtcrime.securesms.service.ApplicationMigrationService,12,12,0,123,0,8,1,1.0,0.0,0.0,0.0,8.0,1,0,0,0,2.1972245773362196
Signal-Android,2018-1,2019-1,2018-1->2019-1,2,org.thoughtcrime.securesms.service.BootReceiver,0,0,0,6,0,0,1,0.0,0.0,0.0,0.0,1.0,0,0,0,0,0.6931471805599453
Signal-Android,2018-1,2019-1,2018-1->2019-1,2,org.thoughtcrime.securesms.service.DirectShareService,0,0,0,46,0,0,1,0.0,0.0,0.0,0.0,21.0,0,0,0,0,3.091042453358316
Signal-Android,2018-1,2019-1,2018-1->2019-1,2,org.thoughtcrime.securesms.service.ExpirationListener,0,0,0,10,0,0,1,0.0,0.0,0.0,0.0,4.0,0,0,0,0,1.6094379124341003
Signal-Android,2018-1,2019-1,2018-1->2019-1,2,org.thoughtcrime.securesms.service.ExpiringMessageManager,3,3,0,83,0,3,1,0.0,0.0,0.0,0.0,2.0,0,0,0,0,1.0986122886681098
Signal-Android,2018-1,2019-1,2018-1->2019-1,2,org.thoughtcrime.securesms.service.KeyCachingService,24,22,-2,184,0,14,1,0.0,0.0,0.0,0.0,6.0,0,0,0,0,1.9459101490553132
Signal-Android,2018-1,2019-1,2018-1->2019-1,2,org.thoughtcrime.securesms.service.MmsListener,0,0,0,26,0,0,1,0.0,0.0,0.0,0.0,4.0,0,0,0,0,1.6094379124341003
Signal-Android,2018-1,2019-1,2018-1->2019-1,2,org.thoughtcrime.securesms.service.PersistentAlarmManagerListener,0,0,0,15,0,0,1,0.0,0.0,0.0,0.0,2.0,0,0,0,0,1.0986122886681098
Signal-Android,2018-1,2019-1,2018-1->2019-1,2,org.thoughtcrime.securesms.service.PersistentConnectionBootListener,0,0,0,9,0,0,1,0.0,0.0,0.0,0.0,1.0,0,0,0,0,0.6931471805599453
Signal-Android,2018-1,2019-1,2018-1->2019-1,2,org.thoughtcrime.securesms.service.QuickResponseService,1,1,0,28,0,1,1,0.0,0.0,0.0,0.0,7.0,0,0,0,0,2.0794415416798357
Signal-Android,2018-1,2019-1,2018-1->2019-1,2,org.thoughtcrime.securesms.service.SmsDeliveryListener,0,0,0,26,0,0,1,0.0,0.0,0.0,0.0,2.0,0,0,0,0,1.0986122886681098
Signal-Android,2018-1,2019-1,2018-1->2019-1,2,org.thoughtcrime.securesms.service.SmsListener,0,0,0,76,0,0,1,0.0,0.0,0.0,0.0,12.0,0,0,0,0,2.5649493574615367
Signal-Android,2018-1,2019-1,2018-1->2019-1,2,org.thoughtcrime.securesms.service.UpdateApkReadyListener,0,0,0,59,0,0,1,0.0,0.0,0.0,0.0,7.0,0,0,0,0,2.0794415416798357
Signal-Android,2018-1,2019-1,2018-1->2019-1,2,org.thoughtcrime.securesms.service.WebRtcCallService,30,30,0,783,0,18,1,0.0,0.0,0.0,2.0,62.0,0,0,0,1,4.143134726391533
Signal-Android,2018-1,2019-1,2018-1->2019-1,2,org.thoughtcrime.securesms.sms.IncomingGroupMessage,3,3,0,15,0,3,1,0.0,0.0,0.0,0.0,2.0,0,0,0,0,1.0986122886681098
Signal-Android,2018-1,2019-1,2018-1->2019-1,2,org.thoughtcrime.securesms.sms.IncomingTextMessage,18,19,1,170,0,18,1,0.0,0.0,0.0,0.0,0.0,0,0,0,0,0.0
Signal-Android,2018-1,2019-1,2018-1->2019-1,2,org.thoughtcrime.securesms.sms.MessageSender,0,0,0,151,0,0,1,0.0,0.0,0.0,0.0,17.0,0,0,0,0,2.8903717578961645
Signal-Android,2018-1,2019-1,2018-1->2019-1,2,org.thoughtcrime.securesms.sms.OutgoingTextMessage,8,8,0,48,0,8,1,0.0,0.0,0.0,0.0,4.0,0,0,0,0,1.6094379124341003
Signal-Android,2018-1,2019-1,2018-1->2019-1,2,org.thoughtcrime.securesms.sms.TelephonyServiceState,0,0,0,47,0,0,1,0.0,0.0,0.0,0.0,2.0,0,0,0,0,1.0986122886681098
Signal-Android,2018-1,2019-1,2018-1->2019-1,2,org.thoughtcrime.securesms.util.AbstractCursorLoader,8,8,0,51,0,3,1,0.0,0.0,0.0,0.0,1.0,0,0,0,0,0.6931471805599453
Signal-Android,2018-1,2019-1,2018-1->2019-1,2,org.thoughtcrime.securesms.util.AttachmentUtil,0,0,0,35,0,0,1,0.0,0.0,0.0,0.0,8.0,0,0,0,0,2.1972245773362196
Signal-Android,2018-1,2019-1,2018-1->2019-1,2,org.thoughtcrime.securesms.util.Base64,59,59,0,737,0,1,1,0.0,1.0,0.0,0.0,8.0,0,1,0,0,2.1972245773362196
Signal-Android,2018-1,2019-1,2018-1->2019-1,2,org.thoughtcrime.securesms.util.BitmapUtil,18,18,0,186,0,0,1,0.0,0.0,0.0,0.0,19.0,0,0,0,0,2.995732273553991
Signal-Android,2018-1,2019-1,2018-1->2019-1,2,org.thoughtcrime.securesms.util.Conversions,25,25,0,110,0,0,1,0.0,0.0,0.0,0.0,0.0,0,0,0,0,0.0
Signal-Android,2018-1,2019-1,2018-1->2019-1,2,org.thoughtcrime.securesms.util.DateUtils,1,2,1,70,0,0,1,0.0,0.0,0.0,0.0,6.0,0,0,0,0,1.9459101490553132
Signal-Android,2018-1,2019-1,2018-1->2019-1,2,org.thoughtcrime.securesms.util.DelimiterUtil,0,0,0,8,0,0,1,0.0,0.0,0.0,0.0,0.0,0,0,0,0,0.0
Signal-Android,2018-1,2019-1,2018-1->2019-1,2,org.thoughtcrime.securesms.util.Dialogs,0,0,0,15,0,0,1,0.0,0.0,0.0,0.0,0.0,0,0,0,0,0.0
Signal-Android,2018-1,2019-1,2018-1->2019-1,2,org.thoughtcrime.securesms.util.DirectoryHelper,0,0,0,134,0,0,1,0.0,0.0,0.0,0.0,39.0,0,0,0,0,3.6888794541139363
Signal-Android,2018-1,2019-1,2018-1->2019-1,2,org.thoughtcrime.securesms.util.DynamicIntroTheme,0,0,0,6,0,0,1,0.0,0.0,0.0,0.0,1.0,0,0,0,0,0.6931471805599453
Signal-Android,2018-1,2019-1,2018-1->2019-1,2,org.thoughtcrime.securesms.util.DynamicLanguage,0,0,0,43,0,0,1,0.0,0.0,0.0,0.0,8.0,0,0,0,0,2.1972245773362196
Signal-Android,2018-1,2019-1,2018-1->2019-1,2,org.thoughtcrime.securesms.util.DynamicNoActionBarTheme,0,0,0,6,0,0,1,0.0,0.0,0.0,0.0,1.0,0,0,0,0,0.6931471805599453
Signal-Android,2018-1,2019-1,2018-1->2019-1,2,org.thoughtcrime.securesms.util.DynamicTheme,0,0,0,21,0,0,1,0.0,0.0,0.0,0.0,1.0,0,0,0,0,0.6931471805599453
Signal-Android,2018-1,2019-1,2018-1->2019-1,2,org.thoughtcrime.securesms.util.ExpirationUtil,0,0,0,33,0,0,1,0.0,0.0,0.0,0.0,26.0,0,0,0,0,3.295836866004329
Signal-Android,2018-1,2019-1,2018-1->2019-1,2,org.thoughtcrime.securesms.util.FileProviderUtil,0,0,0,5,0,0,1,0.0,0.0,0.0,0.0,0.0,0,0,0,0,0.0
Signal-Android,2018-1,2019-1,2018-1->2019-1,2,org.thoughtcrime.securesms.util.FileUtils,0,0,0,14,0,0,1,0.0,0.0,0.0,0.0,2.0,0,0,0,0,1.0986122886681098
Signal-Android,2018-1,2019-1,2018-1->2019-1,2,org.thoughtcrime.securesms.util.GroupUtil,0,0,0,62,0,0,1,0.0,0.0,0.0,0.0,4.0,0,0,0,0,1.6094379124341003
Signal-Android,2018-1,2019-1,2018-1->2019-1,2,org.thoughtcrime.securesms.util.Hex,0,0,0,75,0,0,1,0.0,0.0,0.0,0.0,0.0,0,0,0,0,0.0
Signal-Android,2018-1,2019-1,2018-1->2019-1,2,org.thoughtcrime.securesms.util.IdentityUtil,0,0,0,137,0,0,1,0.0,0.0,0.0,0.0,37.0,0,0,0,0,3.6375861597263857
Signal-Android,2018-1,2019-1,2018-1->2019-1,2,org.thoughtcrime.securesms.util.IntentUtils,0,0,0,4,0,0,1,0.0,0.0,0.0,0.0,2.0,0,0,0,0,1.0986122886681098
Signal-Android,2018-1,2019-1,2018-1->2019-1,2,org.thoughtcrime.securesms.util.JsonUtils,0,0,0,16,0,0,1,0.0,0.0,0.0,0.0,0.0,0,0,0,0,0.0
Signal-Android,2018-1,2019-1,2018-1->2019-1,2,org.thoughtcrime.securesms.util.LimitedInputStream,6,6,0,20,0,2,1,0.0,0.0,0.0,0.0,0.0,0,0,0,0,0.0
Signal-Android,2018-1,2019-1,2018-1->2019-1,2,org.thoughtcrime.securesms.util.LongClickCopySpan,1,1,0,42,0,1,1,0.0,0.0,0.0,0.0,4.0,0,0,0,0,1.6094379124341003
Signal-Android,2018-1,2019-1,2018-1->2019-1,2,org.thoughtcrime.securesms.util.LongClickMovementMethod,0,0,0,62,0,0,1,0.0,0.0,0.0,0.0,4.0,0,0,0,0,1.6094379124341003
Signal-Android,2018-1,2019-1,2018-1->2019-1,2,org.thoughtcrime.securesms.util.MathUtils,1,1,0,11,0,0,1,0.0,0.0,0.0,0.0,0.0,0,0,0,0,0.0
Signal-Android,2018-1,2019-1,2018-1->2019-1,2,org.thoughtcrime.securesms.util.MediaUtil,0,0,0,129,0,0,1,0.0,0.0,0.0,0.0,16.0,0,0,0,0,2.833213344056216
Signal-Android,2018-1,2019-1,2018-1->2019-1,2,org.thoughtcrime.securesms.util.MemoryFileUtil,0,0,0,20,0,0,1,0.0,0.0,0.0,0.0,5.0,0,0,0,0,1.791759469228055
Signal-Android,2018-1,2019-1,2018-1->2019-1,2,org.thoughtcrime.securesms.util.NumberUtil,0,0,0,7,0,0,1,0.0,0.0,0.0,0.0,1.0,0,0,0,0,0.6931471805599453
Signal-Android,2018-1,2019-1,2018-1->2019-1,2,org.thoughtcrime.securesms.util.ParcelUtil,0,0,0,15,0,0,1,0.0,0.0,0.0,0.0,4.0,0,0,0,0,1.6094379124341003
Signal-Android,2018-1,2019-1,2018-1->2019-1,2,org.thoughtcrime.securesms.util.PlayServicesUtil,0,0,0,34,0,0,1,0.0,0.0,0.0,0.0,2.0,0,0,0,0,1.0986122886681098
Signal-Android,2018-1,2019-1,2018-1->2019-1,2,org.thoughtcrime.securesms.util.ResUtil,0,0,0,21,0,0,1,0.0,0.0,0.0,0.0,3.0,0,0,0,0,1.3862943611198906
Signal-Android,2018-1,2019-1,2018-1->2019-1,2,org.thoughtcrime.securesms.util.Rfc5724Uri,0,0,0,33,0,0,1,0.0,0.0,0.0,0.0,3.0,0,0,0,0,1.3862943611198906
Signal-Android,2018-1,2019-1,2018-1->2019-1,2,org.thoughtcrime.securesms.util.SaveAttachmentTask,0,0,0,139,0,0,1,1.0,0.0,0.0,0.0,9.0,1,0,0,0,2.302585092994046
Signal-Android,2018-1,2019-1,2018-1->2019-1,2,org.thoughtcrime.securesms.util.SelectedRecipientsAdapter,6,6,0,88,0,4,1,0.0,0.0,0.0,0.0,16.0,0,0,0,0,2.833213344056216
Signal-Android,2018-1,2019-1,2018-1->2019-1,2,org.thoughtcrime.securesms.util.ServiceUtil,0,0,0,19,0,0,1,0.0,0.0,0.0,0.0,0.0,0,0,0,0,0.0
Signal-Android,2018-1,2019-1,2018-1->2019-1,2,org.thoughtcrime.securesms.util.ShortCodeUtil,0,0,0,23,0,0,1,0.0,0.0,0.0,0.0,6.0,0,0,0,0,1.9459101490553132
Signal-Android,2018-1,2019-1,2018-1->2019-1,2,org.thoughtcrime.securesms.util.SmsCharacterCalculator,0,0,0,24,0,0,1,0.0,0.0,0.0,0.0,0.0,0,0,0,0,0.0
Signal-Android,2018-1,2019-1,2018-1->2019-1,2,org.thoughtcrime.securesms.util.SpanUtil,0,0,0,19,0,0,1,0.0,0.0,0.0,0.0,0.0,0,0,0,0,0.0
Signal-Android,2018-1,2019-1,2018-1->2019-1,2,org.thoughtcrime.securesms.util.StickyHeaderDecoration,1,2,1,101,0,1,1,0.0,0.0,0.0,0.0,16.0,0,0,0,0,2.833213344056216
Signal-Android,2018-1,2019-1,2018-1->2019-1,2,org.thoughtcrime.securesms.util.StorageUtil,2,2,0,23,0,0,1,0.0,0.0,0.0,0.0,2.0,0,0,0,0,1.0986122886681098
Signal-Android,2018-1,2019-1,2018-1->2019-1,2,org.thoughtcrime.securesms.util.TelephonyUtil,0,0,0,24,0,0,1,0.0,0.0,0.0,0.0,8.0,0,0,0,0,2.1972245773362196
Signal-Android,2018-1,2019-1,2018-1->2019-1,2,org.thoughtcrime.securesms.util.TextSecurePreferences,0,0,0,414,0,0,1,0.0,0.0,0.0,0.0,27.0,0,0,0,0,3.332204510175204
Signal-Android,2018-1,2019-1,2018-1->2019-1,2,org.thoughtcrime.securesms.util.ThreadUtil,0,0,0,6,0,0,1,0.0,0.0,0.0,0.0,0.0,0,0,0,0,0.0
Signal-Android,2018-1,2019-1,2018-1->2019-1,2,org.thoughtcrime.securesms.util.Trimmer,0,0,0,36,0,0,1,0.0,0.0,0.0,0.0,2.0,0,0,0,0,1.0986122886681098
Signal-Android,2018-1,2019-1,2018-1->2019-1,2,org.thoughtcrime.securesms.util.Util,16,16,0,247,0,0,1,0.0,0.0,0.0,1.0,23.0,0,0,0,1,3.1780538303479458
Signal-Android,2018-1,2019-1,2018-1->2019-1,2,org.thoughtcrime.securesms.util.VersionTracker,0,0,0,9,0,0,1,0.0,0.0,0.0,0.0,0.0,0,0,0,0,0.0
Signal-Android,2018-1,2019-1,2018-1->2019-1,2,org.thoughtcrime.securesms.util.ViewUtil,0,0,0,110,0,0,1,0.0,0.0,0.0,0.0,2.0,0,0,0,0,1.0986122886681098
Signal-Android,2018-1,2019-1,2018-1->2019-1,2,org.thoughtcrime.securesms.util.WorkerThread,2,2,0,17,0,1,1,0.0,0.0,0.0,0.0,1.0,0,0,0,0,0.6931471805599453
Signal-Android,2018-1,2019-1,2018-1->2019-1,2,org.thoughtcrime.securesms.util.dualsim.SubscriptionInfoCompat,3,3,0,18,0,3,1,1.0,0.0,0.0,0.0,0.0,1,0,0,0,0.0
Signal-Android,2018-1,2019-1,2018-1->2019-1,2,org.thoughtcrime.securesms.util.dualsim.SubscriptionManagerCompat,0,0,0,30,0,0,1,0.0,0.0,0.0,0.0,3.0,0,0,0,0,1.3862943611198906
Signal-Android,2018-1,2019-1,2018-1->2019-1,2,org.thoughtcrime.securesms.video.EncryptedMediaDataSource,6,8,2,30,0,3,1,0.0,0.0,0.0,0.0,3.0,0,0,0,0,1.3862943611198906
Signal-Android,2018-1,2019-1,2018-1->2019-1,2,org.thoughtcrime.securesms.video.VideoPlayer,7,9,2,103,0,2,1,0.0,0.0,0.0,0.0,2.0,0,0,0,0,1.0986122886681098
Signal-Android,2018-1,2019-1,2018-1->2019-1,2,org.thoughtcrime.securesms.video.exo.PartDataSource,4,4,0,39,0,2,1,0.0,0.0,0.0,0.0,2.0,0,0,0,0,1.0986122886681098
Signal-Android,2018-1,2019-1,2018-1->2019-1,2,org.thoughtcrime.securesms.webrtc.CallNotificationBuilder,0,0,0,40,0,0,1,0.0,0.0,0.0,0.0,0.0,0,0,0,0,0.0
Signal-Android,2018-1,2019-1,2018-1->2019-1,2,org.thoughtcrime.securesms.webrtc.IncomingPstnCallReceiver,0,0,0,35,0,0,1,0.0,0.0,0.0,0.0,8.0,0,0,0,0,2.1972245773362196
Signal-Android,2018-1,2019-1,2018-1->2019-1,2,org.thoughtcrime.securesms.webrtc.PeerConnectionWrapper,11,7,-4,200,0,4,1,0.0,0.0,0.0,0.0,2.0,0,0,0,0,1.0986122886681098
Signal-Android,2018-1,2019-1,2018-1->2019-1,2,org.thoughtcrime.securesms.webrtc.UncaughtExceptionHandlerManager,2,2,0,18,0,2,1,0.0,0.0,0.0,0.0,1.0,0,0,0,0,0.6931471805599453
Signal-Android,2018-1,2019-1,2018-1->2019-1,2,org.thoughtcrime.securesms.webrtc.VoiceCallShare,0,0,0,23,0,0,1,0.0,0.0,0.0,0.0,9.0,0,0,0,0,2.302585092994046
Signal-Android,2018-1,2019-1,2018-1->2019-1,2,org.thoughtcrime.securesms.webrtc.WebRtcDataProtos,1,1,0,1436,0,1,1,0.0,0.0,0.0,4.0,62.0,0,0,0,1,4.143134726391533
Signal-Android,2018-1,2019-1,2018-1->2019-1,2,org.thoughtcrime.securesms.webrtc.audio.BluetoothStateManager,21,22,1,122,0,5,1,0.0,0.0,0.0,0.0,10.0,0,0,0,0,2.3978952727983707
Signal-Android,2018-1,2019-1,2018-1->2019-1,2,org.thoughtcrime.securesms.webrtc.audio.IncomingRinger,9,2,-7,75,0,2,1,0.0,0.0,0.0,0.0,4.0,0,0,0,0,1.6094379124341003
Signal-Android,2018-1,2019-1,2018-1->2019-1,2,org.thoughtcrime.securesms.webrtc.audio.SignalAudioManager,9,8,-1,59,0,5,1,0.0,0.0,0.0,0.0,13.0,0,0,0,0,2.6390573296152584
Signal-Android,2018-1,2019-1,2018-1->2019-1,2,org.thoughtcrime.securesms.webrtc.locks.AccelerometerListener,14,14,0,74,0,3,1,0.0,0.0,0.0,0.0,0.0,0,0,0,0,0.0
Signal-Android,2018-1,2019-1,2018-1->2019-1,2,org.thoughtcrime.securesms.webrtc.locks.LockManager,15,15,0,103,0,3,1,0.0,0.0,0.0,0.0,1.0,0,0,0,0,0.6931471805599453
Signal-Android,2018-1,2019-1,2018-1->2019-1,2,org.thoughtcrime.securesms.webrtc.locks.ProximityLock,11,11,0,49,0,2,1,0.0,0.0,0.0,0.0,6.0,0,0,0,0,1.9459101490553132
Signal-Android,2019-1,2020-1,2019-1->2020-1,3,org.signal.signing.ApkSignerUtil,0,0,0,67,0,0,1,0.0,0.0,0.0,0.0,11.0,0,0,0,0,2.4849066497880004
Signal-Android,2019-1,2020-1,2019-1->2020-1,3,org.thoughtcrime.securesms.ApplicationContext,31,41,10,150,0,19,1,0.0,0.0,0.0,0.0,5.0,0,0,0,0,1.791759469228055
Signal-Android,2019-1,2020-1,2019-1->2020-1,3,org.thoughtcrime.securesms.ApplicationPreferencesActivity,4,4,0,177,0,3,1,0.0,0.0,0.0,0.0,15.0,0,0,0,0,2.772588722239781
Signal-Android,2019-1,2020-1,2019-1->2020-1,3,org.thoughtcrime.securesms.BaseActionBarActivity,10,9,-1,45,0,4,1,0.0,0.0,0.0,0.0,6.0,0,0,0,0,1.9459101490553132
Signal-Android,2019-1,2020-1,2019-1->2020-1,3,org.thoughtcrime.securesms.BasicIntroFragment,2,2,0,31,0,1,1,0.0,0.0,0.0,0.0,6.0,0,0,0,0,1.9459101490553132
Signal-Android,2019-1,2020-1,2019-1->2020-1,3,org.thoughtcrime.securesms.BlockedContactsActivity,2,2,0,68,0,2,1,0.0,0.0,0.0,0.0,6.0,0,0,0,0,1.9459101490553132
Signal-Android,2019-1,2020-1,2019-1->2020-1,3,org.thoughtcrime.securesms.ConfirmIdentityDialog,1,1,0,107,0,1,1,0.0,0.0,0.0,0.0,3.0,0,0,0,0,1.3862943611198906
Signal-Android,2019-1,2020-1,2019-1->2020-1,3,org.thoughtcrime.securesms.ContactSelectionActivity,6,6,0,67,0,6,1,0.0,0.0,0.0,0.0,10.0,0,0,0,0,2.3978952727983707
Signal-Android,2019-1,2020-1,2019-1->2020-1,3,org.thoughtcrime.securesms.ContactSelectionListFragment,16,17,1,173,0,9,1,0.0,0.0,0.0,0.0,21.0,0,0,0,0,3.091042453358316
Signal-Android,2019-1,2020-1,2019-1->2020-1,3,org.thoughtcrime.securesms.CountrySelectionFragment,0,0,0,47,0,0,1,0.0,0.0,0.0,0.0,4.0,0,0,0,0,1.6094379124341003
Signal-Android,2019-1,2020-1,2019-1->2020-1,3,org.thoughtcrime.securesms.CreateProfileActivity,25,22,-3,304,0,10,1,0.0,0.0,0.0,0.0,32.0,0,0,0,0,3.4965075614664802
Signal-Android,2019-1,2020-1,2019-1->2020-1,3,org.thoughtcrime.securesms.DatabaseMigrationActivity,13,13,0,112,0,11,1,0.0,0.0,0.0,0.0,4.0,0,0,0,0,1.6094379124341003
Signal-Android,2019-1,2020-1,2019-1->2020-1,3,org.thoughtcrime.securesms.DeviceActivity,2,4,2,149,0,2,1,0.0,0.0,0.0,0.0,16.0,0,0,0,0,2.833213344056216
Signal-Android,2019-1,2020-1,2019-1->2020-1,3,org.thoughtcrime.securesms.DeviceAddFragment,2,2,0,59,0,2,1,0.0,0.0,0.0,0.0,4.0,0,0,0,0,1.6094379124341003
Signal-Android,2019-1,2020-1,2019-1->2020-1,3,org.thoughtcrime.securesms.DeviceLinkFragment,0,0,0,28,0,0,1,0.0,0.0,0.0,0.0,2.0,0,0,0,0,1.0986122886681098
Signal-Android,2019-1,2020-1,2019-1->2020-1,3,org.thoughtcrime.securesms.DeviceListFragment,2,2,0,124,0,2,1,0.0,0.0,0.0,0.0,16.0,0,0,0,0,2.833213344056216
Signal-Android,2019-1,2020-1,2019-1->2020-1,3,org.thoughtcrime.securesms.DeviceListItem,2,2,0,31,0,2,1,0.0,0.0,0.0,0.0,3.0,0,0,0,0,1.3862943611198906
Signal-Android,2019-1,2020-1,2019-1->2020-1,3,org.thoughtcrime.securesms.DeviceProvisioningActivity,1,1,0,27,0,1,1,0.0,0.0,0.0,0.0,2.0,0,0,0,0,1.0986122886681098
Signal-Android,2019-1,2020-1,2019-1->2020-1,3,org.thoughtcrime.securesms.ExperienceUpgradeActivity,1,4,3,202,0,1,1,0.0,0.0,0.0,0.0,37.0,0,0,0,0,3.6375861597263857
Signal-Android,2019-1,2020-1,2019-1->2020-1,3,org.thoughtcrime.securesms.ExpirationDialog,0,0,0,48,0,0,1,0.0,0.0,0.0,0.0,10.0,0,0,0,0,2.3978952727983707
Signal-Android,2019-1,2020-1,2019-1->2020-1,3,org.thoughtcrime.securesms.GroupCreateActivity,16,17,1,349,0,10,1,0.0,0.0,0.0,0.0,65.0,0,0,0,0,4.189654742026425
Signal-Android,2019-1,2020-1,2019-1->2020-1,3,org.thoughtcrime.securesms.GroupMembersDialog,2,2,0,69,0,2,1,0.0,0.0,0.0,0.0,6.0,0,0,0,0,1.9459101490553132
Signal-Android,2019-1,2020-1,2019-1->2020-1,3,org.thoughtcrime.securesms.IntroPagerAdapter,1,1,0,18,0,1,1,0.0,0.0,0.0,0.0,0.0,0,0,0,0,0.0
Signal-Android,2019-1,2020-1,2019-1->2020-1,3,org.thoughtcrime.securesms.InviteActivity,7,14,7,147,0,5,1,0.0,0.0,0.0,0.0,26.0,0,0,0,0,3.295836866004329
Signal-Android,2019-1,2020-1,2019-1->2020-1,3,org.thoughtcrime.securesms.LogSubmitActivity,4,4,0,43,0,4,1,0.0,0.0,0.0,0.0,7.0,0,0,0,0,2.0794415416798357
Signal-Android,2019-1,2020-1,2019-1->2020-1,3,org.thoughtcrime.securesms.MediaPreviewActivity,40,41,1,414,0,16,1,0.0,0.0,0.0,0.0,45.0,0,0,0,0,3.828641396489095
Signal-Android,2019-1,2020-1,2019-1->2020-1,3,org.thoughtcrime.securesms.MessageDetailsActivity,6,6,0,267,0,6,1,0.0,0.0,0.0,0.0,32.0,0,0,0,0,3.4965075614664802
Signal-Android,2019-1,2020-1,2019-1->2020-1,3,org.thoughtcrime.securesms.MessageDetailsRecipientAdapter,3,2,-1,56,0,2,1,0.0,0.0,0.0,0.0,6.0,0,0,0,0,1.9459101490553132
Signal-Android,2019-1,2020-1,2019-1->2020-1,3,org.thoughtcrime.securesms.MessageRecipientListItem,4,4,0,88,0,2,1,0.0,0.0,0.0,0.0,7.0,0,0,0,0,2.0794415416798357
Signal-Android,2019-1,2020-1,2019-1->2020-1,3,org.thoughtcrime.securesms.MuteDialog,0,0,0,26,0,0,1,0.0,0.0,0.0,0.0,6.0,0,0,0,0,1.9459101490553132
Signal-Android,2019-1,2020-1,2019-1->2020-1,3,org.thoughtcrime.securesms.NewConversationActivity,3,4,1,43,0,3,1,0.0,0.0,0.0,0.0,7.0,0,0,0,0,2.0794415416798357
Signal-Android,2019-1,2020-1,2019-1->2020-1,3,org.thoughtcrime.securesms.PassphraseActivity,1,1,0,29,0,1,1,0.0,0.0,0.0,0.0,3.0,0,0,0,0,1.3862943611198906
Signal-Android,2019-1,2020-1,2019-1->2020-1,3,org.thoughtcrime.securesms.PassphraseChangeActivity,11,11,0,88,0,4,1,0.0,0.0,0.0,0.0,5.0,0,0,0,0,1.791759469228055
Signal-Android,2019-1,2020-1,2019-1->2020-1,3,org.thoughtcrime.securesms.PassphrasePromptActivity,30,27,-3,222,0,11,1,0.0,0.0,0.0,0.0,16.0,0,0,0,0,2.833213344056216
Signal-Android,2019-1,2020-1,2019-1->2020-1,3,org.thoughtcrime.securesms.PassphraseRequiredActionBarActivity,17,20,3,126,0,9,1,0.0,0.0,0.0,0.0,4.0,0,0,0,0,1.6094379124341003
Signal-Android,2019-1,2020-1,2019-1->2020-1,3,org.thoughtcrime.securesms.PlayServicesProblemFragment,2,2,0,23,0,1,1,0.0,0.0,0.0,0.0,1.0,0,0,0,0,0.6931471805599453
Signal-Android,2019-1,2020-1,2019-1->2020-1,3,org.thoughtcrime.securesms.PromptMmsActivity,1,1,0,15,0,1,1,0.0,0.0,0.0,0.0,2.0,0,0,0,0,1.0986122886681098
Signal-Android,2019-1,2020-1,2019-1->2020-1,3,org.thoughtcrime.securesms.PushContactSelectionActivity,0,0,0,16,0,0,1,0.0,0.0,0.0,0.0,3.0,0,0,0,0,1.3862943611198906
Signal-Android,2019-1,2020-1,2019-1->2020-1,3,org.thoughtcrime.securesms.ReadReceiptsIntroFragment,2,2,0,25,0,1,1,0.0,0.0,0.0,0.0,2.0,0,0,0,0,1.0986122886681098
Signal-Android,2019-1,2020-1,2019-1->2020-1,3,org.thoughtcrime.securesms.RecipientPreferenceActivity,5,6,1,501,0,4,1,0.0,0.0,0.0,0.0,70.0,0,0,0,0,4.2626798770413155
Signal-Android,2019-1,2020-1,2019-1->2020-1,3,org.thoughtcrime.securesms.ShareActivity,17,16,-1,197,0,10,1,0.0,0.0,0.0,0.0,22.0,0,0,0,0,3.1354942159291497
Signal-Android,2019-1,2020-1,2019-1->2020-1,3,org.thoughtcrime.securesms.ShortcutLauncherActivity,0,0,0,23,0,0,1,0.0,0.0,0.0,0.0,2.0,0,0,0,0,1.0986122886681098
Signal-Android,2019-1,2020-1,2019-1->2020-1,3,org.thoughtcrime.securesms.SmsSendtoActivity,0,0,0,57,0,0,1,0.0,0.0,0.0,0.0,9.0,0,0,0,0,2.302585092994046
Signal-Android,2019-1,2020-1,2019-1->2020-1,3,org.thoughtcrime.securesms.TextSecureTestCase,1,1,0,6,0,1,1,0.0,0.0,0.0,0.0,4.0,0,0,0,0,1.6094379124341003
Signal-Android,2019-1,2020-1,2019-1->2020-1,3,org.thoughtcrime.securesms.TransportOptions,7,7,0,108,0,4,1,0.0,0.0,0.0,0.0,6.0,0,0,0,0,1.9459101490553132
Signal-Android,2019-1,2020-1,2019-1->2020-1,3,org.thoughtcrime.securesms.TransportOptionsAdapter,2,2,0,36,0,2,1,0.0,0.0,0.0,0.0,10.0,0,0,0,0,2.3978952727983707
Signal-Android,2019-1,2020-1,2019-1->2020-1,3,org.thoughtcrime.securesms.TypingIndicatorIntroFragment,3,3,0,37,0,2,1,0.0,0.0,0.0,0.0,5.0,0,0,0,0,1.791759469228055
Signal-Android,2019-1,2020-1,2019-1->2020-1,3,org.thoughtcrime.securesms.VerifyIdentityActivity,1,1,0,392,0,1,1,0.0,0.0,0.0,0.0,53.0,0,0,0,0,3.9889840465642745
Signal-Android,2019-1,2020-1,2019-1->2020-1,3,org.thoughtcrime.securesms.WebRtcCallActivity,16,17,1,229,0,12,1,0.0,0.0,0.0,0.0,37.0,0,0,0,0,3.6375861597263857
Signal-Android,2019-1,2020-1,2019-1->2020-1,3,org.thoughtcrime.securesms.attachments.Attachment,8,9,1,83,0,8,1,1.0,0.0,1.0,0.0,0.0,1,0,1,0,0.0
Signal-Android,2019-1,2020-1,2019-1->2020-1,3,org.thoughtcrime.securesms.attachments.DatabaseAttachment,4,4,0,46,0,4,1,0.0,0.0,1.0,0.0,0.0,0,0,1,0,0.0
Signal-Android,2019-1,2020-1,2019-1->2020-1,3,org.thoughtcrime.securesms.attachments.PointerAttachment,0,0,0,61,0,0,1,0.0,0.0,0.0,0.0,49.0,0,0,0,0,3.912023005428146
Signal-Android,2019-1,2020-1,2019-1->2020-1,3,org.thoughtcrime.securesms.attachments.UriAttachment,1,1,0,27,0,1,1,0.0,0.0,1.0,0.0,0.0,0,0,1,0,0.0
Signal-Android,2019-1,2020-1,2019-1->2020-1,3,org.thoughtcrime.securesms.audio.AudioCodec,7,7,0,120,0,5,1,0.0,0.0,0.0,0.0,7.0,0,0,0,0,2.0794415416798357
Signal-Android,2019-1,2020-1,2019-1->2020-1,3,org.thoughtcrime.securesms.audio.AudioSlidePlayer,24,24,0,213,0,8,1,0.0,0.0,0.0,0.0,13.0,0,0,0,0,2.6390573296152584
Signal-Android,2019-1,2020-1,2019-1->2020-1,3,org.thoughtcrime.securesms.backup.BackupDialog,0,0,0,50,0,0,1,0.0,0.0,0.0,0.0,2.0,0,0,0,0,1.0986122886681098
Signal-Android,2019-1,2020-1,2019-1->2020-1,3,org.thoughtcrime.securesms.backup.FullBackupBase,0,0,0,31,0,0,1,0.0,0.0,0.0,0.0,4.0,0,0,0,0,1.6094379124341003
Signal-Android,2019-1,2020-1,2019-1->2020-1,3,org.thoughtcrime.securesms.backup.FullBackupExporter,0,0,0,210,0,0,1,0.0,0.0,0.0,0.0,21.0,0,0,0,0,3.091042453358316
Signal-Android,2019-1,2020-1,2019-1->2020-1,3,org.thoughtcrime.securesms.backup.FullBackupImporter,0,0,0,165,0,0,1,0.0,0.0,0.0,0.0,18.0,0,0,0,0,2.9444389791664403
Signal-Android,2019-1,2020-1,2019-1->2020-1,3,org.thoughtcrime.securesms.color.MaterialColor,0,0,0,84,0,0,1,0.0,0.0,0.0,0.0,9.0,0,0,0,0,2.302585092994046
Signal-Android,2019-1,2020-1,2019-1->2020-1,3,org.thoughtcrime.securesms.components.AlbumThumbnailView,10,10,0,85,0,4,1,0.0,0.0,0.0,0.0,10.0,0,0,0,0,2.3978952727983707
Signal-Android,2019-1,2020-1,2019-1->2020-1,3,org.thoughtcrime.securesms.components.AlertView,3,3,0,36,0,3,1,0.0,0.0,0.0,0.0,7.0,0,0,0,0,2.0794415416798357
Signal-Android,2019-1,2020-1,2019-1->2020-1,3,org.thoughtcrime.securesms.components.AttachmentTypeSelector,3,3,0,180,0,2,1,0.0,0.0,0.0,0.0,14.0,0,0,0,0,2.70805020110221
Signal-Android,2019-1,2020-1,2019-1->2020-1,3,org.thoughtcrime.securesms.components.AudioView,28,37,9,200,0,13,1,0.0,0.0,0.0,0.0,10.0,0,0,0,0,2.3978952727983707
Signal-Android,2019-1,2020-1,2019-1->2020-1,3,org.thoughtcrime.securesms.components.AvatarImageView,0,0,0,70,0,0,1,0.0,0.0,0.0,0.0,9.0,0,0,0,0,2.302585092994046
Signal-Android,2019-1,2020-1,2019-1->2020-1,3,org.thoughtcrime.securesms.components.BubbleDrawableBuilder,10,10,0,43,0,6,1,0.0,0.0,0.0,0.0,2.0,0,0,0,0,1.0986122886681098
Signal-Android,2019-1,2020-1,2019-1->2020-1,3,org.thoughtcrime.securesms.components.ComposeText,6,9,3,99,0,3,1,0.0,0.0,0.0,0.0,12.0,0,0,0,0,2.5649493574615367
Signal-Android,2019-1,2020-1,2019-1->2020-1,3,org.thoughtcrime.securesms.components.ContactFilterToolbar,4,4,0,89,0,3,1,0.0,0.0,0.0,0.0,5.0,0,0,0,0,1.791759469228055
Signal-Android,2019-1,2020-1,2019-1->2020-1,3,org.thoughtcrime.securesms.components.ConversationItemFooter,3,3,0,102,0,3,1,0.0,0.0,0.0,0.0,22.0,0,0,0,0,3.1354942159291497
Signal-Android,2019-1,2020-1,2019-1->2020-1,3,org.thoughtcrime.securesms.components.ConversationItemThumbnail,7,8,1,101,0,5,1,0.0,0.0,0.0,0.0,10.0,0,0,0,0,2.3978952727983707
Signal-Android,2019-1,2020-1,2019-1->2020-1,3,org.thoughtcrime.securesms.components.ConversationTypingView,1,1,0,24,0,1,1,0.0,0.0,0.0,0.0,3.0,0,0,0,0,1.3862943611198906
Signal-Android,2019-1,2020-1,2019-1->2020-1,3,org.thoughtcrime.securesms.components.CustomDefaultPreference,2,2,0,139,0,2,1,0.0,0.0,0.0,0.0,12.0,0,0,0,0,2.5649493574615367
Signal-Android,2019-1,2020-1,2019-1->2020-1,3,org.thoughtcrime.securesms.components.DocumentView,3,3,0,103,0,3,1,0.0,0.0,0.0,0.0,5.0,0,0,0,0,1.791759469228055
Signal-Android,2019-1,2020-1,2019-1->2020-1,3,org.thoughtcrime.securesms.components.ExpirationTimerView,8,8,0,67,0,6,1,0.0,0.0,0.0,0.0,3.0,0,0,0,0,1.3862943611198906
Signal-Android,2019-1,2020-1,2019-1->2020-1,3,org.thoughtcrime.securesms.components.ImageDivet,6,6,0,62,0,5,1,0.0,0.0,0.0,0.0,5.0,0,0,0,0,1.791759469228055
Signal-Android,2019-1,2020-1,2019-1->2020-1,3,org.thoughtcrime.securesms.components.InputAwareLayout,5,5,0,51,0,4,1,0.0,0.0,0.0,0.0,2.0,0,0,0,0,1.0986122886681098
Signal-Android,2019-1,2020-1,2019-1->2020-1,3,org.thoughtcrime.securesms.components.InputPanel,25,37,12,198,0,13,1,0.0,0.0,0.0,0.0,6.0,0,0,0,0,1.9459101490553132
Signal-Android,2019-1,2020-1,2019-1->2020-1,3,org.thoughtcrime.securesms.components.KeyboardAwareLinearLayout,36,40,4,132,0,20,1,0.0,0.0,0.0,0.0,14.0,0,0,0,0,2.70805020110221
Signal-Android,2019-1,2020-1,2019-1->2020-1,3,org.thoughtcrime.securesms.components.MaxHeightScrollView,2,2,0,18,0,1,1,0.0,0.0,0.0,0.0,4.0,0,0,0,0,1.6094379124341003
Signal-Android,2019-1,2020-1,2019-1->2020-1,3,org.thoughtcrime.securesms.components.MicrophoneRecorderView,5,13,8,120,0,3,1,0.0,0.0,0.0,0.0,1.0,0,0,0,0,0.6931471805599453
Signal-Android,2019-1,2020-1,2019-1->2020-1,3,org.thoughtcrime.securesms.components.PushRecipientsPanel,6,5,-1,73,0,4,1,0.0,0.0,0.0,0.0,5.0,0,0,0,0,1.791759469228055
Signal-Android,2019-1,2020-1,2019-1->2020-1,3,org.thoughtcrime.securesms.components.QuoteView,8,10,2,178,0,4,1,0.0,0.0,0.0,0.0,43.0,0,0,0,0,3.784189633918261
Signal-Android,2019-1,2020-1,2019-1->2020-1,3,org.thoughtcrime.securesms.components.RatingManager,0,0,0,49,0,0,1,0.0,0.0,0.0,0.0,5.0,0,0,0,0,1.791759469228055
Signal-Android,2019-1,2020-1,2019-1->2020-1,3,org.thoughtcrime.securesms.components.RecentPhotoViewRail,2,2,0,67,0,1,1,0.0,0.0,0.0,0.0,8.0,0,0,0,0,2.1972245773362196
Signal-Android,2019-1,2020-1,2019-1->2020-1,3,org.thoughtcrime.securesms.components.RecyclerViewFastScroller,14,12,-2,130,0,6,1,0.0,0.0,0.0,0.0,4.0,0,0,0,0,1.6094379124341003
Signal-Android,2019-1,2020-1,2019-1->2020-1,3,org.thoughtcrime.securesms.components.RemovableEditableMediaView,1,1,0,40,0,1,1,0.0,0.0,0.0,0.0,0.0,0,0,0,0,0.0
Signal-Android,2019-1,2020-1,2019-1->2020-1,3,org.thoughtcrime.securesms.components.RepeatableImageKey,4,4,0,56,0,3,1,0.0,0.0,0.0,0.0,0.0,0,0,0,0,0.0
Signal-Android,2019-1,2020-1,2019-1->2020-1,3,org.thoughtcrime.securesms.components.SearchToolbar,12,12,0,85,0,6,1,0.0,0.0,0.0,0.0,20.0,0,0,0,0,3.044522437723423
Signal-Android,2019-1,2020-1,2019-1->2020-1,3,org.thoughtcrime.securesms.components.SendButton,2,2,0,60,0,2,1,0.0,0.0,0.0,0.0,3.0,0,0,0,0,1.3862943611198906
Signal-Android,2019-1,2020-1,2019-1->2020-1,3,org.thoughtcrime.securesms.components.SharedContactView,4,4,0,141,0,4,1,0.0,0.0,0.0,0.0,15.0,0,0,0,0,2.772588722239781
Signal-Android,2019-1,2020-1,2019-1->2020-1,3,org.thoughtcrime.securesms.components.ThreadPhotoRailView,2,2,0,56,0,1,1,0.0,0.0,0.0,0.0,4.0,0,0,0,0,1.6094379124341003
Signal-Android,2019-1,2020-1,2019-1->2020-1,3,org.thoughtcrime.securesms.components.ThumbnailView,31,35,4,239,0,9,1,0.0,0.0,0.0,0.0,16.0,0,0,0,0,2.833213344056216
Signal-Android,2019-1,2020-1,2019-1->2020-1,3,org.thoughtcrime.securesms.components.TransferControlView,12,12,0,151,0,8,1,0.0,0.0,0.0,0.0,12.0,0,0,0,0,2.5649493574615367
Signal-Android,2019-1,2020-1,2019-1->2020-1,3,org.thoughtcrime.securesms.components.TypingIndicatorView,2,2,0,72,0,2,1,0.0,0.0,0.0,0.0,7.0,0,0,0,0,2.0794415416798357
Signal-Android,2019-1,2020-1,2019-1->2020-1,3,org.thoughtcrime.securesms.components.TypingStatusRepository,3,3,0,104,0,2,1,0.0,0.0,0.0,0.0,6.0,0,0,0,0,1.9459101490553132
Signal-Android,2019-1,2020-1,2019-1->2020-1,3,org.thoughtcrime.securesms.components.TypingStatusSender,9,9,0,57,0,4,1,1.0,0.0,0.0,0.0,0.0,1,0,0,0,0.0
Signal-Android,2019-1,2020-1,2019-1->2020-1,3,org.thoughtcrime.securesms.components.camera.CameraUtils,0,0,0,57,0,0,1,0.0,0.0,0.0,0.0,4.0,0,0,0,0,1.6094379124341003
Signal-Android,2019-1,2020-1,2019-1->2020-1,3,org.thoughtcrime.securesms.components.camera.CameraView,33,33,0,374,0,15,1,1.0,0.0,0.0,0.0,30.0,1,0,0,0,3.4339872044851463
Signal-Android,2019-1,2020-1,2019-1->2020-1,3,org.thoughtcrime.securesms.components.emoji.EmojiEditText,0,0,0,28,0,0,1,0.0,0.0,0.0,0.0,1.0,0,0,0,0,0.6931471805599453
Signal-Android,2019-1,2020-1,2019-1->2020-1,3,org.thoughtcrime.securesms.components.emoji.EmojiFilter,0,0,0,12,0,0,1,0.0,0.0,0.0,0.0,0.0,0,0,0,0,0.0
Signal-Android,2019-1,2020-1,2019-1->2020-1,3,org.thoughtcrime.securesms.components.emoji.EmojiPageView,7,7,0,57,0,3,1,0.0,0.0,0.0,0.0,2.0,0,0,0,0,1.0986122886681098
Signal-Android,2019-1,2020-1,2019-1->2020-1,3,org.thoughtcrime.securesms.components.emoji.EmojiPageViewGridAdapter,5,5,0,68,0,3,1,0.0,0.0,0.0,0.0,15.0,0,0,0,0,2.772588722239781
Signal-Android,2019-1,2020-1,2019-1->2020-1,3,org.thoughtcrime.securesms.components.emoji.EmojiProvider,0,0,0,99,0,0,1,0.0,0.0,0.0,0.0,0.0,0,0,0,0,0.0
Signal-Android,2019-1,2020-1,2019-1->2020-1,3,org.thoughtcrime.securesms.components.emoji.EmojiSpan,0,0,0,27,0,0,1,0.0,0.0,0.0,0.0,0.0,0,0,0,0,0.0
Signal-Android,2019-1,2020-1,2019-1->2020-1,3,org.thoughtcrime.securesms.components.emoji.EmojiTextView,9,16,7,89,0,5,1,0.0,0.0,0.0,0.0,4.0,0,0,0,0,1.6094379124341003
Signal-Android,2019-1,2020-1,2019-1->2020-1,3,org.thoughtcrime.securesms.components.emoji.EmojiToggle,5,9,4,30,0,5,1,0.0,0.0,0.0,0.0,4.0,0,0,0,0,1.6094379124341003
Signal-Android,2019-1,2020-1,2019-1->2020-1,3,org.thoughtcrime.securesms.components.emoji.EmojiVariationSelectorPopup,0,0,0,25,0,0,1,0.0,0.0,0.0,0.0,4.0,0,0,0,0,1.6094379124341003
Signal-Android,2019-1,2020-1,2019-1->2020-1,3,org.thoughtcrime.securesms.components.emoji.RecentEmojiPageModel,3,3,0,59,0,3,1,0.0,0.0,0.0,0.0,6.0,0,0,0,0,1.9459101490553132
Signal-Android,2019-1,2020-1,2019-1->2020-1,3,org.thoughtcrime.securesms.components.emoji.parsing.EmojiPageBitmap,0,0,0,60,0,0,1,0.0,0.0,0.0,0.0,4.0,0,0,0,0,1.6094379124341003
Signal-Android,2019-1,2020-1,2019-1->2020-1,3,org.thoughtcrime.securesms.components.emoji.parsing.EmojiParser,0,0,0,54,0,0,1,0.0,0.0,0.0,0.0,2.0,0,0,0,0,1.0986122886681098
Signal-Android,2019-1,2020-1,2019-1->2020-1,3,org.thoughtcrime.securesms.components.emoji.parsing.EmojiTree,0,0,0,56,0,0,1,0.0,0.0,0.0,0.0,10.0,0,0,0,0,2.3978952727983707
Signal-Android,2019-1,2020-1,2019-1->2020-1,3,org.thoughtcrime.securesms.components.emoji.parsing.Fitzpatrick,0,0,0,22,0,0,1,0.0,0.0,0.0,0.0,3.0,0,0,0,0,1.3862943611198906
Signal-Android,2019-1,2020-1,2019-1->2020-1,3,org.thoughtcrime.securesms.components.identity.UnverifiedBannerView,2,2,0,48,0,2,1,0.0,0.0,0.0,0.0,1.0,0,0,0,0,0.6931471805599453
Signal-Android,2019-1,2020-1,2019-1->2020-1,3,org.thoughtcrime.securesms.components.location.SignalMapView,0,0,0,50,0,0,1,0.0,0.0,0.0,0.0,2.0,0,0,0,0,1.0986122886681098
Signal-Android,2019-1,2020-1,2019-1->2020-1,3,org.thoughtcrime.securesms.components.location.SignalPlace,1,1,0,40,0,1,1,0.0,0.0,0.0,0.0,4.0,0,0,0,0,1.6094379124341003
Signal-Android,2019-1,2020-1,2019-1->2020-1,3,org.thoughtcrime.securesms.components.registration.CallMeCountDownView,8,7,-1,57,0,5,1,0.0,0.0,0.0,0.0,3.0,0,0,0,0,1.3862943611198906
Signal-Android,2019-1,2020-1,2019-1->2020-1,3,org.thoughtcrime.securesms.components.registration.PulsingFloatingActionButton,5,5,0,26,0,3,1,0.0,0.0,0.0,0.0,2.0,0,0,0,0,1.0986122886681098
Signal-Android,2019-1,2020-1,2019-1->2020-1,3,org.thoughtcrime.securesms.components.registration.VerificationCodeView,9,9,0,90,0,4,1,0.0,0.0,0.0,0.0,14.0,0,0,0,0,2.70805020110221
Signal-Android,2019-1,2020-1,2019-1->2020-1,3,org.thoughtcrime.securesms.components.registration.VerificationPinKeyboard,4,4,0,133,0,4,1,0.0,0.0,0.0,0.0,3.0,0,0,0,0,1.3862943611198906
Signal-Android,2019-1,2020-1,2019-1->2020-1,3,org.thoughtcrime.securesms.components.reminder.OutdatedBuildReminder,2,2,0,25,0,1,1,0.0,0.0,0.0,0.0,1.0,0,0,0,0,0.6931471805599453
Signal-Android,2019-1,2020-1,2019-1->2020-1,3,org.thoughtcrime.securesms.components.reminder.Reminder,2,4,2,27,0,2,1,1.0,0.0,0.0,0.0,0.0,1,0,0,0,0.0
Signal-Android,2019-1,2020-1,2019-1->2020-1,3,org.thoughtcrime.securesms.components.reminder.ReminderView,4,7,3,50,0,4,1,0.0,0.0,0.0,0.0,2.0,0,0,0,0,1.0986122886681098
Signal-Android,2019-1,2020-1,2019-1->2020-1,3,org.thoughtcrime.securesms.components.reminder.ShareReminder,0,0,0,23,0,0,1,0.0,0.0,0.0,0.0,1.0,0,0,0,0,0.6931471805599453
Signal-Android,2019-1,2020-1,2019-1->2020-1,3,org.thoughtcrime.securesms.components.subsampling.AttachmentBitmapDecoder,1,1,0,16,0,1,1,0.0,0.0,0.0,0.0,0.0,0,0,0,0,0.0
Signal-Android,2019-1,2020-1,2019-1->2020-1,3,org.thoughtcrime.securesms.components.subsampling.AttachmentRegionDecoder,3,3,0,37,0,2,1,0.0,0.0,0.0,0.0,1.0,0,0,0,0,0.6931471805599453
Signal-Android,2019-1,2020-1,2019-1->2020-1,3,org.thoughtcrime.securesms.components.webrtc.PercentFrameLayout,15,15,0,66,0,7,1,0.0,0.0,0.0,0.0,6.0,0,0,0,0,1.9459101490553132
Signal-Android,2019-1,2020-1,2019-1->2020-1,3,org.thoughtcrime.securesms.components.webrtc.WebRtcAnswerDeclineButton,9,12,3,190,0,6,1,0.0,0.0,0.0,0.0,30.0,0,0,0,0,3.4339872044851463
Signal-Android,2019-1,2020-1,2019-1->2020-1,3,org.thoughtcrime.securesms.components.webrtc.WebRtcCallControls,19,21,2,125,0,15,1,0.0,0.0,0.0,0.0,5.0,0,0,0,0,1.791759469228055
Signal-Android,2019-1,2020-1,2019-1->2020-1,3,org.thoughtcrime.securesms.components.webrtc.WebRtcCallScreen,13,22,9,195,0,7,1,0.0,0.0,0.0,0.0,25.0,0,0,0,0,3.258096538021482
Signal-Android,2019-1,2020-1,2019-1->2020-1,3,org.thoughtcrime.securesms.contacts.ArrayListCursor,9,9,0,94,0,9,1,0.0,0.0,0.0,0.0,7.0,0,0,0,0,2.0794415416798357
Signal-Android,2019-1,2020-1,2019-1->2020-1,3,org.thoughtcrime.securesms.contacts.ContactAccessor,1,1,0,192,0,0,1,0.0,0.0,0.0,0.0,10.0,0,0,0,0,2.3978952727983707
Signal-Android,2019-1,2020-1,2019-1->2020-1,3,org.thoughtcrime.securesms.contacts.ContactIdentityManagerICS,1,1,0,43,0,1,1,0.0,0.0,0.0,0.0,2.0,0,0,0,0,1.0986122886681098
Signal-Android,2019-1,2020-1,2019-1->2020-1,3,org.thoughtcrime.securesms.contacts.ContactSelectionListAdapter,7,7,0,135,0,5,1,0.0,0.0,0.0,0.0,16.0,0,0,0,0,2.833213344056216
Signal-Android,2019-1,2020-1,2019-1->2020-1,3,org.thoughtcrime.securesms.contacts.ContactsCursorLoader,3,4,1,152,0,0,1,0.0,0.0,0.0,0.0,18.0,0,0,0,0,2.9444389791664403
Signal-Android,2019-1,2020-1,2019-1->2020-1,3,org.thoughtcrime.securesms.contacts.ContactsDatabase,0,0,0,441,0,0,1,0.0,0.0,0.0,0.0,99.0,0,0,0,0,4.605170185988092
Signal-Android,2019-1,2020-1,2019-1->2020-1,3,org.thoughtcrime.securesms.contacts.RecipientsAdapter,0,0,0,72,0,0,1,0.0,0.0,0.0,0.0,7.0,0,0,0,0,2.0794415416798357
Signal-Android,2019-1,2020-1,2019-1->2020-1,3,org.thoughtcrime.securesms.contacts.RecipientsEditor,8,8,0,178,0,4,1,0.0,0.0,0.0,0.0,10.0,0,0,0,0,2.3978952727983707
Signal-Android,2019-1,2020-1,2019-1->2020-1,3,org.thoughtcrime.securesms.contacts.avatars.ContactColors,0,0,0,17,0,0,1,0.0,0.0,0.0,0.0,0.0,0,0,0,0,0.0
Signal-Android,2019-1,2020-1,2019-1->2020-1,3,org.thoughtcrime.securesms.contacts.avatars.ContactColorsLegacy,0,0,0,24,0,0,1,0.0,0.0,0.0,0.0,0.0,0,0,0,0,0.0
Signal-Android,2019-1,2020-1,2019-1->2020-1,3,org.thoughtcrime.securesms.contacts.avatars.GeneratedContactPhoto,0,0,0,45,0,0,1,0.0,0.0,0.0,0.0,12.0,0,0,0,0,2.5649493574615367
Signal-Android,2019-1,2020-1,2019-1->2020-1,3,org.thoughtcrime.securesms.contacts.avatars.GroupRecordContactPhoto,2,2,0,31,0,2,1,0.0,0.0,0.0,0.0,5.0,0,0,0,0,1.791759469228055
Signal-Android,2019-1,2020-1,2019-1->2020-1,3,org.thoughtcrime.securesms.contacts.avatars.ProfileContactPhoto,2,2,0,27,0,2,1,0.0,0.0,0.0,0.0,1.0,0,0,0,0,0.6931471805599453
Signal-Android,2019-1,2020-1,2019-1->2020-1,3,org.thoughtcrime.securesms.contacts.avatars.ResourceContactPhoto,2,3,1,33,0,2,1,0.0,0.0,0.0,0.0,4.0,0,0,0,0,1.6094379124341003
Signal-Android,2019-1,2020-1,2019-1->2020-1,3,org.thoughtcrime.securesms.contacts.avatars.SystemContactPhoto,2,2,0,31,0,2,1,0.0,0.0,0.0,0.0,3.0,0,0,0,0,1.3862943611198906
Signal-Android,2019-1,2020-1,2019-1->2020-1,3,org.thoughtcrime.securesms.contacts.avatars.TransparentContactPhoto,1,1,0,11,0,1,1,0.0,0.0,0.0,0.0,1.0,0,0,0,0,0.6931471805599453
Signal-Android,2019-1,2020-1,2019-1->2020-1,3,org.thoughtcrime.securesms.contactshare.Contact,4,4,0,407,0,4,1,3.0,0.0,0.0,0.0,0.0,1,0,0,0,0.0
Signal-Android,2019-1,2020-1,2019-1->2020-1,3,org.thoughtcrime.securesms.contactshare.ContactFieldAdapter,3,3,0,146,0,3,1,0.0,0.0,0.0,0.0,9.0,0,0,0,0,2.302585092994046
Signal-Android,2019-1,2020-1,2019-1->2020-1,3,org.thoughtcrime.securesms.contactshare.ContactModelMapper,0,0,0,109,0,0,1,0.0,0.0,0.0,0.0,45.0,0,0,0,0,3.828641396489095
Signal-Android,2019-1,2020-1,2019-1->2020-1,3,org.thoughtcrime.securesms.contactshare.ContactNameEditActivity,3,3,0,84,0,3,1,0.0,0.0,0.0,0.0,11.0,0,0,0,0,2.4849066497880004
Signal-Android,2019-1,2020-1,2019-1->2020-1,3,org.thoughtcrime.securesms.contactshare.ContactNameEditViewModel,4,3,-1,79,0,2,1,0.0,0.0,0.0,0.0,19.0,0,0,0,0,2.995732273553991
Signal-Android,2019-1,2020-1,2019-1->2020-1,3,org.thoughtcrime.securesms.contactshare.ContactShareEditActivity,2,2,0,70,0,2,1,0.0,0.0,0.0,0.0,8.0,0,0,0,0,2.1972245773362196
Signal-Android,2019-1,2020-1,2019-1->2020-1,3,org.thoughtcrime.securesms.contactshare.ContactShareEditAdapter,2,2,0,46,0,2,1,0.0,0.0,0.0,0.0,1.0,0,0,0,0,0.6931471805599453
Signal-Android,2019-1,2020-1,2019-1->2020-1,3,org.thoughtcrime.securesms.contactshare.ContactShareEditViewModel,0,0,0,61,0,0,1,0.0,0.0,0.0,0.0,10.0,0,0,0,0,2.3978952727983707
Signal-Android,2019-1,2020-1,2019-1->2020-1,3,org.thoughtcrime.securesms.contactshare.ContactUtil,0,0,0,120,0,0,1,0.0,0.0,0.0,0.0,54.0,0,0,0,0,4.007333185232471
Signal-Android,2019-1,2020-1,2019-1->2020-1,3,org.thoughtcrime.securesms.contactshare.SharedContactDetailsActivity,6,6,0,150,0,5,1,0.0,0.0,0.0,0.0,15.0,0,0,0,0,2.772588722239781
Signal-Android,2019-1,2020-1,2019-1->2020-1,3,org.thoughtcrime.securesms.crypto.AsymmetricMasterCipher,6,6,0,53,0,3,1,0.0,0.0,0.0,0.0,5.0,0,0,0,0,1.791759469228055
Signal-Android,2019-1,2020-1,2019-1->2020-1,3,org.thoughtcrime.securesms.crypto.AttachmentSecretProvider,0,0,0,51,0,0,1,0.0,0.0,0.0,0.0,7.0,0,0,0,0,2.0794415416798357
Signal-Android,2019-1,2020-1,2019-1->2020-1,3,org.thoughtcrime.securesms.crypto.ClassicDecryptingPartInputStream,0,0,0,71,0,0,1,0.0,0.0,0.0,0.0,1.0,0,0,0,0,0.6931471805599453
Signal-Android,2019-1,2020-1,2019-1->2020-1,3,org.thoughtcrime.securesms.crypto.DatabaseSecretProvider,0,0,0,41,0,0,1,0.0,0.0,0.0,0.0,3.0,0,0,0,0,1.3862943611198906
Signal-Android,2019-1,2020-1,2019-1->2020-1,3,org.thoughtcrime.securesms.crypto.IdentityKeyParcelable,1,1,0,27,0,1,1,0.0,0.0,0.0,0.0,1.0,0,0,0,0,0.6931471805599453
Signal-Android,2019-1,2020-1,2019-1->2020-1,3,org.thoughtcrime.securesms.crypto.IdentityKeyUtil,0,0,0,82,0,0,1,0.0,0.0,0.0,0.0,16.0,0,0,0,0,2.833213344056216
Signal-Android,2019-1,2020-1,2019-1->2020-1,3,org.thoughtcrime.securesms.crypto.KeyStoreHelper,6,6,0,89,0,0,1,0.0,0.0,0.0,0.0,11.0,0,0,0,0,2.4849066497880004
Signal-Android,2019-1,2020-1,2019-1->2020-1,3,org.thoughtcrime.securesms.crypto.MasterCipher,4,4,0,102,0,2,1,0.0,0.0,0.0,0.0,1.0,0,0,0,0,0.6931471805599453
Signal-Android,2019-1,2020-1,2019-1->2020-1,3,org.thoughtcrime.securesms.crypto.MasterSecret,2,2,0,48,0,2,1,0.0,0.0,0.0,0.0,9.0,0,0,0,0,2.302585092994046
Signal-Android,2019-1,2020-1,2019-1->2020-1,3,org.thoughtcrime.securesms.crypto.MasterSecretUtil,5,5,0,208,0,0,1,0.0,0.0,0.0,0.0,36.0,0,0,0,0,3.6109179126442243
Signal-Android,2019-1,2020-1,2019-1->2020-1,3,org.thoughtcrime.securesms.crypto.ModernDecryptingPartInputStream,0,0,0,35,0,0,1,0.0,0.0,0.0,0.0,1.0,0,0,0,0,0.6931471805599453
Signal-Android,2019-1,2020-1,2019-1->2020-1,3,org.thoughtcrime.securesms.crypto.ModernEncryptingPartOutputStream,0,0,0,18,0,0,1,0.0,0.0,0.0,0.0,1.0,0,0,0,0,0.6931471805599453
Signal-Android,2019-1,2020-1,2019-1->2020-1,3,org.thoughtcrime.securesms.crypto.PreKeyUtil,0,0,0,34,0,0,1,0.0,0.0,0.0,0.0,2.0,0,0,0,0,1.0986122886681098
Signal-Android,2019-1,2020-1,2019-1->2020-1,3,org.thoughtcrime.securesms.crypto.ProfileKeyUtil,0,0,0,15,0,0,1,0.0,0.0,0.0,0.0,0.0,0,0,0,0,0.0
Signal-Android,2019-1,2020-1,2019-1->2020-1,3,org.thoughtcrime.securesms.crypto.PublicKey,10,10,0,41,0,8,1,0.0,0.0,0.0,0.0,1.0,0,0,0,0,0.6931471805599453
Signal-Android,2019-1,2020-1,2019-1->2020-1,3,org.thoughtcrime.securesms.crypto.SecurityEvent,0,0,0,6,0,0,1,0.0,0.0,0.0,0.0,0.0,0,0,0,0,0.0
Signal-Android,2019-1,2020-1,2019-1->2020-1,3,org.thoughtcrime.securesms.crypto.SessionUtil,0,0,0,10,0,0,1,0.0,0.0,0.0,0.0,0.0,0,0,0,0,0.0
Signal-Android,2019-1,2020-1,2019-1->2020-1,3,org.thoughtcrime.securesms.crypto.UnidentifiedAccessUtil,0,0,0,69,0,0,1,0.0,0.0,0.0,0.0,3.0,0,0,0,0,1.3862943611198906
Signal-Android,2019-1,2020-1,2019-1->2020-1,3,org.thoughtcrime.securesms.crypto.storage.SignalProtocolStoreImpl,5,5,0,70,0,5,1,0.0,0.0,0.0,0.0,0.0,0,0,0,0,0.0
Signal-Android,2019-1,2020-1,2019-1->2020-1,3,org.thoughtcrime.securesms.crypto.storage.TextSecureIdentityKeyStore,1,1,0,79,0,1,1,0.0,0.0,0.0,0.0,16.0,0,0,0,0,2.833213344056216
Signal-Android,2019-1,2020-1,2019-1->2020-1,3,org.thoughtcrime.securesms.crypto.storage.TextSecurePreKeyStore,4,4,0,44,0,4,1,0.0,0.0,0.0,0.0,9.0,0,0,0,0,2.302585092994046
Signal-Android,2019-1,2020-1,2019-1->2020-1,3,org.thoughtcrime.securesms.crypto.storage.TextSecureSessionStore,2,2,0,50,0,1,1,0.0,0.0,0.0,0.0,14.0,0,0,0,0,2.70805020110221
Signal-Android,2019-1,2020-1,2019-1->2020-1,3,org.thoughtcrime.securesms.database.ApnDatabase,0,0,0,98,0,0,1,0.0,0.0,0.0,0.0,2.0,0,0,0,0,1.0986122886681098
Signal-Android,2019-1,2020-1,2019-1->2020-1,3,org.thoughtcrime.securesms.database.AttachmentDatabase,6,13,7,500,0,2,1,0.0,0.0,0.0,0.0,49.0,0,0,0,0,3.912023005428146
Signal-Android,2019-1,2020-1,2019-1->2020-1,3,org.thoughtcrime.securesms.database.Database,3,5,2,26,0,3,1,0.0,0.0,0.0,0.0,6.0,0,0,0,0,1.9459101490553132
Signal-Android,2019-1,2020-1,2019-1->2020-1,3,org.thoughtcrime.securesms.database.DatabaseFactory,0,1,1,101,0,0,1,0.0,0.0,0.0,0.0,23.0,0,0,0,0,3.1780538303479458
Signal-Android,2019-1,2020-1,2019-1->2020-1,3,org.thoughtcrime.securesms.database.DraftDatabase,2,2,0,95,0,2,1,1.0,0.0,0.0,0.0,3.0,1,0,0,0,1.3862943611198906
Signal-Android,2019-1,2020-1,2019-1->2020-1,3,org.thoughtcrime.securesms.database.EarlyReceiptCache,0,0,0,20,0,0,1,0.0,0.0,0.0,0.0,1.0,0,0,0,0,0.6931471805599453
Signal-Android,2019-1,2020-1,2019-1->2020-1,3,org.thoughtcrime.securesms.database.GroupDatabase,3,2,-1,268,0,2,1,1.0,0.0,1.0,0.0,11.0,1,0,1,0,2.4849066497880004
Signal-Android,2019-1,2020-1,2019-1->2020-1,3,org.thoughtcrime.securesms.database.GroupReceiptDatabase,2,2,0,75,0,2,1,1.0,0.0,0.0,0.0,1.0,1,0,0,0,0.6931471805599453
Signal-Android,2019-1,2020-1,2019-1->2020-1,3,org.thoughtcrime.securesms.database.IdentityDatabase,0,0,0,133,0,0,1,1.0,0.0,0.0,0.0,5.0,1,0,0,0,1.791759469228055
Signal-Android,2019-1,2020-1,2019-1->2020-1,3,org.thoughtcrime.securesms.database.MediaDatabase,0,9,9,84,0,0,1,1.0,0.0,0.0,0.0,5.0,1,0,0,0,1.791759469228055
Signal-Android,2019-1,2020-1,2019-1->2020-1,3,org.thoughtcrime.securesms.database.MessagingDatabase,4,11,7,145,0,4,1,1.0,0.0,0.0,0.0,8.0,1,0,0,0,2.1972245773362196
Signal-Android,2019-1,2020-1,2019-1->2020-1,3,org.thoughtcrime.securesms.database.MmsDatabase,44,52,8,889,0,27,1,1.0,0.0,0.0,0.0,143.0,1,0,0,0,4.969813299576001
Signal-Android,2019-1,2020-1,2019-1->2020-1,3,org.thoughtcrime.securesms.database.MmsSmsColumns,0,0,0,155,0,0,1,0.0,0.0,0.0,0.0,0.0,0,0,0,0,0.0
Signal-Android,2019-1,2020-1,2019-1->2020-1,3,org.thoughtcrime.securesms.database.MmsSmsDatabase,7,11,4,293,0,3,1,0.0,1.0,0.0,0.0,19.0,0,1,0,0,2.995732273553991
Signal-Android,2019-1,2020-1,2019-1->2020-1,3,org.thoughtcrime.securesms.database.OneTimePreKeyDatabase,1,1,0,37,0,1,1,0.0,0.0,0.0,0.0,5.0,0,0,0,0,1.791759469228055
Signal-Android,2019-1,2020-1,2019-1->2020-1,3,org.thoughtcrime.securesms.database.PushDatabase,1,1,0,106,0,1,1,0.0,0.0,0.0,0.0,3.0,0,0,0,0,1.3862943611198906
Signal-Android,2019-1,2020-1,2019-1->2020-1,3,org.thoughtcrime.securesms.database.RecipientDatabase,5,7,2,476,0,3,1,1.0,0.0,1.0,0.0,26.0,1,0,1,0,3.295836866004329
Signal-Android,2019-1,2020-1,2019-1->2020-1,3,org.thoughtcrime.securesms.database.SearchDatabase,0,0,0,63,0,0,1,0.0,0.0,0.0,0.0,2.0,0,0,0,0,1.0986122886681098
Signal-Android,2019-1,2020-1,2019-1->2020-1,3,org.thoughtcrime.securesms.database.SessionDatabase,0,0,0,92,0,0,1,0.0,0.0,0.0,0.0,1.0,0,0,0,0,0.6931471805599453
Signal-Android,2019-1,2020-1,2019-1->2020-1,3,org.thoughtcrime.securesms.database.SignedPreKeyDatabase,1,1,0,60,0,1,1,0.0,0.0,0.0,0.0,5.0,0,0,0,0,1.791759469228055
Signal-Android,2019-1,2020-1,2019-1->2020-1,3,org.thoughtcrime.securesms.database.SmsDatabase,43,46,3,559,0,31,1,0.0,0.0,0.0,0.0,62.0,0,0,0,0,4.143134726391533
Signal-Android,2019-1,2020-1,2019-1->2020-1,3,org.thoughtcrime.securesms.database.SmsMigrator,0,0,0,148,0,0,1,0.0,0.0,0.0,0.0,18.0,0,0,0,0,2.9444389791664403
Signal-Android,2019-1,2020-1,2019-1->2020-1,3,org.thoughtcrime.securesms.database.ThreadDatabase,35,35,0,442,0,16,1,0.0,0.0,1.0,0.0,38.0,0,0,1,0,3.6635616461296463
Signal-Android,2019-1,2020-1,2019-1->2020-1,3,org.thoughtcrime.securesms.database.XmlBackup,17,17,0,154,0,1,1,1.0,0.0,1.0,0.0,19.0,1,0,1,0,2.995732273553991
Signal-Android,2019-1,2020-1,2019-1->2020-1,3,org.thoughtcrime.securesms.database.documents.IdentityKeyMismatch,2,2,0,40,0,2,1,0.0,0.0,0.0,0.0,2.0,0,0,0,0,1.0986122886681098
Signal-Android,2019-1,2020-1,2019-1->2020-1,3,org.thoughtcrime.securesms.database.documents.IdentityKeyMismatchList,3,3,0,15,0,2,1,0.0,0.0,0.0,0.0,0.0,0,0,0,0,0.0
Signal-Android,2019-1,2020-1,2019-1->2020-1,3,org.thoughtcrime.securesms.database.documents.NetworkFailure,2,2,0,17,0,2,1,0.0,0.0,0.0,0.0,0.0,0,0,0,0,0.0
Signal-Android,2019-1,2020-1,2019-1->2020-1,3,org.thoughtcrime.securesms.database.documents.NetworkFailureList,3,3,0,15,0,2,1,0.0,0.0,0.0,0.0,0.0,0,0,0,0,0.0
Signal-Android,2019-1,2020-1,2019-1->2020-1,3,org.thoughtcrime.securesms.database.helpers.ClassicOpenHelper,0,0,0,952,0,0,1,0.0,2.0,0.0,0.0,65.0,0,1,0,0,4.189654742026425
Signal-Android,2019-1,2020-1,2019-1->2020-1,3,org.thoughtcrime.securesms.database.helpers.PreKeyMigrationHelper,0,0,0,122,0,0,1,0.0,0.0,0.0,0.0,12.0,0,0,0,0,2.5649493574615367
Signal-Android,2019-1,2020-1,2019-1->2020-1,3,org.thoughtcrime.securesms.database.helpers.SQLCipherMigrationHelper,1,1,0,144,0,0,1,0.0,1.0,0.0,0.0,3.0,0,1,0,0,1.3862943611198906
Signal-Android,2019-1,2020-1,2019-1->2020-1,3,org.thoughtcrime.securesms.database.helpers.SQLCipherOpenHelper,0,0,0,195,0,0,1,0.0,1.0,0.0,0.0,6.0,0,1,0,0,1.9459101490553132
Signal-Android,2019-1,2020-1,2019-1->2020-1,3,org.thoughtcrime.securesms.database.helpers.SessionStoreMigrationHelper,0,0,0,55,0,0,1,0.0,0.0,0.0,0.0,2.0,0,0,0,0,1.0986122886681098
Signal-Android,2019-1,2020-1,2019-1->2020-1,3,org.thoughtcrime.securesms.database.identity.IdentityRecordList,10,10,0,51,0,4,1,0.0,0.0,0.0,0.0,1.0,0,0,0,0,0.6931471805599453
Signal-Android,2019-1,2020-1,2019-1->2020-1,3,org.thoughtcrime.securesms.database.loaders.BlockedContactsLoader,0,0,0,7,0,0,1,0.0,0.0,0.0,0.0,1.0,0,0,0,0,0.6931471805599453
Signal-Android,2019-1,2020-1,2019-1->2020-1,3,org.thoughtcrime.securesms.database.loaders.ConversationListLoader,0,0,0,41,0,0,1,0.0,0.0,0.0,0.0,7.0,0,0,0,0,2.0794415416798357
Signal-Android,2019-1,2020-1,2019-1->2020-1,3,org.thoughtcrime.securesms.database.loaders.ConversationLoader,5,5,0,30,0,5,1,0.0,0.0,0.0,0.0,2.0,0,0,0,0,1.0986122886681098
Signal-Android,2019-1,2020-1,2019-1->2020-1,3,org.thoughtcrime.securesms.database.loaders.CountryListLoader,0,0,0,18,0,0,1,0.0,0.0,0.0,0.0,4.0,0,0,0,0,1.6094379124341003
Signal-Android,2019-1,2020-1,2019-1->2020-1,3,org.thoughtcrime.securesms.database.loaders.DeviceListLoader,0,0,0,55,0,0,1,0.0,0.0,0.0,0.0,18.0,0,0,0,0,2.9444389791664403
Signal-Android,2019-1,2020-1,2019-1->2020-1,3,org.thoughtcrime.securesms.database.loaders.MessageDetailsLoader,0,0,0,16,0,0,1,0.0,0.0,0.0,0.0,2.0,0,0,0,0,1.0986122886681098
Signal-Android,2019-1,2020-1,2019-1->2020-1,3,org.thoughtcrime.securesms.database.loaders.PagingMediaLoader,0,0,0,22,0,0,1,0.0,0.0,0.0,0.0,3.0,0,0,0,0,1.3862943611198906
Signal-Android,2019-1,2020-1,2019-1->2020-1,3,org.thoughtcrime.securesms.database.loaders.RecentPhotosLoader,0,0,0,21,0,0,1,0.0,0.0,0.0,1.0,1.0,0,0,0,1,0.6931471805599453
Signal-Android,2019-1,2020-1,2019-1->2020-1,3,org.thoughtcrime.securesms.database.loaders.ThreadMediaLoader,0,0,0,14,0,0,1,0.0,0.0,0.0,0.0,3.0,0,0,0,0,1.3862943611198906
Signal-Android,2019-1,2020-1,2019-1->2020-1,3,org.thoughtcrime.securesms.database.model.DisplayRecord,24,24,0,83,0,24,1,0.0,0.0,1.0,0.0,19.0,0,0,1,0,2.995732273553991
Signal-Android,2019-1,2020-1,2019-1->2020-1,3,org.thoughtcrime.securesms.database.model.MediaMmsMessageRecord,2,2,0,36,0,2,1,0.0,0.0,1.0,0.0,3.0,0,0,1,0,1.3862943611198906
Signal-Android,2019-1,2020-1,2019-1->2020-1,3,org.thoughtcrime.securesms.database.model.MessageRecord,28,29,1,136,0,26,1,0.0,0.0,1.0,0.0,25.0,0,0,1,0,3.258096538021482
Signal-Android,2019-1,2020-1,2019-1->2020-1,3,org.thoughtcrime.securesms.database.model.MmsMessageRecord,6,7,1,33,0,3,1,0.0,0.0,1.0,0.0,1.0,0,0,1,0,0.6931471805599453
Signal-Android,2019-1,2020-1,2019-1->2020-1,3,org.thoughtcrime.securesms.database.model.NotificationMmsMessageRecord,10,10,0,54,0,10,1,0.0,0.0,1.0,0.0,0.0,0,0,1,0,0.0
Signal-Android,2019-1,2020-1,2019-1->2020-1,3,org.thoughtcrime.securesms.database.model.Quote,2,2,0,22,0,2,1,1.0,0.0,0.0,0.0,0.0,1,0,0,0,0.0
Signal-Android,2019-1,2020-1,2019-1->2020-1,3,org.thoughtcrime.securesms.database.model.SmsMessageRecord,3,3,0,49,0,3,1,0.0,0.0,1.0,0.0,5.0,0,0,1,0,1.791759469228055
Signal-Android,2019-1,2020-1,2019-1->2020-1,3,org.thoughtcrime.securesms.database.model.ThreadRecord,7,7,0,91,0,7,1,1.0,0.0,1.0,0.0,17.0,1,0,1,0,2.8903717578961645
Signal-Android,2019-1,2020-1,2019-1->2020-1,3,org.thoughtcrime.securesms.devicelist.Device,3,3,0,18,0,3,1,1.0,0.0,0.0,0.0,0.0,1,0,0,0,0.0
Signal-Android,2019-1,2020-1,2019-1->2020-1,3,org.thoughtcrime.securesms.events.WebRtcViewModel,4,4,0,62,0,4,1,1.0,0.0,0.0,0.0,0.0,1,0,0,0,0.0
Signal-Android,2019-1,2020-1,2019-1->2020-1,3,org.thoughtcrime.securesms.giph.net.GiphyLoader,0,0,0,30,0,0,1,0.0,0.0,0.0,1.0,5.0,0,0,0,1,1.791759469228055
Signal-Android,2019-1,2020-1,2019-1->2020-1,3,org.thoughtcrime.securesms.giph.ui.GiphyActivity,4,5,1,100,0,4,1,0.0,0.0,0.0,0.0,12.0,0,0,0,0,2.5649493574615367
Signal-Android,2019-1,2020-1,2019-1->2020-1,3,org.thoughtcrime.securesms.giph.ui.GiphyActivityToolbar,6,9,3,107,0,5,1,0.0,0.0,0.0,0.0,5.0,0,0,0,0,1.791759469228055
Signal-Android,2019-1,2020-1,2019-1->2020-1,3,org.thoughtcrime.securesms.giph.ui.GiphyAdapter,5,5,0,98,0,4,1,0.0,0.0,0.0,0.0,8.0,0,0,0,0,2.1972245773362196
Signal-Android,2019-1,2020-1,2019-1->2020-1,3,org.thoughtcrime.securesms.giph.ui.GiphyFragment,2,1,-1,61,0,1,1,0.0,0.0,0.0,0.0,2.0,0,0,0,0,1.0986122886681098
Signal-Android,2019-1,2020-1,2019-1->2020-1,3,org.thoughtcrime.securesms.giph.util.InfiniteScrollListener,1,1,0,24,0,1,1,0.0,0.0,0.0,1.0,2.0,0,0,0,1,1.0986122886681098
Signal-Android,2019-1,2020-1,2019-1->2020-1,3,org.thoughtcrime.securesms.giph.util.RecyclerViewPositionHelper,10,10,0,48,0,5,1,0.0,0.0,0.0,0.0,2.0,0,0,0,0,1.0986122886681098
Signal-Android,2019-1,2020-1,2019-1->2020-1,3,org.thoughtcrime.securesms.glide.OkHttpStreamFetcher,5,5,0,45,0,2,1,0.0,0.0,0.0,0.0,5.0,0,0,0,0,1.791759469228055
Signal-Android,2019-1,2020-1,2019-1->2020-1,3,org.thoughtcrime.securesms.glide.cache.EncryptedCoder,0,0,0,46,0,0,1,0.0,0.0,0.0,0.0,2.0,0,0,0,0,1.0986122886681098
Signal-Android,2019-1,2020-1,2019-1->2020-1,3,org.thoughtcrime.securesms.groups.GroupManager,0,0,0,80,0,0,1,0.0,0.0,0.0,0.0,6.0,0,0,0,0,1.9459101490553132
Signal-Android,2019-1,2020-1,2019-1->2020-1,3,org.thoughtcrime.securesms.groups.GroupMessageProcessor,0,0,0,143,0,0,1,0.0,0.0,0.0,0.0,53.0,0,0,0,0,3.9889840465642745
Signal-Android,2019-1,2020-1,2019-1->2020-1,3,org.thoughtcrime.securesms.jobmanager.Job,5,11,6,114,0,5,1,0.0,0.0,0.0,0.0,4.0,0,0,0,0,1.6094379124341003
Signal-Android,2019-1,2020-1,2019-1->2020-1,3,org.thoughtcrime.securesms.jobs.AttachmentDownloadJob,10,11,1,136,0,3,1,0.0,0.0,0.0,0.0,7.0,0,0,0,0,2.0794415416798357
Signal-Android,2019-1,2020-1,2019-1->2020-1,3,org.thoughtcrime.securesms.jobs.AvatarDownloadJob,8,9,1,59,0,2,1,0.0,0.0,0.0,0.0,9.0,0,0,0,0,2.302585092994046
Signal-Android,2019-1,2020-1,2019-1->2020-1,3,org.thoughtcrime.securesms.jobs.CleanPreKeysJob,7,8,1,62,0,2,1,0.0,0.0,0.0,0.0,1.0,0,0,0,0,0.6931471805599453
Signal-Android,2019-1,2020-1,2019-1->2020-1,3,org.thoughtcrime.securesms.jobs.CreateSignedPreKeyJob,4,4,0,34,0,2,1,0.0,0.0,0.0,0.0,0.0,0,0,0,0,0.0
Signal-Android,2019-1,2020-1,2019-1->2020-1,3,org.thoughtcrime.securesms.jobs.DirectoryRefreshJob,3,4,1,43,0,2,1,0.0,0.0,0.0,0.0,3.0,0,0,0,0,1.3862943611198906
Signal-Android,2019-1,2020-1,2019-1->2020-1,3,org.thoughtcrime.securesms.jobs.LocalBackupJob,6,7,1,50,0,2,1,0.0,0.0,0.0,0.0,3.0,0,0,0,0,1.3862943611198906
Signal-Android,2019-1,2020-1,2019-1->2020-1,3,org.thoughtcrime.securesms.jobs.MmsDownloadJob,21,18,-3,148,0,4,1,0.0,0.0,0.0,0.0,27.0,0,0,0,0,3.332204510175204
Signal-Android,2019-1,2020-1,2019-1->2020-1,3,org.thoughtcrime.securesms.jobs.MmsReceiveJob,7,8,1,60,0,2,1,0.0,0.0,0.0,0.0,5.0,0,0,0,0,1.791759469228055
Signal-Android,2019-1,2020-1,2019-1->2020-1,3,org.thoughtcrime.securesms.jobs.MmsSendJob,5,6,1,175,0,2,1,0.0,1.0,0.0,0.0,27.0,0,1,0,0,3.332204510175204
Signal-Android,2019-1,2020-1,2019-1->2020-1,3,org.thoughtcrime.securesms.jobs.MultiDeviceBlockedUpdateJob,5,7,2,41,0,2,1,0.0,0.0,0.0,0.0,5.0,0,0,0,0,1.791759469228055
Signal-Android,2019-1,2020-1,2019-1->2020-1,3,org.thoughtcrime.securesms.jobs.MultiDeviceConfigurationUpdateJob,3,4,1,46,0,2,1,0.0,0.0,0.0,0.0,3.0,0,0,0,0,1.3862943611198906
Signal-Android,2019-1,2020-1,2019-1->2020-1,3,org.thoughtcrime.securesms.jobs.MultiDeviceContactUpdateJob,14,16,2,183,0,3,1,0.0,0.0,0.0,0.0,31.0,0,0,0,0,3.4657359027997265
Signal-Android,2019-1,2020-1,2019-1->2020-1,3,org.thoughtcrime.securesms.jobs.MultiDeviceGroupUpdateJob,11,12,1,74,0,2,1,0.0,0.0,0.0,0.0,7.0,0,0,0,0,2.0794415416798357
Signal-Android,2019-1,2020-1,2019-1->2020-1,3,org.thoughtcrime.securesms.jobs.MultiDeviceProfileKeyUpdateJob,3,4,1,45,0,2,1,0.0,0.0,0.0,0.0,1.0,0,0,0,0,0.6931471805599453
Signal-Android,2019-1,2020-1,2019-1->2020-1,3,org.thoughtcrime.securesms.jobs.MultiDeviceReadUpdateJob,4,4,0,56,0,2,1,0.0,0.0,0.0,0.0,1.0,0,0,0,0,0.6931471805599453
Signal-Android,2019-1,2020-1,2019-1->2020-1,3,org.thoughtcrime.securesms.jobs.MultiDeviceVerifiedUpdateJob,5,5,0,69,0,2,1,0.0,0.0,0.0,0.0,5.0,0,0,0,0,1.791759469228055
Signal-Android,2019-1,2020-1,2019-1->2020-1,3,org.thoughtcrime.securesms.jobs.PushDecryptJob,6,6,0,661,0,4,1,0.0,0.0,0.0,0.0,274.0,0,0,0,0,5.616771097666572
Signal-Android,2019-1,2020-1,2019-1->2020-1,3,org.thoughtcrime.securesms.jobs.PushGroupSendJob,21,22,1,146,0,3,1,0.0,0.0,0.0,0.0,54.0,0,0,0,0,4.007333185232471
Signal-Android,2019-1,2020-1,2019-1->2020-1,3,org.thoughtcrime.securesms.jobs.PushGroupUpdateJob,5,5,0,68,0,2,1,0.0,0.0,0.0,0.0,11.0,0,0,0,0,2.4849066497880004
Signal-Android,2019-1,2020-1,2019-1->2020-1,3,org.thoughtcrime.securesms.jobs.PushMediaSendJob,16,17,1,104,0,3,1,0.0,0.0,0.0,0.0,15.0,0,0,0,0,2.772588722239781
Signal-Android,2019-1,2020-1,2019-1->2020-1,3,org.thoughtcrime.securesms.jobs.PushReceivedJob,0,0,0,30,0,0,1,0.0,0.0,0.0,0.0,2.0,0,0,0,0,1.0986122886681098
Signal-Android,2019-1,2020-1,2019-1->2020-1,3,org.thoughtcrime.securesms.jobs.PushSendJob,9,9,0,122,0,4,1,0.0,0.0,0.0,0.0,15.0,0,0,0,0,2.772588722239781
Signal-Android,2019-1,2020-1,2019-1->2020-1,3,org.thoughtcrime.securesms.jobs.PushTextSendJob,18,18,0,93,0,3,1,0.0,0.0,0.0,0.0,19.0,0,0,0,0,2.995732273553991
Signal-Android,2019-1,2020-1,2019-1->2020-1,3,org.thoughtcrime.securesms.jobs.RefreshPreKeysJob,5,6,1,41,0,2,1,0.0,0.0,0.0,0.0,2.0,0,0,0,0,1.0986122886681098
Signal-Android,2019-1,2020-1,2019-1->2020-1,3,org.thoughtcrime.securesms.jobs.RequestGroupInfoJob,2,2,0,47,0,2,1,0.0,0.0,0.0,0.0,2.0,0,0,0,0,1.0986122886681098
Signal-Android,2019-1,2020-1,2019-1->2020-1,3,org.thoughtcrime.securesms.jobs.RetrieveProfileAvatarJob,6,10,4,58,0,2,1,0.0,0.0,0.0,0.0,7.0,0,0,0,0,2.0794415416798357
Signal-Android,2019-1,2020-1,2019-1->2020-1,3,org.thoughtcrime.securesms.jobs.RetrieveProfileJob,4,3,-1,121,0,2,1,0.0,0.0,0.0,0.0,17.0,0,0,0,0,2.8903717578961645
Signal-Android,2019-1,2020-1,2019-1->2020-1,3,org.thoughtcrime.securesms.jobs.RotateProfileKeyJob,2,3,1,38,0,2,1,0.0,0.0,0.0,0.0,2.0,0,0,0,0,1.0986122886681098
Signal-Android,2019-1,2020-1,2019-1->2020-1,3,org.thoughtcrime.securesms.jobs.RotateSignedPreKeyJob,2,3,1,33,0,2,1,0.0,0.0,0.0,0.0,1.0,0,0,0,0,0.6931471805599453
Signal-Android,2019-1,2020-1,2019-1->2020-1,3,org.thoughtcrime.securesms.jobs.SendDeliveryReceiptJob,3,2,-1,50,0,3,1,0.0,0.0,0.0,0.0,3.0,0,0,0,0,1.3862943611198906
Signal-Android,2019-1,2020-1,2019-1->2020-1,3,org.thoughtcrime.securesms.jobs.SendJob,3,3,0,53,0,2,1,0.0,0.0,0.0,0.0,2.0,0,0,0,0,1.0986122886681098
Signal-Android,2019-1,2020-1,2019-1->2020-1,3,org.thoughtcrime.securesms.jobs.SendReadReceiptJob,3,5,2,51,0,2,1,0.0,0.0,0.0,0.0,3.0,0,0,0,0,1.3862943611198906
Signal-Android,2019-1,2020-1,2019-1->2020-1,3,org.thoughtcrime.securesms.jobs.ServiceOutageDetectionJob,6,7,1,51,0,2,1,0.0,0.0,0.0,0.0,3.0,0,0,0,0,1.3862943611198906
Signal-Android,2019-1,2020-1,2019-1->2020-1,3,org.thoughtcrime.securesms.jobs.SmsReceiveJob,6,6,0,77,0,2,1,0.0,0.0,0.0,0.0,11.0,0,0,0,0,2.4849066497880004
Signal-Android,2019-1,2020-1,2019-1->2020-1,3,org.thoughtcrime.securesms.jobs.SmsSendJob,12,8,-4,140,0,4,1,0.0,0.0,0.0,0.0,13.0,0,0,0,0,2.6390573296152584
Signal-Android,2019-1,2020-1,2019-1->2020-1,3,org.thoughtcrime.securesms.jobs.SmsSentJob,10,10,0,70,0,4,1,0.0,0.0,0.0,0.0,10.0,0,0,0,0,2.3978952727983707
Signal-Android,2019-1,2020-1,2019-1->2020-1,3,org.thoughtcrime.securesms.jobs.TrimThreadJob,3,4,1,29,0,2,1,0.0,0.0,0.0,0.0,2.0,0,0,0,0,1.0986122886681098
Signal-Android,2019-1,2020-1,2019-1->2020-1,3,org.thoughtcrime.securesms.jobs.TypingSendJob,7,8,1,48,0,2,1,0.0,0.0,0.0,0.0,10.0,0,0,0,0,2.3978952727983707
Signal-Android,2019-1,2020-1,2019-1->2020-1,3,org.thoughtcrime.securesms.jobs.UpdateApkJob,11,12,1,139,1,5,1,0.0,0.0,0.0,0.0,16.0,0,0,0,0,2.833213344056216
Signal-Android,2019-1,2020-1,2019-1->2020-1,3,org.thoughtcrime.securesms.lock.RegistrationLockDialog,0,0,0,144,0,0,1,0.0,0.0,0.0,0.0,8.0,0,0,0,0,2.1972245773362196
Signal-Android,2019-1,2020-1,2019-1->2020-1,3,org.thoughtcrime.securesms.lock.RegistrationLockReminders,0,0,0,26,0,0,1,0.0,0.0,0.0,0.0,0.0,0,0,0,0,0.0
Signal-Android,2019-1,2020-1,2019-1->2020-1,3,org.thoughtcrime.securesms.logging.AndroidLogger,0,1,1,19,0,0,1,0.0,0.0,0.0,0.0,6.0,0,0,0,0,1.9459101490553132
Signal-Android,2019-1,2020-1,2019-1->2020-1,3,org.thoughtcrime.securesms.logging.Log,1,4,3,72,0,0,1,0.0,0.0,0.0,0.0,6.0,0,0,0,0,1.9459101490553132
Signal-Android,2019-1,2020-1,2019-1->2020-1,3,org.thoughtcrime.securesms.logging.LogSecretProvider,0,0,0,28,0,0,1,0.0,0.0,0.0,0.0,2.0,0,0,0,0,1.0986122886681098
Signal-Android,2019-1,2020-1,2019-1->2020-1,3,org.thoughtcrime.securesms.logging.PersistentLogger,8,10,2,132,0,3,1,0.0,0.0,0.0,0.0,3.0,0,0,0,0,1.3862943611198906
Signal-Android,2019-1,2020-1,2019-1->2020-1,3,org.thoughtcrime.securesms.logging.UncaughtExceptionLogger,0,0,0,11,0,0,1,0.0,0.0,0.0,0.0,0.0,0,0,0,0,0.0
Signal-Android,2019-1,2020-1,2019-1->2020-1,3,org.thoughtcrime.securesms.logsubmit.ShareIntentListAdapter,0,0,0,16,0,0,1,0.0,0.0,0.0,0.0,14.0,0,0,0,0,2.70805020110221
Signal-Android,2019-1,2020-1,2019-1->2020-1,3,org.thoughtcrime.securesms.logsubmit.SubmitLogFragment,8,8,0,332,0,4,1,0.0,0.0,0.0,0.0,28.0,0,0,0,0,3.367295829986474
Signal-Android,2019-1,2020-1,2019-1->2020-1,3,org.thoughtcrime.securesms.logsubmit.util.Scrubber,1,1,0,27,0,1,1,0.0,0.0,0.0,0.0,11.0,0,0,0,0,2.4849066497880004
Signal-Android,2019-1,2020-1,2019-1->2020-1,3,org.thoughtcrime.securesms.mediapreview.MediaPreviewViewModel,3,4,1,55,0,1,1,0.0,0.0,0.0,0.0,8.0,0,0,0,0,2.1972245773362196
Signal-Android,2019-1,2020-1,2019-1->2020-1,3,org.thoughtcrime.securesms.mms.AttachmentManager,5,5,0,339,0,3,1,0.0,1.0,0.0,0.0,51.0,0,1,0,0,3.9512437185814275
Signal-Android,2019-1,2020-1,2019-1->2020-1,3,org.thoughtcrime.securesms.mms.AttachmentStreamUriLoader,1,1,0,37,0,1,1,0.0,0.0,0.0,0.0,1.0,0,0,0,0,0.6931471805599453
Signal-Android,2019-1,2020-1,2019-1->2020-1,3,org.thoughtcrime.securesms.mms.CompatMmsConnection,0,0,0,53,0,0,1,0.0,0.0,0.0,0.0,0.0,0,0,0,0,0.0
Signal-Android,2019-1,2020-1,2019-1->2020-1,3,org.thoughtcrime.securesms.mms.ContactPhotoLocalUriFetcher,0,0,0,11,0,0,1,0.0,0.0,0.0,0.0,2.0,0,0,0,0,1.0986122886681098
Signal-Android,2019-1,2020-1,2019-1->2020-1,3,org.thoughtcrime.securesms.mms.DecryptableStreamLocalUriFetcher,0,0,0,19,0,0,1,0.0,0.0,0.0,0.0,1.0,0,0,0,0,0.6931471805599453
Signal-Android,2019-1,2020-1,2019-1->2020-1,3,org.thoughtcrime.securesms.mms.DecryptableStreamUriLoader,1,1,0,36,0,1,1,0.0,0.0,0.0,0.0,1.0,0,0,0,0,0.6931471805599453
Signal-Android,2019-1,2020-1,2019-1->2020-1,3,org.thoughtcrime.securesms.mms.IncomingLegacyMmsConnection,2,2,0,72,0,1,1,0.0,0.0,0.0,0.0,4.0,0,0,0,0,1.6094379124341003
Signal-Android,2019-1,2020-1,2019-1->2020-1,3,org.thoughtcrime.securesms.mms.IncomingLollipopMmsConnection,3,3,0,52,0,1,1,0.0,0.0,0.0,0.0,5.0,0,0,0,0,1.791759469228055
Signal-Android,2019-1,2020-1,2019-1->2020-1,3,org.thoughtcrime.securesms.mms.IncomingMediaMessage,7,8,1,83,0,7,1,1.0,0.0,1.0,0.0,0.0,1,0,1,0,0.0
Signal-Android,2019-1,2020-1,2019-1->2020-1,3,org.thoughtcrime.securesms.mms.LegacyMmsConnection,1,1,0,159,0,1,1,1.0,0.0,0.0,1.0,16.0,1,0,0,1,2.833213344056216
Signal-Android,2019-1,2020-1,2019-1->2020-1,3,org.thoughtcrime.securesms.mms.LollipopMmsConnection,5,5,0,34,0,3,1,0.0,0.0,0.0,0.0,2.0,0,0,0,0,1.0986122886681098
Signal-Android,2019-1,2020-1,2019-1->2020-1,3,org.thoughtcrime.securesms.mms.MediaStream,2,2,0,18,0,2,1,1.0,0.0,0.0,0.0,0.0,1,0,0,0,0.0
Signal-Android,2019-1,2020-1,2019-1->2020-1,3,org.thoughtcrime.securesms.mms.MmsConfigManager,0,0,0,19,0,0,1,0.0,0.0,0.0,0.0,3.0,0,0,0,0,1.3862943611198906
Signal-Android,2019-1,2020-1,2019-1->2020-1,3,org.thoughtcrime.securesms.mms.MmsRadio,24,24,0,95,0,6,1,0.0,0.0,0.0,0.0,8.0,0,0,0,0,2.1972245773362196
Signal-Android,2019-1,2020-1,2019-1->2020-1,3,org.thoughtcrime.securesms.mms.OutgoingGroupMediaMessage,3,3,0,34,0,3,1,0.0,0.0,0.0,0.0,2.0,0,0,0,0,1.0986122886681098
Signal-Android,2019-1,2020-1,2019-1->2020-1,3,org.thoughtcrime.securesms.mms.OutgoingLegacyMmsConnection,8,8,0,80,0,2,1,0.0,0.0,0.0,0.0,6.0,0,0,0,0,1.9459101490553132
Signal-Android,2019-1,2020-1,2019-1->2020-1,3,org.thoughtcrime.securesms.mms.OutgoingLollipopMmsConnection,0,0,0,47,0,0,1,0.0,0.0,0.0,0.0,4.0,0,0,0,0,1.6094379124341003
Signal-Android,2019-1,2020-1,2019-1->2020-1,3,org.thoughtcrime.securesms.mms.OutgoingMediaMessage,8,9,1,85,0,8,1,1.0,0.0,1.0,0.0,0.0,1,0,1,0,0.0
Signal-Android,2019-1,2020-1,2019-1->2020-1,3,org.thoughtcrime.securesms.mms.PartAuthority,0,0,0,86,0,0,1,0.0,0.0,0.0,0.0,3.0,0,0,0,0,1.3862943611198906
Signal-Android,2019-1,2020-1,2019-1->2020-1,3,org.thoughtcrime.securesms.mms.PartParser,0,0,0,41,0,0,1,0.0,0.0,0.0,0.0,5.0,0,0,0,0,1.791759469228055
Signal-Android,2019-1,2020-1,2019-1->2020-1,3,org.thoughtcrime.securesms.mms.PartUriParser,2,2,0,10,0,2,1,0.0,0.0,0.0,0.0,1.0,0,0,0,0,0.6931471805599453
Signal-Android,2019-1,2020-1,2019-1->2020-1,3,org.thoughtcrime.securesms.mms.QuoteModel,2,2,0,22,0,2,1,1.0,0.0,0.0,0.0,0.0,1,0,0,0,0.0
Signal-Android,2019-1,2020-1,2019-1->2020-1,3,org.thoughtcrime.securesms.mms.SignalGlideModule,1,1,0,27,0,1,1,0.0,0.0,0.0,0.0,4.0,0,0,0,0,1.6094379124341003
Signal-Android,2019-1,2020-1,2019-1->2020-1,3,org.thoughtcrime.securesms.mms.Slide,12,13,1,97,0,12,1,0.0,0.0,1.0,0.0,9.0,0,0,1,0,2.302585092994046
Signal-Android,2019-1,2020-1,2019-1->2020-1,3,org.thoughtcrime.securesms.mms.SlideDeck,8,9,1,52,0,3,1,0.0,0.0,0.0,0.0,4.0,0,0,0,0,1.6094379124341003
Signal-Android,2019-1,2020-1,2019-1->2020-1,3,org.thoughtcrime.securesms.notifications.AbstractNotificationBuilder,2,2,0,45,0,1,1,0.0,0.0,0.0,0.0,4.0,0,0,0,0,1.6094379124341003
Signal-Android,2019-1,2020-1,2019-1->2020-1,3,org.thoughtcrime.securesms.notifications.AndroidAutoHeardReceiver,0,0,0,26,0,0,1,0.0,0.0,0.0,0.0,2.0,0,0,0,0,1.0986122886681098
Signal-Android,2019-1,2020-1,2019-1->2020-1,3,org.thoughtcrime.securesms.notifications.AndroidAutoReplyReceiver,0,0,0,41,0,0,1,0.0,0.0,0.0,0.0,2.0,0,0,0,0,1.0986122886681098
Signal-Android,2019-1,2020-1,2019-1->2020-1,3,org.thoughtcrime.securesms.notifications.DeleteNotificationReceiver,0,0,0,19,0,0,1,0.0,0.0,0.0,3.0,2.0,0,0,0,1,1.0986122886681098
Signal-Android,2019-1,2020-1,2019-1->2020-1,3,org.thoughtcrime.securesms.notifications.MarkReadReceiver,0,0,0,48,0,0,1,0.0,0.0,0.0,0.0,10.0,0,0,0,0,2.3978952727983707
Signal-Android,2019-1,2020-1,2019-1->2020-1,3,org.thoughtcrime.securesms.notifications.MessageNotifier,3,3,0,324,0,0,1,0.0,0.0,0.0,0.0,69.0,0,0,0,0,4.248495242049359
Signal-Android,2019-1,2020-1,2019-1->2020-1,3,org.thoughtcrime.securesms.notifications.MultipleRecipientNotificationBuilder,1,1,0,44,0,1,1,0.0,0.0,0.0,0.0,1.0,0,0,0,0,0.6931471805599453
Signal-Android,2019-1,2020-1,2019-1->2020-1,3,org.thoughtcrime.securesms.notifications.NotificationChannels,1,1,0,278,0,0,1,0.0,0.0,0.0,0.0,21.0,0,0,0,0,3.091042453358316
Signal-Android,2019-1,2020-1,2019-1->2020-1,3,org.thoughtcrime.securesms.notifications.NotificationItem,4,4,0,50,0,4,1,1.0,0.0,0.0,0.0,3.0,1,0,0,0,1.3862943611198906
Signal-Android,2019-1,2020-1,2019-1->2020-1,3,org.thoughtcrime.securesms.notifications.NotificationState,4,4,0,107,0,4,1,0.0,0.0,0.0,0.0,6.0,0,0,0,0,1.9459101490553132
Signal-Android,2019-1,2020-1,2019-1->2020-1,3,org.thoughtcrime.securesms.notifications.RemoteReplyReceiver,0,0,0,34,0,0,1,0.0,0.0,0.0,0.0,7.0,0,0,0,0,2.0794415416798357
Signal-Android,2019-1,2020-1,2019-1->2020-1,3,org.thoughtcrime.securesms.notifications.SingleRecipientNotificationBuilder,1,1,0,155,0,1,1,0.0,0.0,0.0,0.0,18.0,0,0,0,0,2.9444389791664403
Signal-Android,2019-1,2020-1,2019-1->2020-1,3,org.thoughtcrime.securesms.permissions.Permissions,0,0,0,190,0,0,1,0.0,0.0,0.0,0.0,7.0,0,0,0,0,2.0794415416798357
Signal-Android,2019-1,2020-1,2019-1->2020-1,3,org.thoughtcrime.securesms.permissions.PermissionsRequest,0,0,0,51,0,0,1,0.0,0.0,0.0,0.0,0.0,0,0,0,0,0.0
Signal-Android,2019-1,2020-1,2019-1->2020-1,3,org.thoughtcrime.securesms.permissions.RationaleDialog,0,0,0,21,0,0,1,0.0,0.0,0.0,0.0,5.0,0,0,0,0,1.791759469228055
Signal-Android,2019-1,2020-1,2019-1->2020-1,3,org.thoughtcrime.securesms.preferences.AdvancedPreferenceFragment,6,6,0,131,0,3,1,0.0,0.0,0.0,0.0,7.0,0,0,0,0,2.0794415416798357
Signal-Android,2019-1,2020-1,2019-1->2020-1,3,org.thoughtcrime.securesms.preferences.AppProtectionPreferenceFragment,9,8,-1,202,0,4,1,0.0,0.0,0.0,0.0,21.0,0,0,0,0,3.091042453358316
Signal-Android,2019-1,2020-1,2019-1->2020-1,3,org.thoughtcrime.securesms.preferences.AppearancePreferenceFragment,3,3,0,35,0,3,1,0.0,0.0,0.0,0.0,6.0,0,0,0,0,1.9459101490553132
Signal-Android,2019-1,2020-1,2019-1->2020-1,3,org.thoughtcrime.securesms.preferences.ChatsPreferenceFragment,4,4,0,142,0,4,1,0.0,0.0,0.0,0.0,21.0,0,0,0,0,3.091042453358316
Signal-Android,2019-1,2020-1,2019-1->2020-1,3,org.thoughtcrime.securesms.preferences.CorrectedPreferenceFragment,0,0,0,42,0,0,1,0.0,0.0,0.0,0.0,5.0,0,0,0,0,1.791759469228055
Signal-Android,2019-1,2020-1,2019-1->2020-1,3,org.thoughtcrime.securesms.preferences.ListSummaryPreferenceFragment,0,0,0,12,0,0,1,0.0,0.0,0.0,0.0,6.0,0,0,0,0,1.9459101490553132
Signal-Android,2019-1,2020-1,2019-1->2020-1,3,org.thoughtcrime.securesms.preferences.MmsPreferencesActivity,3,3,0,31,0,3,1,0.0,0.0,0.0,0.0,3.0,0,0,0,0,1.3862943611198906
Signal-Android,2019-1,2020-1,2019-1->2020-1,3,org.thoughtcrime.securesms.preferences.MmsPreferencesFragment,1,1,0,43,0,1,1,0.0,0.0,0.0,0.0,1.0,0,0,0,0,0.6931471805599453
Signal-Android,2019-1,2020-1,2019-1->2020-1,3,org.thoughtcrime.securesms.preferences.NotificationsPreferenceFragment,1,1,0,149,0,1,1,0.0,0.0,0.0,0.0,10.0,0,0,0,0,2.3978952727983707
Signal-Android,2019-1,2020-1,2019-1->2020-1,3,org.thoughtcrime.securesms.preferences.SmsMmsPreferenceFragment,13,13,0,72,0,3,1,0.0,0.0,0.0,0.0,6.0,0,0,0,0,1.9459101490553132
Signal-Android,2019-1,2020-1,2019-1->2020-1,3,org.thoughtcrime.securesms.preferences.widgets.ColorPickerPreference,16,16,0,87,0,12,1,1.0,0.0,0.0,0.0,0.0,1,0,0,0,0.0
Signal-Android,2019-1,2020-1,2019-1->2020-1,3,org.thoughtcrime.securesms.preferences.widgets.ColorPickerPreferenceDialogFragmentCompat,3,3,0,34,0,2,1,0.0,0.0,0.0,0.0,7.0,0,0,0,0,2.0794415416798357
Signal-Android,2019-1,2020-1,2019-1->2020-1,3,org.thoughtcrime.securesms.preferences.widgets.ContactPreference,14,18,4,49,0,3,1,0.0,0.0,0.0,0.0,4.0,0,0,0,0,1.6094379124341003
Signal-Android,2019-1,2020-1,2019-1->2020-1,3,org.thoughtcrime.securesms.preferences.widgets.LEDColorListPreference,1,1,0,46,0,1,1,0.0,0.0,0.0,0.0,17.0,0,0,0,0,2.8903717578961645
Signal-Android,2019-1,2020-1,2019-1->2020-1,3,org.thoughtcrime.securesms.preferences.widgets.ProfilePreference,4,4,0,39,0,2,1,0.0,0.0,0.0,0.0,4.0,0,0,0,0,1.6094379124341003
Signal-Android,2019-1,2020-1,2019-1->2020-1,3,org.thoughtcrime.securesms.preferences.widgets.ProgressPreference,4,4,0,28,0,3,1,0.0,0.0,0.0,0.0,1.0,0,0,0,0,0.6931471805599453
Signal-Android,2019-1,2020-1,2019-1->2020-1,3,org.thoughtcrime.securesms.profiles.AvatarHelper,0,0,0,24,0,0,1,0.0,0.0,0.0,0.0,2.0,0,0,0,0,1.0986122886681098
Signal-Android,2019-1,2020-1,2019-1->2020-1,3,org.thoughtcrime.securesms.profiles.GroupShareProfileView,2,2,0,33,0,1,1,0.0,0.0,0.0,0.0,0.0,0,0,0,0,0.0
Signal-Android,2019-1,2020-1,2019-1->2020-1,3,org.thoughtcrime.securesms.profiles.SystemProfileUtil,0,0,0,55,0,0,1,0.0,0.0,0.0,0.0,9.0,0,0,0,0,2.302585092994046
Signal-Android,2019-1,2020-1,2019-1->2020-1,3,org.thoughtcrime.securesms.profiles.UnknownSenderView,7,4,-3,60,0,3,1,0.0,0.0,0.0,0.0,12.0,0,0,0,0,2.5649493574615367
Signal-Android,2019-1,2020-1,2019-1->2020-1,3,org.thoughtcrime.securesms.providers.MmsBodyProvider,1,1,0,66,0,1,1,0.0,0.0,0.0,0.0,7.0,0,0,0,0,2.0794415416798357
Signal-Android,2019-1,2020-1,2019-1->2020-1,3,org.thoughtcrime.securesms.providers.PartProvider,1,1,0,81,0,1,1,0.0,0.0,0.0,0.0,5.0,0,0,0,0,1.791759469228055
Signal-Android,2019-1,2020-1,2019-1->2020-1,3,org.thoughtcrime.securesms.push.AccountManagerFactory,0,0,0,20,0,0,1,0.0,0.0,0.0,0.0,0.0,0,0,0,0,0.0
Signal-Android,2019-1,2020-1,2019-1->2020-1,3,org.thoughtcrime.securesms.push.DomainFrontingTrustStore,0,0,0,10,0,0,1,0.0,0.0,0.0,0.0,1.0,0,0,0,0,0.6931471805599453
Signal-Android,2019-1,2020-1,2019-1->2020-1,3,org.thoughtcrime.securesms.push.IasTrustStore,0,0,0,10,0,0,1,0.0,0.0,0.0,0.0,1.0,0,0,0,0,0.6931471805599453
Signal-Android,2019-1,2020-1,2019-1->2020-1,3,org.thoughtcrime.securesms.push.SignalServiceTrustStore,0,0,0,10,0,0,1,0.0,0.0,0.0,0.0,1.0,0,0,0,0,0.6931471805599453
Signal-Android,2019-1,2020-1,2019-1->2020-1,3,org.thoughtcrime.securesms.qr.QrCode,0,0,0,14,0,0,1,0.0,0.0,0.0,0.0,1.0,0,0,0,0,0.6931471805599453
Signal-Android,2019-1,2020-1,2019-1->2020-1,3,org.thoughtcrime.securesms.qr.ScanningThread,8,8,0,59,0,2,1,0.0,0.0,0.0,0.0,6.0,0,0,0,0,1.9459101490553132
Signal-Android,2019-1,2020-1,2019-1->2020-1,3,org.thoughtcrime.securesms.recipients.Recipient,23,28,5,385,0,21,1,0.0,1.0,0.0,0.0,14.0,0,1,0,0,2.70805020110221
Signal-Android,2019-1,2020-1,2019-1->2020-1,3,org.thoughtcrime.securesms.recipients.RecipientsFormatter,0,0,0,28,0,0,1,0.0,0.0,0.0,0.0,3.0,0,0,0,0,1.3862943611198906
Signal-Android,2019-1,2020-1,2019-1->2020-1,3,org.thoughtcrime.securesms.scribbles.widget.ColorPaletteAdapter,3,3,0,30,0,3,1,0.0,0.0,0.0,0.0,1.0,0,0,0,0,0.6931471805599453
Signal-Android,2019-1,2020-1,2019-1->2020-1,3,org.thoughtcrime.securesms.scribbles.widget.VerticalSlideColorPicker,11,13,2,119,0,8,1,1.0,0.0,0.0,0.0,0.0,1,0,0,0,0.0
Signal-Android,2019-1,2020-1,2019-1->2020-1,3,org.thoughtcrime.securesms.search.SearchRepository,0,1,1,95,0,0,1,0.0,0.0,0.0,0.0,3.0,0,0,0,0,1.3862943611198906
Signal-Android,2019-1,2020-1,2019-1->2020-1,3,org.thoughtcrime.securesms.service.AccountAuthenticatorService,2,2,0,40,0,1,1,0.0,0.0,0.0,0.0,2.0,0,0,0,0,1.0986122886681098
Signal-Android,2019-1,2020-1,2019-1->2020-1,3,org.thoughtcrime.securesms.service.ApplicationMigrationService,12,12,0,119,0,8,1,1.0,0.0,0.0,0.0,8.0,1,0,0,0,2.1972245773362196
Signal-Android,2019-1,2020-1,2019-1->2020-1,3,org.thoughtcrime.securesms.service.DirectShareService,0,0,0,47,0,0,1,0.0,0.0,0.0,0.0,21.0,0,0,0,0,3.091042453358316
Signal-Android,2019-1,2020-1,2019-1->2020-1,3,org.thoughtcrime.securesms.service.ExpirationListener,0,0,0,10,0,0,1,0.0,0.0,0.0,0.0,4.0,0,0,0,0,1.6094379124341003
Signal-Android,2019-1,2020-1,2019-1->2020-1,3,org.thoughtcrime.securesms.service.ExpiringMessageManager,3,3,0,86,0,3,1,0.0,0.0,0.0,0.0,4.0,0,0,0,0,1.6094379124341003
Signal-Android,2019-1,2020-1,2019-1->2020-1,3,org.thoughtcrime.securesms.service.IncomingMessageObserver,7,6,-1,113,0,5,1,0.0,0.0,0.0,0.0,3.0,0,0,0,0,1.3862943611198906
Signal-Android,2019-1,2020-1,2019-1->2020-1,3,org.thoughtcrime.securesms.service.KeyCachingService,22,17,-5,183,0,12,1,0.0,0.0,0.0,0.0,8.0,0,0,0,0,2.1972245773362196
Signal-Android,2019-1,2020-1,2019-1->2020-1,3,org.thoughtcrime.securesms.service.MmsListener,0,0,0,26,0,0,1,0.0,0.0,0.0,0.0,4.0,0,0,0,0,1.6094379124341003
Signal-Android,2019-1,2020-1,2019-1->2020-1,3,org.thoughtcrime.securesms.service.PersistentAlarmManagerListener,0,0,0,15,0,0,1,0.0,0.0,0.0,0.0,2.0,0,0,0,0,1.0986122886681098
Signal-Android,2019-1,2020-1,2019-1->2020-1,3,org.thoughtcrime.securesms.service.PersistentConnectionBootListener,0,0,0,6,0,0,1,0.0,0.0,0.0,0.0,1.0,0,0,0,0,0.6931471805599453
Signal-Android,2019-1,2020-1,2019-1->2020-1,3,org.thoughtcrime.securesms.service.QuickResponseService,1,1,0,28,0,1,1,0.0,0.0,0.0,0.0,7.0,0,0,0,0,2.0794415416798357
Signal-Android,2019-1,2020-1,2019-1->2020-1,3,org.thoughtcrime.securesms.service.SmsDeliveryListener,0,0,0,34,0,0,1,0.0,0.0,0.0,0.0,2.0,0,0,0,0,1.0986122886681098
Signal-Android,2019-1,2020-1,2019-1->2020-1,3,org.thoughtcrime.securesms.service.SmsListener,0,0,0,76,0,0,1,0.0,0.0,0.0,0.0,12.0,0,0,0,0,2.5649493574615367
Signal-Android,2019-1,2020-1,2019-1->2020-1,3,org.thoughtcrime.securesms.service.UpdateApkReadyListener,0,0,0,59,0,0,1,0.0,0.0,0.0,0.0,7.0,0,0,0,0,2.0794415416798357
Signal-Android,2019-1,2020-1,2019-1->2020-1,3,org.thoughtcrime.securesms.service.WebRtcCallService,30,36,6,816,0,18,1,0.0,0.0,0.0,2.0,71.0,0,0,0,1,4.276666119016055
Signal-Android,2019-1,2020-1,2019-1->2020-1,3,org.thoughtcrime.securesms.sms.IncomingGroupMessage,3,3,0,15,0,3,1,0.0,0.0,0.0,0.0,2.0,0,0,0,0,1.0986122886681098
Signal-Android,2019-1,2020-1,2019-1->2020-1,3,org.thoughtcrime.securesms.sms.IncomingTextMessage,19,19,0,180,0,19,1,0.0,0.0,0.0,0.0,0.0,0,0,0,0,0.0
Signal-Android,2019-1,2020-1,2019-1->2020-1,3,org.thoughtcrime.securesms.sms.MessageSender,0,0,0,152,0,0,1,0.0,0.0,0.0,0.0,18.0,0,0,0,0,2.9444389791664403
Signal-Android,2019-1,2020-1,2019-1->2020-1,3,org.thoughtcrime.securesms.sms.TelephonyServiceState,0,0,0,47,0,0,1,0.0,0.0,0.0,0.0,2.0,0,0,0,0,1.0986122886681098
Signal-Android,2019-1,2020-1,2019-1->2020-1,3,org.thoughtcrime.securesms.util.AbstractCursorLoader,8,8,0,51,0,3,1,0.0,0.0,0.0,0.0,1.0,0,0,0,0,0.6931471805599453
Signal-Android,2019-1,2020-1,2019-1->2020-1,3,org.thoughtcrime.securesms.util.AttachmentUtil,0,0,0,57,0,0,1,0.0,0.0,0.0,0.0,17.0,0,0,0,0,2.8903717578961645
Signal-Android,2019-1,2020-1,2019-1->2020-1,3,org.thoughtcrime.securesms.util.BackupUtil,19,8,-11,87,0,0,1,0.0,0.0,0.0,0.0,13.0,0,0,0,0,2.6390573296152584
Signal-Android,2019-1,2020-1,2019-1->2020-1,3,org.thoughtcrime.securesms.util.Base64,59,1,-58,737,0,1,1,0.0,1.0,0.0,0.0,8.0,0,1,0,0,2.1972245773362196
Signal-Android,2019-1,2020-1,2019-1->2020-1,3,org.thoughtcrime.securesms.util.BitmapUtil,18,18,0,238,0,0,1,0.0,0.0,0.0,0.0,22.0,0,0,0,0,3.1354942159291497
Signal-Android,2019-1,2020-1,2019-1->2020-1,3,org.thoughtcrime.securesms.util.CommunicationActions,0,0,0,54,0,0,1,0.0,0.0,0.0,0.0,8.0,0,0,0,0,2.1972245773362196
Signal-Android,2019-1,2020-1,2019-1->2020-1,3,org.thoughtcrime.securesms.util.Conversions,25,25,0,110,0,0,1,0.0,0.0,0.0,0.0,0.0,0,0,0,0,0.0
Signal-Android,2019-1,2020-1,2019-1->2020-1,3,org.thoughtcrime.securesms.util.DateUtils,2,2,0,77,0,0,1,0.0,0.0,0.0,0.0,7.0,0,0,0,0,2.0794415416798357
Signal-Android,2019-1,2020-1,2019-1->2020-1,3,org.thoughtcrime.securesms.util.DelimiterUtil,0,0,0,8,0,0,1,0.0,0.0,0.0,0.0,0.0,0,0,0,0,0.0
Signal-Android,2019-1,2020-1,2019-1->2020-1,3,org.thoughtcrime.securesms.util.Dialogs,0,0,0,15,0,0,1,0.0,0.0,0.0,0.0,0.0,0,0,0,0,0.0
Signal-Android,2019-1,2020-1,2019-1->2020-1,3,org.thoughtcrime.securesms.util.DynamicIntroTheme,0,0,0,6,0,0,1,0.0,0.0,0.0,0.0,1.0,0,0,0,0,0.6931471805599453
Signal-Android,2019-1,2020-1,2019-1->2020-1,3,org.thoughtcrime.securesms.util.DynamicLanguage,0,0,0,43,0,0,1,0.0,0.0,0.0,0.0,8.0,0,0,0,0,2.1972245773362196
Signal-Android,2019-1,2020-1,2019-1->2020-1,3,org.thoughtcrime.securesms.util.DynamicNoActionBarTheme,0,0,0,6,0,0,1,0.0,0.0,0.0,0.0,1.0,0,0,0,0,0.6931471805599453
Signal-Android,2019-1,2020-1,2019-1->2020-1,3,org.thoughtcrime.securesms.util.DynamicTheme,0,0,0,21,0,0,1,0.0,0.0,0.0,0.0,1.0,0,0,0,0,0.6931471805599453
Signal-Android,2019-1,2020-1,2019-1->2020-1,3,org.thoughtcrime.securesms.util.ExpirationUtil,0,0,0,33,0,0,1,0.0,0.0,0.0,0.0,26.0,0,0,0,0,3.295836866004329
Signal-Android,2019-1,2020-1,2019-1->2020-1,3,org.thoughtcrime.securesms.util.FileProviderUtil,0,0,0,11,0,0,1,0.0,0.0,0.0,0.0,1.0,0,0,0,0,0.6931471805599453
Signal-Android,2019-1,2020-1,2019-1->2020-1,3,org.thoughtcrime.securesms.util.FileUtils,0,0,0,26,0,0,1,0.0,0.0,0.0,0.0,2.0,0,0,0,0,1.0986122886681098
Signal-Android,2019-1,2020-1,2019-1->2020-1,3,org.thoughtcrime.securesms.util.GroupUtil,0,0,0,80,0,0,1,0.0,0.0,0.0,0.0,5.0,0,0,0,0,1.791759469228055
Signal-Android,2019-1,2020-1,2019-1->2020-1,3,org.thoughtcrime.securesms.util.Hex,0,0,0,75,0,0,1,0.0,0.0,0.0,0.0,0.0,0,0,0,0,0.0
Signal-Android,2019-1,2020-1,2019-1->2020-1,3,org.thoughtcrime.securesms.util.IdentityUtil,0,0,0,136,0,0,1,0.0,0.0,0.0,0.0,37.0,0,0,0,0,3.6375861597263857
Signal-Android,2019-1,2020-1,2019-1->2020-1,3,org.thoughtcrime.securesms.util.IntentUtils,0,0,0,4,0,0,1,0.0,0.0,0.0,0.0,2.0,0,0,0,0,1.0986122886681098
Signal-Android,2019-1,2020-1,2019-1->2020-1,3,org.thoughtcrime.securesms.util.JsonUtils,0,0,0,31,0,0,1,0.0,0.0,0.0,0.0,0.0,0,0,0,0,0.0
Signal-Android,2019-1,2020-1,2019-1->2020-1,3,org.thoughtcrime.securesms.util.LimitedInputStream,6,6,0,20,0,2,1,0.0,0.0,0.0,0.0,0.0,0,0,0,0,0.0
Signal-Android,2019-1,2020-1,2019-1->2020-1,3,org.thoughtcrime.securesms.util.LongClickCopySpan,1,1,0,42,0,1,1,0.0,0.0,0.0,0.0,4.0,0,0,0,0,1.6094379124341003
Signal-Android,2019-1,2020-1,2019-1->2020-1,3,org.thoughtcrime.securesms.util.LongClickMovementMethod,0,0,0,62,0,0,1,0.0,0.0,0.0,0.0,4.0,0,0,0,0,1.6094379124341003
Signal-Android,2019-1,2020-1,2019-1->2020-1,3,org.thoughtcrime.securesms.util.MathUtils,1,1,0,11,0,0,1,0.0,0.0,0.0,0.0,0.0,0,0,0,0,0.0
Signal-Android,2019-1,2020-1,2019-1->2020-1,3,org.thoughtcrime.securesms.util.MediaUtil,0,0,0,158,0,0,1,0.0,0.0,0.0,0.0,17.0,0,0,0,0,2.8903717578961645
Signal-Android,2019-1,2020-1,2019-1->2020-1,3,org.thoughtcrime.securesms.util.MemoryFileUtil,0,0,0,20,0,0,1,0.0,0.0,0.0,0.0,5.0,0,0,0,0,1.791759469228055
Signal-Android,2019-1,2020-1,2019-1->2020-1,3,org.thoughtcrime.securesms.util.ParcelUtil,0,0,0,15,0,0,1,0.0,0.0,0.0,0.0,4.0,0,0,0,0,1.6094379124341003
Signal-Android,2019-1,2020-1,2019-1->2020-1,3,org.thoughtcrime.securesms.util.PlayServicesUtil,0,0,0,34,0,0,1,0.0,0.0,0.0,0.0,2.0,0,0,0,0,1.0986122886681098
Signal-Android,2019-1,2020-1,2019-1->2020-1,3,org.thoughtcrime.securesms.util.PowerManagerCompat,0,0,0,5,0,0,1,0.0,0.0,0.0,0.0,0.0,0,0,0,0,0.0
Signal-Android,2019-1,2020-1,2019-1->2020-1,3,org.thoughtcrime.securesms.util.ResUtil,0,0,0,21,0,0,1,0.0,0.0,0.0,0.0,3.0,0,0,0,0,1.3862943611198906
Signal-Android,2019-1,2020-1,2019-1->2020-1,3,org.thoughtcrime.securesms.util.Rfc5724Uri,0,0,0,33,0,0,1,0.0,0.0,0.0,0.0,3.0,0,0,0,0,1.3862943611198906
Signal-Android,2019-1,2020-1,2019-1->2020-1,3,org.thoughtcrime.securesms.util.SaveAttachmentTask,0,0,0,138,0,0,1,1.0,0.0,0.0,0.0,11.0,1,0,0,0,2.4849066497880004
Signal-Android,2019-1,2020-1,2019-1->2020-1,3,org.thoughtcrime.securesms.util.SelectedRecipientsAdapter,6,6,0,88,0,4,1,0.0,0.0,0.0,0.0,16.0,0,0,0,0,2.833213344056216
Signal-Android,2019-1,2020-1,2019-1->2020-1,3,org.thoughtcrime.securesms.util.ServiceUtil,0,0,0,19,0,0,1,0.0,0.0,0.0,0.0,0.0,0,0,0,0,0.0
Signal-Android,2019-1,2020-1,2019-1->2020-1,3,org.thoughtcrime.securesms.util.ShortCodeUtil,0,0,0,21,0,0,1,0.0,0.0,0.0,0.0,5.0,0,0,0,0,1.791759469228055
Signal-Android,2019-1,2020-1,2019-1->2020-1,3,org.thoughtcrime.securesms.util.SmsCharacterCalculator,0,0,0,24,0,0,1,0.0,0.0,0.0,0.0,0.0,0,0,0,0,0.0
Signal-Android,2019-1,2020-1,2019-1->2020-1,3,org.thoughtcrime.securesms.util.SpanUtil,0,0,0,19,0,0,1,0.0,0.0,0.0,0.0,0.0,0,0,0,0,0.0
Signal-Android,2019-1,2020-1,2019-1->2020-1,3,org.thoughtcrime.securesms.util.StickyHeaderDecoration,2,1,-1,103,0,2,1,0.0,0.0,0.0,0.0,16.0,0,0,0,0,2.833213344056216
Signal-Android,2019-1,2020-1,2019-1->2020-1,3,org.thoughtcrime.securesms.util.Stopwatch,0,0,0,30,0,0,1,0.0,0.0,0.0,0.0,6.0,0,0,0,0,1.9459101490553132
Signal-Android,2019-1,2020-1,2019-1->2020-1,3,org.thoughtcrime.securesms.util.StorageUtil,2,2,0,40,0,0,1,0.0,0.0,0.0,0.0,5.0,0,0,0,0,1.791759469228055
Signal-Android,2019-1,2020-1,2019-1->2020-1,3,org.thoughtcrime.securesms.util.TelephonyUtil,0,0,0,24,0,0,1,0.0,0.0,0.0,0.0,8.0,0,0,0,0,2.1972245773362196
Signal-Android,2019-1,2020-1,2019-1->2020-1,3,org.thoughtcrime.securesms.util.TextSecurePreferences,0,0,0,599,0,0,1,0.0,0.0,0.0,0.0,31.0,0,0,0,0,3.4657359027997265
Signal-Android,2019-1,2020-1,2019-1->2020-1,3,org.thoughtcrime.securesms.util.ThemeUtil,0,0,0,15,0,0,1,0.0,0.0,0.0,0.0,4.0,0,0,0,0,1.6094379124341003
Signal-Android,2019-1,2020-1,2019-1->2020-1,3,org.thoughtcrime.securesms.util.Trimmer,0,0,0,36,0,0,1,0.0,0.0,0.0,0.0,2.0,0,0,0,0,1.0986122886681098
Signal-Android,2019-1,2020-1,2019-1->2020-1,3,org.thoughtcrime.securesms.util.Util,16,18,2,254,0,0,1,0.0,0.0,0.0,1.0,22.0,0,0,0,1,3.1354942159291497
Signal-Android,2019-1,2020-1,2019-1->2020-1,3,org.thoughtcrime.securesms.util.VersionTracker,0,0,0,9,0,0,1,0.0,0.0,0.0,0.0,0.0,0,0,0,0,0.0
Signal-Android,2019-1,2020-1,2019-1->2020-1,3,org.thoughtcrime.securesms.util.ViewUtil,0,0,0,128,0,0,1,0.0,0.0,0.0,0.0,4.0,0,0,0,0,1.6094379124341003
Signal-Android,2019-1,2020-1,2019-1->2020-1,3,org.thoughtcrime.securesms.util.WorkerThread,2,2,0,17,0,1,1,0.0,0.0,0.0,0.0,1.0,0,0,0,0,0.6931471805599453
Signal-Android,2019-1,2020-1,2019-1->2020-1,3,org.thoughtcrime.securesms.util.concurrent.SignalExecutors,0,0,0,11,0,0,1,0.0,0.0,0.0,0.0,0.0,0,0,0,0,0.0
Signal-Android,2019-1,2020-1,2019-1->2020-1,3,org.thoughtcrime.securesms.util.dualsim.SubscriptionInfoCompat,3,3,0,18,0,3,1,1.0,0.0,0.0,0.0,0.0,1,0,0,0,0.0
Signal-Android,2019-1,2020-1,2019-1->2020-1,3,org.thoughtcrime.securesms.util.dualsim.SubscriptionManagerCompat,0,2,2,30,0,0,1,0.0,0.0,0.0,0.0,3.0,0,0,0,0,1.3862943611198906
Signal-Android,2019-1,2020-1,2019-1->2020-1,3,org.thoughtcrime.securesms.video.EncryptedMediaDataSource,8,0,-8,37,0,5,1,0.0,0.0,0.0,0.0,4.0,0,0,0,0,1.6094379124341003
Signal-Android,2019-1,2020-1,2019-1->2020-1,3,org.thoughtcrime.securesms.video.VideoPlayer,9,10,1,104,0,3,1,0.0,0.0,0.0,0.0,2.0,0,0,0,0,1.0986122886681098
Signal-Android,2019-1,2020-1,2019-1->2020-1,3,org.thoughtcrime.securesms.video.exo.PartDataSource,4,4,0,37,0,2,1,0.0,0.0,0.0,0.0,2.0,0,0,0,0,1.0986122886681098
Signal-Android,2019-1,2020-1,2019-1->2020-1,3,org.thoughtcrime.securesms.webrtc.CallNotificationBuilder,0,1,1,40,0,0,1,0.0,0.0,0.0,0.0,0.0,0,0,0,0,0.0
Signal-Android,2019-1,2020-1,2019-1->2020-1,3,org.thoughtcrime.securesms.webrtc.IncomingPstnCallReceiver,0,0,0,35,0,0,1,0.0,0.0,0.0,0.0,8.0,0,0,0,0,2.1972245773362196
Signal-Android,2019-1,2020-1,2019-1->2020-1,3,org.thoughtcrime.securesms.webrtc.UncaughtExceptionHandlerManager,2,2,0,18,0,2,1,0.0,0.0,0.0,0.0,1.0,0,0,0,0,0.6931471805599453
Signal-Android,2019-1,2020-1,2019-1->2020-1,3,org.thoughtcrime.securesms.webrtc.VoiceCallShare,0,0,0,23,0,0,1,0.0,0.0,0.0,0.0,9.0,0,0,0,0,2.302585092994046
Signal-Android,2019-1,2020-1,2019-1->2020-1,3,org.thoughtcrime.securesms.webrtc.audio.BluetoothStateManager,22,22,0,128,0,5,1,0.0,0.0,0.0,0.0,10.0,0,0,0,0,2.3978952727983707
Signal-Android,2019-1,2020-1,2019-1->2020-1,3,org.thoughtcrime.securesms.webrtc.audio.IncomingRinger,2,2,0,73,0,1,1,0.0,0.0,0.0,0.0,3.0,0,0,0,0,1.3862943611198906
Signal-Android,2019-1,2020-1,2019-1->2020-1,3,org.thoughtcrime.securesms.webrtc.audio.SignalAudioManager,8,7,-1,59,0,4,1,0.0,0.0,0.0,0.0,13.0,0,0,0,0,2.6390573296152584
Signal-Android,2019-1,2020-1,2019-1->2020-1,3,org.thoughtcrime.securesms.webrtc.locks.AccelerometerListener,14,14,0,74,0,3,1,0.0,0.0,0.0,0.0,0.0,0,0,0,0,0.0
Signal-Android,2019-1,2020-1,2019-1->2020-1,3,org.thoughtcrime.securesms.webrtc.locks.LockManager,15,16,1,103,0,3,1,0.0,0.0,0.0,0.0,1.0,0,0,0,0,0.6931471805599453
Signal-Android,2019-1,2020-1,2019-1->2020-1,3,org.thoughtcrime.securesms.webrtc.locks.ProximityLock,11,11,0,49,0,2,1,0.0,0.0,0.0,0.0,6.0,0,0,0,0,1.9459101490553132
Signal-Android,2020-1,2021-1,2020-1->2021-1,4,org.signal.signing.ApkSignerUtil,0,0,0,67,0,0,1,0.0,0.0,0.0,0.0,11.0,0,0,0,0,2.4849066497880004
Signal-Android,2020-1,2021-1,2020-1->2021-1,4,org.thoughtcrime.securesms.ApplicationContext,41,43,2,197,0,22,1,0.0,0.0,0.0,0.0,14.0,0,0,0,0,2.70805020110221
Signal-Android,2020-1,2021-1,2020-1->2021-1,4,org.thoughtcrime.securesms.ApplicationPreferencesActivity,4,6,2,163,0,3,1,0.0,0.0,0.0,0.0,17.0,0,0,0,0,2.8903717578961645
Signal-Android,2020-1,2021-1,2020-1->2021-1,4,org.thoughtcrime.securesms.ConfirmIdentityDialog,1,1,0,105,0,1,1,0.0,0.0,0.0,0.0,3.0,0,0,0,0,1.3862943611198906
Signal-Android,2020-1,2021-1,2020-1->2021-1,4,org.thoughtcrime.securesms.ContactSelectionActivity,6,8,2,67,0,6,1,0.0,0.0,0.0,0.0,10.0,0,0,0,0,2.3978952727983707
Signal-Android,2020-1,2021-1,2020-1->2021-1,4,org.thoughtcrime.securesms.ContactSelectionListFragment,17,32,15,223,0,9,1,0.0,0.0,0.0,0.0,25.0,0,0,0,0,3.258096538021482
Signal-Android,2020-1,2021-1,2020-1->2021-1,4,org.thoughtcrime.securesms.DatabaseMigrationActivity,13,13,0,112,0,11,1,0.0,0.0,0.0,0.0,4.0,0,0,0,0,1.6094379124341003
Signal-Android,2020-1,2021-1,2020-1->2021-1,4,org.thoughtcrime.securesms.DeviceActivity,4,4,0,156,0,3,1,0.0,0.0,0.0,0.0,19.0,0,0,0,0,2.995732273553991
Signal-Android,2020-1,2021-1,2020-1->2021-1,4,org.thoughtcrime.securesms.DeviceAddFragment,2,2,0,59,0,2,1,0.0,0.0,0.0,0.0,4.0,0,0,0,0,1.6094379124341003
Signal-Android,2020-1,2021-1,2020-1->2021-1,4,org.thoughtcrime.securesms.DeviceLinkFragment,0,0,0,29,0,0,1,0.0,0.0,0.0,0.0,2.0,0,0,0,0,1.0986122886681098
Signal-Android,2020-1,2021-1,2020-1->2021-1,4,org.thoughtcrime.securesms.DeviceListFragment,2,2,0,121,0,2,1,0.0,0.0,0.0,0.0,15.0,0,0,0,0,2.772588722239781
Signal-Android,2020-1,2021-1,2020-1->2021-1,4,org.thoughtcrime.securesms.DeviceListItem,2,2,0,31,0,2,1,0.0,0.0,0.0,0.0,3.0,0,0,0,0,1.3862943611198906
Signal-Android,2020-1,2021-1,2020-1->2021-1,4,org.thoughtcrime.securesms.DeviceProvisioningActivity,1,1,0,27,0,1,1,0.0,0.0,0.0,0.0,2.0,0,0,0,0,1.0986122886681098
Signal-Android,2020-1,2021-1,2020-1->2021-1,4,org.thoughtcrime.securesms.ExpirationDialog,0,0,0,48,0,0,1,0.0,0.0,0.0,0.0,10.0,0,0,0,0,2.3978952727983707
Signal-Android,2020-1,2021-1,2020-1->2021-1,4,org.thoughtcrime.securesms.GroupMembersDialog,2,1,-1,65,0,2,1,0.0,0.0,0.0,0.0,3.0,0,0,0,0,1.3862943611198906
Signal-Android,2020-1,2021-1,2020-1->2021-1,4,org.thoughtcrime.securesms.InviteActivity,14,14,0,166,0,10,1,0.0,0.0,0.0,0.0,31.0,0,0,0,0,3.4657359027997265
Signal-Android,2020-1,2021-1,2020-1->2021-1,4,org.thoughtcrime.securesms.MainNavigator,7,7,0,44,0,6,1,0.0,0.0,0.0,0.0,9.0,0,0,0,0,2.302585092994046
Signal-Android,2020-1,2021-1,2020-1->2021-1,4,org.thoughtcrime.securesms.MediaPreviewActivity,41,47,6,479,0,20,1,0.0,0.0,0.0,0.0,55.0,0,0,0,0,4.02535169073515
Signal-Android,2020-1,2021-1,2020-1->2021-1,4,org.thoughtcrime.securesms.MuteDialog,0,0,0,26,0,0,1,0.0,0.0,0.0,0.0,6.0,0,0,0,0,1.9459101490553132
Signal-Android,2020-1,2021-1,2020-1->2021-1,4,org.thoughtcrime.securesms.NewConversationActivity,4,5,1,54,0,4,1,0.0,0.0,0.0,0.0,6.0,0,0,0,0,1.9459101490553132
Signal-Android,2020-1,2021-1,2020-1->2021-1,4,org.thoughtcrime.securesms.PassphraseActivity,1,1,0,29,0,1,1,0.0,0.0,0.0,0.0,3.0,0,0,0,0,1.3862943611198906
Signal-Android,2020-1,2021-1,2020-1->2021-1,4,org.thoughtcrime.securesms.PassphraseChangeActivity,11,11,0,88,0,4,1,0.0,0.0,0.0,0.0,5.0,0,0,0,0,1.791759469228055
Signal-Android,2020-1,2021-1,2020-1->2021-1,4,org.thoughtcrime.securesms.PassphrasePromptActivity,27,27,0,224,0,11,1,0.0,0.0,0.0,0.0,16.0,0,0,0,0,2.833213344056216
Signal-Android,2020-1,2021-1,2020-1->2021-1,4,org.thoughtcrime.securesms.PlayServicesProblemFragment,2,2,0,23,0,1,1,0.0,0.0,0.0,0.0,3.0,0,0,0,0,1.3862943611198906
Signal-Android,2020-1,2021-1,2020-1->2021-1,4,org.thoughtcrime.securesms.PromptMmsActivity,1,1,0,15,0,1,1,0.0,0.0,0.0,0.0,2.0,0,0,0,0,1.0986122886681098
Signal-Android,2020-1,2021-1,2020-1->2021-1,4,org.thoughtcrime.securesms.PushContactSelectionActivity,0,2,2,17,0,0,1,0.0,0.0,0.0,0.0,3.0,0,0,0,0,1.3862943611198906
Signal-Android,2020-1,2021-1,2020-1->2021-1,4,org.thoughtcrime.securesms.ShortcutLauncherActivity,0,0,0,21,0,0,1,0.0,0.0,0.0,0.0,3.0,0,0,0,0,1.3862943611198906
Signal-Android,2020-1,2021-1,2020-1->2021-1,4,org.thoughtcrime.securesms.SmsSendtoActivity,0,0,0,57,0,0,1,0.0,0.0,0.0,0.0,9.0,0,0,0,0,2.302585092994046
Signal-Android,2020-1,2021-1,2020-1->2021-1,4,org.thoughtcrime.securesms.TransportOptions,7,7,0,119,0,4,1,0.0,0.0,0.0,0.0,6.0,0,0,0,0,1.9459101490553132
Signal-Android,2020-1,2021-1,2020-1->2021-1,4,org.thoughtcrime.securesms.TransportOptionsAdapter,2,2,0,36,0,2,1,0.0,0.0,0.0,0.0,10.0,0,0,0,0,2.3978952727983707
Signal-Android,2020-1,2021-1,2020-1->2021-1,4,org.thoughtcrime.securesms.VerifyIdentityActivity,1,1,0,385,0,1,1,0.0,0.0,0.0,0.0,57.0,0,0,0,0,4.060443010546419
Signal-Android,2020-1,2021-1,2020-1->2021-1,4,org.thoughtcrime.securesms.WebRtcCallActivity,17,57,40,238,0,14,1,0.0,0.0,0.0,0.0,41.0,0,0,0,0,3.7376696182833684
Signal-Android,2020-1,2021-1,2020-1->2021-1,4,org.thoughtcrime.securesms.attachments.Attachment,9,12,3,101,0,9,1,1.0,0.0,1.0,0.0,0.0,1,0,1,0,0.0
Signal-Android,2020-1,2021-1,2020-1->2021-1,4,org.thoughtcrime.securesms.attachments.DatabaseAttachment,4,5,1,48,0,4,1,0.0,0.0,1.0,0.0,0.0,0,0,1,0,0.0
Signal-Android,2020-1,2021-1,2020-1->2021-1,4,org.thoughtcrime.securesms.attachments.PointerAttachment,0,0,0,72,0,0,1,0.0,0.0,0.0,0.0,52.0,0,0,0,0,3.970291913552122
Signal-Android,2020-1,2021-1,2020-1->2021-1,4,org.thoughtcrime.securesms.attachments.UriAttachment,1,1,0,29,0,1,1,0.0,0.0,2.0,0.0,0.0,0,0,1,0,0.0
Signal-Android,2020-1,2021-1,2020-1->2021-1,4,org.thoughtcrime.securesms.audio.AudioCodec,7,7,0,120,0,5,1,0.0,0.0,0.0,0.0,7.0,0,0,0,0,2.0794415416798357
Signal-Android,2020-1,2021-1,2020-1->2021-1,4,org.thoughtcrime.securesms.backup.BackupDialog,0,0,0,50,0,0,1,0.0,0.0,0.0,0.0,2.0,0,0,0,0,1.0986122886681098
Signal-Android,2020-1,2021-1,2020-1->2021-1,4,org.thoughtcrime.securesms.backup.BackupPassphrase,0,1,1,21,0,0,1,0.0,0.0,0.0,0.0,2.0,0,0,0,0,1.0986122886681098
Signal-Android,2020-1,2021-1,2020-1->2021-1,4,org.thoughtcrime.securesms.backup.FullBackupBase,0,0,0,31,0,0,1,0.0,0.0,0.0,0.0,4.0,0,0,0,0,1.6094379124341003
Signal-Android,2020-1,2021-1,2020-1->2021-1,4,org.thoughtcrime.securesms.backup.FullBackupExporter,0,0,0,256,0,0,1,0.0,0.0,0.0,0.0,23.0,0,0,0,0,3.1780538303479458
Signal-Android,2020-1,2021-1,2020-1->2021-1,4,org.thoughtcrime.securesms.backup.FullBackupImporter,0,0,0,187,0,0,1,0.0,0.0,0.0,0.0,22.0,0,0,0,0,3.1354942159291497
Signal-Android,2020-1,2021-1,2020-1->2021-1,4,org.thoughtcrime.securesms.blurhash.BlurHash,1,1,0,19,0,1,1,0.0,0.0,0.0,0.0,0.0,0,0,0,0,0.0
Signal-Android,2020-1,2021-1,2020-1->2021-1,4,org.thoughtcrime.securesms.blurhash.BlurHashDecoder,2,2,0,55,0,0,1,0.0,0.0,0.0,0.0,0.0,0,0,0,0,0.0
Signal-Android,2020-1,2021-1,2020-1->2021-1,4,org.thoughtcrime.securesms.blurhash.BlurHashEncoder,6,6,0,74,0,1,1,0.0,0.0,0.0,0.0,0.0,0,0,0,0,0.0
Signal-Android,2020-1,2021-1,2020-1->2021-1,4,org.thoughtcrime.securesms.color.MaterialColor,0,0,0,84,0,0,1,0.0,0.0,0.0,0.0,9.0,0,0,0,0,2.302585092994046
Signal-Android,2020-1,2021-1,2020-1->2021-1,4,org.thoughtcrime.securesms.components.AlbumThumbnailView,10,10,0,85,0,4,1,0.0,0.0,0.0,0.0,10.0,0,0,0,0,2.3978952727983707
Signal-Android,2020-1,2021-1,2020-1->2021-1,4,org.thoughtcrime.securesms.components.AlertView,3,3,0,36,0,3,1,0.0,0.0,0.0,0.0,7.0,0,0,0,0,2.0794415416798357
Signal-Android,2020-1,2021-1,2020-1->2021-1,4,org.thoughtcrime.securesms.components.ArcProgressBar,2,2,0,69,0,1,1,0.0,0.0,0.0,0.0,2.0,0,0,0,0,1.0986122886681098
Signal-Android,2020-1,2021-1,2020-1->2021-1,4,org.thoughtcrime.securesms.components.AudioView,37,31,-6,219,0,18,1,0.0,0.0,0.0,0.0,7.0,0,0,0,0,2.0794415416798357
Signal-Android,2020-1,2021-1,2020-1->2021-1,4,org.thoughtcrime.securesms.components.AvatarImageView,0,0,0,99,0,0,1,0.0,0.0,0.0,0.0,15.0,0,0,0,0,2.772588722239781
Signal-Android,2020-1,2021-1,2020-1->2021-1,4,org.thoughtcrime.securesms.components.BubbleDrawableBuilder,10,10,0,43,0,6,1,0.0,0.0,0.0,0.0,2.0,0,0,0,0,1.0986122886681098
Signal-Android,2020-1,2021-1,2020-1->2021-1,4,org.thoughtcrime.securesms.components.ComposeText,9,15,6,109,0,5,1,0.0,0.0,0.0,0.0,12.0,0,0,0,0,2.5649493574615367
Signal-Android,2020-1,2021-1,2020-1->2021-1,4,org.thoughtcrime.securesms.components.ContactFilterToolbar,4,6,2,103,0,3,1,0.0,0.0,0.0,0.0,7.0,0,0,0,0,2.0794415416798357
Signal-Android,2020-1,2021-1,2020-1->2021-1,4,org.thoughtcrime.securesms.components.ConversationItemFooter,3,12,9,102,0,3,1,0.0,0.0,0.0,0.0,21.0,0,0,0,0,3.091042453358316
Signal-Android,2020-1,2021-1,2020-1->2021-1,4,org.thoughtcrime.securesms.components.ConversationItemThumbnail,8,9,1,86,0,6,1,0.0,0.0,0.0,0.0,10.0,0,0,0,0,2.3978952727983707
Signal-Android,2020-1,2021-1,2020-1->2021-1,4,org.thoughtcrime.securesms.components.ConversationSearchBottomBar,7,7,0,43,0,4,1,0.0,0.0,0.0,0.0,1.0,0,0,0,0,0.6931471805599453
Signal-Android,2020-1,2021-1,2020-1->2021-1,4,org.thoughtcrime.securesms.components.ConversationTypingView,1,1,0,24,0,1,1,0.0,0.0,0.0,0.0,3.0,0,0,0,0,1.3862943611198906
Signal-Android,2020-1,2021-1,2020-1->2021-1,4,org.thoughtcrime.securesms.components.CustomDefaultPreference,2,2,0,139,0,2,1,0.0,0.0,0.0,0.0,12.0,0,0,0,0,2.5649493574615367
Signal-Android,2020-1,2021-1,2020-1->2021-1,4,org.thoughtcrime.securesms.components.DocumentView,3,3,0,92,0,3,1,0.0,0.0,0.0,0.0,6.0,0,0,0,0,1.9459101490553132
Signal-Android,2020-1,2021-1,2020-1->2021-1,4,org.thoughtcrime.securesms.components.ExpirationTimerView,8,8,0,67,0,6,1,0.0,0.0,0.0,0.0,3.0,0,0,0,0,1.3862943611198906
Signal-Android,2020-1,2021-1,2020-1->2021-1,4,org.thoughtcrime.securesms.components.FromTextView,0,0,0,42,0,0,1,0.0,0.0,0.0,0.0,1.0,0,0,0,0,0.6931471805599453
Signal-Android,2020-1,2021-1,2020-1->2021-1,4,org.thoughtcrime.securesms.components.InputAwareLayout,5,5,0,51,0,4,1,0.0,0.0,0.0,0.0,2.0,0,0,0,0,1.0986122886681098
Signal-Android,2020-1,2021-1,2020-1->2021-1,4,org.thoughtcrime.securesms.components.InputPanel,37,37,0,294,0,22,1,0.0,0.0,0.0,0.0,17.0,0,0,0,0,2.8903717578961645
Signal-Android,2020-1,2021-1,2020-1->2021-1,4,org.thoughtcrime.securesms.components.KeyboardAwareLinearLayout,40,38,-2,147,0,22,1,0.0,0.0,0.0,0.0,18.0,0,0,0,0,2.9444389791664403
Signal-Android,2020-1,2021-1,2020-1->2021-1,4,org.thoughtcrime.securesms.components.LabeledEditText,1,1,0,46,0,1,1,0.0,0.0,0.0,0.0,6.0,0,0,0,0,1.9459101490553132
Signal-Android,2020-1,2021-1,2020-1->2021-1,4,org.thoughtcrime.securesms.components.LinkPreviewView,3,3,0,85,0,3,1,0.0,0.0,0.0,0.0,7.0,0,0,0,0,2.0794415416798357
Signal-Android,2020-1,2021-1,2020-1->2021-1,4,org.thoughtcrime.securesms.components.MaskView,2,3,1,39,0,2,1,0.0,0.0,0.0,0.0,2.0,0,0,0,0,1.0986122886681098
Signal-Android,2020-1,2021-1,2020-1->2021-1,4,org.thoughtcrime.securesms.components.MaxHeightScrollView,2,2,0,18,0,1,1,0.0,0.0,0.0,0.0,4.0,0,0,0,0,1.6094379124341003
Signal-Android,2020-1,2021-1,2020-1->2021-1,4,org.thoughtcrime.securesms.components.MicrophoneRecorderView,13,13,0,165,0,7,1,0.0,0.0,0.0,0.0,2.0,0,0,0,0,1.0986122886681098
Signal-Android,2020-1,2021-1,2020-1->2021-1,4,org.thoughtcrime.securesms.components.PushRecipientsPanel,5,5,0,75,0,5,1,0.0,0.0,0.0,0.0,9.0,0,0,0,0,2.302585092994046
Signal-Android,2020-1,2021-1,2020-1->2021-1,4,org.thoughtcrime.securesms.components.QuoteView,10,10,0,176,0,5,1,0.0,0.0,0.0,0.0,48.0,0,0,0,0,3.8918202981106265
Signal-Android,2020-1,2021-1,2020-1->2021-1,4,org.thoughtcrime.securesms.components.RatingManager,0,0,0,49,0,0,1,0.0,0.0,0.0,0.0,5.0,0,0,0,0,1.791759469228055
Signal-Android,2020-1,2021-1,2020-1->2021-1,4,org.thoughtcrime.securesms.components.RecentPhotoViewRail,2,2,0,82,0,1,1,0.0,0.0,0.0,0.0,9.0,0,0,0,0,2.302585092994046
Signal-Android,2020-1,2021-1,2020-1->2021-1,4,org.thoughtcrime.securesms.components.RecyclerViewFastScroller,12,12,0,124,0,6,1,0.0,0.0,0.0,0.0,4.0,0,0,0,0,1.6094379124341003
Signal-Android,2020-1,2021-1,2020-1->2021-1,4,org.thoughtcrime.securesms.components.RemovableEditableMediaView,1,1,0,40,0,1,1,0.0,0.0,0.0,0.0,0.0,0,0,0,0,0.0
Signal-Android,2020-1,2021-1,2020-1->2021-1,4,org.thoughtcrime.securesms.components.SearchToolbar,12,12,0,84,0,6,1,0.0,0.0,0.0,0.0,15.0,0,0,0,0,2.772588722239781
Signal-Android,2020-1,2021-1,2020-1->2021-1,4,org.thoughtcrime.securesms.components.SendButton,2,2,0,61,0,2,1,0.0,0.0,0.0,0.0,3.0,0,0,0,0,1.3862943611198906
Signal-Android,2020-1,2021-1,2020-1->2021-1,4,org.thoughtcrime.securesms.components.SharedContactView,4,4,0,134,0,4,1,0.0,0.0,0.0,0.0,16.0,0,0,0,0,2.833213344056216
Signal-Android,2020-1,2021-1,2020-1->2021-1,4,org.thoughtcrime.securesms.components.ThreadPhotoRailView,2,2,0,56,0,1,1,0.0,0.0,0.0,0.0,4.0,0,0,0,0,1.6094379124341003
Signal-Android,2020-1,2021-1,2020-1->2021-1,4,org.thoughtcrime.securesms.components.ThumbnailView,35,36,1,294,0,12,1,0.0,0.0,0.0,0.0,17.0,0,0,0,0,2.8903717578961645
Signal-Android,2020-1,2021-1,2020-1->2021-1,4,org.thoughtcrime.securesms.components.TooltipPopup,7,7,0,140,0,1,1,0.0,0.0,0.0,0.0,14.0,0,0,0,0,2.70805020110221
Signal-Android,2020-1,2021-1,2020-1->2021-1,4,org.thoughtcrime.securesms.components.TransferControlView,12,12,0,137,0,8,1,0.0,0.0,0.0,0.0,9.0,0,0,0,0,2.302585092994046
Signal-Android,2020-1,2021-1,2020-1->2021-1,4,org.thoughtcrime.securesms.components.TypingIndicatorView,2,2,0,72,0,2,1,0.0,0.0,0.0,0.0,7.0,0,0,0,0,2.0794415416798357
Signal-Android,2020-1,2021-1,2020-1->2021-1,4,org.thoughtcrime.securesms.components.TypingStatusRepository,3,3,0,104,0,2,1,0.0,0.0,0.0,0.0,2.0,0,0,0,0,1.0986122886681098
Signal-Android,2020-1,2021-1,2020-1->2021-1,4,org.thoughtcrime.securesms.components.TypingStatusSender,9,10,1,57,0,4,1,1.0,0.0,0.0,0.0,0.0,1,0,0,0,0.0
Signal-Android,2020-1,2021-1,2020-1->2021-1,4,org.thoughtcrime.securesms.components.camera.CameraUtils,0,0,0,58,0,0,1,0.0,0.0,0.0,0.0,4.0,0,0,0,0,1.6094379124341003
Signal-Android,2020-1,2021-1,2020-1->2021-1,4,org.thoughtcrime.securesms.components.camera.CameraView,33,33,0,374,0,15,1,1.0,0.0,0.0,0.0,30.0,1,0,0,0,3.4339872044851463
Signal-Android,2020-1,2021-1,2020-1->2021-1,4,org.thoughtcrime.securesms.components.emoji.EmojiEditText,0,0,0,28,0,0,1,0.0,0.0,0.0,0.0,1.0,0,0,0,0,0.6931471805599453
Signal-Android,2020-1,2021-1,2020-1->2021-1,4,org.thoughtcrime.securesms.components.emoji.EmojiFilter,0,0,0,12,0,0,1,0.0,0.0,0.0,0.0,0.0,0,0,0,0,0.0
Signal-Android,2020-1,2021-1,2020-1->2021-1,4,org.thoughtcrime.securesms.components.emoji.EmojiImageView,0,0,0,7,0,0,1,0.0,0.0,0.0,0.0,1.0,0,0,0,0,0.6931471805599453
Signal-Android,2020-1,2021-1,2020-1->2021-1,4,org.thoughtcrime.securesms.components.emoji.EmojiKeyboardProvider,8,7,-1,93,0,3,1,0.0,0.0,0.0,0.0,3.0,0,0,0,0,1.3862943611198906
Signal-Android,2020-1,2021-1,2020-1->2021-1,4,org.thoughtcrime.securesms.components.emoji.EmojiPageView,7,8,1,55,0,3,1,0.0,0.0,0.0,0.0,2.0,0,0,0,0,1.0986122886681098
Signal-Android,2020-1,2021-1,2020-1->2021-1,4,org.thoughtcrime.securesms.components.emoji.EmojiPageViewGridAdapter,5,6,1,68,0,3,1,0.0,0.0,0.0,0.0,15.0,0,0,0,0,2.772588722239781
Signal-Android,2020-1,2021-1,2020-1->2021-1,4,org.thoughtcrime.securesms.components.emoji.EmojiProvider,0,0,0,99,0,0,1,0.0,0.0,0.0,0.0,0.0,0,0,0,0,0.0
Signal-Android,2020-1,2021-1,2020-1->2021-1,4,org.thoughtcrime.securesms.components.emoji.EmojiSpan,0,0,0,27,0,0,1,0.0,0.0,0.0,0.0,0.0,0,0,0,0,0.0
Signal-Android,2020-1,2021-1,2020-1->2021-1,4,org.thoughtcrime.securesms.components.emoji.EmojiTextView,16,20,4,115,0,6,1,0.0,0.0,0.0,0.0,14.0,0,0,0,0,2.70805020110221
Signal-Android,2020-1,2021-1,2020-1->2021-1,4,org.thoughtcrime.securesms.components.emoji.EmojiVariationSelectorPopup,0,0,0,25,0,0,1,0.0,0.0,0.0,0.0,4.0,0,0,0,0,1.6094379124341003
Signal-Android,2020-1,2021-1,2020-1->2021-1,4,org.thoughtcrime.securesms.components.emoji.MediaKeyboard,22,22,0,179,0,12,1,0.0,0.0,0.0,0.0,12.0,0,0,0,0,2.5649493574615367
Signal-Android,2020-1,2021-1,2020-1->2021-1,4,org.thoughtcrime.securesms.components.emoji.MediaKeyboardBottomTabAdapter,4,4,0,55,0,4,1,0.0,0.0,0.0,0.0,1.0,0,0,0,0,0.6931471805599453
Signal-Android,2020-1,2021-1,2020-1->2021-1,4,org.thoughtcrime.securesms.components.emoji.RecentEmojiPageModel,3,3,0,58,0,3,1,0.0,0.0,0.0,0.0,6.0,0,0,0,0,1.9459101490553132
Signal-Android,2020-1,2021-1,2020-1->2021-1,4,org.thoughtcrime.securesms.components.emoji.parsing.EmojiPageBitmap,0,0,0,60,0,0,1,0.0,0.0,0.0,0.0,4.0,0,0,0,0,1.6094379124341003
Signal-Android,2020-1,2021-1,2020-1->2021-1,4,org.thoughtcrime.securesms.components.emoji.parsing.EmojiParser,0,0,0,56,0,0,1,0.0,0.0,0.0,0.0,2.0,0,0,0,0,1.0986122886681098
Signal-Android,2020-1,2021-1,2020-1->2021-1,4,org.thoughtcrime.securesms.components.emoji.parsing.EmojiTree,0,0,0,56,0,0,1,0.0,0.0,0.0,0.0,10.0,0,0,0,0,2.3978952727983707
Signal-Android,2020-1,2021-1,2020-1->2021-1,4,org.thoughtcrime.securesms.components.emoji.parsing.Fitzpatrick,0,0,0,22,0,0,1,0.0,0.0,0.0,0.0,3.0,0,0,0,0,1.3862943611198906
Signal-Android,2020-1,2021-1,2020-1->2021-1,4,org.thoughtcrime.securesms.components.identity.UnverifiedBannerView,2,2,0,48,0,2,1,0.0,0.0,0.0,0.0,1.0,0,0,0,0,0.6931471805599453
Signal-Android,2020-1,2021-1,2020-1->2021-1,4,org.thoughtcrime.securesms.components.location.SignalMapView,0,0,0,50,0,0,1,0.0,0.0,0.0,0.0,2.0,0,0,0,0,1.0986122886681098
Signal-Android,2020-1,2021-1,2020-1->2021-1,4,org.thoughtcrime.securesms.components.location.SignalPlace,1,1,0,42,0,1,1,0.0,0.0,0.0,0.0,4.0,0,0,0,0,1.6094379124341003
Signal-Android,2020-1,2021-1,2020-1->2021-1,4,org.thoughtcrime.securesms.components.registration.CallMeCountDownView,7,7,0,34,0,4,1,0.0,0.0,0.0,0.0,1.0,0,0,0,0,0.6931471805599453
Signal-Android,2020-1,2021-1,2020-1->2021-1,4,org.thoughtcrime.securesms.components.registration.PulsingFloatingActionButton,5,5,0,26,0,3,1,0.0,0.0,0.0,0.0,2.0,0,0,0,0,1.0986122886681098
Signal-Android,2020-1,2021-1,2020-1->2021-1,4,org.thoughtcrime.securesms.components.registration.VerificationCodeView,9,9,0,74,0,4,1,0.0,0.0,0.0,0.0,9.0,0,0,0,0,2.302585092994046
Signal-Android,2020-1,2021-1,2020-1->2021-1,4,org.thoughtcrime.securesms.components.registration.VerificationPinKeyboard,4,4,0,133,0,4,1,0.0,0.0,0.0,0.0,3.0,0,0,0,0,1.3862943611198906
Signal-Android,2020-1,2021-1,2020-1->2021-1,4,org.thoughtcrime.securesms.components.reminder.OutdatedBuildReminder,2,3,1,25,0,1,1,0.0,0.0,0.0,0.0,1.0,0,0,0,0,0.6931471805599453
Signal-Android,2020-1,2021-1,2020-1->2021-1,4,org.thoughtcrime.securesms.components.reminder.Reminder,4,4,0,44,0,4,1,0.0,0.0,0.0,0.0,0.0,0,0,0,0,0.0
Signal-Android,2020-1,2021-1,2020-1->2021-1,4,org.thoughtcrime.securesms.components.reminder.ReminderActionsAdapter,3,3,0,24,0,2,1,0.0,0.0,0.0,0.0,3.0,0,0,0,0,1.3862943611198906
Signal-Android,2020-1,2021-1,2020-1->2021-1,4,org.thoughtcrime.securesms.components.reminder.ReminderView,7,7,0,82,0,6,1,0.0,0.0,0.0,0.0,4.0,0,0,0,0,1.6094379124341003
Signal-Android,2020-1,2021-1,2020-1->2021-1,4,org.thoughtcrime.securesms.components.reminder.ShareReminder,0,0,0,23,0,0,1,0.0,0.0,0.0,0.0,1.0,0,0,0,0,0.6931471805599453
Signal-Android,2020-1,2021-1,2020-1->2021-1,4,org.thoughtcrime.securesms.components.subsampling.AttachmentBitmapDecoder,1,1,0,16,0,1,1,0.0,0.0,0.0,0.0,0.0,0,0,0,0,0.0
Signal-Android,2020-1,2021-1,2020-1->2021-1,4,org.thoughtcrime.securesms.components.subsampling.AttachmentRegionDecoder,3,3,0,37,0,2,1,0.0,0.0,0.0,0.0,1.0,0,0,0,0,0.6931471805599453
Signal-Android,2020-1,2021-1,2020-1->2021-1,4,org.thoughtcrime.securesms.components.webrtc.PercentFrameLayout,15,15,0,66,0,7,1,0.0,0.0,0.0,0.0,6.0,0,0,0,0,1.9459101490553132
Signal-Android,2020-1,2021-1,2020-1->2021-1,4,org.thoughtcrime.securesms.components.webrtc.WebRtcAnswerDeclineButton,12,12,0,224,0,8,1,0.0,0.0,0.0,0.0,33.0,0,0,0,0,3.5263605246161616
Signal-Android,2020-1,2021-1,2020-1->2021-1,4,org.thoughtcrime.securesms.contacts.ArrayListCursor,9,9,0,94,0,9,1,0.0,0.0,0.0,0.0,7.0,0,0,0,0,2.0794415416798357
Signal-Android,2020-1,2021-1,2020-1->2021-1,4,org.thoughtcrime.securesms.contacts.ContactAccessor,1,1,0,194,0,0,1,0.0,0.0,0.0,0.0,17.0,0,0,0,0,2.8903717578961645
Signal-Android,2020-1,2021-1,2020-1->2021-1,4,org.thoughtcrime.securesms.contacts.ContactIdentityManagerICS,1,1,0,41,0,1,1,0.0,0.0,0.0,0.0,2.0,0,0,0,0,1.0986122886681098
Signal-Android,2020-1,2021-1,2020-1->2021-1,4,org.thoughtcrime.securesms.contacts.ContactRepository,0,0,0,97,0,0,1,0.0,0.0,0.0,0.0,21.0,0,0,0,0,3.091042453358316
Signal-Android,2020-1,2021-1,2020-1->2021-1,4,org.thoughtcrime.securesms.contacts.ContactSelectionListAdapter,7,10,3,143,0,5,1,0.0,0.0,0.0,0.0,13.0,0,0,0,0,2.6390573296152584
Signal-Android,2020-1,2021-1,2020-1->2021-1,4,org.thoughtcrime.securesms.contacts.ContactsCursorLoader,4,9,5,209,0,0,1,0.0,0.0,0.0,0.0,28.0,0,0,0,0,3.367295829986474
Signal-Android,2020-1,2021-1,2020-1->2021-1,4,org.thoughtcrime.securesms.contacts.ContactsDatabase,0,0,0,325,0,0,1,0.0,0.0,0.0,0.0,94.0,0,0,0,0,4.553876891600541
Signal-Android,2020-1,2021-1,2020-1->2021-1,4,org.thoughtcrime.securesms.contacts.RecipientsAdapter,0,0,0,72,0,0,1,0.0,0.0,0.0,0.0,7.0,0,0,0,0,2.0794415416798357
Signal-Android,2020-1,2021-1,2020-1->2021-1,4,org.thoughtcrime.securesms.contacts.RecipientsEditor,8,8,0,178,0,4,1,0.0,0.0,0.0,0.0,10.0,0,0,0,0,2.3978952727983707
Signal-Android,2020-1,2021-1,2020-1->2021-1,4,org.thoughtcrime.securesms.contacts.SelectedContact,1,4,3,30,0,1,1,0.0,0.0,0.0,0.0,1.0,0,0,0,0,0.6931471805599453
Signal-Android,2020-1,2021-1,2020-1->2021-1,4,org.thoughtcrime.securesms.contacts.avatars.ContactColors,0,0,0,17,0,0,1,0.0,0.0,0.0,0.0,0.0,0,0,0,0,0.0
Signal-Android,2020-1,2021-1,2020-1->2021-1,4,org.thoughtcrime.securesms.contacts.avatars.ContactColorsLegacy,0,0,0,24,0,0,1,0.0,0.0,0.0,0.0,0.0,0,0,0,0,0.0
Signal-Android,2020-1,2021-1,2020-1->2021-1,4,org.thoughtcrime.securesms.contacts.avatars.GeneratedContactPhoto,0,1,1,48,0,0,1,0.0,0.0,0.0,0.0,12.0,0,0,0,0,2.5649493574615367
Signal-Android,2020-1,2021-1,2020-1->2021-1,4,org.thoughtcrime.securesms.contacts.avatars.GroupRecordContactPhoto,2,2,0,31,0,2,1,0.0,0.0,0.0,0.0,4.0,0,0,0,0,1.6094379124341003
Signal-Android,2020-1,2021-1,2020-1->2021-1,4,org.thoughtcrime.securesms.contacts.avatars.ProfileContactPhoto,2,4,2,28,0,2,1,0.0,0.0,0.0,0.0,2.0,0,0,0,0,1.0986122886681098
Signal-Android,2020-1,2021-1,2020-1->2021-1,4,org.thoughtcrime.securesms.contacts.avatars.ResourceContactPhoto,3,3,0,42,0,3,1,0.0,0.0,0.0,0.0,3.0,0,0,0,0,1.3862943611198906
Signal-Android,2020-1,2021-1,2020-1->2021-1,4,org.thoughtcrime.securesms.contacts.avatars.SystemContactPhoto,2,2,0,30,0,2,1,0.0,0.0,0.0,0.0,3.0,0,0,0,0,1.3862943611198906
Signal-Android,2020-1,2021-1,2020-1->2021-1,4,org.thoughtcrime.securesms.contacts.avatars.TransparentContactPhoto,1,1,0,14,0,1,1,0.0,0.0,0.0,0.0,1.0,0,0,0,0,0.6931471805599453
Signal-Android,2020-1,2021-1,2020-1->2021-1,4,org.thoughtcrime.securesms.contacts.sync.DirectoryHelper,0,0,0,20,0,0,1,0.0,0.0,0.0,0.0,1.0,0,0,0,0,0.6931471805599453
Signal-Android,2020-1,2021-1,2020-1->2021-1,4,org.thoughtcrime.securesms.contactshare.Contact,4,4,0,407,0,4,1,3.0,0.0,0.0,0.0,0.0,1,0,0,0,0.0
Signal-Android,2020-1,2021-1,2020-1->2021-1,4,org.thoughtcrime.securesms.contactshare.ContactFieldAdapter,3,3,0,150,0,3,1,0.0,0.0,0.0,0.0,11.0,0,0,0,0,2.4849066497880004
Signal-Android,2020-1,2021-1,2020-1->2021-1,4,org.thoughtcrime.securesms.contactshare.ContactModelMapper,0,0,0,109,0,0,1,0.0,0.0,0.0,0.0,45.0,0,0,0,0,3.828641396489095
Signal-Android,2020-1,2021-1,2020-1->2021-1,4,org.thoughtcrime.securesms.contactshare.ContactNameEditActivity,3,3,0,83,0,3,1,0.0,0.0,0.0,0.0,10.0,0,0,0,0,2.3978952727983707
Signal-Android,2020-1,2021-1,2020-1->2021-1,4,org.thoughtcrime.securesms.contactshare.ContactNameEditViewModel,3,1,-2,77,0,2,1,0.0,0.0,0.0,0.0,19.0,0,0,0,0,2.995732273553991
Signal-Android,2020-1,2021-1,2020-1->2021-1,4,org.thoughtcrime.securesms.contactshare.ContactShareEditActivity,2,2,0,70,0,2,1,0.0,0.0,0.0,0.0,8.0,0,0,0,0,2.1972245773362196
Signal-Android,2020-1,2021-1,2020-1->2021-1,4,org.thoughtcrime.securesms.contactshare.ContactShareEditAdapter,2,2,0,46,0,2,1,0.0,0.0,0.0,0.0,1.0,0,0,0,0,0.6931471805599453
Signal-Android,2020-1,2021-1,2020-1->2021-1,4,org.thoughtcrime.securesms.contactshare.ContactShareEditViewModel,0,0,0,61,0,0,1,0.0,0.0,0.0,0.0,10.0,0,0,0,0,2.3978952727983707
Signal-Android,2020-1,2021-1,2020-1->2021-1,4,org.thoughtcrime.securesms.contactshare.ContactUtil,0,0,0,119,0,0,1,0.0,0.0,0.0,0.0,54.0,0,0,0,0,4.007333185232471
Signal-Android,2020-1,2021-1,2020-1->2021-1,4,org.thoughtcrime.securesms.contactshare.SharedContactDetailsActivity,6,5,-1,146,0,5,1,0.0,0.0,0.0,0.0,16.0,0,0,0,0,2.833213344056216
Signal-Android,2020-1,2021-1,2020-1->2021-1,4,org.thoughtcrime.securesms.contactshare.SharedContactRepository,2,2,0,231,0,1,1,0.0,0.0,0.0,0.0,45.0,0,0,0,0,3.828641396489095
Signal-Android,2020-1,2021-1,2020-1->2021-1,4,org.thoughtcrime.securesms.conversation.ConversationActivity,192,242,50,1898,0,80,1,0.0,2.0,1.0,0.0,280.0,0,1,1,0,5.638354669333745
Signal-Android,2020-1,2021-1,2020-1->2021-1,4,org.thoughtcrime.securesms.conversation.ConversationFragment,48,65,17,784,0,17,1,0.0,0.0,0.0,0.0,122.0,0,0,0,0,4.812184355372417
Signal-Android,2020-1,2021-1,2020-1->2021-1,4,org.thoughtcrime.securesms.conversation.ConversationItem,23,32,9,893,0,9,1,0.0,1.0,0.0,0.0,194.0,0,1,0,0,5.272999558563747
Signal-Android,2020-1,2021-1,2020-1->2021-1,4,org.thoughtcrime.securesms.conversation.ConversationItemSwipeCallback,5,5,0,113,0,3,1,0.0,0.0,0.0,0.0,6.0,0,0,0,0,1.9459101490553132
Signal-Android,2020-1,2021-1,2020-1->2021-1,4,org.thoughtcrime.securesms.conversation.ConversationPopupActivity,8,8,0,68,0,6,1,0.0,0.0,0.0,0.0,16.0,0,0,0,0,2.833213344056216
Signal-Android,2020-1,2021-1,2020-1->2021-1,4,org.thoughtcrime.securesms.conversation.ConversationReactionOverlay,21,24,3,347,0,13,1,0.0,0.0,0.0,0.0,71.0,0,0,0,0,4.276666119016055
Signal-Android,2020-1,2021-1,2020-1->2021-1,4,org.thoughtcrime.securesms.conversation.ConversationSearchViewModel,8,8,0,67,0,5,1,0.0,0.0,0.0,0.0,5.0,0,0,0,0,1.791759469228055
Signal-Android,2020-1,2021-1,2020-1->2021-1,4,org.thoughtcrime.securesms.conversation.ConversationStickerSuggestionAdapter,3,3,0,40,0,3,1,0.0,0.0,0.0,0.0,1.0,0,0,0,0,0.6931471805599453
Signal-Android,2020-1,2021-1,2020-1->2021-1,4,org.thoughtcrime.securesms.conversation.ConversationStickerViewModel,1,1,0,43,0,1,1,0.0,0.0,0.0,0.0,1.0,0,0,0,0,0.6931471805599453
Signal-Android,2020-1,2021-1,2020-1->2021-1,4,org.thoughtcrime.securesms.conversation.ConversationSwipeAnimationHelper,2,2,0,85,0,1,1,0.0,0.0,0.0,0.0,5.0,0,0,0,0,1.791759469228055
Signal-Android,2020-1,2021-1,2020-1->2021-1,4,org.thoughtcrime.securesms.conversation.ConversationTitleView,12,12,0,114,0,7,1,0.0,0.0,0.0,0.0,7.0,0,0,0,0,2.0794415416798357
Signal-Android,2020-1,2021-1,2020-1->2021-1,4,org.thoughtcrime.securesms.conversation.ConversationUpdateItem,5,2,-3,160,0,2,1,0.0,0.0,0.0,0.0,10.0,0,0,0,0,2.3978952727983707
Signal-Android,2020-1,2021-1,2020-1->2021-1,4,org.thoughtcrime.securesms.conversationlist.ConversationListAdapter,10,12,2,106,0,6,1,0.0,0.0,0.0,0.0,13.0,0,0,0,0,2.6390573296152584
Signal-Android,2020-1,2021-1,2020-1->2021-1,4,org.thoughtcrime.securesms.conversationlist.ConversationListArchiveFragment,8,8,0,66,0,7,1,0.0,0.0,0.0,0.0,8.0,0,0,0,0,2.1972245773362196
Signal-Android,2020-1,2021-1,2020-1->2021-1,4,org.thoughtcrime.securesms.conversationlist.ConversationListFragment,52,65,13,500,0,26,1,0.0,0.0,0.0,0.0,86.0,0,0,0,0,4.465908118654584
Signal-Android,2020-1,2021-1,2020-1->2021-1,4,org.thoughtcrime.securesms.conversationlist.ConversationListItem,8,7,-1,237,0,7,1,0.0,0.0,0.0,0.0,11.0,0,0,0,0,2.4849066497880004
Signal-Android,2020-1,2021-1,2020-1->2021-1,4,org.thoughtcrime.securesms.conversationlist.ConversationListItemAction,2,3,1,23,0,2,1,0.0,0.0,0.0,0.0,1.0,0,0,0,0,0.6931471805599453
Signal-Android,2020-1,2021-1,2020-1->2021-1,4,org.thoughtcrime.securesms.conversationlist.ConversationListSearchAdapter,12,12,0,125,0,7,1,0.0,0.0,0.0,0.0,8.0,0,0,0,0,2.1972245773362196
Signal-Android,2020-1,2021-1,2020-1->2021-1,4,org.thoughtcrime.securesms.conversationlist.ConversationListViewModel,1,3,2,39,0,1,1,0.0,0.0,0.0,0.0,1.0,0,0,0,0,0.6931471805599453
Signal-Android,2020-1,2021-1,2020-1->2021-1,4,org.thoughtcrime.securesms.conversationlist.model.MessageResult,0,0,0,16,0,0,1,1.0,0.0,0.0,0.0,0.0,1,0,0,0,0.0
Signal-Android,2020-1,2021-1,2020-1->2021-1,4,org.thoughtcrime.securesms.conversationlist.model.SearchResult,2,2,0,26,0,2,1,1.0,0.0,0.0,0.0,0.0,1,0,0,0,0.0
Signal-Android,2020-1,2021-1,2020-1->2021-1,4,org.thoughtcrime.securesms.crypto.AsymmetricMasterCipher,6,6,0,53,0,3,1,0.0,0.0,0.0,0.0,5.0,0,0,0,0,1.791759469228055
Signal-Android,2020-1,2021-1,2020-1->2021-1,4,org.thoughtcrime.securesms.crypto.AttachmentSecretProvider,0,0,0,51,0,0,1,0.0,0.0,0.0,0.0,7.0,0,0,0,0,2.0794415416798357
Signal-Android,2020-1,2021-1,2020-1->2021-1,4,org.thoughtcrime.securesms.crypto.ClassicDecryptingPartInputStream,0,0,0,71,0,0,1,0.0,0.0,0.0,0.0,1.0,0,0,0,0,0.6931471805599453
Signal-Android,2020-1,2021-1,2020-1->2021-1,4,org.thoughtcrime.securesms.crypto.DatabaseSecretProvider,0,0,0,41,0,0,1,0.0,0.0,0.0,0.0,3.0,0,0,0,0,1.3862943611198906
Signal-Android,2020-1,2021-1,2020-1->2021-1,4,org.thoughtcrime.securesms.crypto.IdentityKeyParcelable,1,1,0,27,0,1,1,0.0,0.0,0.0,0.0,1.0,0,0,0,0,0.6931471805599453
Signal-Android,2020-1,2021-1,2020-1->2021-1,4,org.thoughtcrime.securesms.crypto.IdentityKeyUtil,0,0,0,82,0,0,1,0.0,0.0,0.0,0.0,16.0,0,0,0,0,2.833213344056216
Signal-Android,2020-1,2021-1,2020-1->2021-1,4,org.thoughtcrime.securesms.crypto.KeyStoreHelper,6,6,0,89,0,0,1,0.0,0.0,0.0,0.0,11.0,0,0,0,0,2.4849066497880004
Signal-Android,2020-1,2021-1,2020-1->2021-1,4,org.thoughtcrime.securesms.crypto.MasterCipher,4,4,0,102,0,2,1,0.0,0.0,0.0,0.0,1.0,0,0,0,0,0.6931471805599453
Signal-Android,2020-1,2021-1,2020-1->2021-1,4,org.thoughtcrime.securesms.crypto.MasterSecret,2,2,0,48,0,2,1,0.0,0.0,0.0,0.0,9.0,0,0,0,0,2.302585092994046
Signal-Android,2020-1,2021-1,2020-1->2021-1,4,org.thoughtcrime.securesms.crypto.MasterSecretUtil,5,5,0,208,0,0,1,0.0,0.0,0.0,0.0,35.0,0,0,0,0,3.58351893845611
Signal-Android,2020-1,2021-1,2020-1->2021-1,4,org.thoughtcrime.securesms.crypto.ModernDecryptingPartInputStream,0,0,0,36,0,0,1,0.0,0.0,0.0,0.0,1.0,0,0,0,0,0.6931471805599453
Signal-Android,2020-1,2021-1,2020-1->2021-1,4,org.thoughtcrime.securesms.crypto.ModernEncryptingPartOutputStream,0,1,1,18,0,0,1,0.0,0.0,0.0,0.0,1.0,0,0,0,0,0.6931471805599453
Signal-Android,2020-1,2021-1,2020-1->2021-1,4,org.thoughtcrime.securesms.crypto.PreKeyUtil,0,0,0,34,0,0,1,0.0,0.0,0.0,0.0,2.0,0,0,0,0,1.0986122886681098
Signal-Android,2020-1,2021-1,2020-1->2021-1,4,org.thoughtcrime.securesms.crypto.ProfileKeyUtil,0,1,1,15,0,0,1,0.0,0.0,0.0,0.0,0.0,0,0,0,0,0.0
Signal-Android,2020-1,2021-1,2020-1->2021-1,4,org.thoughtcrime.securesms.crypto.PublicKey,10,10,0,41,0,8,1,0.0,0.0,0.0,0.0,1.0,0,0,0,0,0.6931471805599453
Signal-Android,2020-1,2021-1,2020-1->2021-1,4,org.thoughtcrime.securesms.crypto.SecurityEvent,0,0,0,6,0,0,1,0.0,0.0,0.0,0.0,0.0,0,0,0,0,0.0
Signal-Android,2020-1,2021-1,2020-1->2021-1,4,org.thoughtcrime.securesms.crypto.SessionUtil,0,0,0,10,0,0,1,0.0,0.0,0.0,0.0,1.0,0,0,0,0,0.6931471805599453
Signal-Android,2020-1,2021-1,2020-1->2021-1,4,org.thoughtcrime.securesms.crypto.UnidentifiedAccessUtil,0,0,0,67,0,0,1,0.0,0.0,0.0,0.0,6.0,0,0,0,0,1.9459101490553132
Signal-Android,2020-1,2021-1,2020-1->2021-1,4,org.thoughtcrime.securesms.crypto.storage.SignalProtocolStoreImpl,5,5,0,70,0,5,1,0.0,0.0,0.0,0.0,0.0,0,0,0,0,0.0
Signal-Android,2020-1,2021-1,2020-1->2021-1,4,org.thoughtcrime.securesms.crypto.storage.TextSecureIdentityKeyStore,1,1,0,91,0,1,1,0.0,0.0,0.0,0.0,24.0,0,0,0,0,3.2188758248682006
Signal-Android,2020-1,2021-1,2020-1->2021-1,4,org.thoughtcrime.securesms.crypto.storage.TextSecurePreKeyStore,4,4,0,44,0,4,1,0.0,0.0,0.0,0.0,9.0,0,0,0,0,2.302585092994046
Signal-Android,2020-1,2021-1,2020-1->2021-1,4,org.thoughtcrime.securesms.crypto.storage.TextSecureSessionStore,2,2,0,71,0,1,1,0.0,0.0,0.0,0.0,26.0,0,0,0,0,3.295836866004329
Signal-Android,2020-1,2021-1,2020-1->2021-1,4,org.thoughtcrime.securesms.database.ApnDatabase,0,0,0,98,0,0,1,0.0,0.0,0.0,0.0,2.0,0,0,0,0,1.0986122886681098
Signal-Android,2020-1,2021-1,2020-1->2021-1,4,org.thoughtcrime.securesms.database.AttachmentDatabase,13,21,8,775,0,5,1,0.0,0.0,0.0,0.0,72.0,0,0,0,0,4.290459441148391
Signal-Android,2020-1,2021-1,2020-1->2021-1,4,org.thoughtcrime.securesms.database.Database,5,6,1,34,0,5,1,0.0,0.0,0.0,0.0,8.0,0,0,0,0,2.1972245773362196
Signal-Android,2020-1,2021-1,2020-1->2021-1,4,org.thoughtcrime.securesms.database.DatabaseFactory,1,1,0,116,0,1,1,0.0,0.0,0.0,0.0,28.0,0,0,0,0,3.367295829986474
Signal-Android,2020-1,2021-1,2020-1->2021-1,4,org.thoughtcrime.securesms.database.DraftDatabase,2,5,3,95,0,2,1,1.0,0.0,0.0,0.0,3.0,1,0,0,0,1.3862943611198906
Signal-Android,2020-1,2021-1,2020-1->2021-1,4,org.thoughtcrime.securesms.database.EarlyReceiptCache,0,0,0,22,0,0,1,0.0,0.0,0.0,0.0,1.0,0,0,0,0,0.6931471805599453
Signal-Android,2020-1,2021-1,2020-1->2021-1,4,org.thoughtcrime.securesms.database.GroupDatabase,2,4,2,296,0,2,1,1.0,0.0,1.0,0.0,26.0,1,0,1,0,3.295836866004329
Signal-Android,2020-1,2021-1,2020-1->2021-1,4,org.thoughtcrime.securesms.database.GroupReceiptDatabase,2,3,1,75,0,2,1,1.0,0.0,0.0,0.0,1.0,1,0,0,0,0.6931471805599453
Signal-Android,2020-1,2021-1,2020-1->2021-1,4,org.thoughtcrime.securesms.database.IdentityDatabase,0,0,0,150,0,0,1,1.0,0.0,0.0,0.0,11.0,1,0,0,0,2.4849066497880004
Signal-Android,2020-1,2021-1,2020-1->2021-1,4,org.thoughtcrime.securesms.database.JobDatabase,1,1,0,186,0,1,1,0.0,0.0,0.0,3.0,9.0,0,0,0,1,2.302585092994046
Signal-Android,2020-1,2021-1,2020-1->2021-1,4,org.thoughtcrime.securesms.database.MediaDatabase,9,9,0,197,0,1,1,2.0,0.0,0.0,0.0,9.0,1,0,0,0,2.302585092994046
Signal-Android,2020-1,2021-1,2020-1->2021-1,4,org.thoughtcrime.securesms.database.MmsDatabase,52,66,14,1052,0,31,1,1.0,0.0,0.0,0.0,175.0,1,0,0,0,5.170483995038151
Signal-Android,2020-1,2021-1,2020-1->2021-1,4,org.thoughtcrime.securesms.database.MmsSmsColumns,0,0,0,164,0,0,1,0.0,0.0,0.0,0.0,0.0,0,0,0,0,0.0
Signal-Android,2020-1,2021-1,2020-1->2021-1,4,org.thoughtcrime.securesms.database.MmsSmsDatabase,11,30,19,357,0,7,1,0.0,1.0,0.0,0.0,31.0,0,1,0,0,3.4657359027997265
Signal-Android,2020-1,2021-1,2020-1->2021-1,4,org.thoughtcrime.securesms.database.OneTimePreKeyDatabase,1,1,0,37,0,1,1,0.0,0.0,0.0,0.0,5.0,0,0,0,0,1.791759469228055
Signal-Android,2020-1,2021-1,2020-1->2021-1,4,org.thoughtcrime.securesms.database.PushDatabase,1,1,0,118,0,1,1,0.0,0.0,0.0,0.0,7.0,0,0,0,0,2.0794415416798357
Signal-Android,2020-1,2021-1,2020-1->2021-1,4,org.thoughtcrime.securesms.database.RecipientDatabase,7,9,2,1015,0,4,1,1.0,0.0,1.0,0.0,128.0,1,0,1,0,4.859812404361672
Signal-Android,2020-1,2021-1,2020-1->2021-1,4,org.thoughtcrime.securesms.database.SearchDatabase,0,0,0,112,0,0,1,0.0,0.0,0.0,0.0,5.0,0,0,0,0,1.791759469228055
Signal-Android,2020-1,2021-1,2020-1->2021-1,4,org.thoughtcrime.securesms.database.SessionDatabase,0,0,0,92,0,0,1,0.0,0.0,0.0,0.0,1.0,0,0,0,0,0.6931471805599453
Signal-Android,2020-1,2021-1,2020-1->2021-1,4,org.thoughtcrime.securesms.database.SignedPreKeyDatabase,1,1,0,60,0,1,1,0.0,0.0,0.0,0.0,5.0,0,0,0,0,1.791759469228055
Signal-Android,2020-1,2021-1,2020-1->2021-1,4,org.thoughtcrime.securesms.database.SmsDatabase,46,58,12,600,0,34,1,0.0,0.0,0.0,0.0,64.0,0,0,0,0,4.174387269895637
Signal-Android,2020-1,2021-1,2020-1->2021-1,4,org.thoughtcrime.securesms.database.SmsMigrator,0,0,0,163,0,0,1,0.0,0.0,0.0,0.0,21.0,0,0,0,0,3.091042453358316
Signal-Android,2020-1,2021-1,2020-1->2021-1,4,org.thoughtcrime.securesms.database.StickerDatabase,6,6,0,281,0,2,1,0.0,0.0,0.0,0.0,19.0,0,0,0,0,2.995732273553991
Signal-Android,2020-1,2021-1,2020-1->2021-1,4,org.thoughtcrime.securesms.database.StorageKeyDatabase,2,2,0,55,0,2,1,0.0,0.0,0.0,0.0,5.0,0,0,0,0,1.791759469228055
Signal-Android,2020-1,2021-1,2020-1->2021-1,4,org.thoughtcrime.securesms.database.ThreadDatabase,35,62,27,527,0,16,1,0.0,0.0,1.0,0.0,52.0,0,0,1,0,3.970291913552122
Signal-Android,2020-1,2021-1,2020-1->2021-1,4,org.thoughtcrime.securesms.database.XmlBackup,17,17,0,154,0,1,1,1.0,0.0,1.0,0.0,19.0,1,0,1,0,2.995732273553991
Signal-Android,2020-1,2021-1,2020-1->2021-1,4,org.thoughtcrime.securesms.database.documents.IdentityKeyMismatch,2,2,0,48,0,2,1,0.0,0.0,0.0,0.0,1.0,0,0,0,0,0.6931471805599453
Signal-Android,2020-1,2021-1,2020-1->2021-1,4,org.thoughtcrime.securesms.database.documents.IdentityKeyMismatchList,3,3,0,15,0,2,1,0.0,0.0,0.0,0.0,0.0,0,0,0,0,0.0
Signal-Android,2020-1,2021-1,2020-1->2021-1,4,org.thoughtcrime.securesms.database.documents.NetworkFailure,2,2,0,25,0,2,1,0.0,0.0,0.0,0.0,1.0,0,0,0,0,0.6931471805599453
Signal-Android,2020-1,2021-1,2020-1->2021-1,4,org.thoughtcrime.securesms.database.documents.NetworkFailureList,3,3,0,15,0,2,1,0.0,0.0,0.0,0.0,0.0,0,0,0,0,0.0
Signal-Android,2020-1,2021-1,2020-1->2021-1,4,org.thoughtcrime.securesms.database.helpers.ClassicOpenHelper,0,0,0,961,0,0,1,0.0,2.0,0.0,0.0,62.0,0,1,0,0,4.143134726391533
Signal-Android,2020-1,2021-1,2020-1->2021-1,4,org.thoughtcrime.securesms.database.helpers.PreKeyMigrationHelper,0,0,0,122,0,0,1,0.0,0.0,0.0,0.0,12.0,0,0,0,0,2.5649493574615367
Signal-Android,2020-1,2021-1,2020-1->2021-1,4,org.thoughtcrime.securesms.database.helpers.RecipientIdCleanupHelper,0,0,0,46,0,0,1,0.0,0.0,0.0,0.0,1.0,0,0,0,0,0.6931471805599453
Signal-Android,2020-1,2021-1,2020-1->2021-1,4,org.thoughtcrime.securesms.database.helpers.RecipientIdMigrationHelper,0,0,0,187,0,0,1,0.0,1.0,0.0,0.0,0.0,0,1,0,0,0.0
Signal-Android,2020-1,2021-1,2020-1->2021-1,4,org.thoughtcrime.securesms.database.helpers.SQLCipherMigrationHelper,1,1,0,144,0,0,1,0.0,1.0,0.0,0.0,5.0,0,1,0,0,1.791759469228055
Signal-Android,2020-1,2021-1,2020-1->2021-1,4,org.thoughtcrime.securesms.database.helpers.SQLCipherOpenHelper,0,0,0,446,0,0,1,0.0,1.0,0.0,0.0,14.0,0,1,0,0,2.70805020110221
Signal-Android,2020-1,2021-1,2020-1->2021-1,4,org.thoughtcrime.securesms.database.helpers.SessionStoreMigrationHelper,0,0,0,55,0,0,1,0.0,0.0,0.0,0.0,1.0,0,0,0,0,0.6931471805599453
Signal-Android,2020-1,2021-1,2020-1->2021-1,4,org.thoughtcrime.securesms.database.identity.IdentityRecordList,10,12,2,51,0,4,1,0.0,0.0,0.0,0.0,1.0,0,0,0,0,0.6931471805599453
Signal-Android,2020-1,2021-1,2020-1->2021-1,4,org.thoughtcrime.securesms.database.loaders.CountryListLoader,0,0,0,24,0,0,1,0.0,0.0,0.0,0.0,3.0,0,0,0,0,1.3862943611198906
Signal-Android,2020-1,2021-1,2020-1->2021-1,4,org.thoughtcrime.securesms.database.loaders.DeviceListLoader,0,0,0,57,0,0,1,0.0,0.0,0.0,0.0,19.0,0,0,0,0,2.995732273553991
Signal-Android,2020-1,2021-1,2020-1->2021-1,4,org.thoughtcrime.securesms.database.loaders.GroupedThreadMediaLoader,10,10,0,182,0,4,1,0.0,0.0,0.0,0.0,14.0,0,0,0,0,2.70805020110221
Signal-Android,2020-1,2021-1,2020-1->2021-1,4,org.thoughtcrime.securesms.database.loaders.MessageDetailsLoader,0,0,0,16,0,0,1,0.0,0.0,0.0,0.0,2.0,0,0,0,0,1.0986122886681098
Signal-Android,2020-1,2021-1,2020-1->2021-1,4,org.thoughtcrime.securesms.database.loaders.PagingMediaLoader,0,0,0,22,0,0,1,0.0,0.0,0.0,0.0,2.0,0,0,0,0,1.0986122886681098
Signal-Android,2020-1,2021-1,2020-1->2021-1,4,org.thoughtcrime.securesms.database.loaders.RecentPhotosLoader,0,0,0,26,0,0,1,0.0,0.0,0.0,1.0,1.0,0,0,0,1,0.6931471805599453
Signal-Android,2020-1,2021-1,2020-1->2021-1,4,org.thoughtcrime.securesms.database.loaders.RecipientMediaLoader,0,0,0,18,0,0,1,0.0,0.0,0.0,0.0,1.0,0,0,0,0,0.6931471805599453
Signal-Android,2020-1,2021-1,2020-1->2021-1,4,org.thoughtcrime.securesms.database.model.DisplayRecord,24,32,8,81,0,24,1,0.0,0.0,0.0,0.0,20.0,0,0,0,0,3.044522437723423
Signal-Android,2020-1,2021-1,2020-1->2021-1,4,org.thoughtcrime.securesms.database.model.IncomingSticker,3,3,0,41,0,3,1,1.0,0.0,0.0,0.0,0.0,1,0,0,0,0.0
Signal-Android,2020-1,2021-1,2020-1->2021-1,4,org.thoughtcrime.securesms.database.model.MediaMmsMessageRecord,2,3,1,37,0,2,1,0.0,0.0,1.0,0.0,3.0,0,0,1,0,1.3862943611198906
Signal-Android,2020-1,2021-1,2020-1->2021-1,4,org.thoughtcrime.securesms.database.model.MessageRecord,29,40,11,140,0,27,1,0.0,0.0,1.0,0.0,24.0,0,0,1,0,3.2188758248682006
Signal-Android,2020-1,2021-1,2020-1->2021-1,4,org.thoughtcrime.securesms.database.model.MmsMessageRecord,7,7,0,45,0,4,1,0.0,0.0,1.0,0.0,1.0,0,0,1,0,0.6931471805599453
Signal-Android,2020-1,2021-1,2020-1->2021-1,4,org.thoughtcrime.securesms.database.model.NotificationMmsMessageRecord,10,10,0,55,0,10,1,0.0,0.0,1.0,0.0,0.0,0,0,1,0,0.0
Signal-Android,2020-1,2021-1,2020-1->2021-1,4,org.thoughtcrime.securesms.database.model.Quote,2,2,0,22,0,2,1,1.0,0.0,0.0,0.0,0.0,1,0,0,0,0.0
Signal-Android,2020-1,2021-1,2020-1->2021-1,4,org.thoughtcrime.securesms.database.model.ReactionRecord,2,3,1,21,0,2,1,1.0,0.0,0.0,0.0,0.0,1,0,0,0,0.0
Signal-Android,2020-1,2021-1,2020-1->2021-1,4,org.thoughtcrime.securesms.database.model.SmsMessageRecord,3,3,0,54,0,3,1,0.0,0.0,1.0,0.0,7.0,0,0,1,0,2.0794415416798357
Signal-Android,2020-1,2021-1,2020-1->2021-1,4,org.thoughtcrime.securesms.database.model.Sticker,1,1,0,21,0,1,1,1.0,0.0,0.0,0.0,0.0,1,0,0,0,0.0
Signal-Android,2020-1,2021-1,2020-1->2021-1,4,org.thoughtcrime.securesms.database.model.StickerPackRecord,2,2,0,45,0,2,1,1.0,0.0,0.0,0.0,0.0,1,0,0,0,0.0
Signal-Android,2020-1,2021-1,2020-1->2021-1,4,org.thoughtcrime.securesms.database.model.ThreadRecord,7,26,19,106,0,7,1,1.0,0.0,1.0,0.0,18.0,1,0,1,0,2.9444389791664403
Signal-Android,2020-1,2021-1,2020-1->2021-1,4,org.thoughtcrime.securesms.dependencies.ApplicationDependencies,4,1,-3,90,0,0,1,0.0,0.0,0.0,0.0,1.0,0,0,0,0,0.6931471805599453
Signal-Android,2020-1,2021-1,2020-1->2021-1,4,org.thoughtcrime.securesms.dependencies.ApplicationDependencyProvider,0,0,0,88,0,0,1,0.0,0.0,0.0,0.0,0.0,0,0,0,0,0.0
Signal-Android,2020-1,2021-1,2020-1->2021-1,4,org.thoughtcrime.securesms.devicelist.Device,3,3,0,18,0,3,1,1.0,0.0,0.0,0.0,0.0,1,0,0,0,0.0
Signal-Android,2020-1,2021-1,2020-1->2021-1,4,org.thoughtcrime.securesms.events.PartProgressEvent,0,0,0,13,0,0,1,1.0,0.0,0.0,0.0,0.0,1,0,0,0,0.0
Signal-Android,2020-1,2021-1,2020-1->2021-1,4,org.thoughtcrime.securesms.events.WebRtcViewModel,4,7,3,76,0,4,1,1.0,0.0,0.0,0.0,1.0,1,0,0,0,0.6931471805599453
Signal-Android,2020-1,2021-1,2020-1->2021-1,4,org.thoughtcrime.securesms.gcm.FcmJobService,0,0,0,33,0,0,1,0.0,0.0,0.0,0.0,2.0,0,0,0,0,1.0986122886681098
Signal-Android,2020-1,2021-1,2020-1->2021-1,4,org.thoughtcrime.securesms.gcm.FcmUtil,0,0,0,18,0,0,1,0.0,0.0,0.0,0.0,2.0,0,0,0,0,1.0986122886681098
Signal-Android,2020-1,2021-1,2020-1->2021-1,4,org.thoughtcrime.securesms.giph.model.ChunkedImageUrl,2,2,0,26,0,2,1,0.0,0.0,0.0,0.0,0.0,0,0,0,0,0.0
Signal-Android,2020-1,2021-1,2020-1->2021-1,4,org.thoughtcrime.securesms.giph.net.GiphyLoader,0,0,0,34,0,0,1,0.0,0.0,0.0,1.0,9.0,0,0,0,1,2.302585092994046
Signal-Android,2020-1,2021-1,2020-1->2021-1,4,org.thoughtcrime.securesms.giph.ui.GiphyActivity,5,5,0,111,0,5,1,0.0,0.0,0.0,0.0,18.0,0,0,0,0,2.9444389791664403
Signal-Android,2020-1,2021-1,2020-1->2021-1,4,org.thoughtcrime.securesms.giph.ui.GiphyActivityToolbar,9,9,0,112,0,7,1,0.0,0.0,0.0,0.0,5.0,0,0,0,0,1.791759469228055
Signal-Android,2020-1,2021-1,2020-1->2021-1,4,org.thoughtcrime.securesms.giph.ui.GiphyActivityToolbarTextSecurePreferencesPersistence,2,2,0,12,0,2,1,0.0,0.0,0.0,0.0,0.0,0,0,0,0,0.0
Signal-Android,2020-1,2021-1,2020-1->2021-1,4,org.thoughtcrime.securesms.giph.ui.GiphyAdapter,5,5,0,100,0,4,1,0.0,0.0,0.0,0.0,8.0,0,0,0,0,2.1972245773362196
Signal-Android,2020-1,2021-1,2020-1->2021-1,4,org.thoughtcrime.securesms.giph.ui.GiphyFragment,1,1,0,61,0,1,1,0.0,0.0,0.0,0.0,2.0,0,0,0,0,1.0986122886681098
Signal-Android,2020-1,2021-1,2020-1->2021-1,4,org.thoughtcrime.securesms.giph.util.InfiniteScrollListener,1,1,0,24,0,1,1,0.0,0.0,0.0,1.0,2.0,0,0,0,1,1.0986122886681098
Signal-Android,2020-1,2021-1,2020-1->2021-1,4,org.thoughtcrime.securesms.giph.util.RecyclerViewPositionHelper,10,10,0,48,0,5,1,0.0,0.0,0.0,0.0,2.0,0,0,0,0,1.0986122886681098
Signal-Android,2020-1,2021-1,2020-1->2021-1,4,org.thoughtcrime.securesms.glide.OkHttpStreamFetcher,5,5,0,43,0,2,1,0.0,0.0,0.0,0.0,5.0,0,0,0,0,1.791759469228055
Signal-Android,2020-1,2021-1,2020-1->2021-1,4,org.thoughtcrime.securesms.glide.PaddedHeadersInterceptor,0,0,0,19,0,0,1,0.0,0.0,0.0,0.0,4.0,0,0,0,0,1.6094379124341003
Signal-Android,2020-1,2021-1,2020-1->2021-1,4,org.thoughtcrime.securesms.glide.cache.EncryptedCoder,0,0,0,46,0,0,1,0.0,0.0,0.0,0.0,2.0,0,0,0,0,1.0986122886681098
Signal-Android,2020-1,2021-1,2020-1->2021-1,4,org.thoughtcrime.securesms.groups.GroupManager,0,0,0,31,0,0,1,0.0,0.0,0.0,0.0,0.0,0,0,0,0,0.0
Signal-Android,2020-1,2021-1,2020-1->2021-1,4,org.thoughtcrime.securesms.imageeditor.Bounds,4,4,0,32,0,0,1,0.0,0.0,0.0,1.0,0.0,0,0,0,1,0.0
Signal-Android,2020-1,2021-1,2020-1->2021-1,4,org.thoughtcrime.securesms.imageeditor.DrawingSession,0,0,0,21,0,0,1,0.0,0.0,0.0,0.0,0.0,0,0,0,0,0.0
Signal-Android,2020-1,2021-1,2020-1->2021-1,4,org.thoughtcrime.securesms.imageeditor.ElementDragEditSession,0,0,0,20,0,0,1,0.0,0.0,0.0,0.0,2.0,0,0,0,0,1.0986122886681098
Signal-Android,2020-1,2021-1,2020-1->2021-1,4,org.thoughtcrime.securesms.imageeditor.ElementScaleEditSession,0,0,0,48,0,0,1,0.0,0.0,0.0,0.0,3.0,0,0,0,0,1.3862943611198906
Signal-Android,2020-1,2021-1,2020-1->2021-1,4,org.thoughtcrime.securesms.imageeditor.HiddenEditText,15,15,0,98,0,7,1,0.0,0.0,0.0,0.0,7.0,0,0,0,0,2.0794415416798357
Signal-Android,2020-1,2021-1,2020-1->2021-1,4,org.thoughtcrime.securesms.imageeditor.ImageEditorView,17,17,0,271,0,12,1,0.0,0.0,0.0,0.0,7.0,0,0,0,0,2.0794415416798357
Signal-Android,2020-1,2021-1,2020-1->2021-1,4,org.thoughtcrime.securesms.imageeditor.ThumbDragEditSession,0,0,0,44,0,0,1,0.0,0.0,0.0,0.0,5.0,0,0,0,0,1.791759469228055
Signal-Android,2020-1,2021-1,2020-1->2021-1,4,org.thoughtcrime.securesms.imageeditor.model.AlphaAnimation,6,6,0,37,0,3,1,0.0,0.0,0.0,0.0,4.0,0,0,0,0,1.6094379124341003
Signal-Android,2020-1,2021-1,2020-1->2021-1,4,org.thoughtcrime.securesms.imageeditor.model.AnimationMatrix,3,3,0,70,0,2,1,0.0,0.0,0.0,1.0,1.0,0,0,0,1,0.6931471805599453
Signal-Android,2020-1,2021-1,2020-1->2021-1,4,org.thoughtcrime.securesms.imageeditor.model.Bisect,0,0,0,53,0,0,1,0.0,0.0,0.0,0.0,0.0,0,0,0,0,0.0
Signal-Android,2020-1,2021-1,2020-1->2021-1,4,org.thoughtcrime.securesms.imageeditor.model.CropThumbRenderer,2,2,0,42,0,2,1,0.0,0.0,0.0,0.0,4.0,0,0,0,0,1.6094379124341003
Signal-Android,2020-1,2021-1,2020-1->2021-1,4,org.thoughtcrime.securesms.imageeditor.model.EditorElement,13,14,1,172,0,8,1,0.0,0.0,0.0,0.0,3.0,0,0,0,0,1.3862943611198906
Signal-Android,2020-1,2021-1,2020-1->2021-1,4,org.thoughtcrime.securesms.imageeditor.model.EditorElementHierarchy,1,2,1,182,0,0,1,0.0,0.0,0.0,0.0,24.0,0,0,0,0,3.2188758248682006
Signal-Android,2020-1,2021-1,2020-1->2021-1,4,org.thoughtcrime.securesms.imageeditor.model.EditorModel,31,42,11,373,0,22,1,0.0,0.0,0.0,0.0,46.0,0,0,0,0,3.8501476017100584
Signal-Android,2020-1,2021-1,2020-1->2021-1,4,org.thoughtcrime.securesms.imageeditor.model.ThumbRenderer,2,2,0,39,0,1,1,0.0,0.0,0.0,0.0,0.0,0,0,0,0,0.0
Signal-Android,2020-1,2021-1,2020-1->2021-1,4,org.thoughtcrime.securesms.imageeditor.renderers.BezierDrawingRenderer,8,8,0,86,0,6,1,0.0,0.0,0.0,0.0,3.0,0,0,0,0,1.3862943611198906
Signal-Android,2020-1,2021-1,2020-1->2021-1,4,org.thoughtcrime.securesms.imageeditor.renderers.CropAreaRenderer,3,3,0,73,0,3,1,0.0,0.0,0.0,0.0,23.0,0,0,0,0,3.1780538303479458
Signal-Android,2020-1,2021-1,2020-1->2021-1,4,org.thoughtcrime.securesms.imageeditor.renderers.InverseFillRenderer,3,3,0,36,0,3,1,0.0,0.0,0.0,0.0,4.0,0,0,0,0,1.6094379124341003
Signal-Android,2020-1,2021-1,2020-1->2021-1,4,org.thoughtcrime.securesms.imageeditor.renderers.MultiLineTextRenderer,17,17,0,233,0,7,1,0.0,0.0,0.0,0.0,8.0,0,0,0,0,2.1972245773362196
Signal-Android,2020-1,2021-1,2020-1->2021-1,4,org.thoughtcrime.securesms.insights.InsightsAnimatorSetFactory,1,1,0,53,0,1,1,0.0,0.0,0.0,0.0,13.0,0,0,0,0,2.6390573296152584
Signal-Android,2020-1,2021-1,2020-1->2021-1,4,org.thoughtcrime.securesms.insights.InsightsDashboardDialogFragment,20,20,0,166,0,14,1,0.0,0.0,0.0,0.0,7.0,0,0,0,0,2.0794415416798357
Signal-Android,2020-1,2021-1,2020-1->2021-1,4,org.thoughtcrime.securesms.insights.InsightsDashboardState,3,3,0,34,0,2,1,0.0,0.0,0.0,0.0,3.0,0,0,0,0,1.3862943611198906
Signal-Android,2020-1,2021-1,2020-1->2021-1,4,org.thoughtcrime.securesms.insights.InsightsDashboardViewModel,2,2,0,32,0,2,1,0.0,0.0,0.0,0.0,1.0,0,0,0,0,0.6931471805599453
Signal-Android,2020-1,2021-1,2020-1->2021-1,4,org.thoughtcrime.securesms.insights.InsightsInsecureRecipientsAdapter,2,2,0,56,0,2,1,0.0,0.0,0.0,0.0,4.0,0,0,0,0,1.6094379124341003
Signal-Android,2020-1,2021-1,2020-1->2021-1,4,org.thoughtcrime.securesms.insights.InsightsLauncher,0,0,0,8,0,0,1,0.0,0.0,0.0,0.0,0.0,0,0,0,0,0.0
Signal-Android,2020-1,2021-1,2020-1->2021-1,4,org.thoughtcrime.securesms.insights.InsightsModalDialogFragment,6,6,0,72,0,5,1,0.0,0.0,0.0,0.0,10.0,0,0,0,0,2.3978952727983707
Signal-Android,2020-1,2021-1,2020-1->2021-1,4,org.thoughtcrime.securesms.insights.InsightsModalState,3,3,0,26,0,2,1,0.0,0.0,0.0,0.0,2.0,0,0,0,0,1.0986122886681098
Signal-Android,2020-1,2021-1,2020-1->2021-1,4,org.thoughtcrime.securesms.insights.InsightsModalViewModel,1,1,0,23,0,1,1,0.0,0.0,0.0,0.0,1.0,0,0,0,0,0.6931471805599453
Signal-Android,2020-1,2021-1,2020-1->2021-1,4,org.thoughtcrime.securesms.insights.InsightsUserAvatar,0,0,0,17,0,0,1,0.0,0.0,0.0,0.0,5.0,0,0,0,0,1.791759469228055
Signal-Android,2020-1,2021-1,2020-1->2021-1,4,org.thoughtcrime.securesms.invites.InviteReminderModel,1,1,0,75,0,1,1,0.0,0.0,0.0,0.0,5.0,0,0,0,0,1.791759469228055
Signal-Android,2020-1,2021-1,2020-1->2021-1,4,org.thoughtcrime.securesms.jobmanager.AlarmManagerScheduler,0,0,0,20,0,0,1,0.0,0.0,0.0,0.0,4.0,0,0,0,0,1.6094379124341003
Signal-Android,2020-1,2021-1,2020-1->2021-1,4,org.thoughtcrime.securesms.jobmanager.ConstraintInstantiator,0,0,0,9,0,0,1,0.0,0.0,0.0,0.0,1.0,0,0,0,0,0.6931471805599453
Signal-Android,2020-1,2021-1,2020-1->2021-1,4,org.thoughtcrime.securesms.jobmanager.Data,0,1,1,184,0,0,1,0.0,0.0,1.0,0.0,0.0,0,0,1,0,0.0
Signal-Android,2020-1,2021-1,2020-1->2021-1,4,org.thoughtcrime.securesms.jobmanager.InAppScheduler,0,0,0,17,0,0,1,0.0,0.0,0.0,0.0,1.0,0,0,0,0,0.6931471805599453
Signal-Android,2020-1,2021-1,2020-1->2021-1,4,org.thoughtcrime.securesms.jobmanager.JobController,3,3,0,228,0,3,1,0.0,0.0,0.0,0.0,62.0,0,0,0,0,4.143134726391533
Signal-Android,2020-1,2021-1,2020-1->2021-1,4,org.thoughtcrime.securesms.jobmanager.JobInstantiator,0,0,0,9,0,0,1,0.0,0.0,0.0,0.0,1.0,0,0,0,0,0.6931471805599453
Signal-Android,2020-1,2021-1,2020-1->2021-1,4,org.thoughtcrime.securesms.jobmanager.JobLogger,0,0,0,15,0,0,1,0.0,0.0,0.0,0.0,6.0,0,0,0,0,1.9459101490553132
Signal-Android,2020-1,2021-1,2020-1->2021-1,4,org.thoughtcrime.securesms.jobmanager.JobManager,10,16,6,198,0,6,1,0.0,0.0,0.0,0.0,0.0,0,0,0,0,0.0
Signal-Android,2020-1,2021-1,2020-1->2021-1,4,org.thoughtcrime.securesms.jobmanager.JobMigrator,0,0,0,44,0,0,1,0.0,0.0,0.0,0.0,16.0,0,0,0,0,2.833213344056216
Signal-Android,2020-1,2021-1,2020-1->2021-1,4,org.thoughtcrime.securesms.jobmanager.JobRunner,6,6,0,65,0,1,1,0.0,0.0,0.0,0.0,17.0,0,0,0,0,2.8903717578961645
Signal-Android,2020-1,2021-1,2020-1->2021-1,4,org.thoughtcrime.securesms.jobmanager.JobSchedulerScheduler,2,3,1,45,0,1,1,0.0,0.0,0.0,0.0,6.0,0,0,0,0,1.9459101490553132
Signal-Android,2020-1,2021-1,2020-1->2021-1,4,org.thoughtcrime.securesms.jobmanager.JobTracker,3,5,2,49,0,2,1,0.0,0.0,0.0,0.0,3.0,0,0,0,0,1.3862943611198906
Signal-Android,2020-1,2021-1,2020-1->2021-1,4,org.thoughtcrime.securesms.jobmanager.impl.NetworkConstraint,1,1,0,24,0,1,1,0.0,0.0,0.0,0.0,2.0,0,0,0,0,1.0986122886681098
Signal-Android,2020-1,2021-1,2020-1->2021-1,4,org.thoughtcrime.securesms.jobmanager.migrations.RecipientIdFollowUpJobMigration,2,2,0,26,0,2,1,0.0,0.0,0.0,0.0,5.0,0,0,0,0,1.791759469228055
Signal-Android,2020-1,2021-1,2020-1->2021-1,4,org.thoughtcrime.securesms.jobmanager.migrations.RecipientIdJobMigration,0,0,0,147,0,0,1,0.0,0.0,0.0,0.0,60.0,0,0,0,0,4.110873864173311
Signal-Android,2020-1,2021-1,2020-1->2021-1,4,org.thoughtcrime.securesms.jobmanager.persistence.JobSpec,9,10,1,86,0,9,1,1.0,0.0,1.0,0.0,0.0,1,0,1,0,0.0
Signal-Android,2020-1,2021-1,2020-1->2021-1,4,org.thoughtcrime.securesms.jobmanager.workmanager.DataMigrator,0,0,0,96,0,0,1,0.0,0.0,0.0,0.0,1.0,0,0,0,0,0.6931471805599453
Signal-Android,2020-1,2021-1,2020-1->2021-1,4,org.thoughtcrime.securesms.jobmanager.workmanager.WorkManagerDatabase,0,0,0,47,0,0,1,0.0,0.0,0.0,0.0,3.0,0,0,0,0,1.3862943611198906
Signal-Android,2020-1,2021-1,2020-1->2021-1,4,org.thoughtcrime.securesms.jobmanager.workmanager.WorkManagerFactoryMappings,0,0,0,48,0,0,1,0.0,0.0,0.0,0.0,0.0,0,0,0,0,0.0
Signal-Android,2020-1,2021-1,2020-1->2021-1,4,org.thoughtcrime.securesms.jobmanager.workmanager.WorkManagerMigrator,0,0,0,19,0,0,1,0.0,0.0,0.0,0.0,4.0,0,0,0,0,1.6094379124341003
Signal-Android,2020-1,2021-1,2020-1->2021-1,4,org.thoughtcrime.securesms.jobs.AttachmentCompressionJob,5,5,0,140,0,2,1,0.0,0.0,0.0,0.0,2.0,0,0,0,0,1.0986122886681098
Signal-Android,2020-1,2021-1,2020-1->2021-1,4,org.thoughtcrime.securesms.jobs.AttachmentDownloadJob,11,11,0,147,0,4,1,0.0,0.0,0.0,0.0,5.0,0,0,0,0,1.791759469228055
Signal-Android,2020-1,2021-1,2020-1->2021-1,4,org.thoughtcrime.securesms.jobs.AttachmentUploadJob,3,9,6,109,0,2,1,0.0,0.0,0.0,0.0,11.0,0,0,0,0,2.4849066497880004
Signal-Android,2020-1,2021-1,2020-1->2021-1,4,org.thoughtcrime.securesms.jobs.BaseJob,1,1,0,29,0,1,1,0.0,0.0,0.0,0.0,0.0,0,0,0,0,0.0
Signal-Android,2020-1,2021-1,2020-1->2021-1,4,org.thoughtcrime.securesms.jobs.CleanPreKeysJob,8,8,0,66,0,3,1,0.0,0.0,0.0,0.0,1.0,0,0,0,0,0.6931471805599453
Signal-Android,2020-1,2021-1,2020-1->2021-1,4,org.thoughtcrime.securesms.jobs.CreateSignedPreKeyJob,4,4,0,40,0,2,1,0.0,0.0,0.0,0.0,1.0,0,0,0,0,0.6931471805599453
Signal-Android,2020-1,2021-1,2020-1->2021-1,4,org.thoughtcrime.securesms.jobs.DirectoryRefreshJob,4,4,0,50,0,3,1,0.0,0.0,0.0,0.0,1.0,0,0,0,0,0.6931471805599453
Signal-Android,2020-1,2021-1,2020-1->2021-1,4,org.thoughtcrime.securesms.jobs.FastJobStorage,5,5,0,197,0,2,1,0.0,0.0,0.0,0.0,79.0,0,0,0,0,4.382026634673881
Signal-Android,2020-1,2021-1,2020-1->2021-1,4,org.thoughtcrime.securesms.jobs.FcmRefreshJob,9,9,0,66,0,4,1,0.0,0.0,0.0,0.0,9.0,0,0,0,0,2.302585092994046
Signal-Android,2020-1,2021-1,2020-1->2021-1,4,org.thoughtcrime.securesms.jobs.JobManagerFactories,0,0,0,87,0,0,1,0.0,0.0,0.0,0.0,0.0,0,0,0,0,0.0
Signal-Android,2020-1,2021-1,2020-1->2021-1,4,org.thoughtcrime.securesms.jobs.LocalBackupJob,7,12,5,55,0,3,1,0.0,0.0,0.0,0.0,3.0,0,0,0,0,1.3862943611198906
Signal-Android,2020-1,2021-1,2020-1->2021-1,4,org.thoughtcrime.securesms.jobs.MmsDownloadJob,18,20,2,143,0,5,1,0.0,0.0,0.0,0.0,31.0,0,0,0,0,3.4657359027997265
Signal-Android,2020-1,2021-1,2020-1->2021-1,4,org.thoughtcrime.securesms.jobs.MmsReceiveJob,8,8,0,60,0,3,1,0.0,0.0,0.0,0.0,3.0,0,0,0,0,1.3862943611198906
Signal-Android,2020-1,2021-1,2020-1->2021-1,4,org.thoughtcrime.securesms.jobs.MmsSendJob,6,7,1,194,0,3,1,0.0,1.0,0.0,0.0,30.0,0,1,0,0,3.4339872044851463
Signal-Android,2020-1,2021-1,2020-1->2021-1,4,org.thoughtcrime.securesms.jobs.MultiDeviceBlockedUpdateJob,7,7,0,48,0,3,1,0.0,0.0,0.0,0.0,3.0,0,0,0,0,1.3862943611198906
Signal-Android,2020-1,2021-1,2020-1->2021-1,4,org.thoughtcrime.securesms.jobs.MultiDeviceContactUpdateJob,16,16,0,204,0,5,1,0.0,0.0,0.0,0.0,31.0,0,0,0,0,3.4657359027997265
Signal-Android,2020-1,2021-1,2020-1->2021-1,4,org.thoughtcrime.securesms.jobs.MultiDeviceGroupUpdateJob,12,9,-3,88,0,3,1,0.0,0.0,0.0,0.0,10.0,0,0,0,0,2.3978952727983707
Signal-Android,2020-1,2021-1,2020-1->2021-1,4,org.thoughtcrime.securesms.jobs.MultiDeviceProfileContentUpdateJob,4,4,0,36,0,3,1,0.0,0.0,0.0,0.0,1.0,0,0,0,0,0.6931471805599453
Signal-Android,2020-1,2021-1,2020-1->2021-1,4,org.thoughtcrime.securesms.jobs.MultiDeviceProfileKeyUpdateJob,4,4,0,56,0,3,1,0.0,0.0,0.0,1.0,2.0,0,0,0,1,1.0986122886681098
Signal-Android,2020-1,2021-1,2020-1->2021-1,4,org.thoughtcrime.securesms.jobs.MultiDeviceReadUpdateJob,4,5,1,67,0,2,1,0.0,0.0,0.0,0.0,4.0,0,0,0,0,1.6094379124341003
Signal-Android,2020-1,2021-1,2020-1->2021-1,4,org.thoughtcrime.securesms.jobs.MultiDeviceStickerPackOperationJob,5,5,0,68,0,2,1,0.0,0.0,0.0,0.0,1.0,0,0,0,0,0.6931471805599453
Signal-Android,2020-1,2021-1,2020-1->2021-1,4,org.thoughtcrime.securesms.jobs.MultiDeviceStickerPackSyncJob,5,5,0,43,0,3,1,0.0,0.0,0.0,0.0,4.0,0,0,0,0,1.6094379124341003
Signal-Android,2020-1,2021-1,2020-1->2021-1,4,org.thoughtcrime.securesms.jobs.MultiDeviceStorageSyncRequestJob,4,4,0,36,0,3,1,0.0,0.0,0.0,0.0,1.0,0,0,0,0,0.6931471805599453
Signal-Android,2020-1,2021-1,2020-1->2021-1,4,org.thoughtcrime.securesms.jobs.MultiDeviceVerifiedUpdateJob,5,5,0,84,0,2,1,0.0,0.0,0.0,0.0,1.0,0,0,0,0,0.6931471805599453
Signal-Android,2020-1,2021-1,2020-1->2021-1,4,org.thoughtcrime.securesms.jobs.MultiDeviceViewOnceOpenJob,3,3,0,59,0,2,1,0.0,0.0,0.0,0.0,1.0,0,0,0,0,0.6931471805599453
Signal-Android,2020-1,2021-1,2020-1->2021-1,4,org.thoughtcrime.securesms.jobs.PushGroupSendJob,22,26,4,178,0,3,1,0.0,0.0,0.0,0.0,65.0,0,0,0,0,4.189654742026425
Signal-Android,2020-1,2021-1,2020-1->2021-1,4,org.thoughtcrime.securesms.jobs.PushGroupUpdateJob,5,6,1,78,0,2,1,0.0,0.0,0.0,0.0,11.0,0,0,0,0,2.4849066497880004
Signal-Android,2020-1,2021-1,2020-1->2021-1,4,org.thoughtcrime.securesms.jobs.PushMediaSendJob,17,17,0,137,0,3,1,0.0,0.0,0.0,0.0,31.0,0,0,0,0,3.4657359027997265
Signal-Android,2020-1,2021-1,2020-1->2021-1,4,org.thoughtcrime.securesms.jobs.PushSendJob,9,11,2,190,0,4,1,0.0,0.0,0.0,0.0,40.0,0,0,0,0,3.713572066704308
Signal-Android,2020-1,2021-1,2020-1->2021-1,4,org.thoughtcrime.securesms.jobs.PushTextSendJob,18,18,0,106,0,3,1,0.0,0.0,0.0,0.0,30.0,0,0,0,0,3.4339872044851463
Signal-Android,2020-1,2021-1,2020-1->2021-1,4,org.thoughtcrime.securesms.jobs.ReactionSendJob,17,17,0,170,0,2,1,0.0,0.0,0.0,0.0,42.0,0,0,0,0,3.7612001156935624
Signal-Android,2020-1,2021-1,2020-1->2021-1,4,org.thoughtcrime.securesms.jobs.RefreshAttributesJob,5,7,2,43,0,3,1,0.0,0.0,0.0,0.0,1.0,0,0,0,0,0.6931471805599453
Signal-Android,2020-1,2021-1,2020-1->2021-1,4,org.thoughtcrime.securesms.jobs.RefreshOwnProfileJob,3,6,3,47,0,3,1,0.0,0.0,0.0,0.0,7.0,0,0,0,0,2.0794415416798357
Signal-Android,2020-1,2021-1,2020-1->2021-1,4,org.thoughtcrime.securesms.jobs.RefreshPreKeysJob,6,8,2,45,0,3,1,0.0,0.0,0.0,0.0,4.0,0,0,0,0,1.6094379124341003
Signal-Android,2020-1,2021-1,2020-1->2021-1,4,org.thoughtcrime.securesms.jobs.RequestGroupInfoJob,2,2,0,56,0,2,1,0.0,0.0,0.0,0.0,1.0,0,0,0,0,0.6931471805599453
Signal-Android,2020-1,2021-1,2020-1->2021-1,4,org.thoughtcrime.securesms.jobs.RetrieveProfileAvatarJob,10,9,-1,77,0,2,1,0.0,0.0,0.0,0.0,8.0,0,0,0,0,2.1972245773362196
Signal-Android,2020-1,2021-1,2020-1->2021-1,4,org.thoughtcrime.securesms.jobs.RetrieveProfileJob,3,11,8,115,0,2,1,0.0,0.0,0.0,0.0,16.0,0,0,0,0,2.833213344056216
Signal-Android,2020-1,2021-1,2020-1->2021-1,4,org.thoughtcrime.securesms.jobs.RotateCertificateJob,3,8,5,39,0,3,1,0.0,0.0,0.0,0.0,2.0,0,0,0,0,1.0986122886681098
Signal-Android,2020-1,2021-1,2020-1->2021-1,4,org.thoughtcrime.securesms.jobs.RotateProfileKeyJob,3,5,2,41,0,3,1,0.0,0.0,0.0,1.0,5.0,0,0,0,1,1.791759469228055
Signal-Android,2020-1,2021-1,2020-1->2021-1,4,org.thoughtcrime.securesms.jobs.RotateSignedPreKeyJob,3,3,0,38,0,3,1,0.0,0.0,0.0,0.0,2.0,0,0,0,0,1.0986122886681098
Signal-Android,2020-1,2021-1,2020-1->2021-1,4,org.thoughtcrime.securesms.jobs.SendDeliveryReceiptJob,2,2,0,60,0,2,1,0.0,0.0,0.0,0.0,1.0,0,0,0,0,0.6931471805599453
Signal-Android,2020-1,2021-1,2020-1->2021-1,4,org.thoughtcrime.securesms.jobs.SendJob,3,3,0,19,0,2,1,0.0,0.0,0.0,0.0,0.0,0,0,0,0,0.0
Signal-Android,2020-1,2021-1,2020-1->2021-1,4,org.thoughtcrime.securesms.jobs.SendReadReceiptJob,5,7,2,73,0,2,1,0.0,0.0,0.0,0.0,2.0,0,0,0,0,1.0986122886681098
Signal-Android,2020-1,2021-1,2020-1->2021-1,4,org.thoughtcrime.securesms.jobs.ServiceOutageDetectionJob,7,7,0,57,0,3,1,0.0,0.0,0.0,0.0,3.0,0,0,0,0,1.3862943611198906
Signal-Android,2020-1,2021-1,2020-1->2021-1,4,org.thoughtcrime.securesms.jobs.SmsReceiveJob,6,10,4,87,0,2,1,0.0,0.0,0.0,0.0,11.0,0,0,0,0,2.4849066497880004
Signal-Android,2020-1,2021-1,2020-1->2021-1,4,org.thoughtcrime.securesms.jobs.SmsSendJob,8,9,1,135,0,2,1,0.0,0.0,0.0,0.0,11.0,0,0,0,0,2.4849066497880004
Signal-Android,2020-1,2021-1,2020-1->2021-1,4,org.thoughtcrime.securesms.jobs.SmsSentJob,10,10,0,76,0,4,1,0.0,0.0,0.0,0.0,4.0,0,0,0,0,1.6094379124341003
Signal-Android,2020-1,2021-1,2020-1->2021-1,4,org.thoughtcrime.securesms.jobs.StickerDownloadJob,5,7,2,72,0,2,1,0.0,0.0,0.0,0.0,1.0,0,0,0,0,0.6931471805599453
Signal-Android,2020-1,2021-1,2020-1->2021-1,4,org.thoughtcrime.securesms.jobs.StickerPackDownloadJob,11,12,1,107,0,2,1,0.0,0.0,0.0,0.0,19.0,0,0,0,0,2.995732273553991
Signal-Android,2020-1,2021-1,2020-1->2021-1,4,org.thoughtcrime.securesms.jobs.StorageForcePushJob,6,7,1,64,0,3,1,0.0,0.0,0.0,0.0,9.0,0,0,0,0,2.302585092994046
Signal-Android,2020-1,2021-1,2020-1->2021-1,4,org.thoughtcrime.securesms.jobs.StorageSyncJob,14,22,8,118,0,4,1,0.0,0.0,0.0,0.0,38.0,0,0,0,0,3.6635616461296463
Signal-Android,2020-1,2021-1,2020-1->2021-1,4,org.thoughtcrime.securesms.jobs.TrimThreadJob,4,5,1,33,0,3,1,0.0,0.0,0.0,0.0,1.0,0,0,0,0,0.6931471805599453
Signal-Android,2020-1,2021-1,2020-1->2021-1,4,org.thoughtcrime.securesms.jobs.TypingSendJob,8,11,3,56,0,3,1,0.0,0.0,0.0,0.0,9.0,0,0,0,0,2.302585092994046
Signal-Android,2020-1,2021-1,2020-1->2021-1,4,org.thoughtcrime.securesms.jobs.UpdateApkJob,12,12,0,154,1,6,1,0.0,0.0,0.0,0.0,17.0,0,0,0,0,2.8903717578961645
Signal-Android,2020-1,2021-1,2020-1->2021-1,4,org.thoughtcrime.securesms.linkpreview.LinkPreview,0,1,1,38,0,0,1,1.0,0.0,0.0,0.0,0.0,1,0,0,0,0.0
Signal-Android,2020-1,2021-1,2020-1->2021-1,4,org.thoughtcrime.securesms.linkpreview.LinkPreviewRepository,1,1,0,174,0,1,1,0.0,0.0,0.0,0.0,8.0,0,0,0,0,2.1972245773362196
Signal-Android,2020-1,2021-1,2020-1->2021-1,4,org.thoughtcrime.securesms.linkpreview.LinkPreviewUtil,0,0,0,39,0,0,1,0.0,0.0,0.0,0.0,15.0,0,0,0,0,2.772588722239781
Signal-Android,2020-1,2021-1,2020-1->2021-1,4,org.thoughtcrime.securesms.linkpreview.LinkPreviewViewModel,6,11,5,92,0,4,1,0.0,0.0,0.0,0.0,7.0,0,0,0,0,2.0794415416798357
Signal-Android,2020-1,2021-1,2020-1->2021-1,4,org.thoughtcrime.securesms.lock.RegistrationLockReminders,0,0,0,26,0,0,1,0.0,0.0,0.0,0.0,0.0,0,0,0,0,0.0
Signal-Android,2020-1,2021-1,2020-1->2021-1,4,org.thoughtcrime.securesms.logging.LogSecretProvider,0,0,0,28,0,0,1,0.0,0.0,0.0,0.0,2.0,0,0,0,0,1.0986122886681098
Signal-Android,2020-1,2021-1,2020-1->2021-1,4,org.thoughtcrime.securesms.logsubmit.util.Scrubber,1,1,0,60,0,1,1,0.0,0.0,0.0,0.0,1.0,0,0,0,0,0.6931471805599453
Signal-Android,2020-1,2021-1,2020-1->2021-1,4,org.thoughtcrime.securesms.longmessage.LongMessageActivity,7,9,2,92,0,3,1,0.0,0.0,0.0,0.0,11.0,0,0,0,0,2.4849066497880004
Signal-Android,2020-1,2021-1,2020-1->2021-1,4,org.thoughtcrime.securesms.longmessage.LongMessageRepository,0,0,0,48,0,0,1,0.0,0.0,0.0,0.0,9.0,0,0,0,0,2.302585092994046
Signal-Android,2020-1,2021-1,2020-1->2021-1,4,org.thoughtcrime.securesms.longmessage.LongMessageViewModel,1,1,0,44,0,1,1,0.0,0.0,0.0,0.0,1.0,0,0,0,0,0.6931471805599453
Signal-Android,2020-1,2021-1,2020-1->2021-1,4,org.thoughtcrime.securesms.maps.LocationRetriever,0,0,0,58,0,0,1,0.0,0.0,0.0,0.0,1.0,0,0,0,0,0.6931471805599453
Signal-Android,2020-1,2021-1,2020-1->2021-1,4,org.thoughtcrime.securesms.maps.PlacePickerActivity,8,8,0,130,0,3,1,0.0,0.0,0.0,0.0,6.0,0,0,0,0,1.9459101490553132
Signal-Android,2020-1,2021-1,2020-1->2021-1,4,org.thoughtcrime.securesms.maps.SingleAddressBottomSheet,4,4,0,41,0,4,1,0.0,0.0,0.0,0.0,1.0,0,0,0,0,0.6931471805599453
Signal-Android,2020-1,2021-1,2020-1->2021-1,4,org.thoughtcrime.securesms.mediaoverview.MediaActions,1,1,0,64,0,1,1,0.0,0.0,0.0,0.0,5.0,0,0,0,0,1.791759469228055
Signal-Android,2020-1,2021-1,2020-1->2021-1,4,org.thoughtcrime.securesms.mediaoverview.MediaGalleryAllAdapter,16,16,0,278,0,9,1,0.0,0.0,0.0,0.0,21.0,0,0,0,0,3.091042453358316
Signal-Android,2020-1,2021-1,2020-1->2021-1,4,org.thoughtcrime.securesms.mediaoverview.MediaOverviewActivity,10,10,0,156,0,6,1,0.0,0.0,0.0,0.0,9.0,0,0,0,0,2.302585092994046
Signal-Android,2020-1,2021-1,2020-1->2021-1,4,org.thoughtcrime.securesms.mediaoverview.MediaOverviewPageFragment,11,9,-2,224,0,7,1,0.0,0.0,0.0,0.0,35.0,0,0,0,0,3.58351893845611
Signal-Android,2020-1,2021-1,2020-1->2021-1,4,org.thoughtcrime.securesms.mediaoverview.MediaOverviewViewModel,1,1,0,17,0,1,1,1.0,0.0,0.0,0.0,1.0,1,0,0,0,0.6931471805599453
Signal-Android,2020-1,2021-1,2020-1->2021-1,4,org.thoughtcrime.securesms.mediapreview.ImageMediaPreviewFragment,0,0,0,17,0,0,1,0.0,0.0,0.0,0.0,4.0,0,0,0,0,1.6094379124341003
Signal-Android,2020-1,2021-1,2020-1->2021-1,4,org.thoughtcrime.securesms.mediapreview.MediaPreviewFragment,2,6,4,36,0,2,1,0.0,0.0,0.0,0.0,1.0,0,0,0,0,0.6931471805599453
Signal-Android,2020-1,2021-1,2020-1->2021-1,4,org.thoughtcrime.securesms.mediapreview.MediaPreviewViewModel,4,4,0,76,0,2,1,0.0,0.0,0.0,0.0,15.0,0,0,0,0,2.772588722239781
Signal-Android,2020-1,2021-1,2020-1->2021-1,4,org.thoughtcrime.securesms.mediapreview.MediaRailAdapter,16,16,0,124,0,9,1,0.0,0.0,0.0,0.0,3.0,0,0,0,0,1.3862943611198906
Signal-Android,2020-1,2021-1,2020-1->2021-1,4,org.thoughtcrime.securesms.mediapreview.VideoMediaPreviewFragment,4,4,0,33,0,2,1,0.0,0.0,0.0,0.0,6.0,0,0,0,0,1.9459101490553132
Signal-Android,2020-1,2021-1,2020-1->2021-1,4,org.thoughtcrime.securesms.mediasend.Camera1Controller,24,24,0,162,0,11,1,0.0,0.0,0.0,0.0,13.0,0,0,0,0,2.6390573296152584
Signal-Android,2020-1,2021-1,2020-1->2021-1,4,org.thoughtcrime.securesms.mediasend.Camera1Fragment,17,17,0,204,0,8,1,0.0,0.0,0.0,0.0,17.0,0,0,0,0,2.8903717578961645
Signal-Android,2020-1,2021-1,2020-1->2021-1,4,org.thoughtcrime.securesms.mediasend.CameraButtonView,15,15,0,197,0,7,1,0.0,0.0,0.0,0.0,0.0,0,0,0,0,0.0
Signal-Android,2020-1,2021-1,2020-1->2021-1,4,org.thoughtcrime.securesms.mediasend.CameraContactAdapter,6,6,0,142,0,4,1,0.0,0.0,0.0,0.0,5.0,0,0,0,0,1.791759469228055
Signal-Android,2020-1,2021-1,2020-1->2021-1,4,org.thoughtcrime.securesms.mediasend.CameraContactSelectionAdapter,4,4,0,28,0,4,1,0.0,0.0,0.0,0.0,3.0,0,0,0,0,1.3862943611198906
Signal-Android,2020-1,2021-1,2020-1->2021-1,4,org.thoughtcrime.securesms.mediasend.CameraContactSelectionFragment,9,9,0,113,0,3,1,0.0,0.0,0.0,0.0,8.0,0,0,0,0,2.1972245773362196
Signal-Android,2020-1,2021-1,2020-1->2021-1,4,org.thoughtcrime.securesms.mediasend.CameraContactsRepository,1,1,0,54,0,1,1,0.0,0.0,0.0,0.0,4.0,0,0,0,0,1.6094379124341003
Signal-Android,2020-1,2021-1,2020-1->2021-1,4,org.thoughtcrime.securesms.mediasend.CameraXFragment,17,16,-1,236,0,8,1,0.0,1.0,0.0,0.0,36.0,0,1,0,0,3.6109179126442243
Signal-Android,2020-1,2021-1,2020-1->2021-1,4,org.thoughtcrime.securesms.mediasend.CameraXSelfieFlashHelper,6,6,0,39,0,3,1,0.0,0.0,0.0,0.0,4.0,0,0,0,0,1.6094379124341003
Signal-Android,2020-1,2021-1,2020-1->2021-1,4,org.thoughtcrime.securesms.mediasend.CameraXVideoCaptureHelper,16,16,0,153,0,10,1,0.0,0.0,0.0,0.0,15.0,0,0,0,0,2.772588722239781
Signal-Android,2020-1,2021-1,2020-1->2021-1,4,org.thoughtcrime.securesms.mediasend.FlipTransformation,0,0,0,13,0,0,1,0.0,0.0,0.0,0.0,2.0,0,0,0,0,1.0986122886681098
Signal-Android,2020-1,2021-1,2020-1->2021-1,4,org.thoughtcrime.securesms.mediasend.Media,6,8,2,76,0,6,1,1.0,0.0,0.0,0.0,0.0,1,0,0,0,0.0
Signal-Android,2020-1,2021-1,2020-1->2021-1,4,org.thoughtcrime.securesms.mediasend.MediaPickerFolderAdapter,3,3,0,49,0,3,1,0.0,0.0,0.0,0.0,4.0,0,0,0,0,1.6094379124341003
Signal-Android,2020-1,2021-1,2020-1->2021-1,4,org.thoughtcrime.securesms.mediasend.MediaPickerFolderFragment,4,4,0,80,0,3,1,0.0,0.0,0.0,0.0,11.0,0,0,0,0,2.4849066497880004
Signal-Android,2020-1,2021-1,2020-1->2021-1,4,org.thoughtcrime.securesms.mediasend.MediaPickerItemAdapter,5,5,0,106,0,5,1,0.0,0.0,0.0,0.0,4.0,0,0,0,0,1.6094379124341003
Signal-Android,2020-1,2021-1,2020-1->2021-1,4,org.thoughtcrime.securesms.mediasend.MediaPickerItemFragment,6,7,1,98,0,5,1,0.0,0.0,0.0,0.0,18.0,0,0,0,0,2.9444389791664403
Signal-Android,2020-1,2021-1,2020-1->2021-1,4,org.thoughtcrime.securesms.mediasend.MediaRepository,0,0,0,212,0,0,1,0.0,0.0,0.0,0.0,35.0,0,0,0,0,3.58351893845611
Signal-Android,2020-1,2021-1,2020-1->2021-1,4,org.thoughtcrime.securesms.mediasend.MediaSendActivity,65,82,17,655,0,20,1,0.0,2.0,0.0,0.0,90.0,0,1,0,0,4.51085950651685
Signal-Android,2020-1,2021-1,2020-1->2021-1,4,org.thoughtcrime.securesms.mediasend.MediaSendFragment,13,15,2,83,0,7,1,0.0,0.0,0.0,0.0,3.0,0,0,0,0,1.3862943611198906
Signal-Android,2020-1,2021-1,2020-1->2021-1,4,org.thoughtcrime.securesms.mediasend.MediaSendFragmentPagerAdapter,8,11,3,74,0,5,1,0.0,0.0,0.0,0.0,7.0,0,0,0,0,2.0794415416798357
Signal-Android,2020-1,2021-1,2020-1->2021-1,4,org.thoughtcrime.securesms.mediasend.MediaSendGifFragment,1,1,0,34,0,1,1,0.0,0.0,0.0,0.0,1.0,0,0,0,0,0.6931471805599453
Signal-Android,2020-1,2021-1,2020-1->2021-1,4,org.thoughtcrime.securesms.mediasend.MediaSendVideoFragment,7,31,24,53,0,4,1,0.0,0.0,0.0,0.0,3.0,0,0,0,0,1.3862943611198906
Signal-Android,2020-1,2021-1,2020-1->2021-1,4,org.thoughtcrime.securesms.mediasend.MediaSendViewModel,56,58,2,369,0,18,1,1.0,0.0,0.0,0.0,45.0,1,0,0,0,3.828641396489095
Signal-Android,2020-1,2021-1,2020-1->2021-1,4,org.thoughtcrime.securesms.mediasend.camerax.CameraXFlashToggleView,10,11,1,72,0,4,1,0.0,0.0,0.0,0.0,3.0,0,0,0,0,1.3862943611198906
Signal-Android,2020-1,2021-1,2020-1->2021-1,4,org.thoughtcrime.securesms.mediasend.camerax.CameraXUtil,11,17,6,140,0,0,1,0.0,0.0,0.0,0.0,9.0,0,0,0,0,2.302585092994046
Signal-Android,2020-1,2021-1,2020-1->2021-1,4,org.thoughtcrime.securesms.mediasend.camerax.FastCameraModels,0,0,0,11,0,0,1,0.0,0.0,0.0,0.0,0.0,0,0,0,0,0.0
Signal-Android,2020-1,2021-1,2020-1->2021-1,4,org.thoughtcrime.securesms.migrations.ApplicationMigrationActivity,0,0,0,16,0,0,1,0.0,0.0,0.0,0.0,1.0,0,0,0,0,0.6931471805599453
Signal-Android,2020-1,2021-1,2020-1->2021-1,4,org.thoughtcrime.securesms.migrations.ApplicationMigrations,1,1,0,94,0,0,1,0.0,0.0,0.0,0.0,3.0,0,0,0,0,1.3862943611198906
Signal-Android,2020-1,2021-1,2020-1->2021-1,4,org.thoughtcrime.securesms.migrations.AvatarMigrationJob,7,7,0,43,0,3,1,0.0,0.0,0.0,0.0,2.0,0,0,0,0,1.0986122886681098
Signal-Android,2020-1,2021-1,2020-1->2021-1,4,org.thoughtcrime.securesms.migrations.CachedAttachmentsMigrationJob,7,6,-1,31,0,3,1,0.0,0.0,0.0,0.0,3.0,0,0,0,0,1.3862943611198906
Signal-Android,2020-1,2021-1,2020-1->2021-1,4,org.thoughtcrime.securesms.migrations.DatabaseMigrationJob,3,3,0,22,0,3,1,0.0,0.0,0.0,0.0,1.0,0,0,0,0,0.6931471805599453
Signal-Android,2020-1,2021-1,2020-1->2021-1,4,org.thoughtcrime.securesms.migrations.LegacyMigrationJob,47,45,-2,168,0,3,1,0.0,1.0,0.0,0.0,16.0,0,1,0,0,2.833213344056216
Signal-Android,2020-1,2021-1,2020-1->2021-1,4,org.thoughtcrime.securesms.migrations.MigrationJob,3,3,0,37,0,3,1,0.0,0.0,0.0,0.0,2.0,0,0,0,0,1.0986122886681098
Signal-Android,2020-1,2021-1,2020-1->2021-1,4,org.thoughtcrime.securesms.migrations.RegistrationPinV2MigrationJob,8,5,-3,53,0,3,1,0.0,0.0,0.0,0.0,2.0,0,0,0,0,1.0986122886681098
Signal-Android,2020-1,2021-1,2020-1->2021-1,4,org.thoughtcrime.securesms.migrations.StickerLaunchMigrationJob,3,3,0,32,0,3,1,0.0,0.0,0.0,0.0,1.0,0,0,0,0,0.6931471805599453
Signal-Android,2020-1,2021-1,2020-1->2021-1,4,org.thoughtcrime.securesms.migrations.UuidMigrationJob,5,5,0,41,0,3,1,0.0,0.0,0.0,0.0,6.0,0,0,0,0,1.9459101490553132
Signal-Android,2020-1,2021-1,2020-1->2021-1,4,org.thoughtcrime.securesms.mms.AttachmentManager,5,5,0,334,0,3,1,0.0,1.0,0.0,0.0,55.0,0,1,0,0,4.02535169073515
Signal-Android,2020-1,2021-1,2020-1->2021-1,4,org.thoughtcrime.securesms.mms.AttachmentStreamUriLoader,1,1,0,36,0,1,1,0.0,0.0,0.0,0.0,1.0,0,0,0,0,0.6931471805599453
Signal-Android,2020-1,2021-1,2020-1->2021-1,4,org.thoughtcrime.securesms.mms.CompatMmsConnection,0,0,0,53,0,0,1,0.0,0.0,0.0,0.0,0.0,0,0,0,0,0.0
Signal-Android,2020-1,2021-1,2020-1->2021-1,4,org.thoughtcrime.securesms.mms.ContactPhotoLocalUriFetcher,0,0,0,11,0,0,1,0.0,0.0,0.0,0.0,2.0,0,0,0,0,1.0986122886681098
Signal-Android,2020-1,2021-1,2020-1->2021-1,4,org.thoughtcrime.securesms.mms.DecryptableStreamLocalUriFetcher,0,0,0,21,0,0,1,0.0,0.0,0.0,0.0,2.0,0,0,0,0,1.0986122886681098
Signal-Android,2020-1,2021-1,2020-1->2021-1,4,org.thoughtcrime.securesms.mms.DecryptableStreamUriLoader,1,1,0,36,0,1,1,0.0,0.0,0.0,0.0,1.0,0,0,0,0,0.6931471805599453
Signal-Android,2020-1,2021-1,2020-1->2021-1,4,org.thoughtcrime.securesms.mms.IncomingLegacyMmsConnection,2,2,0,72,0,1,1,0.0,0.0,0.0,0.0,4.0,0,0,0,0,1.6094379124341003
Signal-Android,2020-1,2021-1,2020-1->2021-1,4,org.thoughtcrime.securesms.mms.IncomingLollipopMmsConnection,3,3,0,68,0,1,1,0.0,0.0,0.0,0.0,11.0,0,0,0,0,2.4849066497880004
Signal-Android,2020-1,2021-1,2020-1->2021-1,4,org.thoughtcrime.securesms.mms.IncomingMediaMessage,8,9,1,98,0,8,1,1.0,0.0,2.0,0.0,0.0,1,0,1,0,0.0
Signal-Android,2020-1,2021-1,2020-1->2021-1,4,org.thoughtcrime.securesms.mms.LegacyMmsConnection,1,1,0,167,0,1,1,1.0,0.0,0.0,1.0,16.0,1,0,0,1,2.833213344056216
Signal-Android,2020-1,2021-1,2020-1->2021-1,4,org.thoughtcrime.securesms.mms.LollipopMmsConnection,5,5,0,34,0,3,1,0.0,0.0,0.0,0.0,2.0,0,0,0,0,1.0986122886681098
Signal-Android,2020-1,2021-1,2020-1->2021-1,4,org.thoughtcrime.securesms.mms.MediaStream,2,2,0,18,0,2,1,1.0,0.0,0.0,0.0,0.0,1,0,0,0,0.0
Signal-Android,2020-1,2021-1,2020-1->2021-1,4,org.thoughtcrime.securesms.mms.MmsConfigManager,0,0,0,20,0,0,1,0.0,0.0,0.0,0.0,3.0,0,0,0,0,1.3862943611198906
Signal-Android,2020-1,2021-1,2020-1->2021-1,4,org.thoughtcrime.securesms.mms.MmsMediaConstraints,1,1,0,34,0,1,1,0.0,0.0,0.0,0.0,3.0,0,0,0,0,1.3862943611198906
Signal-Android,2020-1,2021-1,2020-1->2021-1,4,org.thoughtcrime.securesms.mms.MmsRadio,24,24,0,95,0,6,1,0.0,0.0,0.0,0.0,8.0,0,0,0,0,2.1972245773362196
Signal-Android,2020-1,2021-1,2020-1->2021-1,4,org.thoughtcrime.securesms.mms.OutgoingLegacyMmsConnection,8,8,0,80,0,2,1,0.0,0.0,0.0,0.0,6.0,0,0,0,0,1.9459101490553132
Signal-Android,2020-1,2021-1,2020-1->2021-1,4,org.thoughtcrime.securesms.mms.OutgoingLollipopMmsConnection,0,0,0,47,0,0,1,0.0,0.0,0.0,0.0,4.0,0,0,0,0,1.6094379124341003
Signal-Android,2020-1,2021-1,2020-1->2021-1,4,org.thoughtcrime.securesms.mms.OutgoingMediaMessage,9,9,0,101,0,9,1,1.0,0.0,2.0,0.0,0.0,1,0,1,0,0.0
Signal-Android,2020-1,2021-1,2020-1->2021-1,4,org.thoughtcrime.securesms.mms.OutgoingSecureMediaMessage,1,1,0,16,0,1,1,0.0,0.0,1.0,0.0,0.0,0,0,1,0,0.0
Signal-Android,2020-1,2021-1,2020-1->2021-1,4,org.thoughtcrime.securesms.mms.PartAuthority,0,0,0,103,0,0,1,0.0,0.0,0.0,0.0,4.0,0,0,0,0,1.6094379124341003
Signal-Android,2020-1,2021-1,2020-1->2021-1,4,org.thoughtcrime.securesms.mms.PartParser,0,0,0,41,0,0,1,0.0,0.0,0.0,0.0,5.0,0,0,0,0,1.791759469228055
Signal-Android,2020-1,2021-1,2020-1->2021-1,4,org.thoughtcrime.securesms.mms.PartUriParser,2,2,0,10,0,2,1,0.0,0.0,0.0,0.0,1.0,0,0,0,0,0.6931471805599453
Signal-Android,2020-1,2021-1,2020-1->2021-1,4,org.thoughtcrime.securesms.mms.QuoteId,1,1,0,32,0,1,1,0.0,0.0,0.0,0.0,1.0,0,0,0,0,0.6931471805599453
Signal-Android,2020-1,2021-1,2020-1->2021-1,4,org.thoughtcrime.securesms.mms.QuoteModel,2,2,0,22,0,2,1,1.0,0.0,0.0,0.0,0.0,1,0,0,0,0.0
Signal-Android,2020-1,2021-1,2020-1->2021-1,4,org.thoughtcrime.securesms.mms.SignalGlideModule,1,1,0,30,0,1,1,0.0,0.0,0.0,0.0,4.0,0,0,0,0,1.6094379124341003
Signal-Android,2020-1,2021-1,2020-1->2021-1,4,org.thoughtcrime.securesms.mms.Slide,13,15,2,117,0,13,1,0.0,0.0,1.0,0.0,11.0,0,0,1,0,2.4849066497880004
Signal-Android,2020-1,2021-1,2020-1->2021-1,4,org.thoughtcrime.securesms.mms.SlideDeck,9,10,1,62,0,3,1,0.0,0.0,0.0,0.0,4.0,0,0,0,0,1.6094379124341003
Signal-Android,2020-1,2021-1,2020-1->2021-1,4,org.thoughtcrime.securesms.net.CallRequestController,3,2,-1,27,0,1,1,0.0,0.0,0.0,0.0,1.0,0,0,0,0,0.6931471805599453
Signal-Android,2020-1,2021-1,2020-1->2021-1,4,org.thoughtcrime.securesms.net.ChunkedDataFetcher,0,0,0,240,0,0,1,0.0,0.0,0.0,0.0,17.0,0,0,0,0,2.8903717578961645
Signal-Android,2020-1,2021-1,2020-1->2021-1,4,org.thoughtcrime.securesms.net.CompositeRequestController,2,2,0,14,0,2,1,0.0,0.0,0.0,0.0,1.0,0,0,0,0,0.6931471805599453
Signal-Android,2020-1,2021-1,2020-1->2021-1,4,org.thoughtcrime.securesms.net.ContentProxySafetyInterceptor,0,0,0,23,0,0,1,0.0,0.0,0.0,0.0,5.0,0,0,0,0,1.791759469228055
Signal-Android,2020-1,2021-1,2020-1->2021-1,4,org.thoughtcrime.securesms.net.ContentProxySelector,0,0,0,22,0,0,1,0.0,0.0,0.0,0.0,1.0,0,0,0,0,0.6931471805599453
Signal-Android,2020-1,2021-1,2020-1->2021-1,4,org.thoughtcrime.securesms.notifications.AbstractNotificationBuilder,2,2,0,50,0,1,1,0.0,0.0,0.0,0.0,6.0,0,0,0,0,1.9459101490553132
Signal-Android,2020-1,2021-1,2020-1->2021-1,4,org.thoughtcrime.securesms.notifications.AndroidAutoHeardReceiver,0,0,0,26,0,0,1,0.0,0.0,0.0,0.0,2.0,0,0,0,0,1.0986122886681098
Signal-Android,2020-1,2021-1,2020-1->2021-1,4,org.thoughtcrime.securesms.notifications.AndroidAutoReplyReceiver,0,0,0,40,0,0,1,0.0,0.0,0.0,0.0,3.0,0,0,0,0,1.3862943611198906
Signal-Android,2020-1,2021-1,2020-1->2021-1,4,org.thoughtcrime.securesms.notifications.DeleteNotificationReceiver,0,0,0,19,0,0,1,0.0,0.0,0.0,3.0,2.0,0,0,0,1,1.0986122886681098
Signal-Android,2020-1,2021-1,2020-1->2021-1,4,org.thoughtcrime.securesms.notifications.DoNotDisturbUtil,1,1,0,47,0,1,1,0.0,0.0,0.0,0.0,5.0,0,0,0,0,1.791759469228055
Signal-Android,2020-1,2021-1,2020-1->2021-1,4,org.thoughtcrime.securesms.notifications.MarkReadReceiver,0,0,0,44,0,0,1,0.0,0.0,0.0,0.0,10.0,0,0,0,0,2.3978952727983707
Signal-Android,2020-1,2021-1,2020-1->2021-1,4,org.thoughtcrime.securesms.notifications.MessageNotifier,3,12,9,370,0,0,1,0.0,0.0,0.0,0.0,77.0,0,0,0,0,4.356708826689592
Signal-Android,2020-1,2021-1,2020-1->2021-1,4,org.thoughtcrime.securesms.notifications.MultipleRecipientNotificationBuilder,1,1,0,44,0,1,1,0.0,0.0,0.0,0.0,1.0,0,0,0,0,0.6931471805599453
Signal-Android,2020-1,2021-1,2020-1->2021-1,4,org.thoughtcrime.securesms.notifications.NotificationChannels,1,1,0,316,0,0,1,0.0,0.0,0.0,0.0,33.0,0,0,0,0,3.5263605246161616
Signal-Android,2020-1,2021-1,2020-1->2021-1,4,org.thoughtcrime.securesms.notifications.NotificationItem,4,7,3,50,0,4,1,1.0,0.0,0.0,0.0,3.0,1,0,0,0,1.3862943611198906
Signal-Android,2020-1,2021-1,2020-1->2021-1,4,org.thoughtcrime.securesms.notifications.NotificationState,4,5,1,108,0,4,1,0.0,0.0,0.0,0.0,6.0,0,0,0,0,1.9459101490553132
Signal-Android,2020-1,2021-1,2020-1->2021-1,4,org.thoughtcrime.securesms.notifications.RemoteReplyReceiver,0,0,0,44,0,0,1,0.0,0.0,0.0,0.0,5.0,0,0,0,0,1.791759469228055
Signal-Android,2020-1,2021-1,2020-1->2021-1,4,org.thoughtcrime.securesms.notifications.SingleRecipientNotificationBuilder,1,6,5,180,0,1,1,0.0,0.0,0.0,0.0,20.0,0,0,0,0,3.044522437723423
Signal-Android,2020-1,2021-1,2020-1->2021-1,4,org.thoughtcrime.securesms.permissions.Permissions,0,0,0,190,0,0,1,0.0,0.0,0.0,0.0,7.0,0,0,0,0,2.0794415416798357
Signal-Android,2020-1,2021-1,2020-1->2021-1,4,org.thoughtcrime.securesms.permissions.PermissionsRequest,0,0,0,51,0,0,1,0.0,0.0,0.0,0.0,0.0,0,0,0,0,0.0
Signal-Android,2020-1,2021-1,2020-1->2021-1,4,org.thoughtcrime.securesms.permissions.RationaleDialog,0,0,0,24,0,0,1,0.0,0.0,0.0,0.0,4.0,0,0,0,0,1.6094379124341003
Signal-Android,2020-1,2021-1,2020-1->2021-1,4,org.thoughtcrime.securesms.phonenumbers.NumberUtil,0,0,0,13,0,0,1,0.0,0.0,0.0,0.0,2.0,0,0,0,0,1.0986122886681098
Signal-Android,2020-1,2021-1,2020-1->2021-1,4,org.thoughtcrime.securesms.phonenumbers.PhoneNumberFormatter,0,0,0,107,0,0,1,0.0,0.0,0.0,0.0,22.0,0,0,0,0,3.1354942159291497
Signal-Android,2020-1,2021-1,2020-1->2021-1,4,org.thoughtcrime.securesms.preferences.AdvancedPreferenceFragment,6,6,0,127,0,3,1,0.0,0.0,0.0,0.0,8.0,0,0,0,0,2.1972245773362196
Signal-Android,2020-1,2021-1,2020-1->2021-1,4,org.thoughtcrime.securesms.preferences.AppProtectionPreferenceFragment,8,17,9,198,0,4,1,0.0,0.0,0.0,0.0,20.0,0,0,0,0,3.044522437723423
Signal-Android,2020-1,2021-1,2020-1->2021-1,4,org.thoughtcrime.securesms.preferences.AppearancePreferenceFragment,3,3,0,35,0,3,1,0.0,0.0,0.0,0.0,6.0,0,0,0,0,1.9459101490553132
Signal-Android,2020-1,2021-1,2020-1->2021-1,4,org.thoughtcrime.securesms.preferences.ApplicationPreferencesViewModel,0,0,0,18,0,0,1,0.0,0.0,0.0,0.0,2.0,0,0,0,0,1.0986122886681098
Signal-Android,2020-1,2021-1,2020-1->2021-1,4,org.thoughtcrime.securesms.preferences.BlockedContactListItem,3,3,0,34,0,2,1,0.0,0.0,0.0,0.0,2.0,0,0,0,0,1.0986122886681098
Signal-Android,2020-1,2021-1,2020-1->2021-1,4,org.thoughtcrime.securesms.preferences.ChatsPreferenceFragment,4,4,0,101,0,4,1,0.0,0.0,0.0,0.0,19.0,0,0,0,0,2.995732273553991
Signal-Android,2020-1,2021-1,2020-1->2021-1,4,org.thoughtcrime.securesms.preferences.CorrectedPreferenceFragment,0,0,0,42,0,0,1,0.0,0.0,0.0,0.0,5.0,0,0,0,0,1.791759469228055
Signal-Android,2020-1,2021-1,2020-1->2021-1,4,org.thoughtcrime.securesms.preferences.ListSummaryPreferenceFragment,0,0,0,12,0,0,1,0.0,0.0,0.0,0.0,6.0,0,0,0,0,1.9459101490553132
Signal-Android,2020-1,2021-1,2020-1->2021-1,4,org.thoughtcrime.securesms.preferences.MmsPreferencesActivity,3,3,0,31,0,3,1,0.0,0.0,0.0,0.0,3.0,0,0,0,0,1.3862943611198906
Signal-Android,2020-1,2021-1,2020-1->2021-1,4,org.thoughtcrime.securesms.preferences.MmsPreferencesFragment,1,1,0,43,0,1,1,0.0,0.0,0.0,0.0,1.0,0,0,0,0,0.6931471805599453
Signal-Android,2020-1,2021-1,2020-1->2021-1,4,org.thoughtcrime.securesms.preferences.NotificationsPreferenceFragment,1,1,0,149,0,1,1,0.0,0.0,0.0,0.0,10.0,0,0,0,0,2.3978952727983707
Signal-Android,2020-1,2021-1,2020-1->2021-1,4,org.thoughtcrime.securesms.preferences.SmsMmsPreferenceFragment,13,12,-1,66,0,3,1,0.0,0.0,0.0,0.0,6.0,0,0,0,0,1.9459101490553132
Signal-Android,2020-1,2021-1,2020-1->2021-1,4,org.thoughtcrime.securesms.preferences.StoragePreferenceFragment,1,2,1,57,0,1,1,0.0,0.0,0.0,0.0,7.0,0,0,0,0,2.0794415416798357
Signal-Android,2020-1,2021-1,2020-1->2021-1,4,org.thoughtcrime.securesms.preferences.widgets.ColorPickerPreference,16,16,0,87,0,12,1,1.0,0.0,0.0,0.0,0.0,1,0,0,0,0.0
Signal-Android,2020-1,2021-1,2020-1->2021-1,4,org.thoughtcrime.securesms.preferences.widgets.ColorPickerPreferenceDialogFragmentCompat,3,3,0,34,0,2,1,0.0,0.0,0.0,0.0,7.0,0,0,0,0,2.0794415416798357
Signal-Android,2020-1,2021-1,2020-1->2021-1,4,org.thoughtcrime.securesms.preferences.widgets.ContactPreference,18,24,6,55,0,3,1,0.0,0.0,0.0,0.0,4.0,0,0,0,0,1.6094379124341003
Signal-Android,2020-1,2021-1,2020-1->2021-1,4,org.thoughtcrime.securesms.preferences.widgets.LEDColorListPreference,1,1,0,46,0,1,1,0.0,0.0,0.0,0.0,17.0,0,0,0,0,2.8903717578961645
Signal-Android,2020-1,2021-1,2020-1->2021-1,4,org.thoughtcrime.securesms.preferences.widgets.ProfilePreference,4,4,0,39,0,2,1,0.0,0.0,0.0,0.0,8.0,0,0,0,0,2.1972245773362196
Signal-Android,2020-1,2021-1,2020-1->2021-1,4,org.thoughtcrime.securesms.preferences.widgets.ProgressPreference,4,4,0,28,0,3,1,0.0,0.0,0.0,0.0,1.0,0,0,0,0,0.6931471805599453
Signal-Android,2020-1,2021-1,2020-1->2021-1,4,org.thoughtcrime.securesms.preferences.widgets.StorageGraphView,4,4,0,66,0,3,1,0.0,0.0,0.0,0.0,2.0,0,0,0,0,1.0986122886681098
Signal-Android,2020-1,2021-1,2020-1->2021-1,4,org.thoughtcrime.securesms.preferences.widgets.StoragePreferenceCategory,1,1,0,37,0,1,1,0.0,0.0,0.0,0.0,1.0,0,0,0,0,0.6931471805599453
Signal-Android,2020-1,2021-1,2020-1->2021-1,4,org.thoughtcrime.securesms.profiles.AvatarHelper,0,0,0,24,0,0,1,0.0,0.0,0.0,0.0,2.0,0,0,0,0,1.0986122886681098
Signal-Android,2020-1,2021-1,2020-1->2021-1,4,org.thoughtcrime.securesms.profiles.SystemProfileUtil,0,0,0,53,0,0,1,0.0,0.0,0.0,0.0,9.0,0,0,0,0,2.302585092994046
Signal-Android,2020-1,2021-1,2020-1->2021-1,4,org.thoughtcrime.securesms.providers.BlobProvider,2,2,0,268,0,1,1,0.0,0.0,0.0,0.0,21.0,0,0,0,0,3.091042453358316
Signal-Android,2020-1,2021-1,2020-1->2021-1,4,org.thoughtcrime.securesms.providers.DeprecatedPersistentBlobProvider,0,0,0,103,0,0,1,0.0,0.0,0.0,0.0,11.0,0,0,0,0,2.4849066497880004
Signal-Android,2020-1,2021-1,2020-1->2021-1,4,org.thoughtcrime.securesms.providers.MmsBodyProvider,1,1,0,66,0,1,1,0.0,0.0,0.0,0.0,7.0,0,0,0,0,2.0794415416798357
Signal-Android,2020-1,2021-1,2020-1->2021-1,4,org.thoughtcrime.securesms.providers.PartProvider,1,1,0,81,0,1,1,0.0,0.0,0.0,0.0,5.0,0,0,0,0,1.791759469228055
Signal-Android,2020-1,2021-1,2020-1->2021-1,4,org.thoughtcrime.securesms.push.AccountManagerFactory,0,0,0,27,0,0,1,0.0,0.0,0.0,0.0,2.0,0,0,0,0,1.0986122886681098
Signal-Android,2020-1,2021-1,2020-1->2021-1,4,org.thoughtcrime.securesms.push.DomainFrontingTrustStore,0,0,0,10,0,0,1,0.0,0.0,0.0,0.0,1.0,0,0,0,0,0.6931471805599453
Signal-Android,2020-1,2021-1,2020-1->2021-1,4,org.thoughtcrime.securesms.push.IasTrustStore,0,0,0,10,0,0,1,0.0,0.0,0.0,0.0,1.0,0,0,0,0,0.6931471805599453
Signal-Android,2020-1,2021-1,2020-1->2021-1,4,org.thoughtcrime.securesms.push.SignalServiceTrustStore,0,0,0,10,0,0,1,0.0,0.0,0.0,0.0,1.0,0,0,0,0,0.6931471805599453
Signal-Android,2020-1,2021-1,2020-1->2021-1,4,org.thoughtcrime.securesms.qr.QrCode,0,1,1,14,0,0,1,0.0,0.0,0.0,0.0,1.0,0,0,0,0,0.6931471805599453
Signal-Android,2020-1,2021-1,2020-1->2021-1,4,org.thoughtcrime.securesms.qr.ScanningThread,8,8,0,59,0,2,1,0.0,0.0,0.0,0.0,6.0,0,0,0,0,1.9459101490553132
Signal-Android,2020-1,2021-1,2020-1->2021-1,4,org.thoughtcrime.securesms.reactions.ReactionRecipientsAdapter,2,2,0,30,0,2,1,0.0,0.0,0.0,0.0,1.0,0,0,0,0,0.6931471805599453
Signal-Android,2020-1,2021-1,2020-1->2021-1,4,org.thoughtcrime.securesms.reactions.ReactionsBottomSheetDialogFragment,6,4,-2,62,0,4,1,0.0,0.0,0.0,0.0,6.0,0,0,0,0,1.9459101490553132
Signal-Android,2020-1,2021-1,2020-1->2021-1,4,org.thoughtcrime.securesms.reactions.ReactionsLoader,0,0,0,62,0,0,1,0.0,0.0,0.0,0.0,3.0,0,0,0,0,1.3862943611198906
Signal-Android,2020-1,2021-1,2020-1->2021-1,4,org.thoughtcrime.securesms.reactions.ReactionsViewModel,1,1,0,40,0,1,1,0.0,0.0,0.0,0.0,5.0,0,0,0,0,1.791759469228055
Signal-Android,2020-1,2021-1,2020-1->2021-1,4,org.thoughtcrime.securesms.recipients.LiveRecipient,5,2,-3,109,0,2,1,0.0,0.0,0.0,0.0,29.0,0,0,0,0,3.4011973816621555
Signal-Android,2020-1,2021-1,2020-1->2021-1,4,org.thoughtcrime.securesms.recipients.LiveRecipientCache,5,6,1,68,0,2,1,0.0,0.0,0.0,0.0,6.0,0,0,0,0,1.9459101490553132
Signal-Android,2020-1,2021-1,2020-1->2021-1,4,org.thoughtcrime.securesms.recipients.Recipient,28,35,7,401,0,25,1,0.0,0.0,0.0,0.0,62.0,0,0,0,0,4.143134726391533
Signal-Android,2020-1,2021-1,2020-1->2021-1,4,org.thoughtcrime.securesms.recipients.RecipientDetails,1,1,0,115,0,1,1,0.0,0.0,0.0,0.0,0.0,0,0,0,0,0.0
Signal-Android,2020-1,2021-1,2020-1->2021-1,4,org.thoughtcrime.securesms.recipients.RecipientExporter,0,0,0,20,0,0,1,0.0,0.0,0.0,0.0,2.0,0,0,0,0,1.0986122886681098
Signal-Android,2020-1,2021-1,2020-1->2021-1,4,org.thoughtcrime.securesms.recipients.RecipientId,8,9,1,66,0,6,1,0.0,0.0,0.0,0.0,2.0,0,0,0,0,1.0986122886681098
Signal-Android,2020-1,2021-1,2020-1->2021-1,4,org.thoughtcrime.securesms.recipients.RecipientUtil,0,0,0,55,0,0,1,0.0,0.0,0.0,0.0,30.0,0,0,0,0,3.4339872044851463
Signal-Android,2020-1,2021-1,2020-1->2021-1,4,org.thoughtcrime.securesms.recipients.RecipientsFormatter,0,0,0,28,0,0,1,0.0,0.0,0.0,0.0,3.0,0,0,0,0,1.3862943611198906
Signal-Android,2020-1,2021-1,2020-1->2021-1,4,org.thoughtcrime.securesms.registration.PushChallengeRequest,0,0,0,60,0,0,1,0.0,0.0,0.0,0.0,2.0,0,0,0,0,1.0986122886681098
Signal-Android,2020-1,2021-1,2020-1->2021-1,4,org.thoughtcrime.securesms.registration.RegistrationNavigationActivity,4,4,0,51,0,3,1,0.0,0.0,0.0,0.0,6.0,0,0,0,0,1.9459101490553132
Signal-Android,2020-1,2021-1,2020-1->2021-1,4,org.thoughtcrime.securesms.registration.fragments.BaseRegistrationFragment,2,2,0,45,0,1,1,0.0,0.0,0.0,0.0,6.0,0,0,0,0,1.9459101490553132
Signal-Android,2020-1,2021-1,2020-1->2021-1,4,org.thoughtcrime.securesms.registration.fragments.CaptchaFragment,0,0,0,23,0,0,1,0.0,0.0,0.0,0.0,7.0,0,0,0,0,2.0794415416798357
Signal-Android,2020-1,2021-1,2020-1->2021-1,4,org.thoughtcrime.securesms.registration.fragments.CountryPickerFragment,0,0,0,45,0,0,1,0.0,0.0,0.0,0.0,8.0,0,0,0,0,2.1972245773362196
Signal-Android,2020-1,2021-1,2020-1->2021-1,4,org.thoughtcrime.securesms.registration.fragments.EnterCodeFragment,6,6,0,179,0,6,1,0.0,0.0,0.0,0.0,16.0,0,0,0,0,2.833213344056216
Signal-Android,2020-1,2021-1,2020-1->2021-1,4,org.thoughtcrime.securesms.registration.fragments.EnterPhoneNumberFragment,6,6,0,245,0,3,1,0.0,0.0,0.0,0.0,38.0,0,0,0,0,3.6635616461296463
Signal-Android,2020-1,2021-1,2020-1->2021-1,4,org.thoughtcrime.securesms.registration.fragments.RegistrationCompleteFragment,0,0,0,17,0,0,1,0.0,0.0,0.0,0.0,1.0,0,0,0,0,0.6931471805599453
Signal-Android,2020-1,2021-1,2020-1->2021-1,4,org.thoughtcrime.securesms.registration.fragments.RegistrationLockFragment,4,10,6,122,0,2,1,0.0,0.0,0.0,0.0,21.0,0,0,0,0,3.091042453358316
Signal-Android,2020-1,2021-1,2020-1->2021-1,4,org.thoughtcrime.securesms.registration.fragments.RestoreBackupFragment,3,3,0,189,0,2,1,0.0,0.0,0.0,0.0,12.0,0,0,0,0,2.5649493574615367
Signal-Android,2020-1,2021-1,2020-1->2021-1,4,org.thoughtcrime.securesms.registration.fragments.WelcomeFragment,6,11,5,81,0,2,1,0.0,0.0,0.0,0.0,20.0,0,0,0,0,3.044522437723423
Signal-Android,2020-1,2021-1,2020-1->2021-1,4,org.thoughtcrime.securesms.registration.service.CodeVerificationRequest,0,0,0,176,0,0,1,0.0,0.0,0.0,0.0,10.0,0,0,0,0,2.3978952727983707
Signal-Android,2020-1,2021-1,2020-1->2021-1,4,org.thoughtcrime.securesms.registration.service.RegistrationCodeRequest,0,2,2,62,0,0,1,0.0,0.0,0.0,0.0,5.0,0,0,0,0,1.791759469228055
Signal-Android,2020-1,2021-1,2020-1->2021-1,4,org.thoughtcrime.securesms.registration.service.RegistrationService,0,0,0,21,0,0,1,0.0,0.0,0.0,0.0,0.0,0,0,0,0,0.0
Signal-Android,2020-1,2021-1,2020-1->2021-1,4,org.thoughtcrime.securesms.registration.viewmodel.LocalCodeRequestRateLimiter,3,3,0,51,0,3,1,0.0,0.0,0.0,0.0,5.0,0,0,0,0,1.791759469228055
Signal-Android,2020-1,2021-1,2020-1->2021-1,4,org.thoughtcrime.securesms.registration.viewmodel.NumberViewState,8,8,0,103,0,7,1,0.0,0.0,0.0,0.0,1.0,0,0,0,0,0.6931471805599453
Signal-Android,2020-1,2021-1,2020-1->2021-1,4,org.thoughtcrime.securesms.registration.viewmodel.RegistrationViewModel,10,11,1,108,0,9,1,0.0,0.0,0.0,0.0,11.0,0,0,0,0,2.4849066497880004
Signal-Android,2020-1,2021-1,2020-1->2021-1,4,org.thoughtcrime.securesms.revealable.ViewOnceMessageActivity,5,4,-1,116,0,5,1,0.0,0.0,0.0,0.0,10.0,0,0,0,0,2.3978952727983707
Signal-Android,2020-1,2021-1,2020-1->2021-1,4,org.thoughtcrime.securesms.revealable.ViewOnceMessageManager,0,0,0,39,0,0,1,0.0,0.0,0.0,0.0,2.0,0,0,0,0,1.0986122886681098
Signal-Android,2020-1,2021-1,2020-1->2021-1,4,org.thoughtcrime.securesms.revealable.ViewOnceMessageRepository,1,2,1,13,0,1,1,0.0,0.0,0.0,0.0,1.0,0,0,0,0,0.6931471805599453
Signal-Android,2020-1,2021-1,2020-1->2021-1,4,org.thoughtcrime.securesms.revealable.ViewOnceMessageView,3,3,0,93,0,2,1,0.0,0.0,0.0,0.0,26.0,0,0,0,0,3.295836866004329
Signal-Android,2020-1,2021-1,2020-1->2021-1,4,org.thoughtcrime.securesms.revealable.ViewOnceMessageViewModel,1,1,0,50,0,1,1,0.0,0.0,0.0,0.0,1.0,0,0,0,0,0.6931471805599453
Signal-Android,2020-1,2021-1,2020-1->2021-1,4,org.thoughtcrime.securesms.revealable.ViewOnceUtil,0,0,0,30,0,0,1,0.0,0.0,0.0,0.0,11.0,0,0,0,0,2.4849066497880004
Signal-Android,2020-1,2021-1,2020-1->2021-1,4,org.thoughtcrime.securesms.scribbles.ImageEditorFragment,16,30,14,267,0,14,1,0.0,0.0,0.0,0.0,17.0,0,0,0,0,2.8903717578961645
Signal-Android,2020-1,2021-1,2020-1->2021-1,4,org.thoughtcrime.securesms.scribbles.ImageEditorHud,30,39,9,189,0,17,1,0.0,0.0,0.0,0.0,1.0,0,0,0,0,0.6931471805599453
Signal-Android,2020-1,2021-1,2020-1->2021-1,4,org.thoughtcrime.securesms.scribbles.ImageEditorStickerSelectActivity,0,0,0,39,0,0,1,0.0,0.0,0.0,0.0,3.0,0,0,0,0,1.3862943611198906
Signal-Android,2020-1,2021-1,2020-1->2021-1,4,org.thoughtcrime.securesms.scribbles.UriGlideRenderer,8,8,0,114,0,3,1,0.0,0.0,0.0,0.0,8.0,0,0,0,0,2.1972245773362196
Signal-Android,2020-1,2021-1,2020-1->2021-1,4,org.thoughtcrime.securesms.scribbles.widget.ColorPaletteAdapter,3,3,0,30,0,3,1,0.0,0.0,0.0,0.0,1.0,0,0,0,0,0.6931471805599453
Signal-Android,2020-1,2021-1,2020-1->2021-1,4,org.thoughtcrime.securesms.scribbles.widget.VerticalSlideColorPicker,13,13,0,123,0,8,1,1.0,0.0,0.0,0.0,0.0,1,0,0,0,0.0
Signal-Android,2020-1,2021-1,2020-1->2021-1,4,org.thoughtcrime.securesms.search.SearchRepository,1,1,0,124,0,1,1,0.0,0.0,0.0,0.0,6.0,0,0,0,0,1.9459101490553132
Signal-Android,2020-1,2021-1,2020-1->2021-1,4,org.thoughtcrime.securesms.service.AccountAuthenticatorService,2,2,0,40,0,1,1,0.0,0.0,0.0,0.0,2.0,0,0,0,0,1.0986122886681098
Signal-Android,2020-1,2021-1,2020-1->2021-1,4,org.thoughtcrime.securesms.service.ApplicationMigrationService,12,12,0,119,0,8,1,1.0,0.0,0.0,0.0,8.0,1,0,0,0,2.1972245773362196
Signal-Android,2020-1,2021-1,2020-1->2021-1,4,org.thoughtcrime.securesms.service.DirectShareService,0,0,0,45,0,0,1,0.0,0.0,0.0,0.0,19.0,0,0,0,0,2.995732273553991
Signal-Android,2020-1,2021-1,2020-1->2021-1,4,org.thoughtcrime.securesms.service.ExpirationListener,0,0,0,10,0,0,1,0.0,0.0,0.0,0.0,4.0,0,0,0,0,1.6094379124341003
Signal-Android,2020-1,2021-1,2020-1->2021-1,4,org.thoughtcrime.securesms.service.ExpiringMessageManager,3,3,0,86,0,3,1,0.0,0.0,0.0,0.0,4.0,0,0,0,0,1.6094379124341003
Signal-Android,2020-1,2021-1,2020-1->2021-1,4,org.thoughtcrime.securesms.service.GenericForegroundService,7,7,0,150,0,3,1,0.0,0.0,0.0,0.0,2.0,0,0,0,0,1.0986122886681098
Signal-Android,2020-1,2021-1,2020-1->2021-1,4,org.thoughtcrime.securesms.service.KeyCachingService,17,17,0,157,0,9,1,0.0,0.0,0.0,0.0,8.0,0,0,0,0,2.1972245773362196
Signal-Android,2020-1,2021-1,2020-1->2021-1,4,org.thoughtcrime.securesms.service.MmsListener,0,0,0,19,0,0,1,0.0,0.0,0.0,0.0,4.0,0,0,0,0,1.6094379124341003
Signal-Android,2020-1,2021-1,2020-1->2021-1,4,org.thoughtcrime.securesms.service.NotificationController,10,10,0,46,0,7,1,0.0,0.0,0.0,0.0,5.0,0,0,0,0,1.791759469228055
Signal-Android,2020-1,2021-1,2020-1->2021-1,4,org.thoughtcrime.securesms.service.PersistentAlarmManagerListener,0,0,0,15,0,0,1,0.0,0.0,0.0,0.0,2.0,0,0,0,0,1.0986122886681098
Signal-Android,2020-1,2021-1,2020-1->2021-1,4,org.thoughtcrime.securesms.service.PersistentConnectionBootListener,0,0,0,6,0,0,1,0.0,0.0,0.0,0.0,1.0,0,0,0,0,0.6931471805599453
Signal-Android,2020-1,2021-1,2020-1->2021-1,4,org.thoughtcrime.securesms.service.QuickResponseService,1,1,0,27,0,1,1,0.0,0.0,0.0,0.0,7.0,0,0,0,0,2.0794415416798357
Signal-Android,2020-1,2021-1,2020-1->2021-1,4,org.thoughtcrime.securesms.service.SmsDeliveryListener,0,0,0,34,0,0,1,0.0,0.0,0.0,0.0,1.0,0,0,0,0,0.6931471805599453
Signal-Android,2020-1,2021-1,2020-1->2021-1,4,org.thoughtcrime.securesms.service.SmsListener,0,0,0,49,0,0,1,0.0,0.0,0.0,0.0,8.0,0,0,0,0,2.1972245773362196
Signal-Android,2020-1,2021-1,2020-1->2021-1,4,org.thoughtcrime.securesms.service.UpdateApkReadyListener,0,0,0,59,0,0,1,0.0,0.0,0.0,0.0,7.0,0,0,0,0,2.0794415416798357
Signal-Android,2020-1,2021-1,2020-1->2021-1,4,org.thoughtcrime.securesms.service.VerificationCodeParser,0,0,0,9,0,0,1,0.0,0.0,0.0,0.0,3.0,0,0,0,0,1.3862943611198906
Signal-Android,2020-1,2021-1,2020-1->2021-1,4,org.thoughtcrime.securesms.service.WebRtcCallService,36,23,-13,870,0,16,1,0.0,0.0,0.0,0.0,39.0,0,0,0,0,3.6888794541139363
Signal-Android,2020-1,2021-1,2020-1->2021-1,4,org.thoughtcrime.securesms.sms.IncomingTextMessage,19,20,1,181,0,19,1,0.0,0.0,0.0,0.0,0.0,0,0,0,0,0.0
Signal-Android,2020-1,2021-1,2020-1->2021-1,4,org.thoughtcrime.securesms.sms.MessageSender,0,1,1,240,0,0,1,0.0,1.0,0.0,0.0,48.0,0,1,0,0,3.8918202981106265
Signal-Android,2020-1,2021-1,2020-1->2021-1,4,org.thoughtcrime.securesms.sms.TelephonyServiceState,0,0,0,47,0,0,1,0.0,0.0,0.0,0.0,2.0,0,0,0,0,1.0986122886681098
Signal-Android,2020-1,2021-1,2020-1->2021-1,4,org.thoughtcrime.securesms.stickers.BlessedPacks,0,0,0,19,0,0,1,0.0,0.0,0.0,0.0,0.0,0,0,0,0,0.0
Signal-Android,2020-1,2021-1,2020-1->2021-1,4,org.thoughtcrime.securesms.stickers.StickerKeyboardPageAdapter,5,5,0,67,0,5,1,0.0,0.0,0.0,0.0,4.0,0,0,0,0,1.6094379124341003
Signal-Android,2020-1,2021-1,2020-1->2021-1,4,org.thoughtcrime.securesms.stickers.StickerKeyboardPageFragment,6,6,0,113,0,5,1,0.0,0.0,0.0,0.0,10.0,0,0,0,0,2.3978952727983707
Signal-Android,2020-1,2021-1,2020-1->2021-1,4,org.thoughtcrime.securesms.stickers.StickerKeyboardPageViewModel,1,1,0,38,0,1,1,0.0,0.0,0.0,0.0,1.0,0,0,0,0,0.6931471805599453
Signal-Android,2020-1,2021-1,2020-1->2021-1,4,org.thoughtcrime.securesms.stickers.StickerKeyboardProvider,9,8,-1,133,0,4,1,0.0,0.0,0.0,0.0,11.0,0,0,0,0,2.4849066497880004
Signal-Android,2020-1,2021-1,2020-1->2021-1,4,org.thoughtcrime.securesms.stickers.StickerKeyboardRepository,4,4,0,47,0,2,1,0.0,0.0,0.0,0.0,3.0,0,0,0,0,1.3862943611198906
Signal-Android,2020-1,2021-1,2020-1->2021-1,4,org.thoughtcrime.securesms.stickers.StickerKeyboardViewModel,1,1,0,30,0,1,1,0.0,0.0,0.0,0.0,1.0,0,0,0,0,0.6931471805599453
Signal-Android,2020-1,2021-1,2020-1->2021-1,4,org.thoughtcrime.securesms.stickers.StickerManagementActivity,7,7,0,62,0,6,1,0.0,0.0,0.0,0.0,3.0,0,0,0,0,1.3862943611198906
Signal-Android,2020-1,2021-1,2020-1->2021-1,4,org.thoughtcrime.securesms.stickers.StickerManagementAdapter,0,4,4,187,0,0,1,0.0,0.0,0.0,0.0,13.0,0,0,0,0,2.6390573296152584
Signal-Android,2020-1,2021-1,2020-1->2021-1,4,org.thoughtcrime.securesms.stickers.StickerManagementRepository,8,8,0,68,0,3,1,0.0,0.0,0.0,0.0,5.0,0,0,0,0,1.791759469228055
Signal-Android,2020-1,2021-1,2020-1->2021-1,4,org.thoughtcrime.securesms.stickers.StickerManagementViewModel,3,3,0,40,0,3,1,0.0,0.0,0.0,0.0,1.0,0,0,0,0,0.6931471805599453
Signal-Android,2020-1,2021-1,2020-1->2021-1,4,org.thoughtcrime.securesms.stickers.StickerManifest,0,0,0,55,0,0,1,2.0,0.0,0.0,0.0,0.0,1,0,0,0,0.0
Signal-Android,2020-1,2021-1,2020-1->2021-1,4,org.thoughtcrime.securesms.stickers.StickerPackPreviewActivity,10,12,2,134,0,8,1,0.0,0.0,0.0,0.0,26.0,0,0,0,0,3.295836866004329
Signal-Android,2020-1,2021-1,2020-1->2021-1,4,org.thoughtcrime.securesms.stickers.StickerPackPreviewAdapter,2,3,1,30,0,2,1,0.0,0.0,0.0,0.0,5.0,0,0,0,0,1.791759469228055
Signal-Android,2020-1,2021-1,2020-1->2021-1,4,org.thoughtcrime.securesms.stickers.StickerPackPreviewRepository,0,0,0,83,0,0,1,0.0,0.0,0.0,0.0,8.0,0,0,0,0,2.1972245773362196
Signal-Android,2020-1,2021-1,2020-1->2021-1,4,org.thoughtcrime.securesms.stickers.StickerPackPreviewViewModel,3,3,0,47,0,3,1,0.0,0.0,0.0,0.0,1.0,0,0,0,0,0.6931471805599453
Signal-Android,2020-1,2021-1,2020-1->2021-1,4,org.thoughtcrime.securesms.stickers.StickerRemoteUri,2,2,0,30,0,2,1,0.0,0.0,0.0,0.0,2.0,0,0,0,0,1.0986122886681098
Signal-Android,2020-1,2021-1,2020-1->2021-1,4,org.thoughtcrime.securesms.stickers.StickerSearchRepository,3,3,0,32,0,1,1,0.0,0.0,0.0,0.0,2.0,0,0,0,0,1.0986122886681098
Signal-Android,2020-1,2021-1,2020-1->2021-1,4,org.thoughtcrime.securesms.stickers.StickerUrl,0,0,0,33,0,0,1,0.0,0.0,0.0,0.0,4.0,0,0,0,0,1.6094379124341003
Signal-Android,2020-1,2021-1,2020-1->2021-1,4,org.thoughtcrime.securesms.usernames.username.UsernameEditFragment,1,1,0,130,0,0,1,0.0,0.0,0.0,0.0,16.0,0,0,0,0,2.833213344056216
Signal-Android,2020-1,2021-1,2020-1->2021-1,4,org.thoughtcrime.securesms.usernames.username.UsernameEditRepository,4,4,0,49,0,3,1,0.0,0.0,0.0,0.0,4.0,0,0,0,0,1.6094379124341003
Signal-Android,2020-1,2021-1,2020-1->2021-1,4,org.thoughtcrime.securesms.usernames.username.UsernameEditViewModel,4,4,0,101,0,2,1,0.0,0.0,0.0,0.0,2.0,0,0,0,0,1.0986122886681098
Signal-Android,2020-1,2021-1,2020-1->2021-1,4,org.thoughtcrime.securesms.util.AbstractCursorLoader,8,8,0,53,0,3,1,0.0,0.0,0.0,0.0,2.0,0,0,0,0,1.0986122886681098
Signal-Android,2020-1,2021-1,2020-1->2021-1,4,org.thoughtcrime.securesms.util.AccessibilityUtil,1,1,0,4,0,1,1,0.0,0.0,0.0,0.0,1.0,0,0,0,0,0.6931471805599453
Signal-Android,2020-1,2021-1,2020-1->2021-1,4,org.thoughtcrime.securesms.util.AlarmSleepTimer,5,5,0,52,0,1,1,0.0,0.0,0.0,0.0,2.0,0,0,0,0,1.0986122886681098
Signal-Android,2020-1,2021-1,2020-1->2021-1,4,org.thoughtcrime.securesms.util.AttachmentUtil,0,0,0,60,0,0,1,0.0,0.0,0.0,0.0,17.0,0,0,0,0,2.8903717578961645
Signal-Android,2020-1,2021-1,2020-1->2021-1,4,org.thoughtcrime.securesms.util.AvatarUtil,1,1,0,15,0,1,1,0.0,0.0,0.0,0.0,3.0,0,0,0,0,1.3862943611198906
Signal-Android,2020-1,2021-1,2020-1->2021-1,4,org.thoughtcrime.securesms.util.BackupUtil,8,8,0,84,0,0,1,0.0,0.0,0.0,0.0,17.0,0,0,0,0,2.8903717578961645
Signal-Android,2020-1,2021-1,2020-1->2021-1,4,org.thoughtcrime.securesms.util.Base64,1,1,0,6,0,1,1,0.0,0.0,0.0,0.0,2.0,0,0,0,0,1.0986122886681098
Signal-Android,2020-1,2021-1,2020-1->2021-1,4,org.thoughtcrime.securesms.util.BitmapUtil,18,18,0,278,0,0,1,0.0,0.0,0.0,0.0,24.0,0,0,0,0,3.2188758248682006
Signal-Android,2020-1,2021-1,2020-1->2021-1,4,org.thoughtcrime.securesms.util.BucketInfo,3,3,0,50,0,3,1,0.0,0.0,0.0,0.0,1.0,0,0,0,0,0.6931471805599453
Signal-Android,2020-1,2021-1,2020-1->2021-1,4,org.thoughtcrime.securesms.util.CalendarDateOnly,0,0,0,10,0,0,1,0.0,0.0,0.0,0.0,0.0,0,0,0,0,0.0
Signal-Android,2020-1,2021-1,2020-1->2021-1,4,org.thoughtcrime.securesms.util.CharacterCalculator,0,0,0,27,0,0,1,1.0,0.0,0.0,0.0,0.0,1,0,0,0,0.0
Signal-Android,2020-1,2021-1,2020-1->2021-1,4,org.thoughtcrime.securesms.util.CommunicationActions,0,0,0,95,0,0,1,0.0,0.0,0.0,0.0,10.0,0,0,0,0,2.3978952727983707
Signal-Android,2020-1,2021-1,2020-1->2021-1,4,org.thoughtcrime.securesms.util.DateUtils,2,2,0,78,0,0,1,0.0,0.0,0.0,0.0,7.0,0,0,0,0,2.0794415416798357
Signal-Android,2020-1,2021-1,2020-1->2021-1,4,org.thoughtcrime.securesms.util.DelimiterUtil,0,0,0,11,0,0,1,0.0,0.0,0.0,0.0,0.0,0,0,0,0,0.0
Signal-Android,2020-1,2021-1,2020-1->2021-1,4,org.thoughtcrime.securesms.util.Dialogs,0,0,0,15,0,0,1,0.0,0.0,0.0,0.0,0.0,0,0,0,0,0.0
Signal-Android,2020-1,2021-1,2020-1->2021-1,4,org.thoughtcrime.securesms.util.DynamicDarkActionBarTheme,0,1,1,7,0,0,1,0.0,0.0,0.0,0.0,1.0,0,0,0,0,0.6931471805599453
Signal-Android,2020-1,2021-1,2020-1->2021-1,4,org.thoughtcrime.securesms.util.DynamicDarkToolbarTheme,0,1,1,7,0,0,1,0.0,0.0,0.0,0.0,1.0,0,0,0,0,0.6931471805599453
Signal-Android,2020-1,2021-1,2020-1->2021-1,4,org.thoughtcrime.securesms.util.DynamicIntroTheme,0,1,1,6,0,0,1,0.0,0.0,0.0,0.0,1.0,0,0,0,0,0.6931471805599453
Signal-Android,2020-1,2021-1,2020-1->2021-1,4,org.thoughtcrime.securesms.util.DynamicLanguage,0,0,0,23,0,0,1,0.0,0.0,0.0,0.0,6.0,0,0,0,0,1.9459101490553132
Signal-Android,2020-1,2021-1,2020-1->2021-1,4,org.thoughtcrime.securesms.util.DynamicNoActionBarInviteTheme,0,1,1,6,0,0,1,0.0,0.0,0.0,0.0,1.0,0,0,0,0,0.6931471805599453
Signal-Android,2020-1,2021-1,2020-1->2021-1,4,org.thoughtcrime.securesms.util.DynamicNoActionBarTheme,0,1,1,6,0,0,1,0.0,0.0,0.0,0.0,1.0,0,0,0,0,0.6931471805599453
Signal-Android,2020-1,2021-1,2020-1->2021-1,4,org.thoughtcrime.securesms.util.DynamicRegistrationTheme,0,1,1,6,0,0,1,0.0,0.0,0.0,0.0,1.0,0,0,0,0,0.6931471805599453
Signal-Android,2020-1,2021-1,2020-1->2021-1,4,org.thoughtcrime.securesms.util.DynamicTheme,0,2,2,22,0,0,1,0.0,0.0,0.0,0.0,1.0,0,0,0,0,0.6931471805599453
Signal-Android,2020-1,2021-1,2020-1->2021-1,4,org.thoughtcrime.securesms.util.ExpirationUtil,0,0,0,33,0,0,1,0.0,0.0,0.0,0.0,26.0,0,0,0,0,3.295836866004329
Signal-Android,2020-1,2021-1,2020-1->2021-1,4,org.thoughtcrime.securesms.util.FileProviderUtil,0,0,0,11,0,0,1,0.0,0.0,0.0,0.0,1.0,0,0,0,0,0.6931471805599453
Signal-Android,2020-1,2021-1,2020-1->2021-1,4,org.thoughtcrime.securesms.util.FileUtils,0,0,0,27,0,0,1,0.0,0.0,0.0,0.0,2.0,0,0,0,0,1.0986122886681098
Signal-Android,2020-1,2021-1,2020-1->2021-1,4,org.thoughtcrime.securesms.util.FrameRateTracker,6,5,-1,105,0,4,1,0.0,0.0,0.0,0.0,12.0,0,0,0,0,2.5649493574615367
Signal-Android,2020-1,2021-1,2020-1->2021-1,4,org.thoughtcrime.securesms.util.GroupUtil,0,1,1,84,0,0,1,0.0,0.0,0.0,0.0,6.0,0,0,0,0,1.9459101490553132
Signal-Android,2020-1,2021-1,2020-1->2021-1,4,org.thoughtcrime.securesms.util.Hex,0,0,0,75,0,0,1,0.0,0.0,0.0,0.0,0.0,0,0,0,0,0.0
Signal-Android,2020-1,2021-1,2020-1->2021-1,4,org.thoughtcrime.securesms.util.IasKeyStore,1,1,0,10,0,1,1,0.0,0.0,0.0,0.0,2.0,0,0,0,0,1.0986122886681098
Signal-Android,2020-1,2021-1,2020-1->2021-1,4,org.thoughtcrime.securesms.util.IdentityUtil,0,0,0,132,0,0,1,0.0,0.0,0.0,0.0,38.0,0,0,0,0,3.6635616461296463
Signal-Android,2020-1,2021-1,2020-1->2021-1,4,org.thoughtcrime.securesms.util.IntentUtils,0,0,0,4,0,0,1,0.0,0.0,0.0,0.0,2.0,0,0,0,0,1.0986122886681098
Signal-Android,2020-1,2021-1,2020-1->2021-1,4,org.thoughtcrime.securesms.util.JsonUtils,0,0,0,31,0,0,1,0.0,0.0,0.0,0.0,0.0,0,0,0,0,0.0
Signal-Android,2020-1,2021-1,2020-1->2021-1,4,org.thoughtcrime.securesms.util.LimitedInputStream,6,6,0,20,0,2,1,0.0,0.0,0.0,0.0,0.0,0,0,0,0,0.0
Signal-Android,2020-1,2021-1,2020-1->2021-1,4,org.thoughtcrime.securesms.util.LongClickCopySpan,1,1,0,42,0,1,1,0.0,0.0,0.0,0.0,4.0,0,0,0,0,1.6094379124341003
Signal-Android,2020-1,2021-1,2020-1->2021-1,4,org.thoughtcrime.securesms.util.LongClickMovementMethod,0,0,0,62,0,0,1,0.0,0.0,0.0,0.0,4.0,0,0,0,0,1.6094379124341003
Signal-Android,2020-1,2021-1,2020-1->2021-1,4,org.thoughtcrime.securesms.util.MathUtils,1,1,0,11,0,0,1,0.0,0.0,0.0,0.0,0.0,0,0,0,0,0.0
Signal-Android,2020-1,2021-1,2020-1->2021-1,4,org.thoughtcrime.securesms.util.MediaMetadataRetrieverUtil,1,1,0,10,0,1,1,0.0,0.0,0.0,0.0,0.0,0,0,0,0,0.0
Signal-Android,2020-1,2021-1,2020-1->2021-1,4,org.thoughtcrime.securesms.util.MediaUtil,0,0,0,223,0,0,1,0.0,0.0,0.0,0.0,28.0,0,0,0,0,3.367295829986474
Signal-Android,2020-1,2021-1,2020-1->2021-1,4,org.thoughtcrime.securesms.util.MemoryFileDescriptor,12,12,0,91,0,5,1,0.0,0.0,0.0,0.0,11.0,0,0,0,0,2.4849066497880004
Signal-Android,2020-1,2021-1,2020-1->2021-1,4,org.thoughtcrime.securesms.util.MemoryFileUtil,0,1,1,17,0,0,1,0.0,0.0,0.0,0.0,5.0,0,0,0,0,1.791759469228055
Signal-Android,2020-1,2021-1,2020-1->2021-1,4,org.thoughtcrime.securesms.util.ParcelUtil,0,0,0,15,0,0,1,0.0,0.0,0.0,0.0,4.0,0,0,0,0,1.6094379124341003
Signal-Android,2020-1,2021-1,2020-1->2021-1,4,org.thoughtcrime.securesms.util.PlayServicesUtil,0,0,0,34,0,0,1,0.0,0.0,0.0,0.0,2.0,0,0,0,0,1.0986122886681098
Signal-Android,2020-1,2021-1,2020-1->2021-1,4,org.thoughtcrime.securesms.util.PowerManagerCompat,0,0,0,5,0,0,1,0.0,0.0,0.0,0.0,0.0,0,0,0,0,0.0
Signal-Android,2020-1,2021-1,2020-1->2021-1,4,org.thoughtcrime.securesms.util.ProfileUtil,0,1,1,40,0,0,1,0.0,0.0,0.0,0.0,3.0,0,0,0,0,1.3862943611198906
Signal-Android,2020-1,2021-1,2020-1->2021-1,4,org.thoughtcrime.securesms.util.ResUtil,0,0,0,25,0,0,1,0.0,0.0,0.0,0.0,4.0,0,0,0,0,1.6094379124341003
Signal-Android,2020-1,2021-1,2020-1->2021-1,4,org.thoughtcrime.securesms.util.Rfc5724Uri,0,0,0,33,0,0,1,0.0,0.0,0.0,0.0,3.0,0,0,0,0,1.3862943611198906
Signal-Android,2020-1,2021-1,2020-1->2021-1,4,org.thoughtcrime.securesms.util.SaveAttachmentTask,0,0,0,138,0,0,1,1.0,0.0,0.0,0.0,11.0,1,0,0,0,2.4849066497880004
Signal-Android,2020-1,2021-1,2020-1->2021-1,4,org.thoughtcrime.securesms.util.SearchUtil,0,0,0,47,0,0,1,0.0,0.0,0.0,0.0,5.0,0,0,0,0,1.791759469228055
Signal-Android,2020-1,2021-1,2020-1->2021-1,4,org.thoughtcrime.securesms.util.ServiceUtil,0,0,0,33,0,0,1,0.0,0.0,0.0,0.0,0.0,0,0,0,0,0.0
Signal-Android,2020-1,2021-1,2020-1->2021-1,4,org.thoughtcrime.securesms.util.ShortCodeUtil,0,0,0,21,0,0,1,0.0,0.0,0.0,0.0,5.0,0,0,0,0,1.791759469228055
Signal-Android,2020-1,2021-1,2020-1->2021-1,4,org.thoughtcrime.securesms.util.SmsCharacterCalculator,0,0,0,24,0,0,1,0.0,0.0,0.0,0.0,0.0,0,0,0,0,0.0
Signal-Android,2020-1,2021-1,2020-1->2021-1,4,org.thoughtcrime.securesms.util.SpanUtil,0,0,0,23,0,0,1,0.0,0.0,0.0,0.0,0.0,0,0,0,0,0.0
Signal-Android,2020-1,2021-1,2020-1->2021-1,4,org.thoughtcrime.securesms.util.SqlUtil,1,1,0,31,0,1,1,0.0,0.0,0.0,0.0,2.0,0,0,0,0,1.0986122886681098
Signal-Android,2020-1,2021-1,2020-1->2021-1,4,org.thoughtcrime.securesms.util.StickyHeaderDecoration,1,1,0,107,0,1,1,0.0,0.0,0.0,0.0,17.0,0,0,0,0,2.8903717578961645
Signal-Android,2020-1,2021-1,2020-1->2021-1,4,org.thoughtcrime.securesms.util.Stopwatch,0,0,0,30,0,0,1,0.0,0.0,0.0,0.0,6.0,0,0,0,0,1.9459101490553132
Signal-Android,2020-1,2021-1,2020-1->2021-1,4,org.thoughtcrime.securesms.util.StorageUtil,2,4,2,40,0,0,1,0.0,0.0,0.0,0.0,5.0,0,0,0,0,1.791759469228055
Signal-Android,2020-1,2021-1,2020-1->2021-1,4,org.thoughtcrime.securesms.util.TelephonyUtil,0,0,0,26,0,0,1,0.0,0.0,0.0,0.0,9.0,0,0,0,0,2.302585092994046
Signal-Android,2020-1,2021-1,2020-1->2021-1,4,org.thoughtcrime.securesms.util.TextSecurePreferences,0,0,0,762,0,0,1,0.0,0.0,0.0,0.0,54.0,0,0,0,0,4.007333185232471
Signal-Android,2020-1,2021-1,2020-1->2021-1,4,org.thoughtcrime.securesms.util.ThemeUtil,0,0,0,37,0,0,1,0.0,0.0,0.0,0.0,8.0,0,0,0,0,2.1972245773362196
Signal-Android,2020-1,2021-1,2020-1->2021-1,4,org.thoughtcrime.securesms.util.UsernameUtil,0,0,0,40,0,0,1,0.0,0.0,0.0,0.0,10.0,0,0,0,0,2.3978952727983707
Signal-Android,2020-1,2021-1,2020-1->2021-1,4,org.thoughtcrime.securesms.util.Util,18,28,10,282,0,0,1,0.0,0.0,0.0,0.0,24.0,0,0,0,0,3.2188758248682006
Signal-Android,2020-1,2021-1,2020-1->2021-1,4,org.thoughtcrime.securesms.util.VersionTracker,0,0,0,9,0,0,1,0.0,0.0,0.0,0.0,0.0,0,0,0,0,0.0
Signal-Android,2020-1,2021-1,2020-1->2021-1,4,org.thoughtcrime.securesms.util.ViewUtil,0,5,5,141,0,0,1,0.0,0.0,0.0,0.0,6.0,0,0,0,0,1.9459101490553132
Signal-Android,2020-1,2021-1,2020-1->2021-1,4,org.thoughtcrime.securesms.util.WakeLockUtil,0,0,0,35,0,0,1,0.0,0.0,0.0,0.0,2.0,0,0,0,0,1.0986122886681098
Signal-Android,2020-1,2021-1,2020-1->2021-1,4,org.thoughtcrime.securesms.util.WindowUtil,1,1,0,34,0,1,1,0.0,0.0,0.0,0.0,4.0,0,0,0,0,1.6094379124341003
Signal-Android,2020-1,2021-1,2020-1->2021-1,4,org.thoughtcrime.securesms.util.WorkerThread,2,2,0,17,0,1,1,0.0,0.0,0.0,0.0,1.0,0,0,0,0,0.6931471805599453
Signal-Android,2020-1,2021-1,2020-1->2021-1,4,org.thoughtcrime.securesms.util.adapter.RecyclerViewConcatenateAdapter,11,11,0,125,0,5,1,0.0,0.0,0.0,0.0,8.0,0,0,0,0,2.1972245773362196
Signal-Android,2020-1,2021-1,2020-1->2021-1,4,org.thoughtcrime.securesms.util.adapter.RecyclerViewConcatenateAdapterStickyHeader,1,1,0,31,0,1,1,0.0,0.0,0.0,0.0,11.0,0,0,0,0,2.4849066497880004
Signal-Android,2020-1,2021-1,2020-1->2021-1,4,org.thoughtcrime.securesms.util.concurrent.SimpleTask,1,1,0,23,0,0,1,0.0,0.0,0.0,0.0,3.0,0,0,0,0,1.3862943611198906
Signal-Android,2020-1,2021-1,2020-1->2021-1,4,org.thoughtcrime.securesms.util.dualsim.SubscriptionInfoCompat,3,3,0,18,0,3,1,1.0,0.0,0.0,0.0,0.0,1,0,0,0,0.0
Signal-Android,2020-1,2021-1,2020-1->2021-1,4,org.thoughtcrime.securesms.util.dualsim.SubscriptionManagerCompat,2,2,0,70,0,1,1,0.0,0.0,0.0,0.0,8.0,0,0,0,0,2.1972245773362196
Signal-Android,2020-1,2021-1,2020-1->2021-1,4,org.thoughtcrime.securesms.util.dynamiclanguage.DynamicLanguageContextWrapper,0,1,1,13,0,0,1,0.0,0.0,0.0,0.0,3.0,0,0,0,0,1.3862943611198906
Signal-Android,2020-1,2021-1,2020-1->2021-1,4,org.thoughtcrime.securesms.util.dynamiclanguage.LanguageString,1,1,0,22,0,1,1,0.0,0.0,0.0,0.0,0.0,0,0,0,0,0.0
Signal-Android,2020-1,2021-1,2020-1->2021-1,4,org.thoughtcrime.securesms.util.dynamiclanguage.LocaleParser,1,1,0,19,0,1,1,0.0,0.0,0.0,0.0,3.0,0,0,0,0,1.3862943611198906
Signal-Android,2020-1,2021-1,2020-1->2021-1,4,org.thoughtcrime.securesms.util.views.SimpleProgressDialog,1,1,0,11,0,1,1,0.0,0.0,0.0,0.0,3.0,0,0,0,0,1.3862943611198906
Signal-Android,2020-1,2021-1,2020-1->2021-1,4,org.thoughtcrime.securesms.video.EncryptedMediaDataSource,0,0,0,9,0,0,1,0.0,0.0,0.0,0.0,0.0,0,0,0,0,0.0
Signal-Android,2020-1,2021-1,2020-1->2021-1,4,org.thoughtcrime.securesms.video.InMemoryTranscoder,5,3,-2,134,0,2,1,0.0,0.0,0.0,0.0,9.0,0,0,0,0,2.302585092994046
Signal-Android,2020-1,2021-1,2020-1->2021-1,4,org.thoughtcrime.securesms.video.VideoPlayer,10,27,17,82,0,6,1,0.0,0.0,0.0,0.0,0.0,0,0,0,0,0.0
Signal-Android,2020-1,2021-1,2020-1->2021-1,4,org.thoughtcrime.securesms.video.VideoUtil,1,2,1,29,0,1,1,0.0,0.0,0.0,0.0,1.0,0,0,0,0,0.6931471805599453
Signal-Android,2020-1,2021-1,2020-1->2021-1,4,org.thoughtcrime.securesms.video.exo.BlobDataSource,4,4,0,36,0,2,1,0.0,0.0,0.0,0.0,1.0,0,0,0,0,0.6931471805599453
Signal-Android,2020-1,2021-1,2020-1->2021-1,4,org.thoughtcrime.securesms.video.exo.PartDataSource,4,4,0,37,0,2,1,0.0,0.0,0.0,0.0,2.0,0,0,0,0,1.0986122886681098
Signal-Android,2020-1,2021-1,2020-1->2021-1,4,org.thoughtcrime.securesms.video.videoconverter.AudioTrackConverter,64,64,0,287,0,3,1,0.0,1.0,0.0,0.0,9.0,0,1,0,0,2.302585092994046
Signal-Android,2020-1,2021-1,2020-1->2021-1,4,org.thoughtcrime.securesms.video.videoconverter.InputSurface,12,12,0,80,0,5,1,0.0,0.0,0.0,0.0,1.0,0,0,0,0,0.6931471805599453
Signal-Android,2020-1,2021-1,2020-1->2021-1,4,org.thoughtcrime.securesms.video.videoconverter.MediaConverter,24,24,0,225,0,7,1,0.0,0.0,0.0,0.0,2.0,0,0,0,0,1.0986122886681098
Signal-Android,2020-1,2021-1,2020-1->2021-1,4,org.thoughtcrime.securesms.video.videoconverter.OutputSurface,23,23,0,123,0,8,1,0.0,0.0,0.0,0.0,1.0,0,0,0,0,0.6931471805599453
Signal-Android,2020-1,2021-1,2020-1->2021-1,4,org.thoughtcrime.securesms.video.videoconverter.Preconditions,0,0,0,4,0,0,1,0.0,0.0,0.0,0.0,0.0,0,0,0,0,0.0
Signal-Android,2020-1,2021-1,2020-1->2021-1,4,org.thoughtcrime.securesms.video.videoconverter.TextureRender,8,9,1,158,0,3,1,0.0,0.0,0.0,0.0,0.0,0,0,0,0,0.0
Signal-Android,2020-1,2021-1,2020-1->2021-1,4,org.thoughtcrime.securesms.video.videoconverter.VideoTrackConverter,67,67,0,358,0,3,1,0.0,1.0,0.0,0.0,6.0,0,1,0,0,1.9459101490553132
Signal-Android,2020-1,2021-1,2020-1->2021-1,4,org.thoughtcrime.securesms.webrtc.CallNotificationBuilder,1,1,0,60,0,0,1,0.0,0.0,0.0,0.0,1.0,0,0,0,0,0.6931471805599453
Signal-Android,2020-1,2021-1,2020-1->2021-1,4,org.thoughtcrime.securesms.webrtc.UncaughtExceptionHandlerManager,2,2,0,18,0,2,1,0.0,0.0,0.0,0.0,1.0,0,0,0,0,0.6931471805599453
Signal-Android,2020-1,2021-1,2020-1->2021-1,4,org.thoughtcrime.securesms.webrtc.VoiceCallShare,0,0,0,24,0,0,1,0.0,0.0,0.0,0.0,9.0,0,0,0,0,2.302585092994046
Signal-Android,2020-1,2021-1,2020-1->2021-1,4,org.thoughtcrime.securesms.webrtc.audio.BluetoothStateManager,22,23,1,125,0,5,1,0.0,0.0,0.0,0.0,10.0,0,0,0,0,2.3978952727983707
Signal-Android,2020-1,2021-1,2020-1->2021-1,4,org.thoughtcrime.securesms.webrtc.audio.IncomingRinger,2,2,0,70,0,1,1,0.0,0.0,0.0,0.0,3.0,0,0,0,0,1.3862943611198906
Signal-Android,2020-1,2021-1,2020-1->2021-1,4,org.thoughtcrime.securesms.webrtc.audio.SignalAudioManager,7,6,-1,54,0,4,1,0.0,0.0,0.0,0.0,14.0,0,0,0,0,2.70805020110221
Signal-Android,2020-1,2021-1,2020-1->2021-1,4,org.thoughtcrime.securesms.webrtc.locks.AccelerometerListener,14,14,0,74,0,3,1,0.0,0.0,0.0,0.0,0.0,0,0,0,0,0.0
Signal-Android,2020-1,2021-1,2020-1->2021-1,4,org.thoughtcrime.securesms.webrtc.locks.LockManager,16,16,0,109,0,3,1,0.0,0.0,0.0,0.0,1.0,0,0,0,0,0.6931471805599453
Signal-Android,2020-1,2021-1,2020-1->2021-1,4,org.thoughtcrime.securesms.webrtc.locks.ProximityLock,11,11,0,48,0,2,1,0.0,0.0,0.0,0.0,6.0,0,0,0,0,1.9459101490553132
Signal-Android,2020-1,2021-1,2020-1->2021-1,4,org.whispersystems.signalservice.api.KeyBackupService,1,1,0,151,0,1,1,0.0,0.0,0.0,0.0,24.0,0,0,0,0,3.2188758248682006
Signal-Android,2020-1,2021-1,2020-1->2021-1,4,org.whispersystems.signalservice.api.SignalServiceAccountManager,14,11,-3,255,0,11,1,0.0,0.0,0.0,0.0,24.0,0,0,0,0,3.2188758248682006
Signal-Android,2020-1,2021-1,2020-1->2021-1,4,org.whispersystems.signalservice.api.SignalServiceMessagePipe,1,1,0,115,0,1,1,0.0,0.0,0.0,0.0,29.0,0,0,0,0,3.4011973816621555
Signal-Android,2020-1,2021-1,2020-1->2021-1,4,org.whispersystems.signalservice.api.SignalServiceMessageReceiver,1,1,0,102,0,1,1,0.0,0.0,0.0,0.0,16.0,0,0,0,0,2.833213344056216
Signal-Android,2020-1,2021-1,2020-1->2021-1,4,org.whispersystems.signalservice.api.SignalServiceMessageSender,3,5,2,730,0,3,1,0.0,1.0,1.0,0.0,419.0,0,1,1,0,6.040254711277414
Signal-Android,2020-1,2021-1,2020-1->2021-1,4,org.whispersystems.signalservice.api.crypto.AttachmentCipherInputStream,21,21,0,152,0,7,1,0.0,0.0,0.0,0.0,6.0,0,0,0,0,1.9459101490553132
Signal-Android,2020-1,2021-1,2020-1->2021-1,4,org.whispersystems.signalservice.api.crypto.CryptoUtil,3,5,2,9,0,1,1,0.0,0.0,0.0,0.0,1.0,0,0,0,0,0.6931471805599453
Signal-Android,2020-1,2021-1,2020-1->2021-1,4,org.whispersystems.signalservice.api.crypto.ProfileCipher,14,13,-1,48,0,4,1,0.0,0.0,0.0,0.0,2.0,0,0,0,0,1.0986122886681098
Signal-Android,2020-1,2021-1,2020-1->2021-1,4,org.whispersystems.signalservice.api.crypto.ProfileCipherInputStream,9,9,0,39,0,3,1,0.0,0.0,0.0,0.0,0.0,0,0,0,0,0.0
Signal-Android,2020-1,2021-1,2020-1->2021-1,4,org.whispersystems.signalservice.api.crypto.SignalServiceCipher,0,0,0,526,0,0,1,1.0,1.0,0.0,0.0,218.0,1,1,0,0,5.389071729816501
Signal-Android,2020-1,2021-1,2020-1->2021-1,4,org.whispersystems.signalservice.api.crypto.UnidentifiedAccess,4,2,-2,21,0,2,1,0.0,0.0,0.0,0.0,1.0,0,0,0,0,0.6931471805599453
Signal-Android,2020-1,2021-1,2020-1->2021-1,4,org.whispersystems.signalservice.api.messages.SignalServiceAttachment,3,3,0,73,0,2,1,0.0,0.0,0.0,0.0,0.0,0,0,0,0,0.0
Signal-Android,2020-1,2021-1,2020-1->2021-1,4,org.whispersystems.signalservice.api.messages.SignalServiceAttachmentPointer,7,9,2,58,0,7,1,1.0,0.0,1.0,0.0,0.0,1,0,1,0,0.0
Signal-Android,2020-1,2021-1,2020-1->2021-1,4,org.whispersystems.signalservice.api.messages.SignalServiceAttachmentStream,6,8,2,51,0,6,1,1.0,0.0,1.0,0.0,0.0,1,0,1,0,0.0
Signal-Android,2020-1,2021-1,2020-1->2021-1,4,org.whispersystems.signalservice.api.messages.SignalServiceContent,3,9,6,78,0,3,1,1.0,0.0,0.0,0.0,0.0,1,0,0,0,0.0
Signal-Android,2020-1,2021-1,2020-1->2021-1,4,org.whispersystems.signalservice.api.messages.SignalServiceDataMessage,8,12,4,254,0,7,1,4.0,0.0,1.0,0.0,1.0,1,0,1,0,0.6931471805599453
Signal-Android,2020-1,2021-1,2020-1->2021-1,4,org.whispersystems.signalservice.api.messages.SignalServiceEnvelope,15,16,1,134,0,15,1,0.0,0.0,0.0,0.0,14.0,0,0,0,0,2.70805020110221
Signal-Android,2020-1,2021-1,2020-1->2021-1,4,org.whispersystems.signalservice.api.messages.SignalServiceGroup,5,5,0,61,0,3,1,1.0,0.0,0.0,0.0,0.0,1,0,0,0,0.0
Signal-Android,2020-1,2021-1,2020-1->2021-1,4,org.whispersystems.signalservice.api.messages.SignalServiceStickerManifest,0,0,0,28,0,0,1,1.0,0.0,0.0,0.0,0.0,1,0,0,0,0.0
Signal-Android,2020-1,2021-1,2020-1->2021-1,4,org.whispersystems.signalservice.api.messages.calls.IceUpdateMessage,2,2,0,18,0,2,1,1.0,0.0,0.0,0.0,0.0,1,0,0,0,0.0
Signal-Android,2020-1,2021-1,2020-1->2021-1,4,org.whispersystems.signalservice.api.messages.calls.SignalServiceCallMessage,1,2,1,70,0,0,1,0.0,0.0,0.0,0.0,0.0,0,0,0,0,0.0
Signal-Android,2020-1,2021-1,2020-1->2021-1,4,org.whispersystems.signalservice.api.messages.multidevice.ChunkedInputStream,8,8,0,66,0,1,1,0.0,0.0,0.0,0.0,0.0,0,0,0,0,0.0
Signal-Android,2020-1,2021-1,2020-1->2021-1,4,org.whispersystems.signalservice.api.messages.multidevice.ConfigurationMessage,0,0,0,21,0,0,1,1.0,0.0,0.0,0.0,0.0,1,0,0,0,0.0
Signal-Android,2020-1,2021-1,2020-1->2021-1,4,org.whispersystems.signalservice.api.messages.multidevice.DeviceContact,2,2,0,51,0,2,1,1.0,0.0,1.0,0.0,0.0,1,0,1,0,0.0
Signal-Android,2020-1,2021-1,2020-1->2021-1,4,org.whispersystems.signalservice.api.messages.multidevice.DeviceContactsInputStream,0,0,0,52,0,0,1,0.0,0.0,0.0,0.0,27.0,0,0,0,0,3.332204510175204
Signal-Android,2020-1,2021-1,2020-1->2021-1,4,org.whispersystems.signalservice.api.messages.multidevice.DeviceContactsOutputStream,1,1,0,51,0,1,1,0.0,0.0,0.0,0.0,57.0,0,0,0,0,4.060443010546419
Signal-Android,2020-1,2021-1,2020-1->2021-1,4,org.whispersystems.signalservice.api.messages.multidevice.DeviceGroup,4,4,0,51,0,4,1,1.0,0.0,1.0,0.0,0.0,1,0,1,0,0.0
Signal-Android,2020-1,2021-1,2020-1->2021-1,4,org.whispersystems.signalservice.api.messages.multidevice.DeviceGroupsInputStream,0,0,0,38,0,0,1,0.0,0.0,0.0,0.0,16.0,0,0,0,0,2.833213344056216
Signal-Android,2020-1,2021-1,2020-1->2021-1,4,org.whispersystems.signalservice.api.messages.multidevice.DeviceGroupsOutputStream,1,1,0,45,0,1,1,0.0,0.0,0.0,0.0,34.0,0,0,0,0,3.5553480614894135
Signal-Android,2020-1,2021-1,2020-1->2021-1,4,org.whispersystems.signalservice.api.messages.multidevice.DeviceInfo,4,4,0,18,0,4,1,1.0,0.0,0.0,0.0,0.0,1,0,0,0,0.0
Signal-Android,2020-1,2021-1,2020-1->2021-1,4,org.whispersystems.signalservice.api.messages.multidevice.SignalServiceSyncMessage,2,2,0,248,0,0,1,0.0,0.0,0.0,0.0,0.0,0,0,0,0,0.0
Signal-Android,2020-1,2021-1,2020-1->2021-1,4,org.whispersystems.signalservice.api.messages.multidevice.VerifiedMessage,2,2,0,20,0,2,1,1.0,0.0,0.0,0.0,0.0,1,0,0,0,0.0
Signal-Android,2020-1,2021-1,2020-1->2021-1,4,org.whispersystems.signalservice.api.messages.shared.SharedContact,2,2,0,309,0,1,1,3.0,0.0,0.0,0.0,0.0,1,0,0,0,0.0
Signal-Android,2020-1,2021-1,2020-1->2021-1,4,org.whispersystems.signalservice.api.profiles.SignalServiceProfile,3,5,2,42,0,3,1,1.0,0.0,0.0,0.0,0.0,1,0,0,0,0.0
Signal-Android,2020-1,2021-1,2020-1->2021-1,4,org.whispersystems.signalservice.api.push.ContactTokenDetails,3,3,0,24,0,3,1,1.0,0.0,0.0,0.0,0.0,1,0,0,0,0.0
Signal-Android,2020-1,2021-1,2020-1->2021-1,4,org.whispersystems.signalservice.api.push.SignalServiceAddress,5,5,0,63,0,2,1,0.0,0.0,0.0,0.0,9.0,0,0,0,0,2.302585092994046
Signal-Android,2020-1,2021-1,2020-1->2021-1,4,org.whispersystems.signalservice.api.storage.SignalContactRecord,6,8,2,132,0,6,1,1.0,0.0,0.0,0.0,0.0,1,0,0,0,0.0
Signal-Android,2020-1,2021-1,2020-1->2021-1,4,org.whispersystems.signalservice.api.storage.SignalStorageCipher,6,0,-6,25,0,3,1,0.0,0.0,0.0,0.0,2.0,0,0,0,0,1.0986122886681098
Signal-Android,2020-1,2021-1,2020-1->2021-1,4,org.whispersystems.signalservice.api.storage.SignalStorageModels,0,0,0,75,0,0,1,0.0,0.0,0.0,0.0,40.0,0,0,0,0,3.713572066704308
Signal-Android,2020-1,2021-1,2020-1->2021-1,4,org.whispersystems.signalservice.api.storage.SignalStorageRecord,5,3,-2,33,0,4,1,0.0,0.0,0.0,0.0,0.0,0,0,0,0,0.0
Signal-Android,2020-1,2021-1,2020-1->2021-1,4,org.whispersystems.signalservice.api.util.PhoneNumberFormatter,0,0,0,76,0,0,1,0.0,0.0,0.0,0.0,25.0,0,0,0,0,3.258096538021482
Signal-Android,2020-1,2021-1,2020-1->2021-1,4,org.whispersystems.signalservice.api.util.UuidUtil,1,1,0,21,0,1,1,0.0,0.0,0.0,0.0,3.0,0,0,0,0,1.3862943611198906
Signal-Android,2020-1,2021-1,2020-1->2021-1,4,org.whispersystems.signalservice.internal.configuration.SignalServiceConfiguration,0,1,1,26,0,0,1,1.0,0.0,0.0,0.0,0.0,1,0,0,0,0.0
Signal-Android,2020-1,2021-1,2020-1->2021-1,4,org.whispersystems.signalservice.internal.contacts.crypto.AESCipher,5,6,1,35,0,0,1,0.0,0.0,0.0,0.0,3.0,0,0,0,0,1.3862943611198906
Signal-Android,2020-1,2021-1,2020-1->2021-1,4,org.whispersystems.signalservice.internal.contacts.crypto.ContactDiscoveryCipher,1,1,0,16,0,1,1,0.0,0.0,0.0,0.0,2.0,0,0,0,0,1.0986122886681098
Signal-Android,2020-1,2021-1,2020-1->2021-1,4,org.whispersystems.signalservice.internal.contacts.crypto.KeyBackupCipher,2,2,0,66,0,1,1,0.0,0.0,0.0,0.0,5.0,0,0,0,0,1.791759469228055
Signal-Android,2020-1,2021-1,2020-1->2021-1,4,org.whispersystems.signalservice.internal.contacts.crypto.Quote,14,14,0,90,0,5,1,0.0,0.0,0.0,0.0,0.0,0,0,0,0,0.0
Signal-Android,2020-1,2021-1,2020-1->2021-1,4,org.whispersystems.signalservice.internal.contacts.crypto.RemoteAttestationCipher,1,1,0,38,0,1,1,0.0,0.0,0.0,0.0,10.0,0,0,0,0,2.3978952727983707
Signal-Android,2020-1,2021-1,2020-1->2021-1,4,org.whispersystems.signalservice.internal.contacts.crypto.SignatureBodyEntity,1,1,0,17,0,1,1,1.0,0.0,0.0,0.0,0.0,1,0,0,0,0.0
Signal-Android,2020-1,2021-1,2020-1->2021-1,4,org.whispersystems.signalservice.internal.contacts.crypto.SigningCertificate,0,0,0,33,0,0,1,0.0,0.0,0.0,0.0,7.0,0,0,0,0,2.0794415416798357
Signal-Android,2020-1,2021-1,2020-1->2021-1,4,org.whispersystems.signalservice.internal.contacts.entities.DiscoveryRequest,7,6,-1,30,0,7,1,1.0,0.0,0.0,0.0,0.0,1,0,0,0,0.0
Signal-Android,2020-1,2021-1,2020-1->2021-1,4,org.whispersystems.signalservice.internal.contacts.entities.KeyBackupRequest,6,5,-1,25,0,6,1,1.0,0.0,0.0,0.0,0.0,1,0,0,0,0.0
Signal-Android,2020-1,2021-1,2020-1->2021-1,4,org.whispersystems.signalservice.internal.contacts.entities.RemoteAttestationResponse,7,7,0,50,0,7,1,1.0,0.0,0.0,0.0,0.0,1,0,0,0,0.0
Signal-Android,2020-1,2021-1,2020-1->2021-1,4,org.whispersystems.signalservice.internal.crypto.ProvisioningCipher,4,4,0,33,0,2,1,0.0,0.0,0.0,0.0,6.0,0,0,0,0,1.9459101490553132
Signal-Android,2020-1,2021-1,2020-1->2021-1,4,org.whispersystems.signalservice.internal.push.ContactDiscoveryFailureReason,0,0,0,5,0,0,1,0.0,0.0,0.0,0.0,0.0,0,0,0,0,0.0
Signal-Android,2020-1,2021-1,2020-1->2021-1,4,org.whispersystems.signalservice.internal.push.OutgoingPushMessage,0,0,0,17,0,0,1,0.0,0.0,0.0,0.0,0.0,0,0,0,0,0.0
Signal-Android,2020-1,2021-1,2020-1->2021-1,4,org.whispersystems.signalservice.internal.push.OutgoingPushMessageList,2,2,0,25,0,2,1,1.0,0.0,0.0,0.0,0.0,1,0,0,0,0.0
Signal-Android,2020-1,2021-1,2020-1->2021-1,4,org.whispersystems.signalservice.internal.push.PreKeyResponseItem,2,2,0,17,0,2,1,1.0,0.0,0.0,0.0,0.0,1,0,0,0,0.0
Signal-Android,2020-1,2021-1,2020-1->2021-1,4,org.whispersystems.signalservice.internal.push.PreKeyState,0,0,0,13,0,0,1,0.0,0.0,0.0,0.0,0.0,0,0,0,0,0.0
Signal-Android,2020-1,2021-1,2020-1->2021-1,4,org.whispersystems.signalservice.internal.push.ProfileAvatarData,1,1,0,18,0,1,1,1.0,0.0,0.0,0.0,0.0,1,0,0,0,0.0
Signal-Android,2020-1,2021-1,2020-1->2021-1,4,org.whispersystems.signalservice.internal.push.ProfileAvatarUploadAttributes,1,1,0,34,0,1,1,1.0,0.0,0.0,0.0,0.0,1,0,0,0,0.0
Signal-Android,2020-1,2021-1,2020-1->2021-1,4,org.whispersystems.signalservice.internal.push.ProvisioningMessage,0,0,0,5,0,0,1,0.0,0.0,0.0,0.0,0.0,0,0,0,0,0.0
Signal-Android,2020-1,2021-1,2020-1->2021-1,4,org.whispersystems.signalservice.internal.push.PushAttachmentData,1,1,0,23,0,1,1,1.0,0.0,0.0,0.0,0.0,1,0,0,0,0.0
Signal-Android,2020-1,2021-1,2020-1->2021-1,4,org.whispersystems.signalservice.internal.push.PushServiceSocket,18,19,1,831,0,15,1,0.0,0.0,1.0,0.0,122.0,0,0,1,0,4.812184355372417
Signal-Android,2020-1,2021-1,2020-1->2021-1,4,org.whispersystems.signalservice.internal.push.RemoteAttestationUtil,1,1,0,37,0,1,1,0.0,0.0,0.0,0.0,11.0,0,0,0,0,2.4849066497880004
Signal-Android,2020-1,2021-1,2020-1->2021-1,4,org.whispersystems.signalservice.internal.push.SignalServiceEnvelopeEntity,8,8,0,44,0,8,1,1.0,0.0,0.0,0.0,0.0,1,0,0,0,0.0
Signal-Android,2020-1,2021-1,2020-1->2021-1,4,org.whispersystems.signalservice.internal.push.UnsupportedDataMessageException,2,1,-1,23,0,2,1,1.0,0.0,0.0,0.0,0.0,1,0,0,0,0.0
Signal-Android,2020-1,2021-1,2020-1->2021-1,4,org.whispersystems.signalservice.internal.util.BlacklistingTrustManager,0,0,0,40,0,0,1,0.0,0.0,0.0,0.0,5.0,0,0,0,0,1.791759469228055
Signal-Android,2020-1,2021-1,2020-1->2021-1,4,org.whispersystems.signalservice.internal.util.Hex,0,0,0,75,0,0,1,0.0,0.0,0.0,0.0,0.0,0,0,0,0,0.0
Signal-Android,2020-1,2021-1,2020-1->2021-1,4,org.whispersystems.signalservice.internal.util.JsonUtil,0,0,0,35,0,0,1,0.0,0.0,0.0,0.0,0.0,0,0,0,0,0.0
Signal-Android,2020-1,2021-1,2020-1->2021-1,4,org.whispersystems.signalservice.internal.util.StaticCredentialsProvider,0,0,0,22,0,0,1,1.0,0.0,0.0,0.0,0.0,1,0,0,0,0.0
Signal-Android,2020-1,2021-1,2020-1->2021-1,4,org.whispersystems.signalservice.internal.util.Util,11,11,0,78,0,0,1,0.0,0.0,0.0,0.0,1.0,0,0,0,0,0.6931471805599453
Signal-Android,2020-1,2021-1,2020-1->2021-1,4,org.whispersystems.signalservice.internal.websocket.WebSocketConnection,14,15,1,187,0,4,1,0.0,0.0,0.0,0.0,26.0,0,0,0,0,3.295836866004329
Signal-Android,2020-1,2021-1,2020-1->2021-1,4,org.whispersystems.util.Base64,59,59,0,737,0,1,1,0.0,1.0,0.0,0.0,8.0,0,1,0,0,2.1972245773362196
