project,version_t,version_t1,class,class_kind,WMC_t,WMC_t1,delta_WMC,LOC_t,CBO_t,NOM_t,LOC_t1,CBO_t1,NOM_t1,smell_status_known_t,smell_status_known_t1,pmd_violation_rows_t,pmd_violation_rows_t1,DataClass_count_t,DataClass_status_known_t,DataClass_count_t1,DataClass_status_known_t1,LongMethod_count_t,LongMethod_status_known_t,LongMethod_count_t1,LongMethod_status_known_t1,LongParameterList_count_t,LongParameterList_status_known_t,LongParameterList_count_t1,LongParameterList_status_known_t1,MutableStaticState_count_t,MutableStaticState_status_known_t,MutableStaticState_count_t1,MutableStaticState_status_known_t1,LawOfDemeter_count_t,LawOfDemeter_status_known_t,LawOfDemeter_count_t1,LawOfDemeter_status_known_t1,GodClass_count_t,GodClass_status_known_t,GodClass_count_t1,GodClass_status_known_t1
Signal-Android,2016-1,2017-1,org.thoughtcrime.redphone.RedPhone,top_level,16,16,0,221,0,11,221,0,11,1,1,34,34,0,1,0,1,0,1,0,1,0,1,0,1,0,1,0,1,28,1,28,1,1,1,1,1
Signal-Android,2016-1,2017-1,org.thoughtcrime.redphone.RedPhoneService,top_level,44,44,0,312,0,31,313,0,31,1,1,29,29,0,1,0,1,0,1,0,1,0,1,0,1,0,1,0,1,24,1,24,1,1,1,1,1
Signal-Android,2016-1,2017-1,org.thoughtcrime.redphone.RedPhoneShare,top_level,0,0,0,22,0,0,22,0,0,1,1,10,10,0,1,0,1,0,1,0,1,0,1,0,1,0,1,0,1,9,1,9,1,0,1,0,1
Signal-Android,2016-1,2017-1,org.thoughtcrime.redphone.audio.AudioException,top_level,1,1,0,9,0,1,9,0,1,0,0,,,,0,,0,,0,,0,,0,,0,,0,,0,,0,,0,,0,,0
Signal-Android,2016-1,2017-1,org.thoughtcrime.redphone.audio.CallAudioManager,top_level,6,6,0,56,0,6,56,0,6,1,1,8,8,0,1,0,1,0,1,0,1,1,1,1,1,0,1,0,1,7,1,7,1,0,1,0,1
Signal-Android,2016-1,2017-1,org.thoughtcrime.redphone.audio.IncomingRinger,top_level,12,12,0,82,0,3,82,0,3,1,1,6,6,0,1,0,1,0,1,0,1,0,1,0,1,0,1,0,1,6,1,6,1,0,1,0,1
Signal-Android,2016-1,2017-1,org.thoughtcrime.redphone.audio.NativeAudioException,top_level,1,1,0,9,0,1,9,0,1,0,0,,,,0,,0,,0,,0,,0,,0,,0,,0,,0,,0,,0,,0
Signal-Android,2016-1,2017-1,org.thoughtcrime.redphone.audio.OutgoingRinger,top_level,17,15,-2,67,0,11,65,0,11,1,1,4,4,0,1,0,1,0,1,0,1,0,1,0,1,0,1,0,1,1,1,1,1,0,1,0,1
Signal-Android,2016-1,2017-1,org.thoughtcrime.redphone.call.AccelerometerListener,top_level,14,14,0,74,0,3,74,0,3,1,1,3,3,0,1,0,1,0,1,0,1,0,1,0,1,0,1,0,1,0,1,0,1,0,1,0,1
Signal-Android,2016-1,2017-1,org.thoughtcrime.redphone.call.CallManager,top_level,19,19,0,76,0,5,76,0,5,1,1,5,5,0,1,0,1,0,1,0,1,0,1,0,1,0,1,0,1,0,1,0,1,0,1,0,1
Signal-Android,2016-1,2017-1,org.thoughtcrime.redphone.call.CallStateListener,top_level,18,18,0,19,0,15,19,0,15,1,1,1,1,0,1,0,1,0,1,0,1,0,1,0,1,0,1,0,1,0,1,0,1,0,1,0,1
Signal-Android,2016-1,2017-1,org.thoughtcrime.redphone.call.InitiatingCallManager,top_level,7,7,0,62,0,1,62,0,1,1,1,1,1,0,1,0,1,0,1,0,1,0,1,0,1,0,1,0,1,0,1,0,1,0,1,0,1
Signal-Android,2016-1,2017-1,org.thoughtcrime.redphone.call.LockManager,top_level,13,13,0,96,0,3,96,0,3,1,1,2,2,0,1,0,1,0,1,0,1,0,1,0,1,0,1,0,1,1,1,1,1,0,1,0,1
Signal-Android,2016-1,2017-1,org.thoughtcrime.redphone.call.ProximityLock,top_level,11,11,0,49,0,2,49,0,2,1,1,6,6,0,1,0,1,0,1,0,1,0,1,0,1,0,1,0,1,6,1,6,1,0,1,0,1
Signal-Android,2016-1,2017-1,org.thoughtcrime.redphone.call.ResponderCallManager,top_level,14,14,0,82,0,4,82,0,4,1,1,1,1,0,1,0,1,0,1,0,1,0,1,0,1,0,1,0,1,0,1,0,1,0,1,0,1
Signal-Android,2016-1,2017-1,org.thoughtcrime.redphone.call.SignalManager,top_level,1,1,0,45,0,1,45,0,1,1,1,6,6,0,1,0,1,0,1,0,1,0,1,0,1,0,1,0,1,4,1,4,1,0,1,0,1
Signal-Android,2016-1,2017-1,org.thoughtcrime.redphone.crypto.EncryptedSignalMessage,top_level,9,9,0,63,0,5,63,0,5,1,1,5,5,0,1,0,1,0,1,0,1,0,1,0,1,0,1,0,1,5,1,5,1,0,1,0,1
Signal-Android,2016-1,2017-1,org.thoughtcrime.redphone.crypto.InvalidEncryptedSignalException,top_level,1,1,0,9,0,1,9,0,1,0,0,,,,0,,0,,0,,0,,0,,0,,0,,0,,0,,0,,0,,0
Signal-Android,2016-1,2017-1,org.thoughtcrime.redphone.crypto.Otp,top_level,0,0,0,9,0,0,9,0,0,1,1,3,3,0,1,0,1,0,1,0,1,0,1,0,1,0,1,0,1,2,1,2,1,0,1,0,1
Signal-Android,2016-1,2017-1,org.thoughtcrime.redphone.crypto.SecureRtpPacket,top_level,9,9,0,33,0,9,33,0,9,0,0,,,,0,,0,,0,,0,,0,,0,,0,,0,,0,,0,,0,,0
Signal-Android,2016-1,2017-1,org.thoughtcrime.redphone.crypto.SecureRtpSocket,top_level,3,3,0,28,0,3,28,0,3,0,0,,,,0,,0,,0,,0,,0,,0,,0,,0,,0,,0,,0,,0
Signal-Android,2016-1,2017-1,org.thoughtcrime.redphone.crypto.zrtp.CommitPacket,top_level,13,13,0,95,0,11,95,0,11,1,1,3,3,0,1,0,1,0,1,0,1,0,1,0,1,0,1,0,1,3,1,3,1,0,1,0,1
Signal-Android,2016-1,2017-1,org.thoughtcrime.redphone.crypto.zrtp.ConfAckPacket,top_level,1,1,0,6,0,1,6,0,1,0,0,,,,0,,0,,0,,0,,0,,0,,0,,0,,0,,0,,0,,0
Signal-Android,2016-1,2017-1,org.thoughtcrime.redphone.crypto.zrtp.ConfirmOnePacket,top_level,0,0,0,8,0,0,8,0,0,0,0,,,,0,,0,,0,,0,,0,,0,,0,,0,,0,,0,,0,,0
Signal-Android,2016-1,2017-1,org.thoughtcrime.redphone.crypto.zrtp.ConfirmPacket,top_level,24,24,0,109,0,13,109,0,13,1,1,6,6,0,1,0,1,0,1,0,1,0,1,0,1,0,1,0,1,5,1,5,1,0,1,0,1
Signal-Android,2016-1,2017-1,org.thoughtcrime.redphone.crypto.zrtp.ConfirmTwoPacket,top_level,0,0,0,8,0,0,8,0,0,0,0,,,,0,,0,,0,,0,,0,,0,,0,,0,,0,,0,,0,,0
Signal-Android,2016-1,2017-1,org.thoughtcrime.redphone.crypto.zrtp.DH3KDHPartOnePacket,top_level,0,0,0,9,0,0,9,0,0,0,0,,,,0,,0,,0,,0,,0,,0,,0,,0,,0,,0,,0,,0
Signal-Android,2016-1,2017-1,org.thoughtcrime.redphone.crypto.zrtp.DH3KDHPartTwoPacket,top_level,1,1,0,13,0,1,13,0,1,0,0,,,,0,,0,,0,,0,,0,,0,,0,,0,,0,,0,,0,,0
Signal-Android,2016-1,2017-1,org.thoughtcrime.redphone.crypto.zrtp.DH3KSecretCalculator,top_level,0,0,0,22,0,0,22,0,0,1,1,3,3,0,1,0,1,0,1,0,1,0,1,0,1,0,1,0,1,3,1,3,1,0,1,0,1
Signal-Android,2016-1,2017-1,org.thoughtcrime.redphone.crypto.zrtp.DHPacket,top_level,15,15,0,117,0,9,117,0,9,1,1,1,1,0,1,0,1,0,1,0,1,0,1,0,1,0,1,0,1,1,1,1,1,0,1,0,1
Signal-Android,2016-1,2017-1,org.thoughtcrime.redphone.crypto.zrtp.DHPartOnePacket,top_level,0,0,0,10,0,0,10,0,0,0,0,,,,0,,0,,0,,0,,0,,0,,0,,0,,0,,0,,0,,0
Signal-Android,2016-1,2017-1,org.thoughtcrime.redphone.crypto.zrtp.DHPartTwoPacket,top_level,1,1,0,11,0,1,11,0,1,0,0,,,,0,,0,,0,,0,,0,,0,,0,,0,,0,,0,,0,,0
Signal-Android,2016-1,2017-1,org.thoughtcrime.redphone.crypto.zrtp.EC25DHPartOnePacket,top_level,0,0,0,10,0,0,10,0,0,0,0,,,,0,,0,,0,,0,,0,,0,,0,,0,,0,,0,,0,,0
Signal-Android,2016-1,2017-1,org.thoughtcrime.redphone.crypto.zrtp.EC25DHPartTwoPacket,top_level,1,1,0,14,0,1,14,0,1,0,0,,,,0,,0,,0,,0,,0,,0,,0,,0,,0,,0,,0,,0
Signal-Android,2016-1,2017-1,org.thoughtcrime.redphone.crypto.zrtp.EC25SecretCalculator,top_level,0,0,0,28,0,0,28,0,0,1,1,5,5,0,1,0,1,0,1,0,1,0,1,0,1,0,1,0,1,5,1,5,1,0,1,0,1
Signal-Android,2016-1,2017-1,org.thoughtcrime.redphone.crypto.zrtp.HandshakePacket,top_level,25,25,0,114,0,16,114,0,16,1,1,3,3,0,1,0,1,0,1,0,1,0,1,0,1,0,1,0,1,3,1,3,1,0,1,0,1
Signal-Android,2016-1,2017-1,org.thoughtcrime.redphone.crypto.zrtp.HashChain,top_level,6,6,0,22,0,5,22,0,5,1,1,2,2,1,1,1,1,0,1,0,1,0,1,0,1,0,1,0,1,0,1,0,1,0,1,0,1
Signal-Android,2016-1,2017-1,org.thoughtcrime.redphone.crypto.zrtp.HelloAckPacket,top_level,1,1,0,6,0,1,6,0,1,0,0,,,,0,,0,,0,,0,,0,,0,,0,,0,,0,,0,,0,,0
Signal-Android,2016-1,2017-1,org.thoughtcrime.redphone.crypto.zrtp.HelloPacket,top_level,20,20,0,144,0,19,144,0,19,0,0,,,,0,,0,,0,,0,,0,,0,,0,,0,,0,,0,,0,,0
Signal-Android,2016-1,2017-1,org.thoughtcrime.redphone.crypto.zrtp.InvalidPacketException,top_level,1,1,0,8,0,1,8,0,1,0,0,,,,0,,0,,0,,0,,0,,0,,0,,0,,0,,0,,0,,0
Signal-Android,2016-1,2017-1,org.thoughtcrime.redphone.crypto.zrtp.MasterSecret,top_level,11,11,0,73,0,11,73,0,11,1,1,23,23,0,1,0,1,0,1,0,1,0,1,0,1,0,1,0,1,8,1,8,1,0,1,0,1
Signal-Android,2016-1,2017-1,org.thoughtcrime.redphone.crypto.zrtp.NegotiationFailedException,top_level,1,1,0,8,0,1,8,0,1,0,0,,,,0,,0,,0,,0,,0,,0,,0,,0,,0,,0,,0,,0
Signal-Android,2016-1,2017-1,org.thoughtcrime.redphone.crypto.zrtp.RecipientUnavailableException,top_level,1,1,0,9,0,1,9,0,1,0,0,,,,0,,0,,0,,0,,0,,0,,0,,0,,0,,0,,0,,0
Signal-Android,2016-1,2017-1,org.thoughtcrime.redphone.crypto.zrtp.RedPhoneClientId,top_level,2,2,0,21,0,2,21,0,2,0,0,,,,0,,0,,0,,0,,0,,0,,0,,0,,0,,0,,0,,0
Signal-Android,2016-1,2017-1,org.thoughtcrime.redphone.crypto.zrtp.SASCalculator,top_level,0,0,0,73,0,0,73,0,0,1,1,1,1,0,1,0,1,0,1,0,1,0,1,0,1,0,1,0,1,0,1,0,1,0,1,0,1
Signal-Android,2016-1,2017-1,org.thoughtcrime.redphone.crypto.zrtp.SASInfo,top_level,1,1,0,10,0,1,10,0,1,0,0,,,,0,,0,,0,,0,,0,,0,,0,,0,,0,,0,,0,,0
Signal-Android,2016-1,2017-1,org.thoughtcrime.redphone.crypto.zrtp.SecretCalculator,top_level,4,4,0,36,0,1,36,0,1,1,1,16,16,0,1,0,1,0,1,0,1,0,1,0,1,0,1,0,1,16,1,16,1,0,1,0,1
Signal-Android,2016-1,2017-1,org.thoughtcrime.redphone.crypto.zrtp.ZRTPInitiatorSocket,top_level,7,7,0,113,0,3,113,0,3,1,1,3,3,0,1,0,1,0,1,0,1,0,1,0,1,0,1,0,1,2,1,2,1,0,1,0,1
Signal-Android,2016-1,2017-1,org.thoughtcrime.redphone.crypto.zrtp.ZRTPResponderSocket,top_level,4,4,0,102,0,2,102,0,2,1,1,2,2,0,1,0,1,0,1,0,1,0,1,0,1,0,1,0,1,0,1,0,1,0,1,0,1
Signal-Android,2016-1,2017-1,org.thoughtcrime.redphone.crypto.zrtp.ZRTPSocket,top_level,52,52,0,185,0,13,185,0,13,1,1,42,42,0,1,0,1,0,1,0,1,0,1,0,1,0,1,0,1,29,1,29,1,1,1,1,1
Signal-Android,2016-1,2017-1,org.thoughtcrime.redphone.crypto.zrtp.retained.InitiatorRetainedSecretsCalculator,top_level,9,9,0,15,0,1,15,0,1,1,1,2,2,0,1,0,1,0,1,0,1,0,1,0,1,0,1,0,1,2,1,2,1,0,1,0,1
Signal-Android,2016-1,2017-1,org.thoughtcrime.redphone.crypto.zrtp.retained.ResponderRetainedSecretsCalculator,top_level,9,9,0,15,0,1,15,0,1,1,1,2,2,0,1,0,1,0,1,0,1,0,1,0,1,0,1,0,1,2,1,2,1,0,1,0,1
Signal-Android,2016-1,2017-1,org.thoughtcrime.redphone.crypto.zrtp.retained.RetainedSecrets,top_level,3,3,0,10,0,3,10,0,3,0,0,,,,0,,0,,0,,0,,0,,0,,0,,0,,0,,0,,0,,0
Signal-Android,2016-1,2017-1,org.thoughtcrime.redphone.crypto.zrtp.retained.RetainedSecretsCalculator,top_level,2,2,0,33,0,2,33,0,2,1,1,1,1,0,1,0,1,0,1,0,1,0,1,0,1,0,1,0,1,1,1,1,1,0,1,0,1
Signal-Android,2016-1,2017-1,org.thoughtcrime.redphone.crypto.zrtp.retained.RetainedSecretsDerivatives,top_level,3,3,0,10,0,3,10,0,3,0,0,,,,0,,0,,0,,0,,0,,0,,0,,0,,0,,0,,0,,0
Signal-Android,2016-1,2017-1,org.thoughtcrime.redphone.network.LowLatencySocketConnector,top_level,0,0,0,62,0,0,62,0,0,1,1,7,7,0,1,0,1,0,1,0,1,0,1,0,1,0,1,0,1,6,1,6,1,0,1,0,1
Signal-Android,2016-1,2017-1,org.thoughtcrime.redphone.network.RtpPacket,top_level,27,27,0,66,0,27,66,0,27,0,0,,,,0,,0,,0,,0,,0,,0,,0,,0,,0,,0,,0,,0
Signal-Android,2016-1,2017-1,org.thoughtcrime.redphone.network.RtpSocket,top_level,4,4,0,41,0,3,41,0,3,0,0,,,,0,,0,,0,,0,,0,,0,,0,,0,,0,,0,,0,,0
Signal-Android,2016-1,2017-1,org.thoughtcrime.redphone.pstn.CallStateView,top_level,1,1,0,2,0,1,2,0,1,0,0,,,,0,,0,,0,,0,,0,,0,,0,,0,,0,,0,,0,,0
Signal-Android,2016-1,2017-1,org.thoughtcrime.redphone.pstn.IncomingPstnCallListener,top_level,0,0,0,26,0,0,26,0,0,1,1,7,7,0,1,0,1,0,1,0,1,0,1,0,1,0,1,0,1,7,1,7,1,0,1,0,1
Signal-Android,2016-1,2017-1,org.thoughtcrime.redphone.signaling.LoginFailedException,top_level,1,1,0,9,0,1,9,0,1,0,0,,,,0,,0,,0,,0,,0,,0,,0,,0,,0,,0,,0,,0
Signal-Android,2016-1,2017-1,org.thoughtcrime.redphone.signaling.NetworkConnector,top_level,8,8,0,56,0,2,56,0,2,1,1,2,2,0,1,0,1,0,1,0,1,0,1,0,1,0,1,0,1,2,1,2,1,0,1,0,1
Signal-Android,2016-1,2017-1,org.thoughtcrime.redphone.signaling.NoSuchUserException,top_level,1,1,0,9,0,1,9,0,1,0,0,,,,0,,0,,0,,0,,0,,0,,0,,0,,0,,0,,0,,0
Signal-Android,2016-1,2017-1,org.thoughtcrime.redphone.signaling.OtpCounterProvider,top_level,1,1,0,6,0,0,6,0,0,0,0,,,,0,,0,,0,,0,,0,,0,,0,,0,,0,,0,,0,,0
Signal-Android,2016-1,2017-1,org.thoughtcrime.redphone.signaling.RedPhoneAccountAttributes,top_level,1,1,0,12,0,1,12,0,1,1,1,3,3,0,1,0,1,0,1,0,1,0,1,0,1,0,1,0,1,0,1,0,1,0,1,0,1
Signal-Android,2016-1,2017-1,org.thoughtcrime.redphone.signaling.RedPhoneAccountManager,top_level,0,0,0,50,0,0,50,0,0,1,1,8,8,0,1,0,1,0,1,0,1,0,1,0,1,0,1,0,1,8,1,8,1,0,1,0,1
Signal-Android,2016-1,2017-1,org.thoughtcrime.redphone.signaling.RedPhoneGcmId,top_level,1,1,0,6,0,1,6,0,1,1,1,1,1,0,1,0,1,0,1,0,1,0,1,0,1,0,1,0,1,0,1,0,1,0,1,0,1
Signal-Android,2016-1,2017-1,org.thoughtcrime.redphone.signaling.RedPhoneTrustStore,top_level,0,0,0,10,0,0,10,0,0,1,1,1,1,0,1,0,1,0,1,0,1,0,1,0,1,0,1,0,1,1,1,1,1,0,1,0,1
Signal-Android,2016-1,2017-1,org.thoughtcrime.redphone.signaling.ServerMessageException,top_level,1,1,0,9,0,1,9,0,1,0,0,,,,0,,0,,0,,0,,0,,0,,0,,0,,0,,0,,0,,0
Signal-Android,2016-1,2017-1,org.thoughtcrime.redphone.signaling.SessionDescriptor,top_level,3,3,0,46,0,3,46,0,3,0,0,,,,0,,0,,0,,0,,0,,0,,0,,0,,0,,0,,0,,0
Signal-Android,2016-1,2017-1,org.thoughtcrime.redphone.signaling.SessionInitiationFailureException,top_level,1,1,0,9,0,1,9,0,1,0,0,,,,0,,0,,0,,0,,0,,0,,0,,0,,0,,0,,0,,0
Signal-Android,2016-1,2017-1,org.thoughtcrime.redphone.signaling.SessionStaleException,top_level,1,1,0,9,0,1,9,0,1,0,0,,,,0,,0,,0,,0,,0,,0,,0,,0,,0,,0,,0,,0
Signal-Android,2016-1,2017-1,org.thoughtcrime.redphone.signaling.SignalReader,top_level,0,0,0,31,0,0,31,0,0,1,1,2,2,0,1,0,1,0,1,0,1,0,1,0,1,0,1,0,1,2,1,2,1,0,1,0,1
Signal-Android,2016-1,2017-1,org.thoughtcrime.redphone.signaling.SignalResponse,top_level,2,2,0,14,0,2,14,0,2,0,0,,,,0,,0,,0,,0,,0,,0,,0,,0,,0,,0,,0,,0
Signal-Android,2016-1,2017-1,org.thoughtcrime.redphone.signaling.SignalResponseReader,top_level,6,6,0,14,0,1,14,0,1,1,1,2,2,0,1,0,1,0,1,0,1,0,1,0,1,0,1,0,1,2,1,2,1,0,1,0,1
Signal-Android,2016-1,2017-1,org.thoughtcrime.redphone.signaling.SignalingException,top_level,1,1,0,9,0,1,9,0,1,0,0,,,,0,,0,,0,,0,,0,,0,,0,,0,,0,,0,,0,,0
Signal-Android,2016-1,2017-1,org.thoughtcrime.redphone.signaling.SignalingSocket,top_level,14,14,0,160,0,6,160,0,6,1,1,11,11,0,1,0,1,0,1,0,1,0,1,0,1,0,1,0,1,9,1,9,1,1,1,1,1
Signal-Android,2016-1,2017-1,org.thoughtcrime.redphone.signaling.UnauthorizedException,top_level,0,0,0,3,0,0,3,0,0,0,0,,,,0,,0,,0,,0,,0,,0,,0,,0,,0,,0,,0,,0
Signal-Android,2016-1,2017-1,org.thoughtcrime.redphone.signaling.signals.BusySignal,top_level,0,0,0,14,0,0,14,0,0,0,0,,,,0,,0,,0,,0,,0,,0,,0,,0,,0,,0,,0,,0
Signal-Android,2016-1,2017-1,org.thoughtcrime.redphone.signaling.signals.C2DMRegistrationSignal,top_level,0,0,0,14,0,0,14,0,0,0,0,,,,0,,0,,0,,0,,0,,0,,0,,0,,0,,0,,0,,0
Signal-Android,2016-1,2017-1,org.thoughtcrime.redphone.signaling.signals.C2DMUnregistrationSignal,top_level,0,0,0,12,0,0,12,0,0,0,0,,,,0,,0,,0,,0,,0,,0,,0,,0,,0,,0,,0,,0
Signal-Android,2016-1,2017-1,org.thoughtcrime.redphone.signaling.signals.CompressedInitiateSignalProtocol,top_level,1,1,0,494,0,1,494,0,1,1,1,31,31,0,1,0,1,0,1,0,1,0,1,0,1,0,1,0,1,25,1,25,1,1,1,1,1
Signal-Android,2016-1,2017-1,org.thoughtcrime.redphone.signaling.signals.HangupSignal,top_level,0,0,0,14,0,0,14,0,0,0,0,,,,0,,0,,0,,0,,0,,0,,0,,0,,0,,0,,0,,0
Signal-Android,2016-1,2017-1,org.thoughtcrime.redphone.signaling.signals.InitiateSignal,top_level,0,0,0,17,0,0,17,0,0,0,0,,,,0,,0,,0,,0,,0,,0,,0,,0,,0,,0,,0,,0
Signal-Android,2016-1,2017-1,org.thoughtcrime.redphone.signaling.signals.OpenPortSignal,top_level,1,1,0,14,0,1,14,0,1,0,0,,,,0,,0,,0,,0,,0,,0,,0,,0,,0,,0,,0,,0
Signal-Android,2016-1,2017-1,org.thoughtcrime.redphone.signaling.signals.RingingSignal,top_level,0,0,0,14,0,0,14,0,0,0,0,,,,0,,0,,0,,0,,0,,0,,0,,0,,0,,0,,0,,0
Signal-Android,2016-1,2017-1,org.thoughtcrime.redphone.signaling.signals.ServerSignal,top_level,4,4,0,21,0,4,21,0,4,1,1,1,1,0,1,0,1,0,1,0,1,0,1,0,1,0,1,0,1,0,1,0,1,0,1,0,1
Signal-Android,2016-1,2017-1,org.thoughtcrime.redphone.signaling.signals.Signal,top_level,0,0,0,41,0,0,41,0,0,0,0,,,,0,,0,,0,,0,,0,,0,,0,,0,,0,,0,,0,,0
Signal-Android,2016-1,2017-1,org.thoughtcrime.redphone.ui.CallCard,top_level,2,2,0,35,0,2,56,0,2,1,1,4,9,0,1,0,1,0,1,0,1,0,1,0,1,0,1,0,1,3,1,8,1,0,1,0,1
Signal-Android,2016-1,2017-1,org.thoughtcrime.redphone.ui.CallControls,top_level,10,10,0,114,0,9,114,0,9,1,1,7,7,0,1,0,1,0,1,0,1,0,1,0,1,0,1,0,1,6,1,6,1,0,1,0,1
Signal-Android,2016-1,2017-1,org.thoughtcrime.redphone.ui.CallScreen,top_level,3,3,0,40,0,3,40,0,3,1,1,3,3,0,1,0,1,0,1,0,1,0,1,0,1,0,1,0,1,3,1,3,1,0,1,0,1
Signal-Android,2016-1,2017-1,org.thoughtcrime.redphone.ui.InCallAudioButton,top_level,12,12,0,102,0,3,102,0,3,1,1,20,20,0,1,0,1,0,1,0,1,0,1,0,1,0,1,0,1,13,1,13,1,0,1,0,1
Signal-Android,2016-1,2017-1,org.thoughtcrime.redphone.ui.NotificationBarManager,top_level,0,0,0,38,0,0,37,0,0,1,1,3,3,0,1,0,1,0,1,0,1,0,1,0,1,0,1,0,1,2,1,2,1,0,1,0,1
Signal-Android,2016-1,2017-1,org.thoughtcrime.redphone.util.AudioUtils,top_level,0,0,0,35,0,0,35,0,0,1,1,8,8,0,1,0,1,0,1,0,1,0,1,0,1,0,1,0,1,7,1,7,1,0,1,0,1
Signal-Android,2016-1,2017-1,org.thoughtcrime.redphone.util.Conversions,top_level,27,27,0,129,0,0,129,0,0,1,1,7,7,0,1,0,1,0,1,0,1,0,1,0,1,0,1,0,1,4,1,4,1,0,1,0,1
Signal-Android,2016-1,2017-1,org.thoughtcrime.redphone.util.LineReader,top_level,14,14,0,59,0,4,59,0,4,1,1,1,1,0,1,0,1,0,1,0,1,0,1,0,1,0,1,0,1,0,1,0,1,0,1,0,1
Signal-Android,2016-1,2017-1,org.thoughtcrime.redphone.util.UncaughtExceptionHandlerManager,top_level,2,2,0,18,0,2,18,0,2,1,1,1,1,0,1,0,1,0,1,0,1,0,1,0,1,0,1,0,1,1,1,1,1,0,1,0,1
Signal-Android,2016-1,2017-1,org.thoughtcrime.redphone.util.Util,top_level,2,2,0,22,0,0,22,0,0,1,1,2,2,0,1,0,1,0,1,0,1,0,1,0,1,0,1,0,1,1,1,1,1,0,1,0,1
Signal-Android,2016-1,2017-1,org.thoughtcrime.redphone.util.multiwaveview.Ease,top_level,0,0,0,83,0,0,83,0,0,0,0,,,,0,,0,,0,,0,,0,,0,,0,,0,,0,,0,,0,,0
Signal-Android,2016-1,2017-1,org.thoughtcrime.redphone.util.multiwaveview.MultiWaveView,top_level,108,108,0,599,0,39,599,0,39,1,1,50,50,0,1,0,1,0,1,0,1,0,1,0,1,0,1,0,1,28,1,28,1,1,1,1,1
Signal-Android,2016-1,2017-1,org.thoughtcrime.redphone.util.multiwaveview.TargetDrawable,top_level,23,23,0,93,0,16,93,0,16,1,1,3,3,0,1,0,1,0,1,0,1,0,1,0,1,0,1,0,1,2,1,2,1,0,1,0,1
Signal-Android,2016-1,2017-1,org.thoughtcrime.redphone.util.multiwaveview.Tweener,top_level,3,3,0,99,0,0,99,0,0,1,1,18,18,0,1,0,1,0,1,0,1,0,1,0,1,0,1,0,1,11,1,11,1,0,1,0,1
Signal-Android,2016-1,2017-1,org.thoughtcrime.securesms.ApplicationContext,top_level,11,14,3,52,0,8,62,0,10,1,1,1,2,0,1,0,1,0,1,0,1,0,1,0,1,0,1,0,1,0,1,0,1,0,1,0,1
Signal-Android,2016-1,2017-1,org.thoughtcrime.securesms.ApplicationPreferencesActivity,top_level,4,4,0,133,0,3,138,0,3,1,1,12,13,0,1,0,1,0,1,0,1,0,1,0,1,0,1,0,1,9,1,10,1,0,1,0,1
Signal-Android,2016-1,2017-1,org.thoughtcrime.securesms.BaseActionBarActivity,top_level,10,10,0,45,0,4,45,0,4,1,1,6,6,0,1,0,1,0,1,0,1,0,1,0,1,0,1,0,1,6,1,6,1,0,1,0,1
Signal-Android,2016-1,2017-1,org.thoughtcrime.securesms.BaseActivity,top_level,1,1,0,14,0,0,14,0,0,0,0,,,,0,,0,,0,,0,,0,,0,,0,,0,,0,,0,,0,,0
Signal-Android,2016-1,2017-1,org.thoughtcrime.securesms.BasicIntroFragment,top_level,2,2,0,31,0,1,31,0,1,1,1,6,6,0,1,0,1,0,1,0,1,0,1,0,1,0,1,0,1,6,1,6,1,0,1,0,1
Signal-Android,2016-1,2017-1,org.thoughtcrime.securesms.BindableConversationItem,top_level,1,2,1,6,0,0,7,0,0,0,0,,,,0,,0,,0,,0,,0,,0,,0,,0,,0,,0,,0,,0
Signal-Android,2016-1,2017-1,org.thoughtcrime.securesms.BindableConversationListItem,top_level,1,1,0,3,0,0,3,0,0,0,0,,,,0,,0,,0,,0,,0,,0,,0,,0,,0,,0,,0,,0
Signal-Android,2016-1,2017-1,org.thoughtcrime.securesms.BlockedContactsActivity,top_level,2,2,0,66,0,2,66,0,2,1,1,6,6,0,1,0,1,0,1,0,1,0,1,0,1,0,1,0,1,6,1,6,1,0,1,0,1
Signal-Android,2016-1,2017-1,org.thoughtcrime.securesms.ConfirmIdentityDialog,top_level,1,1,0,116,0,1,119,0,1,1,1,10,10,0,1,0,1,0,1,0,1,0,1,0,1,0,1,0,1,4,1,4,1,0,1,0,1
Signal-Android,2016-1,2017-1,org.thoughtcrime.securesms.ContactSelectionActivity,top_level,6,6,0,72,0,6,74,0,6,1,1,8,10,0,1,0,1,0,1,0,1,0,1,0,1,0,1,0,1,8,1,10,1,0,1,0,1
Signal-Android,2016-1,2017-1,org.thoughtcrime.securesms.ContactSelectionListFragment,top_level,8,8,0,185,0,8,187,0,8,1,1,30,30,0,1,0,1,0,1,0,1,0,1,0,1,0,1,0,1,24,1,24,1,0,1,0,1
Signal-Android,2016-1,2017-1,org.thoughtcrime.securesms.ConversationActivity,top_level,117,123,6,1008,0,55,1128,0,58,1,1,142,153,0,1,0,1,0,1,0,1,0,1,0,1,0,1,0,1,117,1,127,1,1,1,1,1
Signal-Android,2016-1,2017-1,org.thoughtcrime.securesms.ConversationAdapter<V>,top_level,7,7,0,125,0,4,127,0,4,0,0,,,,0,,0,,0,,0,,0,,0,,0,,0,,0,,0,,0,,0
Signal-Android,2016-1,2017-1,org.thoughtcrime.securesms.ConversationFragment,top_level,11,11,0,272,0,6,303,0,6,1,1,67,78,0,1,0,1,0,1,0,1,0,1,0,1,0,1,0,1,65,1,74,1,0,1,1,1
Signal-Android,2016-1,2017-1,org.thoughtcrime.securesms.ConversationItem,top_level,15,15,0,371,0,8,424,0,8,1,1,25,40,0,1,0,1,0,1,0,1,0,1,0,1,0,1,0,1,21,1,36,1,0,1,0,1
Signal-Android,2016-1,2017-1,org.thoughtcrime.securesms.ConversationListActivity,top_level,13,14,1,128,0,12,131,0,12,1,1,11,12,0,1,0,1,0,1,0,1,0,1,0,1,0,1,0,1,10,1,11,1,0,1,0,1
Signal-Android,2016-1,2017-1,org.thoughtcrime.securesms.ConversationListAdapter,top_level,9,9,0,104,0,5,104,0,5,1,1,7,7,0,1,0,1,0,1,0,1,0,1,0,1,0,1,0,1,7,1,7,1,0,1,0,1
Signal-Android,2016-1,2017-1,org.thoughtcrime.securesms.ConversationListArchiveActivity,top_level,3,3,0,38,0,3,38,0,3,1,1,1,1,0,1,0,1,0,1,0,1,0,1,0,1,0,1,0,1,1,1,1,1,0,1,0,1
Signal-Android,2016-1,2017-1,org.thoughtcrime.securesms.ConversationListFragment,top_level,10,10,0,296,0,8,297,0,8,1,1,79,79,0,1,0,1,0,1,0,1,0,1,0,1,0,1,0,1,70,1,70,1,0,1,0,1
Signal-Android,2016-1,2017-1,org.thoughtcrime.securesms.ConversationListItem,top_level,7,7,0,152,0,6,152,0,6,1,1,7,7,0,1,0,1,0,1,0,1,0,1,0,1,0,1,0,1,6,1,6,1,0,1,0,1
Signal-Android,2016-1,2017-1,org.thoughtcrime.securesms.ConversationListItemAction,top_level,2,2,0,18,0,2,18,0,2,1,1,1,1,0,1,0,1,0,1,0,1,0,1,0,1,0,1,0,1,1,1,1,1,0,1,0,1
Signal-Android,2016-1,2017-1,org.thoughtcrime.securesms.ConversationPopupActivity,top_level,7,7,0,71,0,6,71,0,6,1,1,15,15,0,1,0,1,0,1,0,1,0,1,0,1,0,1,0,1,14,1,14,1,0,1,0,1
Signal-Android,2016-1,2017-1,org.thoughtcrime.securesms.ConversationTitleView,top_level,2,2,0,51,0,2,51,0,2,1,1,5,5,0,1,0,1,0,1,0,1,0,1,0,1,0,1,0,1,5,1,5,1,0,1,0,1
Signal-Android,2016-1,2017-1,org.thoughtcrime.securesms.ConversationUpdateItem,top_level,3,3,0,73,0,2,124,0,2,1,1,4,3,0,1,0,1,0,1,0,1,0,1,0,1,0,1,0,1,4,1,3,1,0,1,0,1
Signal-Android,2016-1,2017-1,org.thoughtcrime.securesms.CountrySelectionActivity,top_level,0,0,0,13,0,0,13,0,0,1,1,2,2,0,1,0,1,0,1,0,1,0,1,0,1,0,1,0,1,2,1,2,1,0,1,0,1
Signal-Android,2016-1,2017-1,org.thoughtcrime.securesms.CountrySelectionFragment,top_level,0,0,0,47,0,0,47,0,0,1,1,4,4,0,1,0,1,0,1,0,1,0,1,0,1,0,1,0,1,4,1,4,1,0,1,0,1
Signal-Android,2016-1,2017-1,org.thoughtcrime.securesms.DatabaseMigrationActivity,top_level,13,13,0,112,0,11,112,0,11,1,1,7,7,0,1,0,1,0,1,0,1,0,1,0,1,0,1,0,1,4,1,4,1,0,1,0,1
Signal-Android,2016-1,2017-1,org.thoughtcrime.securesms.DatabaseUpgradeActivity,top_level,4,4,0,168,0,1,168,0,1,1,1,21,21,0,1,0,1,0,1,0,1,0,1,0,1,0,1,0,1,13,1,13,1,0,1,0,1
Signal-Android,2016-1,2017-1,org.thoughtcrime.securesms.DeviceActivity,top_level,2,2,0,131,0,2,132,0,2,1,1,32,32,0,1,0,1,0,1,0,1,0,1,0,1,0,1,0,1,28,1,28,1,0,1,0,1
Signal-Android,2016-1,2017-1,org.thoughtcrime.securesms.DeviceAddFragment,top_level,3,2,-1,116,0,3,59,0,2,1,1,15,6,0,1,0,1,0,1,0,1,0,1,0,1,0,1,0,1,11,1,4,1,0,1,0,1
Signal-Android,2016-1,2017-1,org.thoughtcrime.securesms.DeviceLinkFragment,top_level,0,0,0,28,0,0,28,0,0,1,1,2,2,0,1,0,1,0,1,0,1,0,1,0,1,0,1,0,1,2,1,2,1,0,1,0,1
Signal-Android,2016-1,2017-1,org.thoughtcrime.securesms.DeviceListFragment,top_level,2,2,0,112,0,2,121,0,2,1,1,15,18,0,1,0,1,0,1,0,1,0,1,0,1,0,1,0,1,13,1,16,1,0,1,0,1
Signal-Android,2016-1,2017-1,org.thoughtcrime.securesms.DeviceListItem,top_level,2,2,0,31,0,2,31,0,2,1,1,3,3,0,1,0,1,0,1,0,1,0,1,0,1,0,1,0,1,3,1,3,1,0,1,0,1
Signal-Android,2016-1,2017-1,org.thoughtcrime.securesms.DeviceProvisioningActivity,top_level,1,1,0,33,0,1,33,0,1,1,1,2,2,0,1,0,1,0,1,0,1,0,1,0,1,0,1,0,1,2,1,2,1,0,1,0,1
Signal-Android,2016-1,2017-1,org.thoughtcrime.securesms.DummyActivity,top_level,0,0,0,5,0,0,5,0,0,0,0,,,,0,,0,,0,,0,,0,,0,,0,,0,,0,,0,,0,,0
Signal-Android,2016-1,2017-1,org.thoughtcrime.securesms.ExperienceUpgradeActivity,top_level,0,0,0,120,0,0,120,0,0,1,1,28,28,0,1,0,1,0,1,0,1,0,1,0,1,0,1,0,1,28,1,28,1,0,1,0,1
Signal-Android,2016-1,2017-1,org.thoughtcrime.securesms.ExportFragment,top_level,1,1,0,71,0,1,71,0,1,1,1,10,10,0,1,0,1,0,1,0,1,0,1,0,1,0,1,0,1,10,1,10,1,0,1,0,1
Signal-Android,2016-1,2017-1,org.thoughtcrime.securesms.GroupCreateActivity,top_level,17,17,0,370,0,10,373,0,10,1,1,69,69,0,1,0,1,0,1,0,1,0,1,0,1,0,1,0,1,60,1,60,1,0,1,0,1
Signal-Android,2016-1,2017-1,org.thoughtcrime.securesms.GroupMembersDialog,top_level,3,3,0,76,0,2,76,0,2,1,1,4,4,0,1,0,1,0,1,0,1,0,1,0,1,0,1,0,1,4,1,4,1,0,1,0,1
Signal-Android,2016-1,2017-1,org.thoughtcrime.securesms.ImageMediaAdapter,top_level,0,0,0,39,0,0,43,0,0,1,1,5,7,0,1,0,1,0,1,0,1,0,1,0,1,0,1,0,1,5,1,6,1,0,1,0,1
Signal-Android,2016-1,2017-1,org.thoughtcrime.securesms.ImportExportActivity,top_level,5,5,0,68,0,5,68,0,5,1,1,12,12,0,1,0,1,0,1,0,1,0,1,0,1,0,1,0,1,11,1,11,1,0,1,0,1
Signal-Android,2016-1,2017-1,org.thoughtcrime.securesms.ImportFragment,top_level,6,6,0,162,0,4,162,0,4,1,1,28,28,0,1,0,1,0,1,0,1,0,1,0,1,0,1,0,1,28,1,28,1,0,1,0,1
Signal-Android,2016-1,2017-1,org.thoughtcrime.securesms.IntroPagerAdapter,top_level,1,1,0,18,0,1,18,0,1,1,1,1,1,0,1,0,1,0,1,0,1,0,1,0,1,0,1,0,1,0,1,0,1,0,1,0,1
Signal-Android,2016-1,2017-1,org.thoughtcrime.securesms.InviteActivity,top_level,7,7,0,156,0,5,159,0,5,1,1,28,31,0,1,0,1,0,1,0,1,0,1,0,1,0,1,0,1,23,1,26,1,0,1,0,1
Signal-Android,2016-1,2017-1,org.thoughtcrime.securesms.LogSubmitActivity,top_level,4,4,0,33,0,4,43,0,4,1,1,7,8,0,1,0,1,0,1,0,1,0,1,0,1,0,1,0,1,6,1,7,1,0,1,0,1
Signal-Android,2016-1,2017-1,org.thoughtcrime.securesms.MasterSecretListener,top_level,1,1,0,2,0,1,2,0,1,0,0,,,,0,,0,,0,,0,,0,,0,,0,,0,,0,,0,,0,,0
Signal-Android,2016-1,2017-1,org.thoughtcrime.securesms.MediaOverviewActivity,top_level,9,12,3,87,0,6,125,0,7,1,1,14,25,0,1,0,1,0,1,0,1,0,1,0,1,0,1,0,1,12,1,22,1,0,1,0,1
Signal-Android,2016-1,2017-1,org.thoughtcrime.securesms.MediaPreviewActivity,top_level,18,23,5,105,0,9,135,0,11,1,1,13,17,0,1,0,1,0,1,0,1,0,1,0,1,0,1,0,1,12,1,16,1,0,1,0,1
Signal-Android,2016-1,2017-1,org.thoughtcrime.securesms.MessageDetailsActivity,top_level,5,6,1,202,0,5,231,0,6,1,1,32,34,0,1,0,1,0,1,0,1,0,1,0,1,0,1,0,1,25,1,27,1,0,1,0,1
Signal-Android,2016-1,2017-1,org.thoughtcrime.securesms.MessageDetailsRecipientAdapter,top_level,2,2,0,33,0,2,33,0,2,1,1,6,6,0,1,0,1,0,1,0,1,0,1,0,1,0,1,0,1,6,1,6,1,0,1,0,1
Signal-Android,2016-1,2017-1,org.thoughtcrime.securesms.MessageRecipientListItem,top_level,3,3,0,100,0,2,101,0,2,1,1,3,3,0,1,0,1,0,1,0,1,0,1,0,1,0,1,0,1,3,1,3,1,0,1,0,1
Signal-Android,2016-1,2017-1,org.thoughtcrime.securesms.MuteDialog,top_level,0,0,0,26,0,0,26,0,0,1,1,6,6,0,1,0,1,0,1,0,1,0,1,0,1,0,1,0,1,6,1,6,1,0,1,0,1
Signal-Android,2016-1,2017-1,org.thoughtcrime.securesms.NewConversationActivity,top_level,1,3,2,36,0,1,41,0,3,1,1,7,6,0,1,0,1,0,1,0,1,0,1,0,1,0,1,0,1,7,1,6,1,0,1,0,1
Signal-Android,2016-1,2017-1,org.thoughtcrime.securesms.PassphraseActivity,top_level,1,1,0,24,0,1,29,0,1,1,1,4,4,0,1,0,1,0,1,0,1,0,1,0,1,0,1,0,1,3,1,3,1,0,1,0,1
Signal-Android,2016-1,2017-1,org.thoughtcrime.securesms.PassphraseChangeActivity,top_level,11,11,0,90,0,4,88,0,4,1,1,11,8,0,1,0,1,0,1,0,1,0,1,0,1,0,1,0,1,8,1,5,1,0,1,0,1
Signal-Android,2016-1,2017-1,org.thoughtcrime.securesms.PassphraseCreateActivity,top_level,3,3,0,32,0,3,32,0,3,1,1,2,2,0,1,0,1,0,1,0,1,0,1,0,1,0,1,0,1,2,1,2,1,0,1,0,1
Signal-Android,2016-1,2017-1,org.thoughtcrime.securesms.PassphrasePromptActivity,top_level,9,9,0,106,0,6,106,0,6,1,1,7,6,0,1,0,1,0,1,0,1,0,1,0,1,0,1,0,1,5,1,4,1,0,1,0,1
Signal-Android,2016-1,2017-1,org.thoughtcrime.securesms.PassphraseRequiredActionBarActivity,top_level,7,9,2,133,0,6,136,0,6,1,1,4,4,0,1,0,1,0,1,0,1,0,1,0,1,0,1,0,1,3,1,3,1,0,1,0,1
Signal-Android,2016-1,2017-1,org.thoughtcrime.securesms.PlayServicesProblemActivity,top_level,0,0,0,6,0,0,6,0,0,0,0,,,,0,,0,,0,,0,,0,,0,,0,,0,,0,,0,,0,,0
Signal-Android,2016-1,2017-1,org.thoughtcrime.securesms.PlayServicesProblemFragment,top_level,2,2,0,23,0,1,23,0,1,1,1,1,1,0,1,0,1,0,1,0,1,0,1,0,1,0,1,0,1,1,1,1,1,0,1,0,1
Signal-Android,2016-1,2017-1,org.thoughtcrime.securesms.PromptMmsActivity,top_level,1,1,0,23,0,1,23,0,1,1,1,5,5,0,1,0,1,0,1,0,1,0,1,0,1,0,1,0,1,3,1,3,1,0,1,0,1
Signal-Android,2016-1,2017-1,org.thoughtcrime.securesms.PushContactSelectionActivity,top_level,0,0,0,17,0,0,17,0,0,1,1,2,2,0,1,0,1,0,1,0,1,0,1,0,1,0,1,0,1,2,1,2,1,0,1,0,1
Signal-Android,2016-1,2017-1,org.thoughtcrime.securesms.RecipientPreferenceActivity,top_level,3,5,2,261,0,3,321,0,5,1,1,33,43,0,1,0,1,0,1,0,1,0,1,0,1,0,1,0,1,26,1,35,1,0,1,0,1
Signal-Android,2016-1,2017-1,org.thoughtcrime.securesms.RegistrationActivity,top_level,10,10,0,175,0,4,188,0,4,1,1,19,19,0,1,0,1,0,1,0,1,0,1,0,1,0,1,0,1,17,1,17,1,0,1,0,1
Signal-Android,2016-1,2017-1,org.thoughtcrime.securesms.RegistrationProgressActivity,top_level,24,24,0,439,0,19,439,0,19,1,1,25,25,0,1,0,1,0,1,0,1,0,1,0,1,0,1,0,1,11,1,11,1,0,1,0,1
Signal-Android,2016-1,2017-1,org.thoughtcrime.securesms.ShareActivity,top_level,10,10,0,115,0,5,126,0,5,1,1,14,13,0,1,0,1,0,1,0,1,0,1,0,1,0,1,0,1,13,1,11,1,0,1,0,1
Signal-Android,2016-1,2017-1,org.thoughtcrime.securesms.ShareFragment,top_level,1,1,0,42,0,1,42,0,1,1,1,6,6,0,1,0,1,0,1,0,1,0,1,0,1,0,1,0,1,6,1,6,1,0,1,0,1
Signal-Android,2016-1,2017-1,org.thoughtcrime.securesms.ShareListAdapter,top_level,0,0,0,24,0,0,24,0,0,1,1,2,2,0,1,0,1,0,1,0,1,0,1,0,1,0,1,0,1,1,1,1,1,0,1,0,1
Signal-Android,2016-1,2017-1,org.thoughtcrime.securesms.ShareListItem,top_level,6,6,0,49,0,5,49,0,5,1,1,3,3,0,1,0,1,0,1,0,1,0,1,0,1,0,1,0,1,2,1,2,1,0,1,0,1
Signal-Android,2016-1,2017-1,org.thoughtcrime.securesms.SmsSendtoActivity,top_level,0,0,0,57,0,0,57,0,0,1,1,9,9,0,1,0,1,0,1,0,1,0,1,0,1,0,1,0,1,9,1,9,1,0,1,0,1
Signal-Android,2016-1,2017-1,org.thoughtcrime.securesms.TextSecureExpiredException,top_level,0,0,0,3,0,0,3,0,0,0,0,,,,0,,0,,0,,0,,0,,0,,0,,0,,0,,0,,0,,0
Signal-Android,2016-1,2017-1,org.thoughtcrime.securesms.TextSecureTestCase,top_level,1,1,0,6,0,1,6,0,1,1,1,4,4,0,1,0,1,0,1,0,1,0,1,0,1,0,1,0,1,4,1,4,1,0,1,0,1
Signal-Android,2016-1,2017-1,org.thoughtcrime.securesms.TransportOption,top_level,5,5,0,38,0,5,58,0,5,1,0,6,,0,1,,0,0,1,,0,0,1,,0,0,1,,0,0,1,,0,0,1,,0
Signal-Android,2016-1,2017-1,org.thoughtcrime.securesms.TransportOptions,top_level,6,7,1,75,0,4,103,0,4,1,1,7,7,0,1,0,1,0,1,0,1,0,1,0,1,0,1,0,1,7,1,7,1,0,1,0,1
Signal-Android,2016-1,2017-1,org.thoughtcrime.securesms.TransportOptionsAdapter,top_level,2,2,0,30,0,2,36,0,2,1,1,9,10,0,1,0,1,0,1,0,1,0,1,0,1,0,1,0,1,9,1,10,1,0,1,0,1
Signal-Android,2016-1,2017-1,org.thoughtcrime.securesms.TransportOptionsPopup,top_level,0,0,0,24,0,0,24,0,0,0,0,,,,0,,0,,0,,0,,0,,0,,0,,0,,0,,0,,0,,0
Signal-Android,2016-1,2017-1,org.thoughtcrime.securesms.Unbindable,top_level,1,1,0,2,0,1,2,0,1,0,0,,,,0,,0,,0,,0,,0,,0,,0,,0,,0,,0,,0,,0
Signal-Android,2016-1,2017-1,org.thoughtcrime.securesms.VerifyIdentityActivity,top_level,8,3,-5,78,0,4,299,0,2,1,1,8,45,0,1,0,1,0,1,0,1,0,1,0,1,0,1,0,1,8,1,41,1,0,1,0,1
Signal-Android,2016-1,2017-1,org.thoughtcrime.securesms.attachments.Attachment,top_level,3,3,0,49,0,3,42,0,3,1,1,1,1,1,1,1,1,0,1,0,1,0,1,0,1,0,1,0,1,0,1,0,1,0,1,0,1
Signal-Android,2016-1,2017-1,org.thoughtcrime.securesms.attachments.AttachmentId,top_level,5,5,0,26,0,5,26,0,5,0,0,,,,0,,0,,0,,0,,0,,0,,0,,0,,0,,0,,0,,0
Signal-Android,2016-1,2017-1,org.thoughtcrime.securesms.attachments.DatabaseAttachment,top_level,3,4,1,33,0,3,44,0,4,0,1,,1,,0,0,1,,0,0,1,,0,1,1,,0,0,1,,0,0,1,,0,0,1
Signal-Android,2016-1,2017-1,org.thoughtcrime.securesms.attachments.PointerAttachment,top_level,0,0,0,24,0,0,24,0,0,1,1,6,6,0,1,0,1,0,1,0,1,0,1,0,1,0,1,0,1,6,1,6,1,0,1,0,1
Signal-Android,2016-1,2017-1,org.thoughtcrime.securesms.attachments.UriAttachment,top_level,1,1,0,24,0,1,24,0,1,0,0,,,,0,,0,,0,,0,,0,,0,,0,,0,,0,,0,,0,,0
Signal-Android,2016-1,2017-1,org.thoughtcrime.securesms.audio.AudioCodec,top_level,7,7,0,120,0,5,120,0,5,1,1,9,9,0,1,0,1,0,1,0,1,0,1,0,1,0,1,0,1,7,1,7,1,0,1,0,1
Signal-Android,2016-1,2017-1,org.thoughtcrime.securesms.audio.AudioRecorder,top_level,1,1,0,61,0,1,63,0,1,1,1,1,1,0,1,0,1,0,1,0,1,0,1,0,1,0,1,0,1,1,1,1,1,0,1,0,1
Signal-Android,2016-1,2017-1,org.thoughtcrime.securesms.audio.AudioSlidePlayer,top_level,21,21,0,152,0,7,152,0,7,1,1,13,13,0,1,0,1,0,1,0,1,0,1,0,1,0,1,0,1,13,1,13,1,0,1,0,1
Signal-Android,2016-1,2017-1,org.thoughtcrime.securesms.color.MaterialColor,top_level,0,0,0,80,0,0,82,0,0,1,1,18,18,0,1,0,1,0,1,0,1,0,1,0,1,0,1,0,1,18,1,18,1,0,1,0,1
Signal-Android,2016-1,2017-1,org.thoughtcrime.securesms.color.MaterialColors,top_level,0,0,0,37,0,0,37,0,0,0,0,,,,0,,0,,0,,0,,0,,0,,0,,0,,0,,0,,0,,0
Signal-Android,2016-1,2017-1,org.thoughtcrime.securesms.components.AlertView,top_level,3,3,0,33,0,3,33,0,3,1,1,4,4,0,1,0,1,0,1,0,1,0,1,0,1,0,1,0,1,4,1,4,1,0,1,0,1
Signal-Android,2016-1,2017-1,org.thoughtcrime.securesms.components.AnimatingToggle,top_level,0,0,0,33,0,0,33,0,0,0,0,,,,0,,0,,0,,0,,0,,0,,0,,0,,0,,0,,0,,0
Signal-Android,2016-1,2017-1,org.thoughtcrime.securesms.components.AttachmentTypeSelector,top_level,3,3,0,158,0,2,171,0,2,1,1,16,14,0,1,0,1,0,1,0,1,0,1,0,1,0,1,0,1,16,1,14,1,0,1,0,1
Signal-Android,2016-1,2017-1,org.thoughtcrime.securesms.components.AudioView,top_level,17,24,7,143,0,8,174,0,10,1,1,6,12,0,1,0,1,0,1,0,1,0,1,0,1,0,1,0,1,6,1,10,1,0,1,0,1
Signal-Android,2016-1,2017-1,org.thoughtcrime.securesms.components.AvatarImageView,top_level,0,0,0,38,0,0,38,0,0,1,1,7,7,0,1,0,1,0,1,0,1,0,1,0,1,0,1,0,1,7,1,7,1,0,1,0,1
Signal-Android,2016-1,2017-1,org.thoughtcrime.securesms.components.BubbleDrawableBuilder,top_level,10,10,0,43,0,6,43,0,6,1,1,2,2,0,1,0,1,0,1,0,1,0,1,0,1,0,1,0,1,2,1,2,1,0,1,0,1
Signal-Android,2016-1,2017-1,org.thoughtcrime.securesms.components.CircleColorImageView,top_level,0,0,0,15,0,0,15,0,0,0,0,,,,0,,0,,0,,0,,0,,0,,0,,0,,0,,0,,0,,0
Signal-Android,2016-1,2017-1,org.thoughtcrime.securesms.components.ComposeText,top_level,3,4,1,46,0,2,91,0,2,1,1,5,11,0,1,0,1,0,1,0,1,0,1,0,1,0,1,0,1,5,1,10,1,0,1,0,1
Signal-Android,2016-1,2017-1,org.thoughtcrime.securesms.components.ContactFilterToolbar,top_level,7,4,-3,99,0,5,88,0,3,1,1,10,10,0,1,0,1,0,1,0,1,0,1,0,1,0,1,0,1,5,1,5,1,0,1,0,1
Signal-Android,2016-1,2017-1,org.thoughtcrime.securesms.components.CustomDefaultPreference,top_level,7,7,0,124,0,4,124,0,4,1,1,5,5,0,1,0,1,0,1,0,1,0,1,0,1,0,1,0,1,5,1,5,1,0,1,0,1
Signal-Android,2016-1,2017-1,org.thoughtcrime.securesms.components.DeliveryStatusView,top_level,4,4,0,47,0,4,47,0,4,0,0,,,,0,,0,,0,,0,,0,,0,,0,,0,,0,,0,,0,,0
Signal-Android,2016-1,2017-1,org.thoughtcrime.securesms.components.FromTextView,top_level,0,0,0,35,0,0,35,0,0,1,1,4,4,0,1,0,1,0,1,0,1,0,1,0,1,0,1,0,1,4,1,4,1,0,1,0,1
Signal-Android,2016-1,2017-1,org.thoughtcrime.securesms.components.HidingLinearLayout,top_level,7,7,0,39,0,3,39,0,3,0,0,,,,0,,0,,0,,0,,0,,0,,0,,0,,0,,0,,0,,0
Signal-Android,2016-1,2017-1,org.thoughtcrime.securesms.components.ImageDivet,top_level,6,6,0,62,0,5,62,0,5,1,1,5,5,0,1,0,1,0,1,0,1,0,1,0,1,0,1,0,1,5,1,5,1,0,1,0,1
Signal-Android,2016-1,2017-1,org.thoughtcrime.securesms.components.InputAwareLayout,top_level,5,5,0,51,0,4,51,0,4,1,1,2,2,0,1,0,1,0,1,0,1,0,1,0,1,0,1,0,1,2,1,2,1,0,1,0,1
Signal-Android,2016-1,2017-1,org.thoughtcrime.securesms.components.InputPanel,top_level,16,18,2,182,0,9,189,0,10,1,1,7,7,0,1,0,1,0,1,0,1,0,1,0,1,0,1,0,1,7,1,7,1,0,1,0,1
Signal-Android,2016-1,2017-1,org.thoughtcrime.securesms.components.KeyboardAwareLinearLayout,top_level,34,34,0,129,0,19,129,0,19,1,1,15,15,0,1,0,1,0,1,0,1,0,1,0,1,0,1,0,1,14,1,14,1,0,1,0,1
Signal-Android,2016-1,2017-1,org.thoughtcrime.securesms.components.MicrophoneRecorderView,top_level,5,5,0,110,0,3,110,0,3,1,1,2,2,0,1,0,1,0,1,0,1,0,1,0,1,0,1,0,1,1,1,1,1,0,1,0,1
Signal-Android,2016-1,2017-1,org.thoughtcrime.securesms.components.PushRecipientsPanel,top_level,6,6,0,75,0,4,75,0,4,1,1,7,7,0,1,0,1,0,1,0,1,0,1,0,1,0,1,0,1,7,1,7,1,0,1,0,1
Signal-Android,2016-1,2017-1,org.thoughtcrime.securesms.components.RatingManager,top_level,0,0,0,45,0,0,49,0,0,1,1,5,6,0,1,0,1,0,1,0,1,0,1,0,1,0,1,0,1,4,1,5,1,0,1,0,1
Signal-Android,2016-1,2017-1,org.thoughtcrime.securesms.components.RecyclerViewFastScroller,top_level,14,14,0,129,0,6,130,0,6,1,1,5,5,0,1,0,1,0,1,0,1,0,1,0,1,0,1,0,1,4,1,4,1,0,1,0,1
Signal-Android,2016-1,2017-1,org.thoughtcrime.securesms.components.RepeatableImageKey,top_level,4,4,0,56,0,3,56,0,3,1,1,1,1,0,1,0,1,0,1,0,1,0,1,0,1,0,1,0,1,0,1,0,1,0,1,0,1
Signal-Android,2016-1,2017-1,org.thoughtcrime.securesms.components.SendButton,top_level,2,2,0,56,0,2,58,0,2,1,1,3,3,0,1,0,1,0,1,0,1,0,1,0,1,0,1,0,1,3,1,3,1,0,1,0,1
Signal-Android,2016-1,2017-1,org.thoughtcrime.securesms.components.ShapeScrim,top_level,3,3,0,56,0,1,56,0,1,0,0,,,,0,,0,,0,,0,,0,,0,,0,,0,,0,,0,,0,,0
Signal-Android,2016-1,2017-1,org.thoughtcrime.securesms.components.SingleRecipientPanel,top_level,6,6,0,79,0,5,79,0,5,1,1,6,6,0,1,0,1,0,1,0,1,0,1,0,1,0,1,0,1,6,1,6,1,0,1,0,1
Signal-Android,2016-1,2017-1,org.thoughtcrime.securesms.components.SquareFrameLayout,top_level,1,2,1,16,0,1,21,0,1,0,0,,,,0,,0,,0,,0,,0,,0,,0,,0,,0,,0,,0,,0
Signal-Android,2016-1,2017-1,org.thoughtcrime.securesms.components.SquareLinearLayout,top_level,1,1,0,16,0,1,16,0,1,0,0,,,,0,,0,,0,,0,,0,,0,,0,,0,,0,,0,,0,,0
Signal-Android,2016-1,2017-1,org.thoughtcrime.securesms.components.SwitchPreferenceCompat,top_level,1,1,0,16,0,1,16,0,1,0,0,,,,0,,0,,0,,0,,0,,0,,0,,0,,0,,0,,0,,0
Signal-Android,2016-1,2017-1,org.thoughtcrime.securesms.components.ThumbnailView,top_level,10,10,0,106,0,6,118,0,6,1,1,16,18,0,1,0,1,0,1,0,1,0,1,0,1,0,1,0,1,16,1,17,1,0,1,0,1
Signal-Android,2016-1,2017-1,org.thoughtcrime.securesms.components.TransferControlView,top_level,8,8,0,101,0,6,101,0,6,1,1,6,6,0,1,0,1,0,1,0,1,0,1,0,1,0,1,0,1,6,1,6,1,0,1,0,1
Signal-Android,2016-1,2017-1,org.thoughtcrime.securesms.components.ZoomingImageView,top_level,0,1,1,18,0,0,61,0,1,1,1,1,1,0,1,0,1,0,1,0,1,0,1,0,1,0,1,0,1,0,1,0,1,0,1,0,1
Signal-Android,2016-1,2017-1,org.thoughtcrime.securesms.components.camera.CameraSurfaceView,top_level,1,1,0,17,0,1,17,0,1,0,0,,,,0,,0,,0,,0,,0,,0,,0,,0,,0,,0,,0,,0
Signal-Android,2016-1,2017-1,org.thoughtcrime.securesms.components.camera.CameraUtils,top_level,0,0,0,57,0,0,57,0,0,1,1,6,6,0,1,0,1,0,1,0,1,0,1,0,1,0,1,0,1,4,1,4,1,0,1,0,1
Signal-Android,2016-1,2017-1,org.thoughtcrime.securesms.components.camera.CameraView,top_level,33,33,0,385,0,15,385,0,15,1,1,42,42,1,1,1,1,0,1,0,1,0,1,0,1,0,1,0,1,31,1,31,1,1,1,1,1
Signal-Android,2016-1,2017-1,org.thoughtcrime.securesms.components.camera.QuickAttachmentDrawer,top_level,69,69,0,374,0,28,374,0,28,1,1,25,25,0,1,0,1,0,1,0,1,0,1,0,1,0,1,0,1,16,1,16,1,1,1,1,1
Signal-Android,2016-1,2017-1,org.thoughtcrime.securesms.components.emoji.AnimatingImageSpan,top_level,0,0,0,4,0,0,4,0,0,0,0,,,,0,,0,,0,,0,,0,,0,,0,,0,,0,,0,,0,,0
Signal-Android,2016-1,2017-1,org.thoughtcrime.securesms.components.emoji.EmojiDrawer,top_level,12,12,0,104,0,8,111,0,8,1,1,7,7,0,1,0,1,0,1,0,1,0,1,0,1,0,1,0,1,4,1,4,1,0,1,0,1
Signal-Android,2016-1,2017-1,org.thoughtcrime.securesms.components.emoji.EmojiEditText,top_level,0,0,0,18,0,0,28,0,0,1,1,1,1,0,1,0,1,0,1,0,1,0,1,0,1,0,1,0,1,1,1,1,1,0,1,0,1
Signal-Android,2016-1,2017-1,org.thoughtcrime.securesms.components.emoji.EmojiFilter,top_level,0,0,0,12,0,0,12,0,0,1,1,1,1,0,1,0,1,0,1,0,1,0,1,0,1,0,1,0,1,0,1,0,1,0,1,0,1
Signal-Android,2016-1,2017-1,org.thoughtcrime.securesms.components.emoji.EmojiPageModel,top_level,5,5,0,6,0,3,6,0,3,0,0,,,,0,,0,,0,,0,,0,,0,,0,,0,,0,,0,,0,,0
Signal-Android,2016-1,2017-1,org.thoughtcrime.securesms.components.emoji.EmojiPageView,top_level,5,5,0,57,0,2,57,0,2,1,1,4,4,0,1,0,1,0,1,0,1,0,1,0,1,0,1,0,1,3,1,3,1,0,1,0,1
Signal-Android,2016-1,2017-1,org.thoughtcrime.securesms.components.emoji.EmojiPages,top_level,0,0,0,156,0,0,42,0,0,0,0,,,,0,,0,,0,,0,,0,,0,,0,,0,,0,,0,,0,,0
Signal-Android,2016-1,2017-1,org.thoughtcrime.securesms.components.emoji.EmojiProvider,top_level,0,0,0,152,0,0,93,0,0,1,1,6,2,0,1,0,1,0,1,0,1,0,1,0,1,0,1,0,1,2,1,0,1,0,1,0,1
Signal-Android,2016-1,2017-1,org.thoughtcrime.securesms.components.emoji.EmojiSpan,top_level,0,0,0,19,0,0,19,0,0,0,0,,,,0,,0,,0,,0,,0,,0,,0,,0,,0,,0,,0,,0
Signal-Android,2016-1,2017-1,org.thoughtcrime.securesms.components.emoji.EmojiTextView,top_level,11,11,0,40,0,3,40,0,3,1,1,3,3,0,1,0,1,0,1,0,1,0,1,0,1,0,1,0,1,3,1,3,1,0,1,0,1
Signal-Android,2016-1,2017-1,org.thoughtcrime.securesms.components.emoji.EmojiToggle,top_level,5,5,0,30,0,5,30,0,5,1,1,4,4,0,1,0,1,0,1,0,1,0,1,0,1,0,1,0,1,4,1,4,1,0,1,0,1
Signal-Android,2016-1,2017-1,org.thoughtcrime.securesms.components.emoji.EmojiView,top_level,1,1,0,40,0,1,43,0,1,1,1,1,1,0,1,0,1,0,1,0,1,0,1,0,1,0,1,0,1,1,1,1,1,0,1,0,1
Signal-Android,2016-1,2017-1,org.thoughtcrime.securesms.components.emoji.RecentEmojiPageModel,top_level,3,3,0,55,0,3,55,0,3,1,1,4,4,0,1,0,1,0,1,0,1,0,1,0,1,0,1,0,1,4,1,4,1,0,1,0,1
Signal-Android,2016-1,2017-1,org.thoughtcrime.securesms.components.emoji.StaticEmojiPageModel,top_level,3,3,0,18,0,3,18,0,3,0,0,,,,0,,0,,0,,0,,0,,0,,0,,0,,0,,0,,0,,0
Signal-Android,2016-1,2017-1,org.thoughtcrime.securesms.components.location.SignalMapView,top_level,0,0,0,50,0,0,50,0,0,1,1,2,2,0,1,0,1,0,1,0,1,0,1,0,1,0,1,0,1,2,1,2,1,0,1,0,1
Signal-Android,2016-1,2017-1,org.thoughtcrime.securesms.components.location.SignalPlace,top_level,1,1,0,37,0,1,37,0,1,0,0,,,,0,,0,,0,,0,,0,,0,,0,,0,,0,,0,,0,,0
Signal-Android,2016-1,2017-1,org.thoughtcrime.securesms.components.reminder.DefaultSmsReminder,top_level,0,0,0,25,0,0,25,0,0,0,0,,,,0,,0,,0,,0,,0,,0,,0,,0,,0,,0,,0,,0
Signal-Android,2016-1,2017-1,org.thoughtcrime.securesms.components.reminder.ExpiredBuildReminder,top_level,2,2,0,17,0,1,17,0,1,0,0,,,,0,,0,,0,,0,,0,,0,,0,,0,,0,,0,,0,,0
Signal-Android,2016-1,2017-1,org.thoughtcrime.securesms.components.reminder.InviteReminder,top_level,0,0,0,13,0,0,13,0,0,1,1,1,1,0,1,0,1,0,1,0,1,0,1,0,1,0,1,0,1,1,1,1,1,0,1,0,1
Signal-Android,2016-1,2017-1,org.thoughtcrime.securesms.components.reminder.OutdatedBuildReminder,top_level,2,2,0,22,0,1,22,0,1,1,1,1,1,0,1,0,1,0,1,0,1,0,1,0,1,0,1,0,1,1,1,1,1,0,1,0,1
Signal-Android,2016-1,2017-1,org.thoughtcrime.securesms.components.reminder.PushRegistrationReminder,top_level,1,1,0,18,0,1,18,0,1,0,0,,,,0,,0,,0,,0,,0,,0,,0,,0,,0,,0,,0,,0
Signal-Android,2016-1,2017-1,org.thoughtcrime.securesms.components.reminder.Reminder,top_level,1,1,0,23,0,1,23,0,1,1,1,3,3,1,1,1,1,0,1,0,1,0,1,0,1,0,1,0,1,0,1,0,1,0,1,0,1
Signal-Android,2016-1,2017-1,org.thoughtcrime.securesms.components.reminder.ReminderView,top_level,4,4,0,43,0,4,43,0,4,1,1,2,2,0,1,0,1,0,1,0,1,0,1,0,1,0,1,0,1,2,1,2,1,0,1,0,1
Signal-Android,2016-1,2017-1,org.thoughtcrime.securesms.components.reminder.ShareReminder,top_level,0,0,0,23,0,0,23,0,0,1,1,1,1,0,1,0,1,0,1,0,1,0,1,0,1,0,1,0,1,1,1,1,1,0,1,0,1
Signal-Android,2016-1,2017-1,org.thoughtcrime.securesms.components.reminder.SystemSmsImportReminder,top_level,0,0,0,27,0,0,27,0,0,0,0,,,,0,,0,,0,,0,,0,,0,,0,,0,,0,,0,,0,,0
Signal-Android,2016-1,2017-1,org.thoughtcrime.securesms.contacts.ArrayListCursor,top_level,9,9,0,94,0,9,94,0,9,1,1,13,13,0,1,0,1,0,1,0,1,0,1,0,1,0,1,0,1,7,1,7,1,0,1,0,1
Signal-Android,2016-1,2017-1,org.thoughtcrime.securesms.contacts.ContactAccessor,top_level,1,1,0,172,0,0,172,0,0,1,1,10,10,0,1,0,1,0,1,0,1,0,1,0,1,0,1,0,1,10,1,10,1,0,1,0,1
Signal-Android,2016-1,2017-1,org.thoughtcrime.securesms.contacts.ContactIdentityManager,top_level,1,1,0,12,0,1,12,0,1,0,0,,,,0,,0,,0,,0,,0,,0,,0,,0,,0,,0,,0,,0
Signal-Android,2016-1,2017-1,org.thoughtcrime.securesms.contacts.ContactIdentityManagerGingerbread,top_level,7,7,0,71,0,3,71,0,3,1,1,3,3,0,1,0,1,0,1,0,1,0,1,0,1,0,1,0,1,3,1,3,1,0,1,0,1
Signal-Android,2016-1,2017-1,org.thoughtcrime.securesms.contacts.ContactIdentityManagerICS,top_level,1,1,0,43,0,1,43,0,1,1,1,2,2,0,1,0,1,0,1,0,1,0,1,0,1,0,1,0,1,2,1,2,1,0,1,0,1
Signal-Android,2016-1,2017-1,org.thoughtcrime.securesms.contacts.ContactSelectionListAdapter,top_level,3,3,0,87,0,3,87,0,3,1,1,16,16,0,1,0,1,0,1,0,1,0,1,0,1,0,1,0,1,16,1,16,1,0,1,0,1
Signal-Android,2016-1,2017-1,org.thoughtcrime.securesms.contacts.ContactSelectionListItem,top_level,5,5,0,74,0,4,74,0,4,0,0,,,,0,,0,,0,,0,,0,,0,,0,,0,,0,,0,,0,,0
Signal-Android,2016-1,2017-1,org.thoughtcrime.securesms.contacts.ContactsCursorLoader,top_level,0,0,0,57,0,0,57,0,0,1,1,2,2,0,1,0,1,0,1,0,1,0,1,0,1,0,1,0,1,2,1,2,1,0,1,0,1
Signal-Android,2016-1,2017-1,org.thoughtcrime.securesms.contacts.ContactsDatabase,top_level,0,0,0,314,0,0,314,0,0,1,1,84,84,0,1,0,1,0,1,0,1,0,1,0,1,0,1,0,1,76,1,76,1,0,1,0,1
Signal-Android,2016-1,2017-1,org.thoughtcrime.securesms.contacts.ContactsSyncAdapter,top_level,0,0,0,13,0,0,13,0,0,0,0,,,,0,,0,,0,,0,,0,,0,,0,,0,,0,,0,,0,,0
Signal-Android,2016-1,2017-1,org.thoughtcrime.securesms.contacts.NameAndNumber,top_level,1,1,0,7,0,1,7,0,1,0,0,,,,0,,0,,0,,0,,0,,0,,0,,0,,0,,0,,0,,0
Signal-Android,2016-1,2017-1,org.thoughtcrime.securesms.contacts.RecipientsAdapter,top_level,0,0,0,72,0,0,72,0,0,1,1,10,10,0,1,0,1,0,1,0,1,0,1,0,1,0,1,0,1,7,1,7,1,0,1,0,1
Signal-Android,2016-1,2017-1,org.thoughtcrime.securesms.contacts.RecipientsEditor,top_level,8,8,0,180,0,4,180,0,4,1,1,10,10,0,1,0,1,0,1,0,1,0,1,0,1,0,1,0,1,8,1,8,1,0,1,0,1
Signal-Android,2016-1,2017-1,org.thoughtcrime.securesms.contacts.avatars.BitmapContactPhoto,top_level,0,0,0,15,0,0,15,0,0,1,1,2,2,0,1,0,1,0,1,0,1,0,1,0,1,0,1,0,1,2,1,2,1,0,1,0,1
Signal-Android,2016-1,2017-1,org.thoughtcrime.securesms.contacts.avatars.ContactColors,top_level,0,0,0,4,0,0,4,0,0,1,1,3,3,0,1,0,1,0,1,0,1,0,1,0,1,0,1,0,1,2,1,2,1,0,1,0,1
Signal-Android,2016-1,2017-1,org.thoughtcrime.securesms.contacts.avatars.ContactPhoto,top_level,3,3,0,4,0,0,4,0,0,0,0,,,,0,,0,,0,,0,,0,,0,,0,,0,,0,,0,,0,,0
Signal-Android,2016-1,2017-1,org.thoughtcrime.securesms.contacts.avatars.ContactPhotoFactory,top_level,0,0,0,25,0,0,32,0,0,1,1,2,2,0,1,0,1,0,1,0,1,0,1,0,1,0,1,0,1,1,1,1,1,0,1,0,1
Signal-Android,2016-1,2017-1,org.thoughtcrime.securesms.contacts.avatars.GeneratedContactPhoto,top_level,0,0,0,26,0,0,26,0,0,1,1,8,8,0,1,0,1,0,1,0,1,0,1,0,1,0,1,0,1,8,1,8,1,0,1,0,1
Signal-Android,2016-1,2017-1,org.thoughtcrime.securesms.contacts.avatars.ResourceContactPhoto,top_level,1,1,0,27,0,1,27,0,1,1,1,4,4,0,1,0,1,0,1,0,1,0,1,0,1,0,1,0,1,4,1,4,1,0,1,0,1
Signal-Android,2016-1,2017-1,org.thoughtcrime.securesms.contacts.avatars.TransparentContactPhoto,top_level,1,1,0,11,0,1,11,0,1,1,1,2,1,0,1,0,1,0,1,0,1,0,1,0,1,0,1,0,1,2,1,1,1,0,1,0,1
Signal-Android,2016-1,2017-1,org.thoughtcrime.securesms.crypto.AsymmetricMasterCipher,top_level,6,6,0,53,0,3,53,0,3,1,1,5,5,0,1,0,1,0,1,0,1,0,1,0,1,0,1,0,1,5,1,5,1,0,1,0,1
Signal-Android,2016-1,2017-1,org.thoughtcrime.securesms.crypto.AsymmetricMasterSecret,top_level,0,0,0,10,0,0,10,0,0,0,0,,,,0,,0,,0,,0,,0,,0,,0,,0,,0,,0,,0,,0
Signal-Android,2016-1,2017-1,org.thoughtcrime.securesms.crypto.DecryptingPartInputStream,top_level,24,24,0,131,0,7,131,0,7,1,1,4,4,0,1,0,1,0,1,0,1,0,1,0,1,0,1,0,1,3,1,3,1,0,1,0,1
Signal-Android,2016-1,2017-1,org.thoughtcrime.securesms.crypto.EncryptingPartOutputStream,top_level,7,7,0,54,0,3,54,0,3,1,1,3,3,0,1,0,1,0,1,0,1,0,1,0,1,0,1,0,1,3,1,3,1,0,1,0,1
Signal-Android,2016-1,2017-1,org.thoughtcrime.securesms.crypto.IdentityKeyParcelable,top_level,1,1,0,27,0,1,27,0,1,1,1,1,1,0,1,0,1,0,1,0,1,0,1,0,1,0,1,0,1,1,1,1,1,0,1,0,1
Signal-Android,2016-1,2017-1,org.thoughtcrime.securesms.crypto.IdentityKeyUtil,top_level,0,0,0,67,0,0,67,0,0,1,1,17,17,0,1,0,1,0,1,0,1,0,1,0,1,0,1,0,1,16,1,16,1,0,1,0,1
Signal-Android,2016-1,2017-1,org.thoughtcrime.securesms.crypto.InvalidPassphraseException,top_level,1,1,0,9,0,1,9,0,1,0,0,,,,0,,0,,0,,0,,0,,0,,0,,0,,0,,0,,0,,0
Signal-Android,2016-1,2017-1,org.thoughtcrime.securesms.crypto.MasterCipher,top_level,4,4,0,101,0,2,101,0,2,1,1,1,1,0,1,0,1,0,1,0,1,0,1,0,1,0,1,0,1,1,1,1,1,0,1,0,1
Signal-Android,2016-1,2017-1,org.thoughtcrime.securesms.crypto.MasterSecret,top_level,2,2,0,48,0,2,48,0,2,1,1,9,9,0,1,0,1,0,1,0,1,0,1,0,1,0,1,0,1,9,1,9,1,0,1,0,1
Signal-Android,2016-1,2017-1,org.thoughtcrime.securesms.crypto.MasterSecretUnion,top_level,0,0,0,13,0,0,13,0,0,0,0,,,,0,,0,,0,,0,,0,,0,,0,,0,,0,,0,,0,,0
Signal-Android,2016-1,2017-1,org.thoughtcrime.securesms.crypto.MasterSecretUtil,top_level,5,5,0,208,0,0,208,0,0,1,1,39,39,0,1,0,1,0,1,0,1,0,1,0,1,0,1,0,1,36,1,36,1,1,1,1,1
Signal-Android,2016-1,2017-1,org.thoughtcrime.securesms.crypto.MediaKey,top_level,0,0,0,14,0,0,14,0,0,1,1,4,4,0,1,0,1,0,1,0,1,0,1,0,1,0,1,0,1,3,1,3,1,0,1,0,1
Signal-Android,2016-1,2017-1,org.thoughtcrime.securesms.crypto.PRNGFixes,top_level,21,21,0,145,0,1,145,0,1,1,1,20,20,0,1,0,1,0,1,0,1,0,1,0,1,0,1,0,1,14,1,14,1,0,1,0,1
Signal-Android,2016-1,2017-1,org.thoughtcrime.securesms.crypto.PreKeyUtil,top_level,0,0,0,103,0,0,103,0,0,1,1,7,7,0,1,0,1,0,1,0,1,0,1,0,1,0,1,0,1,6,1,6,1,0,1,0,1
Signal-Android,2016-1,2017-1,org.thoughtcrime.securesms.crypto.PublicKey,top_level,10,10,0,40,0,8,40,0,8,1,1,1,1,0,1,0,1,0,1,0,1,0,1,0,1,0,1,0,1,1,1,1,1,0,1,0,1
Signal-Android,2016-1,2017-1,org.thoughtcrime.securesms.crypto.SecurityEvent,top_level,0,0,0,6,0,0,6,0,0,1,1,1,1,0,1,0,1,0,1,0,1,0,1,0,1,0,1,0,1,0,1,0,1,0,1,0,1
Signal-Android,2016-1,2017-1,org.thoughtcrime.securesms.crypto.SessionUtil,top_level,0,0,0,7,0,0,7,0,0,1,1,1,1,0,1,0,1,0,1,0,1,0,1,0,1,0,1,0,1,0,1,0,1,0,1,0,1
Signal-Android,2016-1,2017-1,org.thoughtcrime.securesms.crypto.storage.TextSecureIdentityKeyStore,top_level,1,1,0,19,0,1,29,0,1,1,1,6,6,0,1,0,1,0,1,0,1,0,1,0,1,0,1,0,1,6,1,6,1,0,1,0,1
Signal-Android,2016-1,2017-1,org.thoughtcrime.securesms.crypto.storage.TextSecurePreKeyStore,top_level,9,9,0,140,0,5,140,0,5,1,1,12,12,0,1,0,1,0,1,0,1,0,1,0,1,0,1,0,1,10,1,10,1,0,1,0,1
Signal-Android,2016-1,2017-1,org.thoughtcrime.securesms.crypto.storage.TextSecureSessionStore,top_level,4,4,0,131,0,1,131,0,1,1,1,15,15,0,1,0,1,0,1,0,1,0,1,0,1,0,1,0,1,13,1,13,1,0,1,0,1
Signal-Android,2016-1,2017-1,org.thoughtcrime.securesms.database.ApnDatabase,top_level,0,0,0,98,0,0,98,0,0,1,1,3,3,0,1,0,1,0,1,0,1,0,1,0,1,0,1,0,1,2,1,2,1,0,1,0,1
Signal-Android,2016-1,2017-1,org.thoughtcrime.securesms.database.AttachmentDatabase,top_level,8,8,0,317,0,2,342,0,2,1,1,40,39,0,1,0,1,0,1,0,1,0,1,0,1,0,1,0,1,39,1,38,1,0,1,0,1
Signal-Android,2016-1,2017-1,org.thoughtcrime.securesms.database.CanonicalAddressDatabase,top_level,7,7,0,130,0,2,136,0,2,1,1,9,9,0,1,0,1,0,1,0,1,0,1,0,1,0,1,0,1,9,1,9,1,0,1,0,1
Signal-Android,2016-1,2017-1,org.thoughtcrime.securesms.database.CanonicalSessionMigrator,top_level,0,0,0,29,0,0,29,0,0,1,1,7,7,0,1,0,1,0,1,0,1,0,1,0,1,0,1,0,1,6,1,6,1,0,1,0,1
Signal-Android,2016-1,2017-1,org.thoughtcrime.securesms.database.ContentValuesBuilder,top_level,0,0,0,19,0,0,19,0,0,0,0,,,,0,,0,,0,,0,,0,,0,,0,,0,,0,,0,,0,,0
Signal-Android,2016-1,2017-1,org.thoughtcrime.securesms.database.CursorRecyclerViewAdapter<VH>,top_level,19,19,0,113,0,10,111,0,10,0,0,,,,0,,0,,0,,0,,0,,0,,0,,0,,0,,0,,0,,0
Signal-Android,2016-1,2017-1,org.thoughtcrime.securesms.database.Database,top_level,2,2,0,22,0,2,22,0,2,1,1,2,2,0,1,0,1,0,1,0,1,0,1,0,1,0,1,0,1,2,1,2,1,0,1,0,1
Signal-Android,2016-1,2017-1,org.thoughtcrime.securesms.database.DatabaseFactory,top_level,0,0,0,537,0,0,550,0,0,1,1,82,82,0,1,0,1,2,1,2,1,0,1,0,1,0,1,0,1,59,1,59,1,1,1,1,1
Signal-Android,2016-1,2017-1,org.thoughtcrime.securesms.database.DraftDatabase,top_level,2,2,0,97,0,2,97,0,2,1,1,4,4,1,1,1,1,0,1,0,1,0,1,0,1,0,1,0,1,3,1,3,1,0,1,0,1
Signal-Android,2016-1,2017-1,org.thoughtcrime.securesms.database.EarlyReceiptCache,top_level,0,0,0,31,0,0,31,0,0,0,0,,,,0,,0,,0,,0,,0,,0,,0,,0,,0,,0,,0,,0
Signal-Android,2016-1,2017-1,org.thoughtcrime.securesms.database.EncryptedBackupExporter,top_level,6,6,0,58,0,0,58,0,0,1,1,9,9,0,1,0,1,0,1,0,1,0,1,0,1,0,1,0,1,8,1,8,1,0,1,0,1
Signal-Android,2016-1,2017-1,org.thoughtcrime.securesms.database.EncryptingSmsDatabase,top_level,0,0,0,113,0,0,113,0,0,1,1,17,17,0,1,0,1,0,1,0,1,0,1,0,1,0,1,0,1,17,1,17,1,0,1,0,1
Signal-Android,2016-1,2017-1,org.thoughtcrime.securesms.database.GroupDatabase,top_level,9,10,1,210,0,7,214,0,8,1,1,7,7,1,1,1,1,0,1,0,1,0,1,0,1,0,1,0,1,6,1,6,1,0,1,0,1
Signal-Android,2016-1,2017-1,org.thoughtcrime.securesms.database.IdentityDatabase,top_level,1,1,0,81,0,1,81,0,1,1,1,5,5,0,1,0,1,0,1,0,1,0,1,0,1,0,1,0,1,5,1,5,1,0,1,0,1
Signal-Android,2016-1,2017-1,org.thoughtcrime.securesms.database.ImageDatabase,top_level,0,0,0,65,0,0,77,0,0,0,1,,1,,0,0,1,,0,0,1,,0,0,1,,0,0,1,,0,1,1,,0,0,1
Signal-Android,2016-1,2017-1,org.thoughtcrime.securesms.database.MessagingDatabase,top_level,0,0,0,93,0,0,131,0,0,1,1,9,10,0,1,1,1,0,1,0,1,0,1,0,1,0,1,0,1,8,1,8,1,0,1,0,1
Signal-Android,2016-1,2017-1,org.thoughtcrime.securesms.database.MmsAddressDatabase,top_level,2,2,0,76,0,2,76,0,2,1,1,8,8,0,1,0,1,0,1,0,1,0,1,0,1,0,1,0,1,8,1,8,1,0,1,0,1
Signal-Android,2016-1,2017-1,org.thoughtcrime.securesms.database.MmsAddresses,top_level,0,0,0,29,0,0,29,0,0,0,0,,,,0,,0,,0,,0,,0,,0,,0,,0,,0,,0,,0,,0
Signal-Android,2016-1,2017-1,org.thoughtcrime.securesms.database.MmsDatabase,top_level,35,34,-1,703,0,24,783,0,22,1,1,111,118,0,1,0,1,0,1,0,1,0,1,0,1,0,1,0,1,88,1,93,1,1,1,1,1
Signal-Android,2016-1,2017-1,org.thoughtcrime.securesms.database.MmsSmsColumns,top_level,0,0,0,142,0,0,148,0,0,1,1,1,1,0,1,0,1,0,1,0,1,0,1,0,1,0,1,0,1,0,1,0,1,0,1,0,1
Signal-Android,2016-1,2017-1,org.thoughtcrime.securesms.database.MmsSmsDatabase,top_level,1,4,3,207,0,1,231,0,2,1,1,14,14,0,1,0,1,1,1,1,1,0,1,0,1,0,1,0,1,12,1,12,1,0,1,0,1
Signal-Android,2016-1,2017-1,org.thoughtcrime.securesms.database.NoExternalStorageException,top_level,1,1,0,8,0,1,8,0,1,0,0,,,,0,,0,,0,,0,,0,,0,,0,,0,,0,,0,,0,,0
Signal-Android,2016-1,2017-1,org.thoughtcrime.securesms.database.NoSuchMessageException,top_level,0,0,0,3,0,0,3,0,0,0,0,,,,0,,0,,0,,0,,0,,0,,0,,0,,0,,0,,0,,0
Signal-Android,2016-1,2017-1,org.thoughtcrime.securesms.database.NotInDirectoryException,top_level,0,0,0,1,0,0,1,0,0,0,0,,,,0,,0,,0,,0,,0,,0,,0,,0,,0,,0,,0,,0
Signal-Android,2016-1,2017-1,org.thoughtcrime.securesms.database.PduHeadersBuilder,top_level,0,0,0,32,0,0,32,0,0,1,1,4,4,0,1,0,1,0,1,0,1,0,1,0,1,0,1,0,1,4,1,4,1,0,1,0,1
Signal-Android,2016-1,2017-1,org.thoughtcrime.securesms.database.PlaintextBackupExporter,top_level,2,2,0,34,0,0,34,0,0,1,1,9,9,0,1,0,1,0,1,0,1,0,1,0,1,0,1,0,1,8,1,8,1,0,1,0,1
Signal-Android,2016-1,2017-1,org.thoughtcrime.securesms.database.PlaintextBackupImporter,top_level,4,4,0,74,0,0,76,0,0,1,1,21,23,0,1,0,1,0,1,0,1,0,1,0,1,0,1,0,1,20,1,22,1,0,1,0,1
Signal-Android,2016-1,2017-1,org.thoughtcrime.securesms.database.PushDatabase,top_level,1,1,0,97,0,1,97,0,1,1,1,3,3,0,1,0,1,0,1,0,1,0,1,0,1,0,1,0,1,3,1,3,1,0,1,0,1
Signal-Android,2016-1,2017-1,org.thoughtcrime.securesms.database.RecipientPreferenceDatabase,top_level,0,0,0,134,0,0,175,0,0,1,1,5,5,1,1,1,1,0,1,0,1,0,1,0,1,0,1,0,1,4,1,4,1,0,1,0,1
Signal-Android,2016-1,2017-1,org.thoughtcrime.securesms.database.SmsDatabase,top_level,37,38,1,435,0,27,504,0,27,1,1,60,66,0,1,0,1,0,1,0,1,0,1,0,1,0,1,0,1,48,1,54,1,1,1,1,1
Signal-Android,2016-1,2017-1,org.thoughtcrime.securesms.database.SmsMigrator,top_level,0,0,0,157,0,0,157,0,0,1,1,12,12,0,1,0,1,0,1,0,1,0,1,0,1,0,1,0,1,11,1,11,1,0,1,0,1
Signal-Android,2016-1,2017-1,org.thoughtcrime.securesms.database.TextSecureDirectory,top_level,0,0,0,163,0,0,163,0,0,1,1,3,3,0,1,0,1,0,1,0,1,0,1,0,1,0,1,0,1,2,1,2,1,0,1,0,1
Signal-Android,2016-1,2017-1,org.thoughtcrime.securesms.database.ThreadDatabase,top_level,29,29,0,366,0,14,382,0,14,1,1,34,38,0,1,0,1,0,1,0,1,0,1,1,1,0,1,0,1,33,1,35,1,0,1,0,1
Signal-Android,2016-1,2017-1,org.thoughtcrime.securesms.database.XmlBackup,top_level,15,15,0,139,0,1,139,0,1,1,1,24,24,1,1,1,1,0,1,0,1,0,1,0,1,0,1,0,1,17,1,17,1,0,1,0,1
Signal-Android,2016-1,2017-1,org.thoughtcrime.securesms.database.documents.Document<T>,top_level,2,2,0,3,0,1,3,0,1,0,0,,,,0,,0,,0,,0,,0,,0,,0,,0,,0,,0,,0,,0
Signal-Android,2016-1,2017-1,org.thoughtcrime.securesms.database.documents.IdentityKeyMismatch,top_level,3,3,0,39,0,3,39,0,3,1,1,2,2,0,1,0,1,0,1,0,1,0,1,0,1,0,1,0,1,1,1,1,1,0,1,0,1
Signal-Android,2016-1,2017-1,org.thoughtcrime.securesms.database.documents.IdentityKeyMismatchList,top_level,3,3,0,14,0,2,14,0,2,1,1,1,1,0,1,0,1,0,1,0,1,0,1,0,1,0,1,0,1,0,1,0,1,0,1,0,1
Signal-Android,2016-1,2017-1,org.thoughtcrime.securesms.database.documents.NetworkFailure,top_level,4,4,0,16,0,4,16,0,4,1,1,1,1,0,1,0,1,0,1,0,1,0,1,0,1,0,1,0,1,0,1,0,1,0,1,0,1
Signal-Android,2016-1,2017-1,org.thoughtcrime.securesms.database.documents.NetworkFailureList,top_level,3,3,0,15,0,2,15,0,2,1,1,1,1,0,1,0,1,0,1,0,1,0,1,0,1,0,1,0,1,0,1,0,1,0,1,0,1
Signal-Android,2016-1,2017-1,org.thoughtcrime.securesms.database.loaders.BlockedContactsLoader,top_level,0,0,0,7,0,0,7,0,0,1,1,1,1,0,1,0,1,0,1,0,1,0,1,0,1,0,1,0,1,1,1,1,1,0,1,0,1
Signal-Android,2016-1,2017-1,org.thoughtcrime.securesms.database.loaders.ConversationListLoader,top_level,0,0,0,33,0,0,34,0,0,1,1,6,6,0,1,0,1,0,1,0,1,0,1,0,1,0,1,0,1,6,1,6,1,0,1,0,1
Signal-Android,2016-1,2017-1,org.thoughtcrime.securesms.database.loaders.ConversationLoader,top_level,1,1,0,12,0,1,12,0,1,1,1,2,2,0,1,0,1,0,1,0,1,0,1,0,1,0,1,0,1,1,1,1,1,0,1,0,1
Signal-Android,2016-1,2017-1,org.thoughtcrime.securesms.database.loaders.CountryListLoader,top_level,0,0,0,18,0,0,18,0,0,1,1,4,4,0,1,0,1,0,1,0,1,0,1,0,1,0,1,0,1,4,1,4,1,0,1,0,1
Signal-Android,2016-1,2017-1,org.thoughtcrime.securesms.database.loaders.DeviceListLoader,top_level,0,0,0,25,0,0,25,0,0,1,1,2,2,0,1,0,1,0,1,0,1,0,1,0,1,0,1,0,1,2,1,2,1,0,1,0,1
Signal-Android,2016-1,2017-1,org.thoughtcrime.securesms.database.loaders.IdentityLoader,top_level,0,0,0,8,0,0,8,0,0,1,1,1,1,0,1,0,1,0,1,0,1,0,1,0,1,0,1,0,1,1,1,1,1,0,1,0,1
Signal-Android,2016-1,2017-1,org.thoughtcrime.securesms.database.loaders.MessageDetailsLoader,top_level,0,0,0,16,0,0,16,0,0,1,1,2,2,0,1,0,1,0,1,0,1,0,1,0,1,0,1,0,1,2,1,2,1,0,1,0,1
Signal-Android,2016-1,2017-1,org.thoughtcrime.securesms.database.model.DisplayRecord,top_level,21,22,1,80,0,21,82,0,22,1,1,14,15,0,1,0,1,0,1,0,1,0,1,0,1,0,1,0,1,14,1,15,1,0,1,0,1
Signal-Android,2016-1,2017-1,org.thoughtcrime.securesms.database.model.MediaMmsMessageRecord,top_level,4,8,4,45,0,4,53,0,5,1,1,6,7,0,1,0,1,0,1,0,1,1,1,1,1,0,1,0,1,5,1,6,1,0,1,0,1
Signal-Android,2016-1,2017-1,org.thoughtcrime.securesms.database.model.MessageRecord,top_level,21,26,5,96,0,20,118,0,24,1,1,30,33,0,1,0,1,0,1,0,1,1,1,1,1,0,1,0,1,24,1,26,1,0,1,0,1
Signal-Android,2016-1,2017-1,org.thoughtcrime.securesms.database.model.NotificationMmsMessageRecord,top_level,11,12,1,50,0,11,55,0,12,1,1,2,2,0,1,0,1,0,1,0,1,1,1,1,1,0,1,0,1,1,1,1,1,0,1,0,1
Signal-Android,2016-1,2017-1,org.thoughtcrime.securesms.database.model.SmsMessageRecord,top_level,3,3,0,54,0,3,56,0,3,1,1,14,14,0,1,0,1,0,1,0,1,1,1,1,1,0,1,0,1,7,1,7,1,0,1,0,1
Signal-Android,2016-1,2017-1,org.thoughtcrime.securesms.database.model.ThreadRecord,top_level,5,6,1,73,0,5,82,0,6,1,1,27,31,1,1,1,1,0,1,0,1,1,1,1,1,0,1,0,1,19,1,23,1,0,1,0,1
Signal-Android,2016-1,2017-1,org.thoughtcrime.securesms.dependencies.AxolotlStorageModule,top_level,1,1,0,13,0,1,13,0,1,0,0,,,,0,,0,,0,,0,,0,,0,,0,,0,,0,,0,,0,,0
Signal-Android,2016-1,2017-1,org.thoughtcrime.securesms.dependencies.InjectableType,top_level,0,0,0,1,0,0,1,0,0,0,0,,,,0,,0,,0,,0,,0,,0,,0,,0,,0,,0,,0,,0
Signal-Android,2016-1,2017-1,org.thoughtcrime.securesms.dependencies.RedPhoneCommunicationModule,top_level,0,0,0,11,0,0,11,0,0,0,0,,,,0,,0,,0,,0,,0,,0,,0,,0,,0,,0,,0,,0
Signal-Android,2016-1,2017-1,org.thoughtcrime.securesms.dom.AttrImpl,top_level,3,3,0,38,0,3,38,0,3,1,1,3,3,0,1,0,1,0,1,0,1,0,1,0,1,0,1,0,1,0,1,0,1,0,1,0,1
Signal-Android,2016-1,2017-1,org.thoughtcrime.securesms.dom.DocumentImpl,top_level,7,7,0,69,0,7,69,0,7,1,1,13,13,0,1,0,1,0,1,0,1,0,1,0,1,0,1,0,1,0,1,0,1,0,1,0,1
Signal-Android,2016-1,2017-1,org.thoughtcrime.securesms.dom.ElementImpl,top_level,2,2,0,67,0,2,67,0,2,1,1,13,13,0,1,0,1,0,1,0,1,0,1,0,1,0,1,0,1,1,1,1,1,0,1,0,1
Signal-Android,2016-1,2017-1,org.thoughtcrime.securesms.dom.NamedNodeMapImpl,top_level,1,1,0,35,0,1,35,0,1,1,1,6,6,0,1,0,1,0,1,0,1,0,1,0,1,0,1,0,1,1,1,1,1,0,1,0,1
Signal-Android,2016-1,2017-1,org.thoughtcrime.securesms.dom.NodeImpl,top_level,4,4,0,118,0,4,118,0,4,1,1,17,17,0,1,0,1,0,1,0,1,0,1,0,1,0,1,0,1,4,1,4,1,1,1,1,1
Signal-Android,2016-1,2017-1,org.thoughtcrime.securesms.dom.NodeListImpl,top_level,2,2,0,44,0,1,44,0,1,1,1,3,3,0,1,0,1,0,1,0,1,0,1,0,1,0,1,0,1,3,1,3,1,0,1,0,1
Signal-Android,2016-1,2017-1,org.thoughtcrime.securesms.dom.events.EventImpl,top_level,11,11,0,54,0,11,54,0,11,0,0,,,,0,,0,,0,,0,,0,,0,,0,,0,,0,,0,,0,,0
Signal-Android,2016-1,2017-1,org.thoughtcrime.securesms.dom.events.EventTargetImpl,top_level,0,0,0,54,0,0,54,0,0,1,1,18,18,0,1,0,1,0,1,0,1,0,1,0,1,0,1,0,1,13,1,13,1,0,1,0,1
Signal-Android,2016-1,2017-1,org.thoughtcrime.securesms.dom.smil.ElementParallelTimeContainerImpl,top_level,9,9,0,76,0,2,76,0,2,1,1,24,24,0,1,0,1,0,1,0,1,0,1,0,1,0,1,0,1,20,1,20,1,0,1,0,1
Signal-Android,2016-1,2017-1,org.thoughtcrime.securesms.dom.smil.ElementSequentialTimeContainerImpl,top_level,4,4,0,23,0,1,23,0,1,1,1,4,4,0,1,0,1,0,1,0,1,0,1,0,1,0,1,0,1,4,1,4,1,0,1,0,1
Signal-Android,2016-1,2017-1,org.thoughtcrime.securesms.dom.smil.ElementTimeContainerImpl,top_level,0,0,0,4,0,0,4,0,0,0,0,,,,0,,0,,0,,0,,0,,0,,0,,0,,0,,0,,0,,0
Signal-Android,2016-1,2017-1,org.thoughtcrime.securesms.dom.smil.ElementTimeImpl,top_level,48,48,0,166,0,15,166,0,15,1,1,34,34,0,1,0,1,0,1,0,1,0,1,0,1,0,1,0,1,25,1,25,1,0,1,0,1
Signal-Android,2016-1,2017-1,org.thoughtcrime.securesms.dom.smil.SmilDocumentImpl,top_level,18,18,0,130,0,18,130,0,18,1,1,30,30,0,1,0,1,0,1,0,1,0,1,0,1,0,1,0,1,16,1,16,1,0,1,0,1
Signal-Android,2016-1,2017-1,org.thoughtcrime.securesms.dom.smil.SmilElementImpl,top_level,0,0,0,6,0,0,6,0,0,1,1,1,1,0,1,0,1,0,1,0,1,0,1,0,1,0,1,0,1,0,1,0,1,0,1,0,1
Signal-Android,2016-1,2017-1,org.thoughtcrime.securesms.dom.smil.SmilLayoutElementImpl,top_level,1,1,0,23,0,1,23,0,1,1,1,4,4,0,1,0,1,0,1,0,1,0,1,0,1,0,1,0,1,4,1,4,1,0,1,0,1
Signal-Android,2016-1,2017-1,org.thoughtcrime.securesms.dom.smil.SmilMediaElementImpl,top_level,17,17,0,169,0,17,169,0,17,1,1,45,45,0,1,0,1,0,1,0,1,0,1,0,1,0,1,0,1,20,1,20,1,1,1,1,1
Signal-Android,2016-1,2017-1,org.thoughtcrime.securesms.dom.smil.SmilParElementImpl,top_level,19,19,0,89,0,19,89,0,19,1,1,18,18,0,1,0,1,0,1,0,1,0,1,0,1,0,1,0,1,9,1,9,1,0,1,0,1
Signal-Android,2016-1,2017-1,org.thoughtcrime.securesms.dom.smil.SmilRefElementImpl,top_level,0,0,0,4,0,0,4,0,0,0,0,,,,0,,0,,0,,0,,0,,0,,0,,0,,0,,0,,0,,0
Signal-Android,2016-1,2017-1,org.thoughtcrime.securesms.dom.smil.SmilRegionElementImpl,top_level,34,34,0,168,0,10,168,0,10,0,0,,,,0,,0,,0,,0,,0,,0,,0,,0,,0,,0,,0,,0
Signal-Android,2016-1,2017-1,org.thoughtcrime.securesms.dom.smil.SmilRegionMediaElementImpl,top_level,0,0,0,18,0,0,18,0,0,1,1,6,6,0,1,0,1,0,1,0,1,0,1,0,1,0,1,0,1,6,1,6,1,0,1,0,1
Signal-Android,2016-1,2017-1,org.thoughtcrime.securesms.dom.smil.SmilRootLayoutElementImpl,top_level,4,4,0,33,0,4,33,0,4,1,1,4,4,0,1,0,1,0,1,0,1,0,1,0,1,0,1,0,1,0,1,0,1,0,1,0,1
Signal-Android,2016-1,2017-1,org.thoughtcrime.securesms.dom.smil.TimeImpl,top_level,7,7,0,102,0,7,102,0,7,0,0,,,,0,,0,,0,,0,,0,,0,,0,,0,,0,,0,,0,,0
Signal-Android,2016-1,2017-1,org.thoughtcrime.securesms.dom.smil.TimeListImpl,top_level,1,1,0,12,0,1,12,0,1,0,0,,,,0,,0,,0,,0,,0,,0,,0,,0,,0,,0,,0,,0
Signal-Android,2016-1,2017-1,org.thoughtcrime.securesms.dom.smil.parser.SmilXmlSerializer,top_level,0,0,0,32,0,0,32,0,0,1,1,5,5,0,1,0,1,0,1,0,1,0,1,0,1,0,1,0,1,4,1,4,1,0,1,0,1
Signal-Android,2016-1,2017-1,org.thoughtcrime.securesms.events.PartProgressEvent,top_level,0,0,0,8,0,0,8,0,0,0,0,,,,0,,0,,0,,0,,0,,0,,0,,0,,0,,0,,0,,0
Signal-Android,2016-1,2017-1,org.thoughtcrime.securesms.events.RedPhoneEvent,top_level,1,1,0,32,0,1,32,0,1,0,0,,,,0,,0,,0,,0,,0,,0,,0,,0,,0,,0,,0,,0
Signal-Android,2016-1,2017-1,org.thoughtcrime.securesms.gcm.GcmBroadcastReceiver,top_level,0,0,0,50,0,0,50,0,0,1,1,8,8,0,1,0,1,0,1,0,1,0,1,0,1,0,1,0,1,8,1,8,1,0,1,0,1
Signal-Android,2016-1,2017-1,org.thoughtcrime.securesms.groups.GroupManager,top_level,0,0,0,67,0,0,67,0,0,1,1,6,6,0,1,0,1,0,1,0,1,0,1,0,1,0,1,0,1,3,1,3,1,0,1,0,1
Signal-Android,2016-1,2017-1,org.thoughtcrime.securesms.groups.GroupMessageProcessor,top_level,0,0,0,126,0,0,137,0,0,1,1,44,47,0,1,0,1,0,1,0,1,0,1,0,1,0,1,0,1,42,1,44,1,0,1,0,1
Signal-Android,2016-1,2017-1,org.thoughtcrime.securesms.jobs.AttachmentDownloadJob,top_level,2,2,0,96,0,2,96,0,2,1,1,3,3,0,1,0,1,0,1,0,1,0,1,0,1,0,1,0,1,2,1,2,1,0,1,0,1
Signal-Android,2016-1,2017-1,org.thoughtcrime.securesms.jobs.AvatarDownloadJob,top_level,2,2,0,49,0,2,45,0,2,1,1,2,2,0,1,0,1,0,1,0,1,0,1,0,1,0,1,0,1,1,1,1,1,0,1,0,1
Signal-Android,2016-1,2017-1,org.thoughtcrime.securesms.jobs.CleanPreKeysJob,top_level,2,2,0,56,0,2,56,0,2,1,1,4,4,0,1,0,1,0,1,0,1,0,1,0,1,0,1,0,1,3,1,3,1,0,1,0,1
Signal-Android,2016-1,2017-1,org.thoughtcrime.securesms.jobs.ContextJob,top_level,0,0,0,9,0,0,9,0,0,0,0,,,,0,,0,,0,,0,,0,,0,,0,,0,,0,,0,,0,,0
Signal-Android,2016-1,2017-1,org.thoughtcrime.securesms.jobs.CreateSignedPreKeyJob,top_level,2,2,0,28,0,2,31,0,2,1,1,1,1,0,1,0,1,0,1,0,1,0,1,0,1,0,1,0,1,0,1,0,1,0,1,0,1
Signal-Android,2016-1,2017-1,org.thoughtcrime.securesms.jobs.DeliveryReceiptJob,top_level,3,3,0,32,0,3,33,0,3,1,1,1,1,0,1,0,1,0,1,0,1,0,1,0,1,0,1,0,1,0,1,0,1,0,1,0,1
Signal-Android,2016-1,2017-1,org.thoughtcrime.securesms.jobs.DirectoryRefreshJob,top_level,5,5,0,36,0,3,36,0,3,1,1,2,2,0,1,0,1,0,1,0,1,0,1,0,1,0,1,0,1,1,1,1,1,0,1,0,1
Signal-Android,2016-1,2017-1,org.thoughtcrime.securesms.jobs.GcmRefreshJob,top_level,7,7,0,47,0,4,47,0,4,1,1,2,2,0,1,0,1,0,1,0,1,0,1,0,1,0,1,0,1,1,1,1,1,0,1,0,1
Signal-Android,2016-1,2017-1,org.thoughtcrime.securesms.jobs.MasterSecretDecryptJob,top_level,2,2,0,46,0,2,46,0,2,1,1,6,6,0,1,0,1,0,1,0,1,0,1,0,1,0,1,0,1,6,1,6,1,0,1,0,1
Signal-Android,2016-1,2017-1,org.thoughtcrime.securesms.jobs.MasterSecretJob,top_level,1,1,0,18,0,1,18,0,1,1,1,1,1,0,1,0,1,0,1,0,1,0,1,0,1,0,1,0,1,0,1,0,1,0,1,0,1
Signal-Android,2016-1,2017-1,org.thoughtcrime.securesms.jobs.MmsDownloadJob,top_level,5,5,0,116,0,2,117,0,2,1,1,20,25,0,1,0,1,0,1,0,1,0,1,0,1,0,1,0,1,14,1,19,1,0,1,0,1
Signal-Android,2016-1,2017-1,org.thoughtcrime.securesms.jobs.MmsReceiveJob,top_level,8,8,0,45,0,3,48,0,3,1,1,3,3,0,1,0,1,0,1,0,1,0,1,0,1,0,1,0,1,2,1,2,1,0,1,0,1
Signal-Android,2016-1,2017-1,org.thoughtcrime.securesms.jobs.MmsSendJob,top_level,2,2,0,119,0,2,117,0,2,1,1,7,7,0,1,0,1,0,1,0,1,0,1,0,1,0,1,0,1,6,1,6,1,0,1,0,1
Signal-Android,2016-1,2017-1,org.thoughtcrime.securesms.jobs.MultiDeviceContactUpdateJob,top_level,2,7,5,89,0,2,124,0,4,1,1,9,11,0,1,0,1,0,1,0,1,0,1,0,1,0,1,0,1,7,1,9,1,0,1,0,1
Signal-Android,2016-1,2017-1,org.thoughtcrime.securesms.jobs.MultiDeviceGroupUpdateJob,top_level,2,2,0,60,0,2,61,0,2,1,1,3,3,0,1,0,1,0,1,0,1,0,1,0,1,0,1,0,1,2,1,2,1,0,1,0,1
Signal-Android,2016-1,2017-1,org.thoughtcrime.securesms.jobs.PushContentReceiveJob,top_level,4,4,0,27,0,3,27,0,3,0,0,,,,0,,0,,0,,0,,0,,0,,0,,0,,0,,0,,0,,0
Signal-Android,2016-1,2017-1,org.thoughtcrime.securesms.jobs.PushDecryptJob,top_level,6,6,0,283,0,3,386,0,3,1,1,63,113,0,1,0,1,0,1,0,1,0,1,0,1,0,1,0,1,55,1,104,1,0,1,0,1
Signal-Android,2016-1,2017-1,org.thoughtcrime.securesms.jobs.PushGroupSendJob,top_level,2,2,0,86,0,2,94,0,2,1,1,12,15,0,1,0,1,0,1,0,1,0,1,0,1,0,1,0,1,10,1,13,1,0,1,0,1
Signal-Android,2016-1,2017-1,org.thoughtcrime.securesms.jobs.PushMediaSendJob,top_level,2,2,0,73,0,2,73,0,2,1,1,9,11,0,1,0,1,0,1,0,1,0,1,0,1,0,1,0,1,7,1,8,1,0,1,0,1
Signal-Android,2016-1,2017-1,org.thoughtcrime.securesms.jobs.PushNotificationReceiveJob,top_level,3,3,0,24,0,3,24,0,3,0,0,,,,0,,0,,0,,0,,0,,0,,0,,0,,0,,0,,0,,0
Signal-Android,2016-1,2017-1,org.thoughtcrime.securesms.jobs.PushReceivedJob,top_level,0,0,0,41,0,0,41,0,0,1,1,5,4,0,1,0,1,0,1,0,1,0,1,0,1,0,1,0,1,5,1,4,1,0,1,0,1
Signal-Android,2016-1,2017-1,org.thoughtcrime.securesms.jobs.PushSendJob,top_level,0,0,0,43,0,0,43,0,0,1,1,3,3,0,1,0,1,0,1,0,1,0,1,0,1,0,1,0,1,3,1,3,1,0,1,0,1
Signal-Android,2016-1,2017-1,org.thoughtcrime.securesms.jobs.PushTextSendJob,top_level,4,4,0,63,0,2,63,0,2,1,1,7,8,0,1,0,1,0,1,0,1,0,1,0,1,0,1,0,1,6,1,7,1,0,1,0,1
Signal-Android,2016-1,2017-1,org.thoughtcrime.securesms.jobs.RefreshAttributesJob,top_level,3,3,0,27,0,3,27,0,3,0,0,,,,0,,0,,0,,0,,0,,0,,0,,0,,0,,0,,0,,0
Signal-Android,2016-1,2017-1,org.thoughtcrime.securesms.jobs.RefreshPreKeysJob,top_level,2,2,0,37,0,2,37,0,2,1,1,2,2,0,1,0,1,0,1,0,1,0,1,0,1,0,1,0,1,1,1,1,1,0,1,0,1
Signal-Android,2016-1,2017-1,org.thoughtcrime.securesms.jobs.SendJob,top_level,0,0,0,34,0,0,34,0,0,1,1,1,1,0,1,0,1,0,1,0,1,0,1,0,1,0,1,0,1,0,1,0,1,0,1,0,1
Signal-Android,2016-1,2017-1,org.thoughtcrime.securesms.jobs.SmsReceiveJob,top_level,7,7,0,52,0,3,55,0,3,1,1,3,3,0,1,0,1,0,1,0,1,0,1,0,1,0,1,0,1,3,1,3,1,0,1,0,1
Signal-Android,2016-1,2017-1,org.thoughtcrime.securesms.jobs.SmsSendJob,top_level,2,2,0,102,0,2,105,0,2,1,1,12,12,0,1,0,1,0,1,0,1,0,1,0,1,0,1,0,1,9,1,9,1,0,1,0,1
Signal-Android,2016-1,2017-1,org.thoughtcrime.securesms.jobs.SmsSentJob,top_level,3,3,0,52,0,3,52,0,3,1,1,5,5,0,1,0,1,0,1,0,1,0,1,0,1,0,1,0,1,5,1,5,1,0,1,0,1
Signal-Android,2016-1,2017-1,org.thoughtcrime.securesms.jobs.TrimThreadJob,top_level,4,4,0,23,0,3,23,0,3,1,1,1,1,0,1,0,1,0,1,0,1,0,1,0,1,0,1,0,1,1,1,1,1,0,1,0,1
Signal-Android,2016-1,2017-1,org.thoughtcrime.securesms.jobs.persistence.EncryptingJobSerializer,top_level,1,1,0,27,0,1,27,0,1,1,1,1,1,0,1,0,1,0,1,0,1,0,1,0,1,0,1,0,1,1,1,1,1,0,1,0,1
Signal-Android,2016-1,2017-1,org.thoughtcrime.securesms.jobs.requirements.MasterSecretRequirement,top_level,1,1,0,10,0,1,10,0,1,0,0,,,,0,,0,,0,,0,,0,,0,,0,,0,,0,,0,,0,,0
Signal-Android,2016-1,2017-1,org.thoughtcrime.securesms.jobs.requirements.MasterSecretRequirementProvider,top_level,0,0,0,15,0,0,15,0,0,1,1,1,1,0,1,0,1,0,1,0,1,0,1,0,1,0,1,0,1,0,1,0,1,0,1,0,1
Signal-Android,2016-1,2017-1,org.thoughtcrime.securesms.jobs.requirements.MediaNetworkRequirement,top_level,8,8,0,54,0,4,54,0,4,1,1,10,10,0,1,0,1,0,1,0,1,0,1,0,1,0,1,0,1,10,1,10,1,0,1,0,1
Signal-Android,2016-1,2017-1,org.thoughtcrime.securesms.jobs.requirements.MediaNetworkRequirementProvider,top_level,2,2,0,7,0,1,7,0,1,0,0,,,,0,,0,,0,,0,,0,,0,,0,,0,,0,,0,,0,,0
Signal-Android,2016-1,2017-1,org.thoughtcrime.securesms.jobs.requirements.NetworkOrServiceRequirement,top_level,1,1,0,12,0,1,12,0,1,0,0,,,,0,,0,,0,,0,,0,,0,,0,,0,,0,,0,,0,,0
Signal-Android,2016-1,2017-1,org.thoughtcrime.securesms.jobs.requirements.ServiceRequirement,top_level,1,1,0,12,0,1,12,0,1,0,0,,,,0,,0,,0,,0,,0,,0,,0,,0,,0,,0,,0,,0
Signal-Android,2016-1,2017-1,org.thoughtcrime.securesms.jobs.requirements.ServiceRequirementProvider,top_level,5,5,0,25,0,2,25,0,2,0,0,,,,0,,0,,0,,0,,0,,0,,0,,0,,0,,0,,0,,0
Signal-Android,2016-1,2017-1,org.thoughtcrime.securesms.mms.ApnUnavailableException,top_level,1,1,0,8,0,1,8,0,1,0,0,,,,0,,0,,0,,0,,0,,0,,0,,0,,0,,0,,0,,0
Signal-Android,2016-1,2017-1,org.thoughtcrime.securesms.mms.AttachmentManager,top_level,4,4,0,209,0,3,223,0,3,1,1,10,11,0,1,0,1,0,1,0,1,0,1,0,1,0,1,0,1,7,1,8,1,0,1,0,1
Signal-Android,2016-1,2017-1,org.thoughtcrime.securesms.mms.AttachmentStreamLocalUriFetcher,top_level,4,4,0,20,0,2,20,0,2,1,1,2,2,0,1,0,1,0,1,0,1,0,1,0,1,0,1,0,1,0,1,0,1,0,1,0,1
Signal-Android,2016-1,2017-1,org.thoughtcrime.securesms.mms.AttachmentStreamUriLoader,top_level,0,0,0,28,0,0,28,0,0,1,1,1,1,0,1,0,1,0,1,0,1,0,1,0,1,0,1,0,1,0,1,0,1,0,1,0,1
Signal-Android,2016-1,2017-1,org.thoughtcrime.securesms.mms.AttachmentTypeSelectorAdapter,top_level,1,1,0,49,0,1,49,0,1,1,1,8,8,0,1,0,1,0,1,0,1,0,1,0,1,0,1,0,1,8,1,8,1,0,1,0,1
Signal-Android,2016-1,2017-1,org.thoughtcrime.securesms.mms.AudioSlide,top_level,3,3,0,27,0,3,27,0,3,0,0,,,,0,,0,,0,,0,,0,,0,,0,,0,,0,,0,,0,,0
Signal-Android,2016-1,2017-1,org.thoughtcrime.securesms.mms.CompatMmsConnection,top_level,0,0,0,32,0,0,40,0,0,1,1,1,1,0,1,0,1,0,1,0,1,0,1,0,1,0,1,0,1,0,1,0,1,0,1,0,1
Signal-Android,2016-1,2017-1,org.thoughtcrime.securesms.mms.ContactPhotoLocalUriFetcher,top_level,0,0,0,11,0,0,11,0,0,1,1,2,2,0,1,0,1,0,1,0,1,0,1,0,1,0,1,0,1,2,1,2,1,0,1,0,1
Signal-Android,2016-1,2017-1,org.thoughtcrime.securesms.mms.ContactPhotoUriLoader,top_level,0,0,0,17,0,0,17,0,0,0,0,,,,0,,0,,0,,0,,0,,0,,0,,0,,0,,0,,0,,0
Signal-Android,2016-1,2017-1,org.thoughtcrime.securesms.mms.DecryptableStreamLocalUriFetcher,top_level,0,0,0,15,0,0,15,0,0,1,1,2,2,0,1,0,1,0,1,0,1,0,1,0,1,0,1,0,1,0,1,0,1,0,1,0,1
Signal-Android,2016-1,2017-1,org.thoughtcrime.securesms.mms.DecryptableStreamUriLoader,top_level,0,0,0,28,0,0,28,0,0,0,0,,,,0,,0,,0,,0,,0,,0,,0,,0,,0,,0,,0,,0
Signal-Android,2016-1,2017-1,org.thoughtcrime.securesms.mms.GifSlide,top_level,0,0,0,9,0,0,9,0,0,0,0,,,,0,,0,,0,,0,,0,,0,,0,,0,,0,,0,,0,,0
Signal-Android,2016-1,2017-1,org.thoughtcrime.securesms.mms.ImageSlide,top_level,1,1,0,14,0,1,16,0,1,0,0,,,,0,,0,,0,,0,,0,,0,,0,,0,,0,,0,,0,,0
Signal-Android,2016-1,2017-1,org.thoughtcrime.securesms.mms.IncomingLegacyMmsConnection,top_level,2,2,0,68,0,1,68,0,1,1,1,4,4,0,1,0,1,0,1,0,1,0,1,0,1,0,1,0,1,4,1,4,1,0,1,0,1
Signal-Android,2016-1,2017-1,org.thoughtcrime.securesms.mms.IncomingLollipopMmsConnection,top_level,0,0,0,35,0,0,41,0,0,1,1,5,5,0,1,0,1,0,1,0,1,0,1,0,1,0,1,0,1,5,1,5,1,0,1,0,1
Signal-Android,2016-1,2017-1,org.thoughtcrime.securesms.mms.IncomingMediaMessage,top_level,3,6,3,50,0,3,69,0,6,0,1,,2,,0,1,1,,0,0,1,,0,1,1,,0,0,1,,0,0,1,,0,0,1
Signal-Android,2016-1,2017-1,org.thoughtcrime.securesms.mms.IncomingMmsConnection,top_level,1,1,0,2,0,0,2,0,0,0,0,,,,0,,0,,0,,0,,0,,0,,0,,0,,0,,0,,0,,0
Signal-Android,2016-1,2017-1,org.thoughtcrime.securesms.mms.LegacyMmsConnection,top_level,1,1,0,152,0,1,162,0,1,1,1,21,22,1,1,1,1,0,1,0,1,0,1,0,1,1,1,1,1,16,1,17,1,0,1,0,1
Signal-Android,2016-1,2017-1,org.thoughtcrime.securesms.mms.LocationSlide,top_level,1,1,0,16,0,1,16,0,1,0,0,,,,0,,0,,0,,0,,0,,0,,0,,0,,0,,0,,0,,0
Signal-Android,2016-1,2017-1,org.thoughtcrime.securesms.mms.LollipopMmsConnection,top_level,5,5,0,34,0,3,34,0,3,1,1,2,2,0,1,0,1,0,1,0,1,0,1,0,1,0,1,0,1,2,1,2,1,0,1,0,1
Signal-Android,2016-1,2017-1,org.thoughtcrime.securesms.mms.MediaConstraints,top_level,4,4,0,38,0,4,41,0,4,1,1,2,2,0,1,0,1,0,1,0,1,0,1,0,1,2,1,2,1,0,1,0,1,0,1,0,1
Signal-Android,2016-1,2017-1,org.thoughtcrime.securesms.mms.MediaNotFoundException,top_level,1,1,0,8,0,1,8,0,1,0,0,,,,0,,0,,0,,0,,0,,0,,0,,0,,0,,0,,0,,0
Signal-Android,2016-1,2017-1,org.thoughtcrime.securesms.mms.MediaStream,top_level,0,0,0,10,0,0,10,0,0,0,0,,,,0,,0,,0,,0,,0,,0,,0,,0,,0,,0,,0,,0
Signal-Android,2016-1,2017-1,org.thoughtcrime.securesms.mms.MediaTooLargeException,top_level,1,1,0,8,0,1,8,0,1,0,0,,,,0,,0,,0,,0,,0,,0,,0,,0,,0,,0,,0,,0
Signal-Android,2016-1,2017-1,org.thoughtcrime.securesms.mms.MmsMediaConstraints,top_level,4,4,0,22,0,4,22,0,4,0,0,,,,0,,0,,0,,0,,0,,0,,0,,0,,0,,0,,0,,0
Signal-Android,2016-1,2017-1,org.thoughtcrime.securesms.mms.MmsRadio,top_level,18,18,0,78,0,6,78,0,6,1,1,7,7,0,1,0,1,0,1,0,1,0,1,0,1,0,1,0,1,4,1,4,1,0,1,0,1
Signal-Android,2016-1,2017-1,org.thoughtcrime.securesms.mms.MmsRadioException,top_level,0,0,0,3,0,0,3,0,0,0,0,,,,0,,0,,0,,0,,0,,0,,0,,0,,0,,0,,0,,0
Signal-Android,2016-1,2017-1,org.thoughtcrime.securesms.mms.MmsSendResult,top_level,3,3,0,10,0,3,10,0,3,0,0,,,,0,,0,,0,,0,,0,,0,,0,,0,,0,,0,,0,,0
Signal-Android,2016-1,2017-1,org.thoughtcrime.securesms.mms.OutgoingGroupMediaMessage,top_level,3,3,0,28,0,3,30,0,3,1,1,2,2,0,1,0,1,0,1,0,1,0,1,0,1,0,1,0,1,2,1,2,1,0,1,0,1
Signal-Android,2016-1,2017-1,org.thoughtcrime.securesms.mms.OutgoingLegacyMmsConnection,top_level,8,8,0,80,0,2,80,0,2,1,1,6,6,0,1,0,1,0,1,0,1,0,1,0,1,0,1,0,1,6,1,6,1,0,1,0,1
Signal-Android,2016-1,2017-1,org.thoughtcrime.securesms.mms.OutgoingLollipopMmsConnection,top_level,0,0,0,34,0,0,40,0,0,1,1,4,4,0,1,0,1,0,1,0,1,0,1,0,1,0,1,0,1,4,1,4,1,0,1,0,1
Signal-Android,2016-1,2017-1,org.thoughtcrime.securesms.mms.OutgoingMediaMessage,top_level,5,8,3,47,0,5,60,0,8,1,1,1,1,1,1,1,1,0,1,0,1,0,1,0,1,0,1,0,1,0,1,0,1,0,1,0,1
Signal-Android,2016-1,2017-1,org.thoughtcrime.securesms.mms.OutgoingMmsConnection,top_level,1,1,0,2,0,0,2,0,0,0,0,,,,0,,0,,0,,0,,0,,0,,0,,0,,0,,0,,0,,0
Signal-Android,2016-1,2017-1,org.thoughtcrime.securesms.mms.OutgoingSecureMediaMessage,top_level,1,1,0,11,0,1,12,0,1,0,0,,,,0,,0,,0,,0,,0,,0,,0,,0,,0,,0,,0,,0
Signal-Android,2016-1,2017-1,org.thoughtcrime.securesms.mms.PartAuthority,top_level,0,0,0,53,0,0,53,0,0,1,1,6,6,0,1,0,1,0,1,0,1,0,1,0,1,0,1,0,1,5,1,5,1,0,1,0,1
Signal-Android,2016-1,2017-1,org.thoughtcrime.securesms.mms.PartParser,top_level,0,0,0,41,0,0,41,0,0,1,1,7,7,0,1,0,1,0,1,0,1,0,1,0,1,0,1,0,1,5,1,5,1,0,1,0,1
Signal-Android,2016-1,2017-1,org.thoughtcrime.securesms.mms.PartUriParser,top_level,2,2,0,10,0,2,10,0,2,1,1,1,1,0,1,0,1,0,1,0,1,0,1,0,1,0,1,0,1,1,1,1,1,0,1,0,1
Signal-Android,2016-1,2017-1,org.thoughtcrime.securesms.mms.PushMediaConstraints,top_level,4,4,0,23,0,4,23,0,4,0,0,,,,0,,0,,0,,0,,0,,0,,0,,0,,0,,0,,0,,0
Signal-Android,2016-1,2017-1,org.thoughtcrime.securesms.mms.RoundedCorners,top_level,0,0,0,52,0,0,52,0,0,1,1,2,2,0,1,0,1,0,1,0,1,0,1,0,1,0,1,0,1,2,1,2,1,0,1,0,1
Signal-Android,2016-1,2017-1,org.thoughtcrime.securesms.mms.Slide,top_level,9,10,1,60,0,9,63,0,10,1,1,8,8,0,1,0,1,0,1,0,1,0,1,0,1,0,1,0,1,8,1,8,1,0,1,0,1
Signal-Android,2016-1,2017-1,org.thoughtcrime.securesms.mms.SlideClickListener,top_level,1,1,0,2,0,0,2,0,0,0,0,,,,0,,0,,0,,0,,0,,0,,0,,0,,0,,0,,0,,0
Signal-Android,2016-1,2017-1,org.thoughtcrime.securesms.mms.SlideDeck,top_level,7,7,0,45,0,3,45,0,3,1,1,2,2,0,1,0,1,0,1,0,1,0,1,0,1,0,1,0,1,2,1,2,1,0,1,0,1
Signal-Android,2016-1,2017-1,org.thoughtcrime.securesms.mms.TextSecureGlideModule,top_level,0,0,0,13,0,0,13,0,0,0,0,,,,0,,0,,0,,0,,0,,0,,0,,0,,0,,0,,0,,0
Signal-Android,2016-1,2017-1,org.thoughtcrime.securesms.mms.TextTransport,top_level,2,2,0,5,0,2,5,0,2,1,1,1,1,0,1,0,1,0,1,0,1,0,1,0,1,0,1,0,1,1,1,1,1,0,1,0,1
Signal-Android,2016-1,2017-1,org.thoughtcrime.securesms.mms.VideoSlide,top_level,3,4,1,23,0,3,23,0,4,0,0,,,,0,,0,,0,,0,,0,,0,,0,,0,,0,,0,,0,,0
Signal-Android,2016-1,2017-1,org.thoughtcrime.securesms.notifications.AbstractNotificationBuilder,top_level,0,2,2,33,0,0,42,0,1,1,1,2,2,0,1,0,1,0,1,0,1,0,1,0,1,0,1,0,1,2,1,2,1,0,1,0,1
Signal-Android,2016-1,2017-1,org.thoughtcrime.securesms.notifications.FailedNotificationBuilder,top_level,0,0,0,12,0,0,12,0,0,0,0,,,,0,,0,,0,,0,,0,,0,,0,,0,,0,,0,,0,,0
Signal-Android,2016-1,2017-1,org.thoughtcrime.securesms.notifications.MarkReadReceiver,top_level,0,0,0,23,0,0,39,0,0,1,1,1,6,0,1,0,1,0,1,0,1,0,1,0,1,0,1,0,1,1,1,6,1,0,1,0,1
Signal-Android,2016-1,2017-1,org.thoughtcrime.securesms.notifications.MasterSecretBroadcastReceiver,top_level,0,0,0,5,0,0,5,0,0,0,0,,,,0,,0,,0,,0,,0,,0,,0,,0,,0,,0,,0,,0
Signal-Android,2016-1,2017-1,org.thoughtcrime.securesms.notifications.MessageNotifier,top_level,1,3,2,238,0,0,337,0,0,1,1,63,90,0,1,0,1,0,1,0,1,0,1,0,1,0,1,0,1,56,1,73,1,1,1,1,1
Signal-Android,2016-1,2017-1,org.thoughtcrime.securesms.notifications.MultipleRecipientNotificationBuilder,top_level,1,1,0,41,0,1,42,0,1,1,1,1,1,0,1,0,1,0,1,0,1,0,1,0,1,0,1,0,1,1,1,1,1,0,1,0,1
Signal-Android,2016-1,2017-1,org.thoughtcrime.securesms.notifications.NotificationItem,top_level,2,2,0,39,0,2,41,0,2,1,1,2,4,1,1,1,1,0,1,0,1,0,1,0,1,0,1,0,1,1,1,3,1,0,1,0,1
Signal-Android,2016-1,2017-1,org.thoughtcrime.securesms.notifications.NotificationState,top_level,3,4,1,53,0,3,90,0,4,1,1,5,4,0,1,0,1,0,1,0,1,0,1,0,1,0,1,0,1,5,1,4,1,0,1,0,1
Signal-Android,2016-1,2017-1,org.thoughtcrime.securesms.notifications.SingleRecipientNotificationBuilder,top_level,1,1,0,129,0,1,144,0,1,1,1,14,14,0,1,0,1,0,1,0,1,0,1,0,1,0,1,0,1,14,1,14,1,0,1,0,1
Signal-Android,2016-1,2017-1,org.thoughtcrime.securesms.preferences.AdvancedPreferenceFragment,top_level,6,6,0,139,0,3,139,0,3,1,1,9,9,0,1,0,1,0,1,0,1,0,1,0,1,0,1,0,1,8,1,8,1,0,1,0,1
Signal-Android,2016-1,2017-1,org.thoughtcrime.securesms.preferences.AdvancedRingtonePreference,top_level,0,0,0,13,0,0,13,0,0,0,0,,,,0,,0,,0,,0,,0,,0,,0,,0,,0,,0,,0,,0
Signal-Android,2016-1,2017-1,org.thoughtcrime.securesms.preferences.AppProtectionPreferenceFragment,top_level,5,5,0,109,0,3,109,0,3,1,1,9,9,0,1,0,1,0,1,0,1,0,1,0,1,0,1,0,1,9,1,9,1,0,1,0,1
Signal-Android,2016-1,2017-1,org.thoughtcrime.securesms.preferences.AppearancePreferenceFragment,top_level,3,3,0,33,0,3,33,0,3,1,1,6,6,0,1,0,1,0,1,0,1,0,1,0,1,0,1,0,1,6,1,6,1,0,1,0,1
Signal-Android,2016-1,2017-1,org.thoughtcrime.securesms.preferences.BlockedContactListItem,top_level,1,1,0,31,0,1,31,0,1,0,0,,,,0,,0,,0,,0,,0,,0,,0,,0,,0,,0,,0,,0
Signal-Android,2016-1,2017-1,org.thoughtcrime.securesms.preferences.ChatsPreferenceFragment,top_level,2,2,0,79,0,2,79,0,2,1,1,8,8,0,1,0,1,0,1,0,1,0,1,0,1,0,1,0,1,8,1,8,1,0,1,0,1
Signal-Android,2016-1,2017-1,org.thoughtcrime.securesms.preferences.ColorPreference,top_level,7,7,0,132,0,5,132,0,5,1,1,18,18,0,1,0,1,0,1,0,1,0,1,0,1,0,1,0,1,17,1,17,1,0,1,0,1
Signal-Android,2016-1,2017-1,org.thoughtcrime.securesms.preferences.LedBlinkPatternListPreference,top_level,5,5,0,72,0,3,72,0,3,1,1,9,9,0,1,0,1,0,1,0,1,0,1,0,1,0,1,0,1,8,1,8,1,0,1,0,1
Signal-Android,2016-1,2017-1,org.thoughtcrime.securesms.preferences.ListSummaryPreferenceFragment,top_level,0,0,0,12,0,0,12,0,0,1,1,6,6,0,1,0,1,0,1,0,1,0,1,0,1,0,1,0,1,6,1,6,1,0,1,0,1
Signal-Android,2016-1,2017-1,org.thoughtcrime.securesms.preferences.MmsPreferencesActivity,top_level,3,3,0,30,0,3,30,0,3,1,1,4,4,0,1,0,1,0,1,0,1,0,1,0,1,0,1,0,1,3,1,3,1,0,1,0,1
Signal-Android,2016-1,2017-1,org.thoughtcrime.securesms.preferences.MmsPreferencesFragment,top_level,1,1,0,41,0,1,41,0,1,1,1,1,1,0,1,0,1,0,1,0,1,0,1,0,1,0,1,0,1,1,1,1,1,0,1,0,1
Signal-Android,2016-1,2017-1,org.thoughtcrime.securesms.preferences.NotificationPrivacyPreference,top_level,2,2,0,8,0,2,8,0,2,0,0,,,,0,,0,,0,,0,,0,,0,,0,,0,,0,,0,,0,,0
Signal-Android,2016-1,2017-1,org.thoughtcrime.securesms.preferences.NotificationsPreferenceFragment,top_level,1,1,0,56,0,1,56,0,1,1,1,4,4,0,1,0,1,0,1,0,1,0,1,0,1,0,1,0,1,4,1,4,1,0,1,0,1
Signal-Android,2016-1,2017-1,org.thoughtcrime.securesms.preferences.SmsMmsPreferenceFragment,top_level,9,9,0,64,0,2,64,0,2,1,1,6,6,0,1,0,1,0,1,0,1,0,1,0,1,0,1,0,1,6,1,6,1,0,1,0,1
Signal-Android,2016-1,2017-1,org.thoughtcrime.securesms.providers.MmsBodyProvider,top_level,1,1,0,66,0,1,66,0,1,1,1,7,7,0,1,0,1,0,1,0,1,0,1,0,1,0,1,0,1,7,1,7,1,0,1,0,1
Signal-Android,2016-1,2017-1,org.thoughtcrime.securesms.providers.PartProvider,top_level,1,1,0,64,0,1,64,0,1,1,1,3,3,0,1,0,1,0,1,0,1,0,1,0,1,0,1,0,1,3,1,3,1,0,1,0,1
Signal-Android,2016-1,2017-1,org.thoughtcrime.securesms.providers.PersistentBlobProvider,top_level,0,0,0,74,0,0,95,0,0,1,1,4,10,0,1,0,1,0,1,0,1,0,1,0,1,0,1,0,1,3,1,9,1,0,1,0,1
Signal-Android,2016-1,2017-1,org.thoughtcrime.securesms.providers.SingleUseBlobProvider,top_level,2,2,0,23,0,1,23,0,1,1,1,2,2,0,1,0,1,0,1,0,1,0,1,0,1,0,1,0,1,1,1,1,1,0,1,0,1
Signal-Android,2016-1,2017-1,org.thoughtcrime.securesms.push.SecurityEventListener,top_level,0,0,0,8,0,0,8,0,0,0,0,,,,0,,0,,0,,0,,0,,0,,0,,0,,0,,0,,0,,0
Signal-Android,2016-1,2017-1,org.thoughtcrime.securesms.recipients.Recipient,top_level,10,10,0,95,0,8,95,0,8,1,1,1,1,0,1,0,1,0,1,0,1,0,1,0,1,0,1,0,1,0,1,0,1,0,1,0,1
Signal-Android,2016-1,2017-1,org.thoughtcrime.securesms.recipients.RecipientFactory,top_level,1,0,-1,58,0,0,60,0,0,1,1,8,8,0,1,0,1,0,1,0,1,0,1,0,1,0,1,0,1,7,1,7,1,0,1,0,1
Signal-Android,2016-1,2017-1,org.thoughtcrime.securesms.recipients.RecipientFormattingException,top_level,1,1,0,9,0,1,9,0,1,0,0,,,,0,,0,,0,,0,,0,,0,,0,,0,,0,,0,,0,,0
Signal-Android,2016-1,2017-1,org.thoughtcrime.securesms.recipients.RecipientProvider,top_level,1,1,0,136,0,1,140,0,1,1,1,11,11,1,1,1,1,0,1,0,1,0,1,0,1,0,1,0,1,8,1,8,1,0,1,0,1
Signal-Android,2016-1,2017-1,org.thoughtcrime.securesms.recipients.Recipients,top_level,23,25,2,162,0,15,172,0,17,1,1,11,11,0,1,0,1,0,1,0,1,0,1,0,1,0,1,0,1,10,1,10,1,1,1,1,1
Signal-Android,2016-1,2017-1,org.thoughtcrime.securesms.recipients.RecipientsFormatter,top_level,0,0,0,28,0,0,28,0,0,1,1,4,4,0,1,0,1,0,1,0,1,0,1,0,1,0,1,0,1,3,1,3,1,0,1,0,1
Signal-Android,2016-1,2017-1,org.thoughtcrime.securesms.service.AccountAuthenticatorService,top_level,2,2,0,40,0,1,40,0,1,1,1,2,2,0,1,0,1,0,1,0,1,0,1,0,1,0,1,0,1,2,1,2,1,0,1,0,1
Signal-Android,2016-1,2017-1,org.thoughtcrime.securesms.service.AccountVerificationTimeoutException,top_level,1,1,0,8,0,1,8,0,1,0,0,,,,0,,0,,0,,0,,0,,0,,0,,0,,0,,0,,0,,0
Signal-Android,2016-1,2017-1,org.thoughtcrime.securesms.service.ApplicationMigrationService,top_level,12,12,0,123,0,8,123,0,8,1,1,9,9,1,1,1,1,0,1,0,1,0,1,0,1,0,1,0,1,8,1,8,1,0,1,0,1
Signal-Android,2016-1,2017-1,org.thoughtcrime.securesms.service.ContactsSyncAdapterService,top_level,2,2,0,10,0,1,10,0,1,0,0,,,,0,,0,,0,,0,,0,,0,,0,,0,,0,,0,,0,,0
Signal-Android,2016-1,2017-1,org.thoughtcrime.securesms.service.DirectoryRefreshListener,top_level,0,0,0,29,0,0,29,0,0,1,1,2,2,0,1,0,1,0,1,0,1,0,1,0,1,0,1,0,1,2,1,2,1,0,1,0,1
Signal-Android,2016-1,2017-1,org.thoughtcrime.securesms.service.KeyCachingService,top_level,24,24,0,186,0,14,184,0,14,1,1,8,8,0,1,0,1,0,1,0,1,0,1,0,1,0,1,0,1,6,1,6,1,0,1,0,1
Signal-Android,2016-1,2017-1,org.thoughtcrime.securesms.service.MasterSecretIntentService,top_level,0,0,0,7,0,0,7,0,0,0,0,,,,0,,0,,0,,0,,0,,0,,0,,0,,0,,0,,0,,0
Signal-Android,2016-1,2017-1,org.thoughtcrime.securesms.service.MessageRetrievalService,top_level,16,16,0,103,0,8,103,0,8,1,1,4,4,0,1,0,1,0,1,0,1,0,1,0,1,0,1,0,1,1,1,1,1,0,1,0,1
Signal-Android,2016-1,2017-1,org.thoughtcrime.securesms.service.MmsListener,top_level,0,0,0,25,0,0,26,0,0,1,1,4,5,0,1,0,1,0,1,0,1,0,1,0,1,0,1,0,1,3,1,4,1,0,1,0,1
Signal-Android,2016-1,2017-1,org.thoughtcrime.securesms.service.QuickResponseService,top_level,1,1,0,29,0,1,32,0,1,1,1,4,8,0,1,0,1,0,1,0,1,0,1,0,1,0,1,0,1,4,1,8,1,0,1,0,1
Signal-Android,2016-1,2017-1,org.thoughtcrime.securesms.service.RegistrationNotifier,top_level,0,0,0,13,0,0,13,0,0,0,0,,,,0,,0,,0,,0,,0,,0,,0,,0,,0,,0,,0,,0
Signal-Android,2016-1,2017-1,org.thoughtcrime.securesms.service.RegistrationService,top_level,14,14,0,216,0,9,216,0,9,1,1,9,9,1,1,1,1,0,1,0,1,0,1,0,1,0,1,0,1,6,1,6,1,0,1,0,1
Signal-Android,2016-1,2017-1,org.thoughtcrime.securesms.service.SmsDeliveryListener,top_level,0,0,0,26,0,0,26,0,0,1,1,2,2,0,1,0,1,0,1,0,1,0,1,0,1,0,1,0,1,2,1,2,1,0,1,0,1
Signal-Android,2016-1,2017-1,org.thoughtcrime.securesms.service.SmsListener,top_level,0,0,0,74,0,0,75,0,0,1,1,15,16,0,1,0,1,0,1,0,1,0,1,0,1,0,1,0,1,11,1,12,1,0,1,0,1
Signal-Android,2016-1,2017-1,org.thoughtcrime.securesms.sms.IncomingEncryptedMessage,top_level,1,1,0,9,0,1,9,0,1,0,0,,,,0,,0,,0,,0,,0,,0,,0,,0,,0,,0,,0,,0
Signal-Android,2016-1,2017-1,org.thoughtcrime.securesms.sms.IncomingEndSessionMessage,top_level,1,1,0,11,0,1,11,0,1,0,0,,,,0,,0,,0,,0,,0,,0,,0,,0,,0,,0,,0,,0
Signal-Android,2016-1,2017-1,org.thoughtcrime.securesms.sms.IncomingGroupMessage,top_level,3,3,0,15,0,3,15,0,3,1,1,2,2,0,1,0,1,0,1,0,1,0,1,0,1,0,1,0,1,2,1,2,1,0,1,0,1
Signal-Android,2016-1,2017-1,org.thoughtcrime.securesms.sms.IncomingJoinedMessage,top_level,2,2,0,9,0,2,9,0,2,0,0,,,,0,,0,,0,,0,,0,,0,,0,,0,,0,,0,,0,,0
Signal-Android,2016-1,2017-1,org.thoughtcrime.securesms.sms.IncomingPreKeyBundleMessage,top_level,1,1,0,9,0,1,9,0,1,0,0,,,,0,,0,,0,,0,,0,,0,,0,,0,,0,,0,,0,,0
Signal-Android,2016-1,2017-1,org.thoughtcrime.securesms.sms.IncomingTextMessage,top_level,11,14,3,139,0,11,161,0,14,0,0,,,,0,,0,,0,,0,,0,,0,,0,,0,,0,,0,,0,,0
Signal-Android,2016-1,2017-1,org.thoughtcrime.securesms.sms.MessageSender,top_level,0,0,0,161,0,0,166,0,0,1,1,25,27,0,1,0,1,0,1,0,1,0,1,0,1,0,1,0,1,21,1,23,1,1,1,1,1
Signal-Android,2016-1,2017-1,org.thoughtcrime.securesms.sms.OutgoingEncryptedMessage,top_level,1,1,0,11,0,1,11,0,1,0,0,,,,0,,0,,0,,0,,0,,0,,0,,0,,0,,0,,0,,0
Signal-Android,2016-1,2017-1,org.thoughtcrime.securesms.sms.OutgoingEndSessionMessage,top_level,1,1,0,11,0,1,11,0,1,0,0,,,,0,,0,,0,,0,,0,,0,,0,,0,,0,,0,,0,,0
Signal-Android,2016-1,2017-1,org.thoughtcrime.securesms.sms.OutgoingKeyExchangeMessage,top_level,1,1,0,11,0,1,11,0,1,0,0,,,,0,,0,,0,,0,,0,,0,,0,,0,,0,,0,,0,,0
Signal-Android,2016-1,2017-1,org.thoughtcrime.securesms.sms.OutgoingPrekeyBundleMessage,top_level,1,1,0,9,0,1,9,0,1,0,0,,,,0,,0,,0,,0,,0,,0,,0,,0,,0,,0,,0,,0
Signal-Android,2016-1,2017-1,org.thoughtcrime.securesms.sms.OutgoingTextMessage,top_level,4,6,2,32,0,4,44,0,6,1,1,4,4,0,1,0,1,0,1,0,1,0,1,0,1,0,1,0,1,4,1,4,1,0,1,0,1
Signal-Android,2016-1,2017-1,org.thoughtcrime.securesms.sms.TelephonyServiceState,top_level,0,0,0,47,0,0,47,0,0,1,1,2,2,0,1,0,1,0,1,0,1,0,1,0,1,0,1,0,1,2,1,2,1,0,1,0,1
Signal-Android,2016-1,2017-1,org.thoughtcrime.securesms.transport.InsecureFallbackApprovalException,top_level,0,0,0,5,0,0,5,0,0,0,0,,,,0,,0,,0,,0,,0,,0,,0,,0,,0,,0,,0,,0
Signal-Android,2016-1,2017-1,org.thoughtcrime.securesms.transport.RetryLaterException,top_level,0,0,0,3,0,0,3,0,0,0,0,,,,0,,0,,0,,0,,0,,0,,0,,0,,0,,0,,0,,0
Signal-Android,2016-1,2017-1,org.thoughtcrime.securesms.transport.UndeliverableMessageException,top_level,1,1,0,8,0,1,8,0,1,0,0,,,,0,,0,,0,,0,,0,,0,,0,,0,,0,,0,,0,,0
Signal-Android,2016-1,2017-1,org.thoughtcrime.securesms.util.AbstractCursorLoader,top_level,8,8,0,49,0,3,49,0,3,1,1,1,1,0,1,0,1,0,1,0,1,0,1,0,1,0,1,0,1,1,1,1,1,0,1,0,1
Signal-Android,2016-1,2017-1,org.thoughtcrime.securesms.util.Base64,top_level,59,59,0,737,0,1,737,0,1,1,1,74,74,0,1,0,1,1,1,1,1,0,1,0,1,0,1,0,1,8,1,8,1,1,1,1,1
Signal-Android,2016-1,2017-1,org.thoughtcrime.securesms.util.BitmapDecodingException,top_level,0,0,0,3,0,0,5,0,0,0,0,,,,0,,0,,0,,0,,0,,0,,0,,0,,0,,0,,0,,0
Signal-Android,2016-1,2017-1,org.thoughtcrime.securesms.util.BitmapUtil,top_level,15,18,3,183,0,0,209,0,0,1,1,17,25,0,1,0,1,0,1,0,1,0,1,0,1,0,1,0,1,5,1,12,1,1,1,1,1
Signal-Android,2016-1,2017-1,org.thoughtcrime.securesms.util.CharacterCalculator,top_level,1,0,-1,10,0,1,10,0,0,0,0,,,,0,,0,,0,,0,,0,,0,,0,,0,,0,,0,,0,,0
Signal-Android,2016-1,2017-1,org.thoughtcrime.securesms.util.Conversions,top_level,25,25,0,110,0,0,110,0,0,1,1,2,2,0,1,0,1,0,1,0,1,0,1,0,1,0,1,0,1,0,1,0,1,0,1,0,1
Signal-Android,2016-1,2017-1,org.thoughtcrime.securesms.util.DateUtils,top_level,0,0,0,59,0,0,59,0,0,1,1,5,5,0,1,0,1,0,1,0,1,0,1,0,1,0,1,0,1,5,1,5,1,0,1,0,1
Signal-Android,2016-1,2017-1,org.thoughtcrime.securesms.util.Dialogs,top_level,0,0,0,15,0,0,15,0,0,1,1,1,1,0,1,0,1,0,1,0,1,0,1,0,1,0,1,0,1,0,1,0,1,0,1,0,1
Signal-Android,2016-1,2017-1,org.thoughtcrime.securesms.util.DirectoryHelper,top_level,0,0,0,139,0,0,139,0,0,1,1,28,28,0,1,0,1,0,1,0,1,0,1,0,1,0,1,0,1,21,1,21,1,0,1,0,1
Signal-Android,2016-1,2017-1,org.thoughtcrime.securesms.util.DynamicIntroTheme,top_level,0,0,0,6,0,0,6,0,0,1,1,1,1,0,1,0,1,0,1,0,1,0,1,0,1,0,1,0,1,1,1,1,1,0,1,0,1
Signal-Android,2016-1,2017-1,org.thoughtcrime.securesms.util.DynamicLanguage,top_level,0,0,0,43,0,0,43,0,0,1,1,9,9,0,1,0,1,0,1,0,1,0,1,0,1,0,1,0,1,8,1,8,1,0,1,0,1
Signal-Android,2016-1,2017-1,org.thoughtcrime.securesms.util.DynamicNoActionBarTheme,top_level,0,0,0,6,0,0,6,0,0,1,1,1,1,0,1,0,1,0,1,0,1,0,1,0,1,0,1,0,1,1,1,1,1,0,1,0,1
Signal-Android,2016-1,2017-1,org.thoughtcrime.securesms.util.DynamicTheme,top_level,0,0,0,21,0,0,21,0,0,1,1,2,2,0,1,0,1,0,1,0,1,0,1,0,1,0,1,0,1,1,1,1,1,0,1,0,1
Signal-Android,2016-1,2017-1,org.thoughtcrime.securesms.util.FutureTaskListener<V>,top_level,2,2,0,3,0,1,3,0,1,0,0,,,,0,,0,,0,,0,,0,,0,,0,,0,,0,,0,,0,,0
Signal-Android,2016-1,2017-1,org.thoughtcrime.securesms.util.GroupUtil,top_level,0,0,0,49,0,0,49,0,0,1,1,5,5,0,1,0,1,0,1,0,1,0,1,0,1,0,1,0,1,4,1,4,1,0,1,0,1
Signal-Android,2016-1,2017-1,org.thoughtcrime.securesms.util.Hex,top_level,0,0,0,75,0,0,75,0,0,1,1,1,1,0,1,0,1,0,1,0,1,0,1,0,1,0,1,0,1,0,1,0,1,0,1,0,1
Signal-Android,2016-1,2017-1,org.thoughtcrime.securesms.util.JsonUtils,top_level,0,0,0,14,0,0,16,0,0,1,1,1,1,0,1,0,1,0,1,0,1,0,1,0,1,0,1,0,1,0,1,0,1,0,1,0,1
Signal-Android,2016-1,2017-1,"org.thoughtcrime.securesms.util.LRUCache<K,V>",top_level,1,1,0,7,0,1,7,0,1,0,0,,,,0,,0,,0,,0,,0,,0,,0,,0,,0,,0,,0,,0
Signal-Android,2016-1,2017-1,org.thoughtcrime.securesms.util.LinkedBlockingLifoQueue<E>,top_level,3,3,0,12,0,3,12,0,3,0,0,,,,0,,0,,0,,0,,0,,0,,0,,0,,0,,0,,0,,0
Signal-Android,2016-1,2017-1,org.thoughtcrime.securesms.util.ListenableFutureTask<V>,top_level,6,6,0,50,0,4,50,0,4,0,0,,,,0,,0,,0,,0,,0,,0,,0,,0,,0,,0,,0,,0
Signal-Android,2016-1,2017-1,org.thoughtcrime.securesms.util.MediaUtil,top_level,0,0,0,78,0,0,90,0,0,1,1,10,11,0,1,0,1,0,1,0,1,0,1,0,1,0,1,0,1,9,1,10,1,0,1,0,1
Signal-Android,2016-1,2017-1,org.thoughtcrime.securesms.util.MmsCharacterCalculator,top_level,0,0,0,5,0,0,5,0,0,0,0,,,,0,,0,,0,,0,,0,,0,,0,,0,,0,,0,,0,,0
Signal-Android,2016-1,2017-1,org.thoughtcrime.securesms.util.NumberUtil,top_level,0,0,0,20,0,0,20,0,0,1,1,2,2,0,1,0,1,0,1,0,1,0,1,0,1,0,1,0,1,1,1,1,1,0,1,0,1
Signal-Android,2016-1,2017-1,org.thoughtcrime.securesms.util.ParcelUtil,top_level,0,0,0,15,0,0,15,0,0,1,1,5,5,0,1,0,1,0,1,0,1,0,1,0,1,0,1,0,1,4,1,4,1,0,1,0,1
Signal-Android,2016-1,2017-1,org.thoughtcrime.securesms.util.PushCharacterCalculator,top_level,0,0,0,5,0,0,5,0,0,0,0,,,,0,,0,,0,,0,,0,,0,,0,,0,,0,,0,,0,,0
Signal-Android,2016-1,2017-1,org.thoughtcrime.securesms.util.RedPhoneCallTypes,top_level,0,0,0,4,0,0,4,0,0,0,0,,,,0,,0,,0,,0,,0,,0,,0,,0,,0,,0,,0,,0
Signal-Android,2016-1,2017-1,org.thoughtcrime.securesms.util.ResUtil,top_level,0,0,0,21,0,0,21,0,0,1,1,4,4,0,1,0,1,0,1,0,1,0,1,0,1,0,1,0,1,3,1,3,1,0,1,0,1
Signal-Android,2016-1,2017-1,org.thoughtcrime.securesms.util.Rfc5724Uri,top_level,0,0,0,33,0,0,33,0,0,1,1,3,3,0,1,0,1,0,1,0,1,0,1,0,1,0,1,0,1,3,1,3,1,0,1,0,1
Signal-Android,2016-1,2017-1,org.thoughtcrime.securesms.util.SaveAttachmentTask,top_level,0,0,0,95,0,0,112,0,0,1,1,6,10,0,1,0,1,0,1,0,1,0,1,0,1,0,1,0,1,6,1,9,1,0,1,0,1
Signal-Android,2016-1,2017-1,org.thoughtcrime.securesms.util.SelectedRecipientsAdapter,top_level,6,6,0,88,0,4,88,0,4,1,1,15,15,0,1,0,1,0,1,0,1,0,1,0,1,0,1,0,1,15,1,15,1,0,1,0,1
Signal-Android,2016-1,2017-1,org.thoughtcrime.securesms.util.ServiceUtil,top_level,0,0,0,13,0,0,13,0,0,1,1,1,1,0,1,0,1,0,1,0,1,0,1,0,1,0,1,0,1,0,1,0,1,0,1,0,1
Signal-Android,2016-1,2017-1,org.thoughtcrime.securesms.util.ShortCodeUtil,top_level,0,0,0,23,0,0,23,0,0,1,1,7,7,0,1,0,1,0,1,0,1,0,1,0,1,0,1,0,1,6,1,6,1,0,1,0,1
Signal-Android,2016-1,2017-1,org.thoughtcrime.securesms.util.SmilUtil,top_level,0,0,0,80,0,0,80,0,0,1,1,17,17,0,1,0,1,0,1,0,1,0,1,0,1,0,1,0,1,16,1,16,1,0,1,0,1
Signal-Android,2016-1,2017-1,org.thoughtcrime.securesms.util.SmsCharacterCalculator,top_level,0,0,0,15,0,0,13,0,0,0,0,,,,0,,0,,0,,0,,0,,0,,0,,0,,0,,0,,0,,0
Signal-Android,2016-1,2017-1,org.thoughtcrime.securesms.util.SpanUtil,top_level,0,0,0,19,0,0,19,0,0,1,1,1,1,0,1,0,1,0,1,0,1,0,1,0,1,0,1,0,1,0,1,0,1,0,1,0,1
Signal-Android,2016-1,2017-1,org.thoughtcrime.securesms.util.TaggedFutureTask<V>,top_level,0,0,0,10,0,0,10,0,0,0,0,,,,0,,0,,0,,0,,0,,0,,0,,0,,0,,0,,0,,0
Signal-Android,2016-1,2017-1,org.thoughtcrime.securesms.util.TelephonyUtil,top_level,0,0,0,24,0,0,24,0,0,1,1,9,9,0,1,0,1,0,1,0,1,0,1,0,1,0,1,0,1,8,1,8,1,0,1,0,1
Signal-Android,2016-1,2017-1,org.thoughtcrime.securesms.util.TextSecurePreferences,top_level,0,0,0,310,0,0,315,0,0,1,1,26,26,0,1,0,1,0,1,0,1,0,1,0,1,0,1,0,1,22,1,22,1,1,1,1,1
Signal-Android,2016-1,2017-1,org.thoughtcrime.securesms.util.ThreadUtil,top_level,0,0,0,6,0,0,6,0,0,1,1,1,1,0,1,0,1,0,1,0,1,0,1,0,1,0,1,0,1,0,1,0,1,0,1,0,1
Signal-Android,2016-1,2017-1,org.thoughtcrime.securesms.util.Trimmer,top_level,0,0,0,36,0,0,36,0,0,1,1,4,4,0,1,0,1,0,1,0,1,0,1,0,1,0,1,0,1,2,1,2,1,0,1,0,1
Signal-Android,2016-1,2017-1,org.thoughtcrime.securesms.util.Util,top_level,12,16,4,198,0,0,234,0,0,1,1,19,35,0,1,0,1,0,1,0,1,0,1,0,1,1,1,1,1,14,1,28,1,1,1,1,1
Signal-Android,2016-1,2017-1,org.thoughtcrime.securesms.util.VersionTracker,top_level,0,0,0,9,0,0,9,0,0,1,1,1,1,0,1,0,1,0,1,0,1,0,1,0,1,0,1,0,1,0,1,0,1,0,1,0,1
Signal-Android,2016-1,2017-1,org.thoughtcrime.securesms.util.ViewUtil,top_level,0,0,0,106,0,0,106,0,0,1,1,2,2,0,1,0,1,0,1,0,1,0,1,0,1,0,1,0,1,0,1,0,1,0,1,0,1
Signal-Android,2016-1,2017-1,org.thoughtcrime.securesms.util.WorkerThread,top_level,2,2,0,17,0,1,17,0,1,1,1,1,1,0,1,0,1,0,1,0,1,0,1,0,1,0,1,0,1,1,1,1,1,0,1,0,1
Signal-Android,2016-1,2017-1,org.thoughtcrime.securesms.util.concurrent.AssertedSuccessListener<T>,top_level,0,0,0,4,0,0,4,0,0,0,0,,,,0,,0,,0,,0,,0,,0,,0,,0,,0,,0,,0,,0
Signal-Android,2016-1,2017-1,org.thoughtcrime.securesms.util.concurrent.ListenableFuture<T>,top_level,1,1,0,5,0,1,5,0,1,0,0,,,,0,,0,,0,,0,,0,,0,,0,,0,,0,,0,,0,,0
Signal-Android,2016-1,2017-1,org.thoughtcrime.securesms.util.concurrent.SettableFuture<T>,top_level,13,13,0,60,1,6,62,1,6,0,0,,,,0,,0,,0,,0,,0,,0,,0,,0,,0,,0,,0,,0
Signal-Android,2016-1,2017-1,org.thoughtcrime.securesms.util.deque.BlockingDeque<E>,top_level,29,29,0,36,0,18,36,0,18,0,0,,,,0,,0,,0,,0,,0,,0,,0,,0,,0,,0,,0,,0
Signal-Android,2016-1,2017-1,org.thoughtcrime.securesms.util.deque.Deque<E>,top_level,27,27,0,28,0,21,28,0,21,0,0,,,,0,,0,,0,,0,,0,,0,,0,,0,,0,,0,,0,,0
Signal-Android,2016-1,2017-1,org.thoughtcrime.securesms.util.deque.LinkedBlockingDeque<E>,top_level,68,68,0,528,0,37,528,0,37,0,0,,,,0,,0,,0,,0,,0,,0,,0,,0,,0,,0,,0,,0
Signal-Android,2016-1,2017-1,"org.thoughtcrime.securesms.util.task.ProgressDialogAsyncTask<Params,Progress,Result>",top_level,4,4,0,21,0,2,21,0,2,0,0,,,,0,,0,,0,,0,,0,,0,,0,,0,,0,,0,,0,,0
Signal-Android,2016-1,2017-1,org.thoughtcrime.securesms.util.task.SnackbarAsyncTask<Params>,top_level,4,4,0,61,1,3,61,1,3,0,0,,,,0,,0,,0,,0,,0,,0,,0,,0,,0,,0,,0,,0
Signal-Android,2016-1,2017-1,ws.com.google.android.mms.ContentType,top_level,1,1,0,153,0,1,153,0,1,1,1,1,1,0,1,0,1,0,1,0,1,0,1,0,1,0,1,0,1,0,1,0,1,0,1,0,1
Signal-Android,2016-1,2017-1,ws.com.google.android.mms.InvalidHeaderValueException,top_level,1,1,0,6,0,1,6,0,1,0,0,,,,0,,0,,0,,0,,0,,0,,0,,0,,0,,0,,0,,0
Signal-Android,2016-1,2017-1,ws.com.google.android.mms.MmsException,top_level,1,1,0,10,0,1,10,0,1,0,0,,,,0,,0,,0,,0,,0,,0,,0,,0,,0,,0,,0,,0
Signal-Android,2016-1,2017-1,ws.com.google.android.mms.pdu.AcknowledgeInd,top_level,5,5,0,17,0,5,17,0,5,0,0,,,,0,,0,,0,,0,,0,,0,,0,,0,,0,,0,,0,,0
Signal-Android,2016-1,2017-1,ws.com.google.android.mms.pdu.Base64,top_level,15,15,0,68,0,0,68,0,0,1,1,2,2,0,1,0,1,0,1,0,1,0,1,0,1,0,1,0,1,0,1,0,1,0,1,0,1
Signal-Android,2016-1,2017-1,ws.com.google.android.mms.pdu.CharacterSets,top_level,1,1,0,96,0,1,96,0,1,1,1,1,1,0,1,0,1,0,1,0,1,0,1,0,1,0,1,0,1,0,1,0,1,0,1,0,1
Signal-Android,2016-1,2017-1,ws.com.google.android.mms.pdu.DeliveryInd,top_level,7,7,0,22,0,7,22,0,7,0,0,,,,0,,0,,0,,0,,0,,0,,0,,0,,0,,0,,0,,0
Signal-Android,2016-1,2017-1,ws.com.google.android.mms.pdu.EncodedStringValue,top_level,14,14,0,116,0,7,116,0,7,0,0,,,,0,,0,,0,,0,,0,,0,,0,,0,,0,,0,,0,,0
Signal-Android,2016-1,2017-1,ws.com.google.android.mms.pdu.GenericPdu,top_level,5,5,0,20,0,5,20,0,5,0,0,,,,0,,0,,0,,0,,0,,0,,0,,0,,0,,0,,0,,0
Signal-Android,2016-1,2017-1,ws.com.google.android.mms.pdu.MultimediaMessagePdu,top_level,5,5,0,29,0,5,29,0,5,0,0,,,,0,,0,,0,,0,,0,,0,,0,,0,,0,,0,,0,,0
Signal-Android,2016-1,2017-1,ws.com.google.android.mms.pdu.NotificationInd,top_level,16,16,0,44,0,16,44,0,16,0,0,,,,0,,0,,0,,0,,0,,0,,0,,0,,0,,0,,0,,0
Signal-Android,2016-1,2017-1,ws.com.google.android.mms.pdu.NotifyRespInd,top_level,7,7,0,23,0,7,23,0,7,0,0,,,,0,,0,,0,,0,,0,,0,,0,,0,,0,,0,,0,,0
Signal-Android,2016-1,2017-1,ws.com.google.android.mms.pdu.PduBody,top_level,3,3,0,56,0,3,56,0,3,1,1,7,7,0,1,0,1,0,1,0,1,0,1,0,1,0,1,0,1,0,1,0,1,0,1,0,1
Signal-Android,2016-1,2017-1,ws.com.google.android.mms.pdu.PduComposer,top_level,114,114,0,516,0,18,516,0,18,1,1,50,50,0,1,0,1,2,1,2,1,0,1,0,1,0,1,0,1,18,1,18,1,1,1,1,1
Signal-Android,2016-1,2017-1,ws.com.google.android.mms.pdu.PduContentTypes,top_level,0,0,0,86,0,0,86,0,0,0,0,,,,0,,0,,0,,0,,0,,0,,0,,0,,0,,0,,0,,0
Signal-Android,2016-1,2017-1,ws.com.google.android.mms.pdu.PduHeaders,top_level,100,100,0,405,0,9,405,0,9,1,1,26,26,0,1,0,1,1,1,1,1,0,1,0,1,0,1,0,1,3,1,3,1,0,1,0,1
Signal-Android,2016-1,2017-1,ws.com.google.android.mms.pdu.PduParser,top_level,29,29,0,989,0,1,989,0,1,1,1,107,107,0,1,0,1,5,1,5,1,0,1,0,1,0,1,0,1,16,1,16,1,1,1,1,1
Signal-Android,2016-1,2017-1,ws.com.google.android.mms.pdu.PduPart,top_level,33,33,0,141,0,19,141,0,19,1,1,7,7,0,1,0,1,0,1,0,1,0,1,0,1,0,1,0,1,0,1,0,1,0,1,0,1
Signal-Android,2016-1,2017-1,ws.com.google.android.mms.pdu.QuotedPrintable,top_level,9,9,0,24,0,0,24,0,0,1,1,2,2,0,1,0,1,0,1,0,1,0,1,0,1,0,1,0,1,0,1,0,1,0,1,0,1
Signal-Android,2016-1,2017-1,ws.com.google.android.mms.pdu.ReadOrigInd,top_level,7,7,0,26,0,7,26,0,7,0,0,,,,0,,0,,0,,0,,0,,0,,0,,0,,0,,0,,0,,0
Signal-Android,2016-1,2017-1,ws.com.google.android.mms.pdu.ReadRecInd,top_level,6,6,0,31,0,6,31,0,6,0,0,,,,0,,0,,0,,0,,0,,0,,0,,0,,0,,0,,0,,0
Signal-Android,2016-1,2017-1,ws.com.google.android.mms.pdu.RetrieveConf,top_level,15,15,0,48,0,15,48,0,15,0,0,,,,0,,0,,0,,0,,0,,0,,0,,0,,0,,0,,0,,0
Signal-Android,2016-1,2017-1,ws.com.google.android.mms.pdu.SendConf,top_level,7,7,0,18,0,7,18,0,7,0,0,,,,0,,0,,0,,0,,0,,0,,0,,0,,0,,0,,0,,0
Signal-Android,2016-1,2017-1,ws.com.google.android.mms.pdu.SendReq,top_level,17,17,0,72,0,16,72,0,16,1,1,2,2,0,1,0,1,0,1,0,1,0,1,0,1,0,1,0,1,1,1,1,1,0,1,0,1
Signal-Android,2017-1,2018-1,org.thoughtcrime.securesms.ApplicationContext,top_level,14,19,5,62,0,10,93,0,11,1,1,2,5,0,1,0,1,0,1,0,1,0,1,0,1,0,1,0,1,0,1,3,1,0,1,0,1
Signal-Android,2017-1,2018-1,org.thoughtcrime.securesms.ApplicationPreferencesActivity,top_level,4,4,0,138,0,3,179,0,3,1,1,13,17,0,1,0,1,0,1,0,1,0,1,0,1,0,1,0,1,10,1,13,1,0,1,0,1
Signal-Android,2017-1,2018-1,org.thoughtcrime.securesms.BaseActionBarActivity,top_level,10,10,0,45,0,4,45,0,4,1,1,6,6,0,1,0,1,0,1,0,1,0,1,0,1,0,1,0,1,6,1,6,1,0,1,0,1
Signal-Android,2017-1,2018-1,org.thoughtcrime.securesms.BaseActivity,top_level,1,1,0,14,0,0,14,0,0,0,0,,,,0,,0,,0,,0,,0,,0,,0,,0,,0,,0,,0,,0
Signal-Android,2017-1,2018-1,org.thoughtcrime.securesms.BasicIntroFragment,top_level,2,2,0,31,0,1,31,0,1,1,1,6,6,0,1,0,1,0,1,0,1,0,1,0,1,0,1,0,1,6,1,6,1,0,1,0,1
Signal-Android,2017-1,2018-1,org.thoughtcrime.securesms.BindableConversationItem,top_level,2,2,0,7,0,0,8,0,0,0,0,,,,0,,0,,0,,0,,0,,0,,0,,0,,0,,0,,0,,0
Signal-Android,2017-1,2018-1,org.thoughtcrime.securesms.BindableConversationListItem,top_level,1,1,0,3,0,0,4,0,0,0,0,,,,0,,0,,0,,0,,0,,0,,0,,0,,0,,0,,0,,0
Signal-Android,2017-1,2018-1,org.thoughtcrime.securesms.BlockedContactsActivity,top_level,2,2,0,66,0,2,68,0,2,1,1,6,6,0,1,0,1,0,1,0,1,0,1,0,1,0,1,0,1,6,1,6,1,0,1,0,1
Signal-Android,2017-1,2018-1,org.thoughtcrime.securesms.ConfirmIdentityDialog,top_level,1,1,0,119,0,1,107,0,1,1,1,10,11,0,1,0,1,0,1,0,1,0,1,0,1,0,1,0,1,4,1,5,1,0,1,0,1
Signal-Android,2017-1,2018-1,org.thoughtcrime.securesms.ContactSelectionActivity,top_level,6,6,0,74,0,6,74,0,6,1,1,10,10,0,1,0,1,0,1,0,1,0,1,0,1,0,1,0,1,10,1,10,1,0,1,0,1
Signal-Android,2017-1,2018-1,org.thoughtcrime.securesms.ContactSelectionListFragment,top_level,8,16,8,187,0,8,176,0,9,1,1,30,23,0,1,0,1,0,1,0,1,0,1,0,1,0,1,0,1,24,1,21,1,0,1,0,1
Signal-Android,2017-1,2018-1,org.thoughtcrime.securesms.ConversationActivity,top_level,123,154,31,1128,0,58,1365,0,66,1,1,153,192,0,1,0,1,0,1,0,1,0,1,0,1,0,1,0,1,127,1,168,1,1,1,1,1
Signal-Android,2017-1,2018-1,org.thoughtcrime.securesms.ConversationAdapter<V>,top_level,7,36,29,127,0,4,255,0,9,0,0,,,,0,,0,,0,,0,,0,,0,,0,,0,,0,,0,,0,,0
Signal-Android,2017-1,2018-1,org.thoughtcrime.securesms.ConversationFragment,top_level,11,17,6,303,0,6,409,0,9,1,1,78,93,0,1,0,1,0,1,0,1,0,1,0,1,0,1,0,1,74,1,86,1,1,1,1,1
Signal-Android,2017-1,2018-1,org.thoughtcrime.securesms.ConversationItem,top_level,15,19,4,424,0,8,441,0,9,1,1,40,87,0,1,0,1,0,1,0,1,0,1,0,1,0,1,0,1,36,1,76,1,0,1,0,1
Signal-Android,2017-1,2018-1,org.thoughtcrime.securesms.ConversationListActivity,top_level,14,15,1,131,0,12,121,0,13,1,1,12,7,0,1,0,1,0,1,0,1,0,1,0,1,0,1,0,1,11,1,4,1,0,1,0,1
Signal-Android,2017-1,2018-1,org.thoughtcrime.securesms.ConversationListAdapter,top_level,9,9,0,104,0,5,103,0,5,1,1,7,13,0,1,0,1,0,1,0,1,0,1,0,1,0,1,0,1,7,1,13,1,0,1,0,1
Signal-Android,2017-1,2018-1,org.thoughtcrime.securesms.ConversationListArchiveActivity,top_level,3,3,0,38,0,3,40,0,3,1,1,1,2,0,1,0,1,0,1,0,1,0,1,0,1,0,1,0,1,1,1,2,1,0,1,0,1
Signal-Android,2017-1,2018-1,org.thoughtcrime.securesms.ConversationListFragment,top_level,10,12,2,297,0,8,366,0,9,1,1,79,83,0,1,0,1,0,1,0,1,0,1,0,1,0,1,0,1,70,1,72,1,0,1,0,1
Signal-Android,2017-1,2018-1,org.thoughtcrime.securesms.ConversationListItem,top_level,7,8,1,152,0,6,165,0,7,1,1,7,16,0,1,0,1,0,1,0,1,0,1,0,1,0,1,0,1,6,1,14,1,0,1,0,1
Signal-Android,2017-1,2018-1,org.thoughtcrime.securesms.ConversationListItemAction,top_level,2,2,0,18,0,2,18,0,2,1,1,1,1,0,1,0,1,0,1,0,1,0,1,0,1,0,1,0,1,1,1,1,1,0,1,0,1
Signal-Android,2017-1,2018-1,org.thoughtcrime.securesms.ConversationPopupActivity,top_level,7,8,1,71,0,6,72,0,6,1,1,15,16,0,1,0,1,0,1,0,1,0,1,0,1,0,1,0,1,14,1,15,1,0,1,0,1
Signal-Android,2017-1,2018-1,org.thoughtcrime.securesms.ConversationTitleView,top_level,2,4,2,51,0,2,77,0,3,1,1,5,5,0,1,0,1,0,1,0,1,0,1,0,1,0,1,0,1,5,1,5,1,0,1,0,1
Signal-Android,2017-1,2018-1,org.thoughtcrime.securesms.ConversationUpdateItem,top_level,3,3,0,124,0,2,134,0,2,1,1,3,8,0,1,0,1,0,1,0,1,0,1,0,1,0,1,0,1,3,1,5,1,0,1,0,1
Signal-Android,2017-1,2018-1,org.thoughtcrime.securesms.CountrySelectionActivity,top_level,0,0,0,13,0,0,13,0,0,1,1,2,2,0,1,0,1,0,1,0,1,0,1,0,1,0,1,0,1,2,1,2,1,0,1,0,1
Signal-Android,2017-1,2018-1,org.thoughtcrime.securesms.CountrySelectionFragment,top_level,0,0,0,47,0,0,47,0,0,1,1,4,4,0,1,0,1,0,1,0,1,0,1,0,1,0,1,0,1,4,1,4,1,0,1,0,1
Signal-Android,2017-1,2018-1,org.thoughtcrime.securesms.DatabaseMigrationActivity,top_level,13,13,0,112,0,11,112,0,11,1,1,7,7,0,1,0,1,0,1,0,1,0,1,0,1,0,1,0,1,4,1,4,1,0,1,0,1
Signal-Android,2017-1,2018-1,org.thoughtcrime.securesms.DatabaseUpgradeActivity,top_level,4,4,0,168,0,1,193,0,1,1,1,21,26,0,1,0,1,0,1,0,1,0,1,0,1,0,1,0,1,13,1,17,1,0,1,0,1
Signal-Android,2017-1,2018-1,org.thoughtcrime.securesms.DeviceActivity,top_level,2,2,0,132,0,2,148,0,2,1,1,32,20,0,1,0,1,0,1,0,1,0,1,0,1,0,1,0,1,28,1,16,1,0,1,0,1
Signal-Android,2017-1,2018-1,org.thoughtcrime.securesms.DeviceAddFragment,top_level,2,2,0,59,0,2,59,0,2,1,1,6,6,0,1,0,1,0,1,0,1,0,1,0,1,0,1,0,1,4,1,4,1,0,1,0,1
Signal-Android,2017-1,2018-1,org.thoughtcrime.securesms.DeviceLinkFragment,top_level,0,0,0,28,0,0,28,0,0,1,1,2,2,0,1,0,1,0,1,0,1,0,1,0,1,0,1,0,1,2,1,2,1,0,1,0,1
Signal-Android,2017-1,2018-1,org.thoughtcrime.securesms.DeviceListFragment,top_level,2,2,0,121,0,2,121,0,2,1,1,18,19,0,1,0,1,0,1,0,1,0,1,0,1,0,1,0,1,16,1,16,1,0,1,0,1
Signal-Android,2017-1,2018-1,org.thoughtcrime.securesms.DeviceListItem,top_level,2,2,0,31,0,2,31,0,2,1,1,3,3,0,1,0,1,0,1,0,1,0,1,0,1,0,1,0,1,3,1,3,1,0,1,0,1
Signal-Android,2017-1,2018-1,org.thoughtcrime.securesms.DeviceProvisioningActivity,top_level,1,1,0,33,0,1,33,0,1,1,1,2,2,0,1,0,1,0,1,0,1,0,1,0,1,0,1,0,1,2,1,2,1,0,1,0,1
Signal-Android,2017-1,2018-1,org.thoughtcrime.securesms.DummyActivity,top_level,0,0,0,5,0,0,5,0,0,0,0,,,,0,,0,,0,,0,,0,,0,,0,,0,,0,,0,,0,,0
Signal-Android,2017-1,2018-1,org.thoughtcrime.securesms.ExperienceUpgradeActivity,top_level,0,0,0,120,0,0,167,0,0,1,1,28,32,0,1,0,1,0,1,0,1,0,1,0,1,0,1,0,1,28,1,32,1,0,1,0,1
Signal-Android,2017-1,2018-1,org.thoughtcrime.securesms.ExpirationDialog,top_level,0,0,0,52,0,0,52,0,0,1,1,10,10,0,1,0,1,0,1,0,1,0,1,0,1,0,1,0,1,10,1,10,1,0,1,0,1
Signal-Android,2017-1,2018-1,org.thoughtcrime.securesms.GroupCreateActivity,top_level,17,16,-1,373,0,10,359,0,10,1,1,69,72,0,1,0,1,0,1,0,1,0,1,0,1,0,1,0,1,60,1,65,1,0,1,0,1
Signal-Android,2017-1,2018-1,org.thoughtcrime.securesms.GroupMembersDialog,top_level,3,2,-1,76,0,2,69,0,2,1,1,4,6,0,1,0,1,0,1,0,1,0,1,0,1,0,1,0,1,4,1,6,1,0,1,0,1
Signal-Android,2017-1,2018-1,org.thoughtcrime.securesms.ImportExportActivity,top_level,5,2,-3,68,0,5,21,0,2,1,1,12,3,0,1,0,1,0,1,0,1,0,1,0,1,0,1,0,1,11,1,1,1,0,1,0,1
Signal-Android,2017-1,2018-1,org.thoughtcrime.securesms.IntroPagerAdapter,top_level,1,1,0,18,0,1,18,0,1,1,1,1,1,0,1,0,1,0,1,0,1,0,1,0,1,0,1,0,1,0,1,0,1,0,1,0,1
Signal-Android,2017-1,2018-1,org.thoughtcrime.securesms.InviteActivity,top_level,7,7,0,159,0,5,158,0,5,1,1,31,30,0,1,0,1,0,1,0,1,0,1,0,1,0,1,0,1,26,1,25,1,0,1,0,1
Signal-Android,2017-1,2018-1,org.thoughtcrime.securesms.LogSubmitActivity,top_level,4,4,0,43,0,4,43,0,4,1,1,8,8,0,1,0,1,0,1,0,1,0,1,0,1,0,1,0,1,7,1,7,1,0,1,0,1
Signal-Android,2017-1,2018-1,org.thoughtcrime.securesms.MasterSecretListener,top_level,1,1,0,2,0,1,2,0,1,0,0,,,,0,,0,,0,,0,,0,,0,,0,,0,,0,,0,,0,,0
Signal-Android,2017-1,2018-1,org.thoughtcrime.securesms.MediaOverviewActivity,top_level,12,4,-8,125,0,7,144,0,4,1,1,25,15,0,1,0,1,0,1,0,1,0,1,0,1,0,1,0,1,22,1,14,1,0,1,0,1
Signal-Android,2017-1,2018-1,org.thoughtcrime.securesms.MediaPreviewActivity,top_level,23,24,1,135,0,11,297,0,12,1,1,17,38,0,1,0,1,0,1,0,1,0,1,0,1,0,1,0,1,16,1,36,1,0,1,0,1
Signal-Android,2017-1,2018-1,org.thoughtcrime.securesms.MessageDetailsActivity,top_level,6,6,0,231,0,6,236,0,6,1,1,34,35,0,1,0,1,0,1,0,1,0,1,0,1,0,1,0,1,27,1,30,1,0,1,0,1
Signal-Android,2017-1,2018-1,org.thoughtcrime.securesms.MessageDetailsRecipientAdapter,top_level,2,3,1,33,0,2,54,0,2,1,1,6,6,0,1,0,1,0,1,0,1,0,1,0,1,0,1,0,1,6,1,6,1,0,1,0,1
Signal-Android,2017-1,2018-1,org.thoughtcrime.securesms.MessageRecipientListItem,top_level,3,4,1,101,0,2,119,0,2,1,1,3,14,0,1,0,1,0,1,0,1,0,1,0,1,0,1,0,1,3,1,8,1,0,1,0,1
Signal-Android,2017-1,2018-1,org.thoughtcrime.securesms.MuteDialog,top_level,0,0,0,26,0,0,26,0,0,1,1,6,6,0,1,0,1,0,1,0,1,0,1,0,1,0,1,0,1,6,1,6,1,0,1,0,1
Signal-Android,2017-1,2018-1,org.thoughtcrime.securesms.NewConversationActivity,top_level,3,3,0,41,0,3,41,0,3,1,1,6,7,0,1,0,1,0,1,0,1,0,1,0,1,0,1,0,1,6,1,7,1,0,1,0,1
Signal-Android,2017-1,2018-1,org.thoughtcrime.securesms.PassphraseActivity,top_level,1,1,0,29,0,1,29,0,1,1,1,4,4,0,1,0,1,0,1,0,1,0,1,0,1,0,1,0,1,3,1,3,1,0,1,0,1
Signal-Android,2017-1,2018-1,org.thoughtcrime.securesms.PassphraseChangeActivity,top_level,11,11,0,88,0,4,88,0,4,1,1,8,8,0,1,0,1,0,1,0,1,0,1,0,1,0,1,0,1,5,1,5,1,0,1,0,1
Signal-Android,2017-1,2018-1,org.thoughtcrime.securesms.PassphraseCreateActivity,top_level,3,3,0,32,0,3,31,0,3,1,0,2,,0,1,,0,0,1,,0,0,1,,0,0,1,,0,2,1,,0,0,1,,0
Signal-Android,2017-1,2018-1,org.thoughtcrime.securesms.PassphrasePromptActivity,top_level,9,9,0,106,0,6,106,0,6,1,1,6,6,0,1,0,1,0,1,0,1,0,1,0,1,0,1,0,1,4,1,4,1,0,1,0,1
Signal-Android,2017-1,2018-1,org.thoughtcrime.securesms.PassphraseRequiredActionBarActivity,top_level,9,9,0,136,0,6,138,0,6,1,1,4,4,0,1,0,1,0,1,0,1,0,1,0,1,0,1,0,1,3,1,3,1,0,1,0,1
Signal-Android,2017-1,2018-1,org.thoughtcrime.securesms.PlayServicesProblemActivity,top_level,0,0,0,6,0,0,6,0,0,0,0,,,,0,,0,,0,,0,,0,,0,,0,,0,,0,,0,,0,,0
Signal-Android,2017-1,2018-1,org.thoughtcrime.securesms.PlayServicesProblemFragment,top_level,2,2,0,23,0,1,23,0,1,1,1,1,1,0,1,0,1,0,1,0,1,0,1,0,1,0,1,0,1,1,1,1,1,0,1,0,1
Signal-Android,2017-1,2018-1,org.thoughtcrime.securesms.PromptMmsActivity,top_level,1,1,0,23,0,1,23,0,1,1,1,5,5,0,1,0,1,0,1,0,1,0,1,0,1,0,1,0,1,3,1,3,1,0,1,0,1
Signal-Android,2017-1,2018-1,org.thoughtcrime.securesms.PushContactSelectionActivity,top_level,0,0,0,17,0,0,17,0,0,1,1,2,2,0,1,0,1,0,1,0,1,0,1,0,1,0,1,0,1,2,1,2,1,0,1,0,1
Signal-Android,2017-1,2018-1,org.thoughtcrime.securesms.RecipientPreferenceActivity,top_level,5,5,0,321,0,5,353,0,4,1,1,43,50,0,1,0,1,0,1,0,1,0,1,0,1,0,1,0,1,35,1,41,1,0,1,0,1
Signal-Android,2017-1,2018-1,org.thoughtcrime.securesms.RegistrationActivity,top_level,10,36,26,188,0,4,471,1,13,1,1,19,58,0,1,0,1,0,1,0,1,0,1,0,1,0,1,0,1,17,1,54,1,0,1,1,1
Signal-Android,2017-1,2018-1,org.thoughtcrime.securesms.ShareActivity,top_level,10,17,7,126,0,5,199,0,10,1,1,13,25,0,1,0,1,0,1,0,1,0,1,0,1,0,1,0,1,11,1,22,1,0,1,0,1
Signal-Android,2017-1,2018-1,org.thoughtcrime.securesms.SmsSendtoActivity,top_level,0,0,0,57,0,0,57,0,0,1,1,9,9,0,1,0,1,0,1,0,1,0,1,0,1,0,1,0,1,9,1,9,1,0,1,0,1
Signal-Android,2017-1,2018-1,org.thoughtcrime.securesms.TextSecureExpiredException,top_level,0,0,0,3,0,0,3,0,0,0,0,,,,0,,0,,0,,0,,0,,0,,0,,0,,0,,0,,0,,0
Signal-Android,2017-1,2018-1,org.thoughtcrime.securesms.TextSecureTestCase,top_level,1,1,0,6,0,1,6,0,1,1,1,4,4,0,1,0,1,0,1,0,1,0,1,0,1,0,1,0,1,4,1,4,1,0,1,0,1
Signal-Android,2017-1,2018-1,org.thoughtcrime.securesms.TransportOption,top_level,5,5,0,58,0,5,58,0,5,0,0,,,,0,,0,,0,,0,,0,,0,,0,,0,,0,,0,,0,,0
Signal-Android,2017-1,2018-1,org.thoughtcrime.securesms.TransportOptions,top_level,7,7,0,103,0,4,108,0,4,1,1,7,6,0,1,0,1,0,1,0,1,0,1,0,1,0,1,0,1,7,1,6,1,0,1,0,1
Signal-Android,2017-1,2018-1,org.thoughtcrime.securesms.TransportOptionsAdapter,top_level,2,2,0,36,0,2,36,0,2,1,1,10,10,0,1,0,1,0,1,0,1,0,1,0,1,0,1,0,1,10,1,10,1,0,1,0,1
Signal-Android,2017-1,2018-1,org.thoughtcrime.securesms.TransportOptionsPopup,top_level,0,0,0,24,0,0,24,0,0,0,0,,,,0,,0,,0,,0,,0,,0,,0,,0,,0,,0,,0,,0
Signal-Android,2017-1,2018-1,org.thoughtcrime.securesms.Unbindable,top_level,1,1,0,2,0,1,2,0,1,0,0,,,,0,,0,,0,,0,,0,,0,,0,,0,,0,,0,,0,,0
Signal-Android,2017-1,2018-1,org.thoughtcrime.securesms.VerifyIdentityActivity,top_level,3,1,-2,299,0,2,394,0,1,1,1,45,60,0,1,0,1,0,1,0,1,0,1,0,1,0,1,0,1,41,1,54,1,0,1,1,1
Signal-Android,2017-1,2018-1,org.thoughtcrime.securesms.attachments.Attachment,top_level,3,5,2,42,0,3,65,0,5,1,1,1,2,1,1,1,1,0,1,0,1,0,1,1,1,0,1,0,1,0,1,0,1,0,1,0,1
Signal-Android,2017-1,2018-1,org.thoughtcrime.securesms.attachments.AttachmentId,top_level,5,5,0,26,0,5,26,0,5,0,0,,,,0,,0,,0,,0,,0,,0,,0,,0,,0,,0,,0,,0
Signal-Android,2017-1,2018-1,org.thoughtcrime.securesms.attachments.AttachmentServer,top_level,10,10,0,213,0,3,213,0,3,1,1,24,24,0,1,0,1,0,1,0,1,0,1,0,1,0,1,0,1,19,1,19,1,0,1,0,1
Signal-Android,2017-1,2018-1,org.thoughtcrime.securesms.attachments.DatabaseAttachment,top_level,4,4,0,44,0,4,45,0,4,1,1,1,1,0,1,0,1,0,1,0,1,1,1,1,1,0,1,0,1,0,1,0,1,0,1,0,1
Signal-Android,2017-1,2018-1,org.thoughtcrime.securesms.attachments.PointerAttachment,top_level,0,0,0,24,0,0,29,0,0,1,1,6,11,0,1,0,1,0,1,0,1,0,1,0,1,0,1,0,1,6,1,11,1,0,1,0,1
Signal-Android,2017-1,2018-1,org.thoughtcrime.securesms.attachments.UriAttachment,top_level,1,1,0,24,0,1,27,0,1,0,0,,,,0,,0,,0,,0,,0,,0,,0,,0,,0,,0,,0,,0
Signal-Android,2017-1,2018-1,org.thoughtcrime.securesms.audio.AudioCodec,top_level,7,7,0,120,0,5,120,0,5,1,1,9,9,0,1,0,1,0,1,0,1,0,1,0,1,0,1,0,1,7,1,7,1,0,1,0,1
Signal-Android,2017-1,2018-1,org.thoughtcrime.securesms.audio.AudioRecorder,top_level,1,1,0,63,0,1,63,0,1,1,1,1,1,0,1,0,1,0,1,0,1,0,1,0,1,0,1,0,1,1,1,1,1,0,1,0,1
Signal-Android,2017-1,2018-1,org.thoughtcrime.securesms.audio.AudioSlidePlayer,top_level,21,23,2,152,0,7,213,0,8,1,1,13,24,0,1,0,1,0,1,0,1,0,1,0,1,0,1,0,1,13,1,14,1,0,1,1,1
Signal-Android,2017-1,2018-1,org.thoughtcrime.securesms.color.MaterialColor,top_level,0,0,0,82,0,0,82,0,0,1,1,18,18,0,1,0,1,0,1,0,1,0,1,0,1,0,1,0,1,18,1,18,1,0,1,0,1
Signal-Android,2017-1,2018-1,org.thoughtcrime.securesms.color.MaterialColors,top_level,0,0,0,37,0,0,37,0,0,0,0,,,,0,,0,,0,,0,,0,,0,,0,,0,,0,,0,,0,,0
Signal-Android,2017-1,2018-1,org.thoughtcrime.securesms.components.AlertView,top_level,3,3,0,33,0,3,33,0,3,1,1,4,4,0,1,0,1,0,1,0,1,0,1,0,1,0,1,0,1,4,1,4,1,0,1,0,1
Signal-Android,2017-1,2018-1,org.thoughtcrime.securesms.components.AnimatingToggle,top_level,0,0,0,33,0,0,33,0,0,0,0,,,,0,,0,,0,,0,,0,,0,,0,,0,,0,,0,,0,,0
Signal-Android,2017-1,2018-1,org.thoughtcrime.securesms.components.AttachmentTypeSelector,top_level,3,3,0,171,0,2,180,0,2,1,1,14,14,0,1,0,1,0,1,0,1,0,1,0,1,0,1,0,1,14,1,14,1,0,1,0,1
Signal-Android,2017-1,2018-1,org.thoughtcrime.securesms.components.AudioView,top_level,24,28,4,174,0,10,201,0,13,1,1,12,12,0,1,0,1,0,1,0,1,0,1,0,1,0,1,0,1,10,1,10,1,0,1,0,1
Signal-Android,2017-1,2018-1,org.thoughtcrime.securesms.components.AvatarImageView,top_level,0,0,0,38,0,0,47,0,0,1,1,7,5,0,1,0,1,0,1,0,1,0,1,0,1,0,1,0,1,7,1,5,1,0,1,0,1
Signal-Android,2017-1,2018-1,org.thoughtcrime.securesms.components.BubbleDrawableBuilder,top_level,10,10,0,43,0,6,43,0,6,1,1,2,2,0,1,0,1,0,1,0,1,0,1,0,1,0,1,0,1,2,1,2,1,0,1,0,1
Signal-Android,2017-1,2018-1,org.thoughtcrime.securesms.components.CircleColorImageView,top_level,0,0,0,15,0,0,15,0,0,0,0,,,,0,,0,,0,,0,,0,,0,,0,,0,,0,,0,,0,,0
Signal-Android,2017-1,2018-1,org.thoughtcrime.securesms.components.ComposeText,top_level,4,6,2,91,0,2,99,0,3,1,1,11,13,0,1,0,1,0,1,0,1,0,1,0,1,0,1,0,1,10,1,12,1,0,1,0,1
Signal-Android,2017-1,2018-1,org.thoughtcrime.securesms.components.ContactFilterToolbar,top_level,4,4,0,88,0,3,89,0,3,1,1,10,10,0,1,0,1,0,1,0,1,0,1,0,1,0,1,0,1,5,1,5,1,0,1,0,1
Signal-Android,2017-1,2018-1,org.thoughtcrime.securesms.components.CustomDefaultPreference,top_level,7,2,-5,124,0,4,139,0,2,1,1,5,12,0,1,0,1,0,1,0,1,0,1,0,1,0,1,0,1,5,1,12,1,0,1,0,1
Signal-Android,2017-1,2018-1,org.thoughtcrime.securesms.components.DeliveryStatusView,top_level,4,5,1,47,0,4,58,0,5,0,0,,,,0,,0,,0,,0,,0,,0,,0,,0,,0,,0,,0,,0
Signal-Android,2017-1,2018-1,org.thoughtcrime.securesms.components.ExpirationTimerView,top_level,7,7,0,45,0,5,49,0,5,1,1,2,3,0,1,0,1,0,1,0,1,0,1,0,1,0,1,0,1,1,1,3,1,0,1,0,1
Signal-Android,2017-1,2018-1,org.thoughtcrime.securesms.components.FromTextView,top_level,0,0,0,35,0,0,36,0,0,1,0,4,,0,1,,0,0,1,,0,0,1,,0,0,1,,0,4,1,,0,0,1,,0
Signal-Android,2017-1,2018-1,org.thoughtcrime.securesms.components.HidingLinearLayout,top_level,7,7,0,39,0,3,39,0,3,0,0,,,,0,,0,,0,,0,,0,,0,,0,,0,,0,,0,,0,,0
Signal-Android,2017-1,2018-1,org.thoughtcrime.securesms.components.HourglassView,top_level,1,1,0,41,0,1,41,0,1,0,0,,,,0,,0,,0,,0,,0,,0,,0,,0,,0,,0,,0,,0
Signal-Android,2017-1,2018-1,org.thoughtcrime.securesms.components.ImageDivet,top_level,6,6,0,62,0,5,62,0,5,1,1,5,5,0,1,0,1,0,1,0,1,0,1,0,1,0,1,0,1,5,1,5,1,0,1,0,1
Signal-Android,2017-1,2018-1,org.thoughtcrime.securesms.components.InputAwareLayout,top_level,5,5,0,51,0,4,51,0,4,1,1,2,2,0,1,0,1,0,1,0,1,0,1,0,1,0,1,0,1,2,1,2,1,0,1,0,1
Signal-Android,2017-1,2018-1,org.thoughtcrime.securesms.components.InputPanel,top_level,18,24,6,189,0,10,192,0,12,1,1,7,6,0,1,0,1,0,1,0,1,0,1,0,1,0,1,0,1,7,1,4,1,0,1,0,1
Signal-Android,2017-1,2018-1,org.thoughtcrime.securesms.components.KeyboardAwareLinearLayout,top_level,34,34,0,129,0,19,129,0,19,1,1,15,15,0,1,0,1,0,1,0,1,0,1,0,1,0,1,0,1,14,1,14,1,0,1,0,1
Signal-Android,2017-1,2018-1,org.thoughtcrime.securesms.components.MicrophoneRecorderView,top_level,5,5,0,110,0,3,122,0,3,1,1,2,5,0,1,0,1,0,1,0,1,0,1,0,1,0,1,0,1,1,1,1,1,0,1,0,1
Signal-Android,2017-1,2018-1,org.thoughtcrime.securesms.components.PushRecipientsPanel,top_level,6,6,0,75,0,4,73,0,4,1,1,7,5,0,1,0,1,0,1,0,1,0,1,0,1,0,1,0,1,7,1,5,1,0,1,0,1
Signal-Android,2017-1,2018-1,org.thoughtcrime.securesms.components.RatingManager,top_level,0,0,0,49,0,0,49,0,0,1,1,6,6,0,1,0,1,0,1,0,1,0,1,0,1,0,1,0,1,5,1,5,1,0,1,0,1
Signal-Android,2017-1,2018-1,org.thoughtcrime.securesms.components.RecentPhotoViewRail,top_level,2,2,0,68,0,1,67,0,1,1,1,7,8,0,1,0,1,0,1,0,1,0,1,0,1,0,1,0,1,7,1,8,1,0,1,0,1
Signal-Android,2017-1,2018-1,org.thoughtcrime.securesms.components.RecyclerViewFastScroller,top_level,14,14,0,130,0,6,130,0,6,1,1,5,5,0,1,0,1,0,1,0,1,0,1,0,1,0,1,0,1,4,1,4,1,0,1,0,1
Signal-Android,2017-1,2018-1,org.thoughtcrime.securesms.components.RemovableEditableMediaView,top_level,1,1,0,40,0,1,40,0,1,1,1,1,1,0,1,0,1,0,1,0,1,0,1,0,1,0,1,0,1,0,1,0,1,0,1,0,1
Signal-Android,2017-1,2018-1,org.thoughtcrime.securesms.components.RepeatableImageKey,top_level,4,4,0,56,0,3,56,0,3,1,1,1,1,0,1,0,1,0,1,0,1,0,1,0,1,0,1,0,1,0,1,0,1,0,1,0,1
Signal-Android,2017-1,2018-1,org.thoughtcrime.securesms.components.SendButton,top_level,2,2,0,58,0,2,58,0,2,1,1,3,3,0,1,0,1,0,1,0,1,0,1,0,1,0,1,0,1,3,1,3,1,0,1,0,1
Signal-Android,2017-1,2018-1,org.thoughtcrime.securesms.components.ShapeScrim,top_level,3,3,0,56,0,1,56,0,1,0,0,,,,0,,0,,0,,0,,0,,0,,0,,0,,0,,0,,0,,0
Signal-Android,2017-1,2018-1,org.thoughtcrime.securesms.components.SquareFrameLayout,top_level,2,2,0,21,0,1,21,0,1,0,0,,,,0,,0,,0,,0,,0,,0,,0,,0,,0,,0,,0,,0
Signal-Android,2017-1,2018-1,org.thoughtcrime.securesms.components.SquareImageView,top_level,1,1,0,13,0,1,13,0,1,0,0,,,,0,,0,,0,,0,,0,,0,,0,,0,,0,,0,,0,,0
Signal-Android,2017-1,2018-1,org.thoughtcrime.securesms.components.SquareLinearLayout,top_level,1,1,0,16,0,1,16,0,1,0,0,,,,0,,0,,0,,0,,0,,0,,0,,0,,0,,0,,0,,0
Signal-Android,2017-1,2018-1,org.thoughtcrime.securesms.components.SwitchPreferenceCompat,top_level,1,1,0,16,0,1,16,0,1,0,0,,,,0,,0,,0,,0,,0,,0,,0,,0,,0,,0,,0,,0
Signal-Android,2017-1,2018-1,org.thoughtcrime.securesms.components.ThumbnailView,top_level,10,6,-4,118,0,6,117,0,4,1,1,18,19,0,1,0,1,0,1,0,1,0,1,0,1,0,1,0,1,17,1,17,1,0,1,0,1
Signal-Android,2017-1,2018-1,org.thoughtcrime.securesms.components.TransferControlView,top_level,8,8,0,101,0,6,101,0,6,1,1,6,6,0,1,0,1,0,1,0,1,0,1,0,1,0,1,0,1,6,1,6,1,0,1,0,1
Signal-Android,2017-1,2018-1,org.thoughtcrime.securesms.components.ZoomingImageView,top_level,1,1,0,61,0,1,70,0,1,1,0,1,,0,1,,0,0,1,,0,0,1,,0,0,1,,0,0,1,,0,0,1,,0
Signal-Android,2017-1,2018-1,org.thoughtcrime.securesms.components.camera.CameraSurfaceView,top_level,1,1,0,17,0,1,17,0,1,0,0,,,,0,,0,,0,,0,,0,,0,,0,,0,,0,,0,,0,,0
Signal-Android,2017-1,2018-1,org.thoughtcrime.securesms.components.camera.CameraUtils,top_level,0,0,0,57,0,0,57,0,0,1,1,6,6,0,1,0,1,0,1,0,1,0,1,0,1,0,1,0,1,4,1,4,1,0,1,0,1
Signal-Android,2017-1,2018-1,org.thoughtcrime.securesms.components.camera.CameraView,top_level,33,33,0,385,0,15,385,0,15,1,1,42,42,1,1,1,1,0,1,0,1,0,1,0,1,0,1,0,1,31,1,31,1,1,1,1,1
Signal-Android,2017-1,2018-1,org.thoughtcrime.securesms.components.camera.QuickAttachmentDrawer,top_level,69,69,0,374,0,28,374,0,28,1,1,25,25,0,1,0,1,0,1,0,1,0,1,0,1,0,1,0,1,16,1,16,1,1,1,1,1
Signal-Android,2017-1,2018-1,org.thoughtcrime.securesms.components.emoji.AnimatingImageSpan,top_level,0,0,0,4,0,0,4,0,0,0,0,,,,0,,0,,0,,0,,0,,0,,0,,0,,0,,0,,0,,0
Signal-Android,2017-1,2018-1,org.thoughtcrime.securesms.components.emoji.EmojiDrawer,top_level,12,12,0,111,0,8,111,0,8,1,1,7,7,0,1,0,1,0,1,0,1,0,1,0,1,0,1,0,1,4,1,4,1,0,1,0,1
Signal-Android,2017-1,2018-1,org.thoughtcrime.securesms.components.emoji.EmojiEditText,top_level,0,0,0,28,0,0,28,0,0,1,1,1,1,0,1,0,1,0,1,0,1,0,1,0,1,0,1,0,1,1,1,1,1,0,1,0,1
Signal-Android,2017-1,2018-1,org.thoughtcrime.securesms.components.emoji.EmojiFilter,top_level,0,0,0,12,0,0,12,0,0,1,1,1,1,0,1,0,1,0,1,0,1,0,1,0,1,0,1,0,1,0,1,0,1,0,1,0,1
Signal-Android,2017-1,2018-1,org.thoughtcrime.securesms.components.emoji.EmojiPageModel,top_level,5,5,0,6,0,3,6,0,3,0,0,,,,0,,0,,0,,0,,0,,0,,0,,0,,0,,0,,0,,0
Signal-Android,2017-1,2018-1,org.thoughtcrime.securesms.components.emoji.EmojiPageView,top_level,5,5,0,57,0,2,57,0,2,1,1,4,4,0,1,0,1,0,1,0,1,0,1,0,1,0,1,0,1,3,1,3,1,0,1,0,1
Signal-Android,2017-1,2018-1,org.thoughtcrime.securesms.components.emoji.EmojiPages,top_level,0,0,0,42,0,0,83,0,0,0,0,,,,0,,0,,0,,0,,0,,0,,0,,0,,0,,0,,0,,0
Signal-Android,2017-1,2018-1,org.thoughtcrime.securesms.components.emoji.EmojiProvider,top_level,0,0,0,93,0,0,98,0,0,1,1,2,2,0,1,0,1,0,1,0,1,0,1,0,1,0,1,0,1,0,1,0,1,0,1,0,1
Signal-Android,2017-1,2018-1,org.thoughtcrime.securesms.components.emoji.EmojiSpan,top_level,0,0,0,19,0,0,19,0,0,0,0,,,,0,,0,,0,,0,,0,,0,,0,,0,,0,,0,,0,,0
Signal-Android,2017-1,2018-1,org.thoughtcrime.securesms.components.emoji.EmojiTextView,top_level,11,13,2,40,0,3,67,0,5,1,1,3,6,0,1,0,1,0,1,0,1,0,1,0,1,0,1,0,1,3,1,5,1,0,1,0,1
Signal-Android,2017-1,2018-1,org.thoughtcrime.securesms.components.emoji.EmojiToggle,top_level,5,5,0,30,0,5,30,0,5,1,1,4,4,0,1,0,1,0,1,0,1,0,1,0,1,0,1,0,1,4,1,4,1,0,1,0,1
Signal-Android,2017-1,2018-1,org.thoughtcrime.securesms.components.emoji.EmojiView,top_level,1,1,0,43,0,1,43,0,1,1,1,1,1,0,1,0,1,0,1,0,1,0,1,0,1,0,1,0,1,1,1,1,1,0,1,0,1
Signal-Android,2017-1,2018-1,org.thoughtcrime.securesms.components.emoji.RecentEmojiPageModel,top_level,3,3,0,55,0,3,55,0,3,1,1,4,4,0,1,0,1,0,1,0,1,0,1,0,1,0,1,0,1,4,1,4,1,0,1,0,1
Signal-Android,2017-1,2018-1,org.thoughtcrime.securesms.components.emoji.StaticEmojiPageModel,top_level,3,3,0,18,0,3,18,0,3,0,0,,,,0,,0,,0,,0,,0,,0,,0,,0,,0,,0,,0,,0
Signal-Android,2017-1,2018-1,org.thoughtcrime.securesms.components.emoji.parsing.EmojiDrawInfo,top_level,1,1,0,16,0,1,16,0,1,0,0,,,,0,,0,,0,,0,,0,,0,,0,,0,,0,,0,,0,,0
Signal-Android,2017-1,2018-1,org.thoughtcrime.securesms.components.emoji.parsing.EmojiPageBitmap,top_level,0,0,0,51,0,0,58,0,0,0,1,,8,,0,0,1,,0,0,1,,0,0,1,,0,0,1,,0,8,1,,0,0,1
Signal-Android,2017-1,2018-1,org.thoughtcrime.securesms.components.emoji.parsing.EmojiParser,top_level,0,0,0,40,0,0,54,0,0,1,1,4,3,0,1,0,1,0,1,0,1,0,1,0,1,0,1,0,1,2,1,2,1,0,1,0,1
Signal-Android,2017-1,2018-1,org.thoughtcrime.securesms.components.emoji.parsing.EmojiTree,top_level,0,0,0,48,0,0,56,0,0,1,1,4,11,0,1,0,1,0,1,0,1,0,1,0,1,0,1,0,1,3,1,10,1,0,1,0,1
Signal-Android,2017-1,2018-1,org.thoughtcrime.securesms.components.emoji.parsing.Fitzpatrick,top_level,0,0,0,22,0,0,22,0,0,1,1,3,3,0,1,0,1,0,1,0,1,0,1,0,1,0,1,0,1,3,1,3,1,0,1,0,1
Signal-Android,2017-1,2018-1,org.thoughtcrime.securesms.components.location.SignalMapView,top_level,0,0,0,50,0,0,50,0,0,1,1,2,2,0,1,0,1,0,1,0,1,0,1,0,1,0,1,0,1,2,1,2,1,0,1,0,1
Signal-Android,2017-1,2018-1,org.thoughtcrime.securesms.components.location.SignalPlace,top_level,1,1,0,37,0,1,37,0,1,0,0,,,,0,,0,,0,,0,,0,,0,,0,,0,,0,,0,,0,,0
Signal-Android,2017-1,2018-1,org.thoughtcrime.securesms.components.reminder.DefaultSmsReminder,top_level,0,0,0,25,0,0,25,0,0,0,0,,,,0,,0,,0,,0,,0,,0,,0,,0,,0,,0,,0,,0
Signal-Android,2017-1,2018-1,org.thoughtcrime.securesms.components.reminder.ExpiredBuildReminder,top_level,2,2,0,17,0,1,21,0,1,0,0,,,,0,,0,,0,,0,,0,,0,,0,,0,,0,,0,,0,,0
Signal-Android,2017-1,2018-1,org.thoughtcrime.securesms.components.reminder.InviteReminder,top_level,0,0,0,13,0,0,13,0,0,1,1,1,1,0,1,0,1,0,1,0,1,0,1,0,1,0,1,0,1,1,1,1,1,0,1,0,1
Signal-Android,2017-1,2018-1,org.thoughtcrime.securesms.components.reminder.OutdatedBuildReminder,top_level,2,2,0,22,0,1,25,0,1,1,1,1,1,0,1,0,1,0,1,0,1,0,1,0,1,0,1,0,1,1,1,1,1,0,1,0,1
Signal-Android,2017-1,2018-1,org.thoughtcrime.securesms.components.reminder.PushRegistrationReminder,top_level,1,1,0,18,0,1,18,0,1,0,0,,,,0,,0,,0,,0,,0,,0,,0,,0,,0,,0,,0,,0
Signal-Android,2017-1,2018-1,org.thoughtcrime.securesms.components.reminder.Reminder,top_level,1,1,0,23,0,1,23,0,1,1,1,3,3,1,1,1,1,0,1,0,1,0,1,0,1,0,1,0,1,0,1,0,1,0,1,0,1
Signal-Android,2017-1,2018-1,org.thoughtcrime.securesms.components.reminder.ReminderView,top_level,4,4,0,43,0,4,43,0,4,1,1,2,2,0,1,0,1,0,1,0,1,0,1,0,1,0,1,0,1,2,1,2,1,0,1,0,1
Signal-Android,2017-1,2018-1,org.thoughtcrime.securesms.components.reminder.ShareReminder,top_level,0,0,0,23,0,0,23,0,0,1,1,1,1,0,1,0,1,0,1,0,1,0,1,0,1,0,1,0,1,1,1,1,1,0,1,0,1
Signal-Android,2017-1,2018-1,org.thoughtcrime.securesms.components.reminder.SystemSmsImportReminder,top_level,0,0,0,27,0,0,27,0,0,0,0,,,,0,,0,,0,,0,,0,,0,,0,,0,,0,,0,,0,,0
Signal-Android,2017-1,2018-1,org.thoughtcrime.securesms.components.subsampling.AttachmentBitmapDecoder,top_level,0,0,0,18,0,0,18,0,0,1,1,1,1,0,1,0,1,0,1,0,1,0,1,0,1,0,1,0,1,0,1,0,1,0,1,0,1
Signal-Android,2017-1,2018-1,org.thoughtcrime.securesms.components.subsampling.AttachmentRegionDecoder,top_level,3,3,0,44,0,2,40,0,2,1,1,2,2,0,1,0,1,0,1,0,1,0,1,0,1,0,1,0,1,1,1,1,1,0,1,0,1
Signal-Android,2017-1,2018-1,org.thoughtcrime.securesms.contacts.ArrayListCursor,top_level,9,9,0,94,0,9,94,0,9,1,1,13,13,0,1,0,1,0,1,0,1,0,1,0,1,0,1,0,1,7,1,7,1,0,1,0,1
Signal-Android,2017-1,2018-1,org.thoughtcrime.securesms.contacts.ContactAccessor,top_level,1,1,0,172,0,0,192,0,0,1,1,10,10,0,1,0,1,0,1,0,1,0,1,0,1,0,1,0,1,10,1,10,1,0,1,0,1
Signal-Android,2017-1,2018-1,org.thoughtcrime.securesms.contacts.ContactIdentityManager,top_level,1,1,0,12,0,1,12,0,1,0,0,,,,0,,0,,0,,0,,0,,0,,0,,0,,0,,0,,0,,0
Signal-Android,2017-1,2018-1,org.thoughtcrime.securesms.contacts.ContactIdentityManagerGingerbread,top_level,7,7,0,71,0,3,71,0,3,1,1,3,3,0,1,0,1,0,1,0,1,0,1,0,1,0,1,0,1,3,1,3,1,0,1,0,1
Signal-Android,2017-1,2018-1,org.thoughtcrime.securesms.contacts.ContactIdentityManagerICS,top_level,1,1,0,43,0,1,43,0,1,1,1,2,2,0,1,0,1,0,1,0,1,0,1,0,1,0,1,0,1,2,1,2,1,0,1,0,1
Signal-Android,2017-1,2018-1,org.thoughtcrime.securesms.contacts.ContactSelectionListAdapter,top_level,3,7,4,87,0,3,135,0,5,1,1,16,16,0,1,0,1,0,1,0,1,0,1,0,1,0,1,0,1,16,1,16,1,0,1,0,1
Signal-Android,2017-1,2018-1,org.thoughtcrime.securesms.contacts.ContactSelectionListItem,top_level,5,2,-3,74,0,4,73,0,2,0,0,,,,0,,0,,0,,0,,0,,0,,0,,0,,0,,0,,0,,0
Signal-Android,2017-1,2018-1,org.thoughtcrime.securesms.contacts.ContactsCursorLoader,top_level,0,0,0,57,0,0,71,0,0,1,1,2,18,0,1,0,1,0,1,0,1,0,1,0,1,0,1,0,1,2,1,11,1,0,1,0,1
Signal-Android,2017-1,2018-1,org.thoughtcrime.securesms.contacts.ContactsDatabase,top_level,0,0,0,314,0,0,370,0,0,1,1,84,99,0,1,0,1,0,1,0,1,0,1,0,1,0,1,0,1,76,1,91,1,0,1,0,1
Signal-Android,2017-1,2018-1,org.thoughtcrime.securesms.contacts.ContactsSyncAdapter,top_level,0,1,1,13,0,0,19,0,1,0,0,,,,0,,0,,0,,0,,0,,0,,0,,0,,0,,0,,0,,0
Signal-Android,2017-1,2018-1,org.thoughtcrime.securesms.contacts.NameAndNumber,top_level,1,1,0,7,0,1,7,0,1,0,0,,,,0,,0,,0,,0,,0,,0,,0,,0,,0,,0,,0,,0
Signal-Android,2017-1,2018-1,org.thoughtcrime.securesms.contacts.RecipientsAdapter,top_level,0,0,0,72,0,0,72,0,0,1,1,10,10,0,1,0,1,0,1,0,1,0,1,0,1,0,1,0,1,7,1,7,1,0,1,0,1
Signal-Android,2017-1,2018-1,org.thoughtcrime.securesms.contacts.RecipientsEditor,top_level,8,8,0,180,0,4,178,0,4,1,1,10,13,0,1,0,1,0,1,0,1,0,1,0,1,0,1,0,1,8,1,10,1,0,1,0,1
Signal-Android,2017-1,2018-1,org.thoughtcrime.securesms.contacts.avatars.ContactColors,top_level,0,0,0,4,0,0,4,0,0,1,1,3,3,0,1,0,1,0,1,0,1,0,1,0,1,0,1,0,1,2,1,2,1,0,1,0,1
Signal-Android,2017-1,2018-1,org.thoughtcrime.securesms.contacts.avatars.ContactPhoto,top_level,3,1,-2,4,0,0,2,0,0,0,0,,,,0,,0,,0,,0,,0,,0,,0,,0,,0,,0,,0,,0
Signal-Android,2017-1,2018-1,org.thoughtcrime.securesms.contacts.avatars.GeneratedContactPhoto,top_level,0,0,0,26,0,0,27,0,0,1,1,8,9,0,1,0,1,0,1,0,1,0,1,0,1,0,1,0,1,8,1,9,1,0,1,0,1
Signal-Android,2017-1,2018-1,org.thoughtcrime.securesms.contacts.avatars.ResourceContactPhoto,top_level,1,2,1,27,0,1,31,0,2,1,1,4,3,0,1,0,1,0,1,0,1,0,1,0,1,0,1,0,1,4,1,3,1,0,1,0,1
Signal-Android,2017-1,2018-1,org.thoughtcrime.securesms.contacts.avatars.TransparentContactPhoto,top_level,1,1,0,11,0,1,11,0,1,1,1,1,1,0,1,0,1,0,1,0,1,0,1,0,1,0,1,0,1,1,1,1,1,0,1,0,1
Signal-Android,2017-1,2018-1,org.thoughtcrime.securesms.crypto.AsymmetricMasterCipher,top_level,6,6,0,53,0,3,53,0,3,1,1,5,5,0,1,0,1,0,1,0,1,0,1,0,1,0,1,0,1,5,1,5,1,0,1,0,1
Signal-Android,2017-1,2018-1,org.thoughtcrime.securesms.crypto.AsymmetricMasterSecret,top_level,0,0,0,10,0,0,10,0,0,0,0,,,,0,,0,,0,,0,,0,,0,,0,,0,,0,,0,,0,,0
Signal-Android,2017-1,2018-1,org.thoughtcrime.securesms.crypto.DecryptingPartInputStream,top_level,24,0,-24,131,0,7,71,0,0,1,1,4,4,0,1,0,1,0,1,0,1,0,1,0,1,0,1,0,1,3,1,3,1,0,1,0,1
Signal-Android,2017-1,2018-1,org.thoughtcrime.securesms.crypto.EncryptingPartOutputStream,top_level,7,7,0,54,0,3,54,0,3,1,1,3,3,0,1,0,1,0,1,0,1,0,1,0,1,0,1,0,1,3,1,3,1,0,1,0,1
Signal-Android,2017-1,2018-1,org.thoughtcrime.securesms.crypto.IdentityKeyParcelable,top_level,1,1,0,27,0,1,27,0,1,1,1,1,1,0,1,0,1,0,1,0,1,0,1,0,1,0,1,0,1,1,1,1,1,0,1,0,1
Signal-Android,2017-1,2018-1,org.thoughtcrime.securesms.crypto.IdentityKeyUtil,top_level,0,0,0,67,0,0,67,0,0,1,1,17,17,0,1,0,1,0,1,0,1,0,1,0,1,0,1,0,1,16,1,16,1,0,1,0,1
Signal-Android,2017-1,2018-1,org.thoughtcrime.securesms.crypto.InvalidPassphraseException,top_level,1,1,0,9,0,1,9,0,1,0,0,,,,0,,0,,0,,0,,0,,0,,0,,0,,0,,0,,0,,0
Signal-Android,2017-1,2018-1,org.thoughtcrime.securesms.crypto.MasterCipher,top_level,4,4,0,101,0,2,101,0,2,1,1,1,1,0,1,0,1,0,1,0,1,0,1,0,1,0,1,0,1,1,1,1,1,0,1,0,1
Signal-Android,2017-1,2018-1,org.thoughtcrime.securesms.crypto.MasterSecret,top_level,2,2,0,48,0,2,48,0,2,1,1,9,9,0,1,0,1,0,1,0,1,0,1,0,1,0,1,0,1,9,1,9,1,0,1,0,1
Signal-Android,2017-1,2018-1,org.thoughtcrime.securesms.crypto.MasterSecretUnion,top_level,0,0,0,13,0,0,13,0,0,0,0,,,,0,,0,,0,,0,,0,,0,,0,,0,,0,,0,,0,,0
Signal-Android,2017-1,2018-1,org.thoughtcrime.securesms.crypto.MasterSecretUtil,top_level,5,5,0,208,0,0,208,0,0,1,1,39,39,0,1,0,1,0,1,0,1,0,1,0,1,0,1,0,1,36,1,36,1,1,1,1,1
Signal-Android,2017-1,2018-1,org.thoughtcrime.securesms.crypto.MediaKey,top_level,0,0,0,14,0,0,14,0,0,1,1,4,4,0,1,0,1,0,1,0,1,0,1,0,1,0,1,0,1,3,1,3,1,0,1,0,1
Signal-Android,2017-1,2018-1,org.thoughtcrime.securesms.crypto.PRNGFixes,top_level,21,21,0,145,0,1,145,0,1,1,1,20,20,0,1,0,1,0,1,0,1,0,1,0,1,0,1,0,1,14,1,14,1,0,1,0,1
Signal-Android,2017-1,2018-1,org.thoughtcrime.securesms.crypto.PreKeyUtil,top_level,0,0,0,103,0,0,121,0,0,1,1,7,11,0,1,0,1,0,1,0,1,0,1,0,1,0,1,0,1,6,1,10,1,0,1,0,1
Signal-Android,2017-1,2018-1,org.thoughtcrime.securesms.crypto.PublicKey,top_level,10,10,0,40,0,8,40,0,8,1,1,1,1,0,1,0,1,0,1,0,1,0,1,0,1,0,1,0,1,1,1,1,1,0,1,0,1
Signal-Android,2017-1,2018-1,org.thoughtcrime.securesms.crypto.SecurityEvent,top_level,0,0,0,6,0,0,6,0,0,1,1,1,1,0,1,0,1,0,1,0,1,0,1,0,1,0,1,0,1,0,1,0,1,0,1,0,1
Signal-Android,2017-1,2018-1,org.thoughtcrime.securesms.crypto.SessionUtil,top_level,0,0,0,7,0,0,20,0,0,1,1,1,3,0,1,0,1,0,1,0,1,0,1,0,1,0,1,0,1,0,1,2,1,0,1,0,1
Signal-Android,2017-1,2018-1,org.thoughtcrime.securesms.crypto.storage.SignalProtocolStoreImpl,top_level,5,5,0,67,0,5,67,0,5,1,1,1,1,0,1,0,1,0,1,0,1,0,1,0,1,0,1,0,1,0,1,0,1,0,1,0,1
Signal-Android,2017-1,2018-1,org.thoughtcrime.securesms.crypto.storage.TextSecureIdentityKeyStore,top_level,1,1,0,29,0,1,72,0,1,1,1,6,14,0,1,0,1,0,1,0,1,0,1,0,1,0,1,0,1,6,1,14,1,0,1,0,1
Signal-Android,2017-1,2018-1,org.thoughtcrime.securesms.crypto.storage.TextSecurePreKeyStore,top_level,9,9,0,140,0,5,141,0,5,1,1,12,12,0,1,0,1,0,1,0,1,0,1,0,1,0,1,0,1,10,1,10,1,0,1,0,1
Signal-Android,2017-1,2018-1,org.thoughtcrime.securesms.crypto.storage.TextSecureSessionStore,top_level,4,8,4,131,0,1,138,0,2,1,1,15,19,0,1,0,1,0,1,0,1,0,1,0,1,0,1,0,1,13,1,15,1,0,1,1,1
Signal-Android,2017-1,2018-1,org.thoughtcrime.securesms.database.ApnDatabase,top_level,0,0,0,98,0,0,98,0,0,1,1,3,3,0,1,0,1,0,1,0,1,0,1,0,1,0,1,0,1,2,1,2,1,0,1,0,1
Signal-Android,2017-1,2018-1,org.thoughtcrime.securesms.database.AttachmentDatabase,top_level,8,8,0,342,0,2,389,0,2,1,1,39,49,0,1,0,1,0,1,0,1,0,1,0,1,0,1,0,1,38,1,46,1,0,1,0,1
Signal-Android,2017-1,2018-1,org.thoughtcrime.securesms.database.ContentValuesBuilder,top_level,0,0,0,19,0,0,19,0,0,0,0,,,,0,,0,,0,,0,,0,,0,,0,,0,,0,,0,,0,,0
Signal-Android,2017-1,2018-1,org.thoughtcrime.securesms.database.CursorRecyclerViewAdapter<VH>,top_level,19,26,7,111,0,10,126,0,15,0,0,,,,0,,0,,0,,0,,0,,0,,0,,0,,0,,0,,0,,0
Signal-Android,2017-1,2018-1,org.thoughtcrime.securesms.database.Database,top_level,2,2,0,22,0,2,22,0,2,1,1,2,2,0,1,0,1,0,1,0,1,0,1,0,1,0,1,0,1,2,1,2,1,0,1,0,1
Signal-Android,2017-1,2018-1,org.thoughtcrime.securesms.database.DatabaseFactory,top_level,0,0,0,550,0,0,1027,0,0,1,1,82,114,0,1,0,1,2,1,2,1,0,1,0,1,0,1,0,1,59,1,78,1,1,1,2,1
Signal-Android,2017-1,2018-1,org.thoughtcrime.securesms.database.DraftDatabase,top_level,2,2,0,97,0,2,97,0,2,1,1,4,4,1,1,1,1,0,1,0,1,0,1,0,1,0,1,0,1,3,1,3,1,0,1,0,1
Signal-Android,2017-1,2018-1,org.thoughtcrime.securesms.database.EarlyReceiptCache,top_level,0,0,0,31,0,0,20,0,0,0,1,,1,,0,0,1,,0,0,1,,0,0,1,,0,0,1,,0,1,1,,0,0,1
Signal-Android,2017-1,2018-1,org.thoughtcrime.securesms.database.EncryptingSmsDatabase,top_level,0,0,0,113,0,0,113,0,0,1,1,17,17,0,1,0,1,0,1,0,1,0,1,0,1,0,1,0,1,17,1,17,1,0,1,0,1
Signal-Android,2017-1,2018-1,org.thoughtcrime.securesms.database.GroupDatabase,top_level,10,3,-7,214,0,8,267,0,2,1,1,7,13,1,1,1,1,0,1,0,1,0,1,1,1,0,1,0,1,6,1,11,1,0,1,0,1
Signal-Android,2017-1,2018-1,org.thoughtcrime.securesms.database.IdentityDatabase,top_level,1,0,-1,81,0,1,132,0,0,1,1,5,6,0,1,1,1,0,1,0,1,0,1,0,1,0,1,0,1,5,1,5,1,0,1,0,1
Signal-Android,2017-1,2018-1,org.thoughtcrime.securesms.database.MessagingDatabase,top_level,0,3,3,131,0,0,144,0,3,1,1,10,10,1,1,1,1,0,1,0,1,0,1,0,1,0,1,0,1,8,1,8,1,0,1,0,1
Signal-Android,2017-1,2018-1,org.thoughtcrime.securesms.database.MmsDatabase,top_level,34,34,0,783,0,22,796,0,22,1,1,118,112,0,1,1,1,0,1,0,1,0,1,0,1,0,1,0,1,93,1,90,1,1,1,1,1
Signal-Android,2017-1,2018-1,org.thoughtcrime.securesms.database.MmsSmsColumns,top_level,0,0,0,148,0,0,158,0,0,1,1,1,1,0,1,0,1,0,1,0,1,0,1,0,1,0,1,0,1,0,1,0,1,0,1,0,1
Signal-Android,2017-1,2018-1,org.thoughtcrime.securesms.database.MmsSmsDatabase,top_level,4,4,0,231,0,2,262,0,2,1,1,14,16,0,1,0,1,1,1,1,1,0,1,0,1,0,1,0,1,12,1,14,1,0,1,0,1
Signal-Android,2017-1,2018-1,org.thoughtcrime.securesms.database.NoExternalStorageException,top_level,1,1,0,8,0,1,8,0,1,0,0,,,,0,,0,,0,,0,,0,,0,,0,,0,,0,,0,,0,,0
Signal-Android,2017-1,2018-1,org.thoughtcrime.securesms.database.NoSuchMessageException,top_level,0,0,0,3,0,0,3,0,0,0,0,,,,0,,0,,0,,0,,0,,0,,0,,0,,0,,0,,0,,0
Signal-Android,2017-1,2018-1,org.thoughtcrime.securesms.database.NotInDirectoryException,top_level,0,0,0,1,0,0,1,0,0,0,0,,,,0,,0,,0,,0,,0,,0,,0,,0,,0,,0,,0,,0
Signal-Android,2017-1,2018-1,org.thoughtcrime.securesms.database.PlaintextBackupExporter,top_level,2,0,-2,34,0,0,31,0,0,1,1,9,10,0,1,0,1,0,1,0,1,0,1,0,1,0,1,0,1,8,1,9,1,0,1,0,1
Signal-Android,2017-1,2018-1,org.thoughtcrime.securesms.database.PlaintextBackupImporter,top_level,4,1,-3,76,0,0,66,0,0,1,1,23,21,0,1,0,1,0,1,0,1,0,1,0,1,0,1,0,1,22,1,20,1,0,1,0,1
Signal-Android,2017-1,2018-1,org.thoughtcrime.securesms.database.PushDatabase,top_level,1,1,0,97,0,1,97,0,1,1,1,3,3,0,1,0,1,0,1,0,1,0,1,0,1,0,1,0,1,3,1,3,1,0,1,0,1
Signal-Android,2017-1,2018-1,org.thoughtcrime.securesms.database.SmsDatabase,top_level,38,39,1,504,0,27,542,0,28,1,1,66,83,0,1,0,1,0,1,0,1,0,1,0,1,0,1,0,1,54,1,66,1,1,1,1,1
Signal-Android,2017-1,2018-1,org.thoughtcrime.securesms.database.SmsMigrator,top_level,0,0,0,157,0,0,163,0,0,1,1,12,19,0,1,0,1,0,1,0,1,0,1,0,1,0,1,0,1,11,1,18,1,0,1,0,1
Signal-Android,2017-1,2018-1,org.thoughtcrime.securesms.database.ThreadDatabase,top_level,29,35,6,382,0,14,450,0,16,1,1,38,45,0,1,0,1,0,1,0,1,1,1,1,1,0,1,0,1,35,1,41,1,0,1,0,1
Signal-Android,2017-1,2018-1,org.thoughtcrime.securesms.database.XmlBackup,top_level,15,17,2,139,0,1,154,0,1,1,1,24,27,1,1,1,1,0,1,0,1,0,1,1,1,0,1,0,1,17,1,19,1,0,1,0,1
Signal-Android,2017-1,2018-1,org.thoughtcrime.securesms.database.documents.Document<T>,top_level,2,2,0,3,0,1,3,0,1,0,0,,,,0,,0,,0,,0,,0,,0,,0,,0,,0,,0,,0,,0
Signal-Android,2017-1,2018-1,org.thoughtcrime.securesms.database.documents.IdentityKeyMismatch,top_level,3,2,-1,39,0,3,40,0,2,1,1,2,3,0,1,0,1,0,1,0,1,0,1,0,1,0,1,0,1,1,1,2,1,0,1,0,1
Signal-Android,2017-1,2018-1,org.thoughtcrime.securesms.database.documents.IdentityKeyMismatchList,top_level,3,3,0,14,0,2,15,0,2,1,1,1,1,0,1,0,1,0,1,0,1,0,1,0,1,0,1,0,1,0,1,0,1,0,1,0,1
Signal-Android,2017-1,2018-1,org.thoughtcrime.securesms.database.documents.NetworkFailure,top_level,4,2,-2,16,0,4,17,0,2,1,1,1,1,0,1,0,1,0,1,0,1,0,1,0,1,0,1,0,1,0,1,0,1,0,1,0,1
Signal-Android,2017-1,2018-1,org.thoughtcrime.securesms.database.documents.NetworkFailureList,top_level,3,3,0,15,0,2,15,0,2,1,1,1,1,0,1,0,1,0,1,0,1,0,1,0,1,0,1,0,1,0,1,0,1,0,1,0,1
Signal-Android,2017-1,2018-1,org.thoughtcrime.securesms.database.loaders.BlockedContactsLoader,top_level,0,0,0,7,0,0,7,0,0,1,1,1,1,0,1,0,1,0,1,0,1,0,1,0,1,0,1,0,1,1,1,1,1,0,1,0,1
Signal-Android,2017-1,2018-1,org.thoughtcrime.securesms.database.loaders.ConversationListLoader,top_level,0,0,0,34,0,0,41,0,0,1,1,6,7,0,1,0,1,0,1,0,1,0,1,0,1,0,1,0,1,6,1,7,1,0,1,0,1
Signal-Android,2017-1,2018-1,org.thoughtcrime.securesms.database.loaders.ConversationLoader,top_level,1,3,2,12,0,1,24,0,3,1,1,2,3,0,1,0,1,0,1,0,1,0,1,0,1,0,1,0,1,1,1,2,1,0,1,0,1
Signal-Android,2017-1,2018-1,org.thoughtcrime.securesms.database.loaders.CountryListLoader,top_level,0,0,0,18,0,0,18,0,0,1,1,4,4,0,1,0,1,0,1,0,1,0,1,0,1,0,1,0,1,4,1,4,1,0,1,0,1
Signal-Android,2017-1,2018-1,org.thoughtcrime.securesms.database.loaders.DeviceListLoader,top_level,0,0,0,25,0,0,25,0,0,1,1,2,2,0,1,0,1,0,1,0,1,0,1,0,1,0,1,0,1,2,1,2,1,0,1,0,1
Signal-Android,2017-1,2018-1,org.thoughtcrime.securesms.database.loaders.MessageDetailsLoader,top_level,0,0,0,16,0,0,16,0,0,1,1,2,2,0,1,0,1,0,1,0,1,0,1,0,1,0,1,0,1,2,1,2,1,0,1,0,1
Signal-Android,2017-1,2018-1,org.thoughtcrime.securesms.database.loaders.RecentPhotosLoader,top_level,0,0,0,18,0,0,21,0,0,1,1,2,2,0,1,0,1,0,1,0,1,0,1,0,1,1,1,1,1,1,1,1,1,0,1,0,1
Signal-Android,2017-1,2018-1,org.thoughtcrime.securesms.database.model.DisplayRecord,top_level,22,25,3,82,0,22,93,0,25,1,1,15,20,0,1,0,1,0,1,0,1,0,1,1,1,0,1,0,1,15,1,19,1,0,1,0,1
Signal-Android,2017-1,2018-1,org.thoughtcrime.securesms.database.model.MediaMmsMessageRecord,top_level,8,2,-6,53,0,5,38,0,2,1,1,7,6,0,1,0,1,0,1,0,1,1,1,1,1,0,1,0,1,6,1,5,1,0,1,0,1
Signal-Android,2017-1,2018-1,org.thoughtcrime.securesms.database.model.MessageRecord,top_level,26,27,1,118,0,24,127,0,25,1,1,33,39,0,1,0,1,0,1,0,1,1,1,1,1,0,1,0,1,26,1,31,1,0,1,1,1
Signal-Android,2017-1,2018-1,org.thoughtcrime.securesms.database.model.NotificationMmsMessageRecord,top_level,12,10,-2,55,0,12,54,0,10,1,1,2,1,0,1,0,1,0,1,0,1,1,1,1,1,0,1,0,1,1,1,0,1,0,1,0,1
Signal-Android,2017-1,2018-1,org.thoughtcrime.securesms.database.model.SmsMessageRecord,top_level,3,3,0,56,0,3,53,0,3,1,1,14,14,0,1,0,1,0,1,0,1,1,1,1,1,0,1,0,1,7,1,7,1,0,1,0,1
Signal-Android,2017-1,2018-1,org.thoughtcrime.securesms.database.model.ThreadRecord,top_level,6,7,1,82,0,6,92,0,7,1,1,31,31,1,1,1,1,0,1,0,1,1,1,1,1,0,1,0,1,23,1,22,1,0,1,0,1
Signal-Android,2017-1,2018-1,org.thoughtcrime.securesms.dependencies.AxolotlStorageModule,top_level,1,1,0,13,0,1,13,0,1,0,0,,,,0,,0,,0,,0,,0,,0,,0,,0,,0,,0,,0,,0
Signal-Android,2017-1,2018-1,org.thoughtcrime.securesms.dependencies.InjectableType,top_level,0,0,0,1,0,0,1,0,0,0,0,,,,0,,0,,0,,0,,0,,0,,0,,0,,0,,0,,0,,0
Signal-Android,2017-1,2018-1,org.thoughtcrime.securesms.dependencies.SignalCommunicationModule,top_level,1,0,-1,62,0,1,93,0,0,1,1,1,1,0,1,0,1,0,1,0,1,0,1,0,1,0,1,0,1,0,1,0,1,0,1,0,1
Signal-Android,2017-1,2018-1,org.thoughtcrime.securesms.events.PartProgressEvent,top_level,0,0,0,8,0,0,8,0,0,0,0,,,,0,,0,,0,,0,,0,,0,,0,,0,,0,,0,,0,,0
Signal-Android,2017-1,2018-1,org.thoughtcrime.securesms.events.RedPhoneEvent,top_level,1,1,0,32,0,1,32,0,1,0,0,,,,0,,0,,0,,0,,0,,0,,0,,0,,0,,0,,0,,0
Signal-Android,2017-1,2018-1,org.thoughtcrime.securesms.gcm.GcmBroadcastReceiver,top_level,0,0,0,50,0,0,22,0,0,1,1,8,2,0,1,0,1,0,1,0,1,0,1,0,1,0,1,0,1,8,1,2,1,0,1,0,1
Signal-Android,2017-1,2018-1,org.thoughtcrime.securesms.giph.model.GiphyImage,top_level,1,4,3,45,0,1,51,0,4,0,0,,,,0,,0,,0,,0,,0,,0,,0,,0,,0,,0,,0,,0
Signal-Android,2017-1,2018-1,org.thoughtcrime.securesms.giph.model.GiphyResponse,top_level,0,0,0,5,0,0,5,0,0,0,0,,,,0,,0,,0,,0,,0,,0,,0,,0,,0,,0,,0,,0
Signal-Android,2017-1,2018-1,org.thoughtcrime.securesms.giph.net.GiphyGifLoader,top_level,0,0,0,9,0,0,9,0,0,0,0,,,,0,,0,,0,,0,,0,,0,,0,,0,,0,,0,,0,,0
Signal-Android,2017-1,2018-1,org.thoughtcrime.securesms.giph.net.GiphyLoader,top_level,0,0,0,30,0,0,30,0,0,1,1,7,7,0,1,0,1,0,1,0,1,0,1,0,1,1,1,1,1,5,1,5,1,0,1,0,1
Signal-Android,2017-1,2018-1,org.thoughtcrime.securesms.giph.net.GiphyProxySelector,top_level,3,3,0,34,0,2,34,0,2,1,1,3,3,0,1,0,1,0,1,0,1,0,1,0,1,0,1,0,1,3,1,3,1,0,1,0,1
Signal-Android,2017-1,2018-1,org.thoughtcrime.securesms.giph.net.GiphyStickerLoader,top_level,0,0,0,9,0,0,9,0,0,0,0,,,,0,,0,,0,,0,,0,,0,,0,,0,,0,,0,,0,,0
Signal-Android,2017-1,2018-1,org.thoughtcrime.securesms.giph.ui.AspectRatioImageView,top_level,11,11,0,39,0,7,39,0,7,0,0,,,,0,,0,,0,,0,,0,,0,,0,,0,,0,,0,,0,,0
Signal-Android,2017-1,2018-1,org.thoughtcrime.securesms.giph.ui.GiphyActivity,top_level,4,4,0,92,0,4,92,0,4,1,1,9,9,0,1,0,1,0,1,0,1,0,1,0,1,0,1,0,1,9,1,9,1,0,1,0,1
Signal-Android,2017-1,2018-1,org.thoughtcrime.securesms.giph.ui.GiphyActivityToolbar,top_level,6,6,0,104,0,5,107,0,5,1,1,10,10,0,1,0,1,0,1,0,1,0,1,0,1,0,1,0,1,5,1,5,1,0,1,0,1
Signal-Android,2017-1,2018-1,org.thoughtcrime.securesms.giph.ui.GiphyAdapter,top_level,5,5,0,94,0,4,96,0,4,1,1,14,9,0,1,0,1,0,1,0,1,0,1,0,1,0,1,0,1,13,1,8,1,0,1,0,1
Signal-Android,2017-1,2018-1,org.thoughtcrime.securesms.giph.ui.GiphyFragment,top_level,2,2,0,61,0,1,61,0,1,1,1,2,2,0,1,0,1,0,1,0,1,0,1,0,1,0,1,0,1,2,1,2,1,0,1,0,1
Signal-Android,2017-1,2018-1,org.thoughtcrime.securesms.giph.ui.GiphyGifFragment,top_level,0,0,0,4,0,0,4,0,0,0,0,,,,0,,0,,0,,0,,0,,0,,0,,0,,0,,0,,0,,0
Signal-Android,2017-1,2018-1,org.thoughtcrime.securesms.giph.ui.GiphyStickerFragment,top_level,0,0,0,4,0,0,4,0,0,0,0,,,,0,,0,,0,,0,,0,,0,,0,,0,,0,,0,,0,,0
Signal-Android,2017-1,2018-1,org.thoughtcrime.securesms.giph.util.InfiniteScrollListener,top_level,1,1,0,24,0,1,24,0,1,1,1,5,5,0,1,0,1,0,1,0,1,0,1,0,1,1,1,1,1,2,1,2,1,0,1,0,1
Signal-Android,2017-1,2018-1,org.thoughtcrime.securesms.giph.util.RecyclerViewPositionHelper,top_level,10,10,0,48,0,5,48,0,5,1,1,5,5,0,1,0,1,0,1,0,1,0,1,0,1,0,1,0,1,2,1,2,1,0,1,0,1
Signal-Android,2017-1,2018-1,org.thoughtcrime.securesms.glide.OkHttpStreamFetcher,top_level,6,5,-1,38,0,2,45,0,2,1,1,4,5,0,1,0,1,0,1,0,1,0,1,0,1,0,1,0,1,4,1,5,1,0,1,0,1
Signal-Android,2017-1,2018-1,org.thoughtcrime.securesms.glide.OkHttpUrlLoader,top_level,0,0,0,26,0,0,31,0,0,0,0,,,,0,,0,,0,,0,,0,,0,,0,,0,,0,,0,,0,,0
Signal-Android,2017-1,2018-1,org.thoughtcrime.securesms.groups.GroupManager,top_level,0,0,0,67,0,0,83,0,0,1,1,6,10,0,1,0,1,0,1,0,1,0,1,0,1,0,1,0,1,3,1,6,1,0,1,0,1
Signal-Android,2017-1,2018-1,org.thoughtcrime.securesms.groups.GroupMessageProcessor,top_level,0,0,0,137,0,0,149,0,0,1,1,47,59,0,1,0,1,0,1,0,1,0,1,0,1,0,1,0,1,44,1,54,1,0,1,0,1
Signal-Android,2017-1,2018-1,org.thoughtcrime.securesms.jobs.AttachmentDownloadJob,top_level,2,2,0,96,0,2,112,0,2,1,1,3,3,0,1,0,1,0,1,0,1,0,1,0,1,0,1,0,1,2,1,2,1,0,1,0,1
Signal-Android,2017-1,2018-1,org.thoughtcrime.securesms.jobs.AvatarDownloadJob,top_level,2,2,0,45,0,2,51,0,2,1,1,2,9,0,1,0,1,0,1,0,1,0,1,0,1,0,1,0,1,1,1,8,1,0,1,0,1
Signal-Android,2017-1,2018-1,org.thoughtcrime.securesms.jobs.CleanPreKeysJob,top_level,2,2,0,56,0,2,58,0,2,1,1,4,2,0,1,0,1,0,1,0,1,0,1,0,1,0,1,0,1,3,1,1,1,0,1,0,1
Signal-Android,2017-1,2018-1,org.thoughtcrime.securesms.jobs.ContextJob,top_level,0,0,0,9,0,0,9,0,0,0,0,,,,0,,0,,0,,0,,0,,0,,0,,0,,0,,0,,0,,0
Signal-Android,2017-1,2018-1,org.thoughtcrime.securesms.jobs.CreateSignedPreKeyJob,top_level,2,2,0,31,0,2,31,0,2,1,1,1,1,0,1,0,1,0,1,0,1,0,1,0,1,0,1,0,1,0,1,0,1,0,1,0,1
Signal-Android,2017-1,2018-1,org.thoughtcrime.securesms.jobs.DirectoryRefreshJob,top_level,5,5,0,36,0,3,38,0,3,1,1,2,2,0,1,0,1,0,1,0,1,0,1,0,1,0,1,0,1,1,1,1,1,0,1,0,1
Signal-Android,2017-1,2018-1,org.thoughtcrime.securesms.jobs.GcmRefreshJob,top_level,7,6,-1,47,0,4,45,0,4,1,1,2,2,0,1,0,1,0,1,0,1,0,1,0,1,0,1,0,1,1,1,1,1,0,1,0,1
Signal-Android,2017-1,2018-1,org.thoughtcrime.securesms.jobs.MasterSecretDecryptJob,top_level,2,2,0,46,0,2,46,0,2,1,1,6,6,0,1,0,1,0,1,0,1,0,1,0,1,0,1,0,1,6,1,6,1,0,1,0,1
Signal-Android,2017-1,2018-1,org.thoughtcrime.securesms.jobs.MasterSecretJob,top_level,1,1,0,18,0,1,18,0,1,1,1,1,1,0,1,0,1,0,1,0,1,0,1,0,1,0,1,0,1,0,1,0,1,0,1,0,1
Signal-Android,2017-1,2018-1,org.thoughtcrime.securesms.jobs.MmsDownloadJob,top_level,5,5,0,117,0,2,137,0,2,1,1,25,34,0,1,0,1,0,1,0,1,0,1,0,1,0,1,0,1,19,1,23,1,0,1,0,1
Signal-Android,2017-1,2018-1,org.thoughtcrime.securesms.jobs.MmsReceiveJob,top_level,8,8,0,48,0,3,48,0,3,1,1,3,4,0,1,0,1,0,1,0,1,0,1,0,1,0,1,0,1,2,1,3,1,0,1,0,1
Signal-Android,2017-1,2018-1,org.thoughtcrime.securesms.jobs.MmsSendJob,top_level,2,2,0,117,0,2,163,0,2,1,1,7,37,0,1,0,1,0,1,1,1,0,1,0,1,0,1,0,1,6,1,26,1,0,1,1,1
Signal-Android,2017-1,2018-1,org.thoughtcrime.securesms.jobs.MultiDeviceBlockedUpdateJob,top_level,2,2,0,31,0,2,30,0,2,1,1,3,3,0,1,0,1,0,1,0,1,0,1,0,1,0,1,0,1,2,1,2,1,0,1,0,1
Signal-Android,2017-1,2018-1,org.thoughtcrime.securesms.jobs.MultiDeviceContactUpdateJob,top_level,7,8,1,124,0,4,148,0,3,1,1,11,24,0,1,0,1,0,1,0,1,0,1,0,1,0,1,0,1,9,1,22,1,0,1,0,1
Signal-Android,2017-1,2018-1,org.thoughtcrime.securesms.jobs.MultiDeviceGroupUpdateJob,top_level,2,2,0,61,0,2,63,0,2,1,1,3,3,0,1,0,1,0,1,0,1,0,1,0,1,0,1,0,1,2,1,2,1,0,1,0,1
Signal-Android,2017-1,2018-1,org.thoughtcrime.securesms.jobs.MultiDeviceReadUpdateJob,top_level,2,2,0,39,0,2,37,0,2,0,0,,,,0,,0,,0,,0,,0,,0,,0,,0,,0,,0,,0,,0
Signal-Android,2017-1,2018-1,org.thoughtcrime.securesms.jobs.PushContentReceiveJob,top_level,4,4,0,27,0,3,27,0,3,0,0,,,,0,,0,,0,,0,,0,,0,,0,,0,,0,,0,,0,,0
Signal-Android,2017-1,2018-1,org.thoughtcrime.securesms.jobs.PushDecryptJob,top_level,6,6,0,386,0,3,523,0,3,1,1,113,222,0,1,0,1,0,1,0,1,0,1,0,1,0,1,0,1,104,1,206,1,0,1,1,1
Signal-Android,2017-1,2018-1,org.thoughtcrime.securesms.jobs.PushGroupSendJob,top_level,2,2,0,94,0,2,105,0,2,1,1,15,23,0,1,0,1,0,1,0,1,0,1,0,1,0,1,0,1,13,1,19,1,0,1,0,1
Signal-Android,2017-1,2018-1,org.thoughtcrime.securesms.jobs.PushGroupUpdateJob,top_level,5,6,1,48,0,3,50,0,3,1,1,4,8,0,1,0,1,0,1,0,1,0,1,0,1,0,1,0,1,4,1,8,1,0,1,0,1
Signal-Android,2017-1,2018-1,org.thoughtcrime.securesms.jobs.PushMediaSendJob,top_level,2,2,0,73,0,2,71,0,2,1,1,11,5,0,1,0,1,0,1,0,1,0,1,0,1,0,1,0,1,8,1,4,1,0,1,0,1
Signal-Android,2017-1,2018-1,org.thoughtcrime.securesms.jobs.PushNotificationReceiveJob,top_level,3,3,0,24,0,3,24,0,3,0,0,,,,0,,0,,0,,0,,0,,0,,0,,0,,0,,0,,0,,0
Signal-Android,2017-1,2018-1,org.thoughtcrime.securesms.jobs.PushReceivedJob,top_level,0,0,0,41,0,0,30,0,0,1,1,4,5,0,1,0,1,0,1,0,1,0,1,0,1,0,1,0,1,4,1,5,1,0,1,0,1
Signal-Android,2017-1,2018-1,org.thoughtcrime.securesms.jobs.PushSendJob,top_level,0,0,0,43,0,0,54,0,0,1,1,3,6,0,1,0,1,0,1,0,1,0,1,0,1,0,1,0,1,3,1,4,1,0,1,0,1
Signal-Android,2017-1,2018-1,org.thoughtcrime.securesms.jobs.PushTextSendJob,top_level,4,4,0,63,0,2,62,0,2,1,1,8,8,0,1,0,1,0,1,0,1,0,1,0,1,0,1,0,1,7,1,7,1,0,1,0,1
Signal-Android,2017-1,2018-1,org.thoughtcrime.securesms.jobs.RefreshAttributesJob,top_level,3,3,0,27,0,3,25,0,3,0,0,,,,0,,0,,0,,0,,0,,0,,0,,0,,0,,0,,0,,0
Signal-Android,2017-1,2018-1,org.thoughtcrime.securesms.jobs.RefreshPreKeysJob,top_level,2,2,0,37,0,2,37,0,2,1,1,2,3,0,1,0,1,0,1,0,1,0,1,0,1,0,1,0,1,1,1,2,1,0,1,0,1
Signal-Android,2017-1,2018-1,org.thoughtcrime.securesms.jobs.RequestGroupInfoJob,top_level,3,3,0,32,0,3,31,0,3,0,0,,,,0,,0,,0,,0,,0,,0,,0,,0,,0,,0,,0,,0
Signal-Android,2017-1,2018-1,org.thoughtcrime.securesms.jobs.SendJob,top_level,0,0,0,34,0,0,34,0,0,1,1,1,1,0,1,0,1,0,1,0,1,0,1,0,1,0,1,0,1,0,1,0,1,0,1,0,1
Signal-Android,2017-1,2018-1,org.thoughtcrime.securesms.jobs.SmsReceiveJob,top_level,7,8,1,55,0,3,60,0,3,1,1,3,9,0,1,0,1,0,1,0,1,0,1,0,1,0,1,0,1,3,1,9,1,0,1,0,1
Signal-Android,2017-1,2018-1,org.thoughtcrime.securesms.jobs.SmsSendJob,top_level,2,2,0,105,0,2,108,0,2,1,1,12,13,0,1,0,1,0,1,0,1,0,1,0,1,0,1,0,1,9,1,10,1,0,1,0,1
Signal-Android,2017-1,2018-1,org.thoughtcrime.securesms.jobs.SmsSentJob,top_level,3,3,0,52,0,3,52,0,3,1,1,5,6,0,1,0,1,0,1,0,1,0,1,0,1,0,1,0,1,5,1,6,1,0,1,0,1
Signal-Android,2017-1,2018-1,org.thoughtcrime.securesms.jobs.TrimThreadJob,top_level,4,4,0,23,0,3,23,0,3,1,1,1,1,0,1,0,1,0,1,0,1,0,1,0,1,0,1,0,1,1,1,1,1,0,1,0,1
Signal-Android,2017-1,2018-1,org.thoughtcrime.securesms.jobs.persistence.EncryptingJobSerializer,top_level,1,1,0,27,0,1,27,0,1,1,1,1,1,0,1,0,1,0,1,0,1,0,1,0,1,0,1,0,1,1,1,1,1,0,1,0,1
Signal-Android,2017-1,2018-1,org.thoughtcrime.securesms.jobs.requirements.MasterSecretRequirement,top_level,1,1,0,10,0,1,10,0,1,0,0,,,,0,,0,,0,,0,,0,,0,,0,,0,,0,,0,,0,,0
Signal-Android,2017-1,2018-1,org.thoughtcrime.securesms.jobs.requirements.MasterSecretRequirementProvider,top_level,0,0,0,15,0,0,15,0,0,1,1,1,1,0,1,0,1,0,1,0,1,0,1,0,1,0,1,0,1,0,1,0,1,0,1,0,1
Signal-Android,2017-1,2018-1,org.thoughtcrime.securesms.jobs.requirements.NetworkOrServiceRequirement,top_level,1,1,0,12,0,1,12,0,1,0,0,,,,0,,0,,0,,0,,0,,0,,0,,0,,0,,0,,0,,0
Signal-Android,2017-1,2018-1,org.thoughtcrime.securesms.jobs.requirements.ServiceRequirement,top_level,1,1,0,12,0,1,12,0,1,0,0,,,,0,,0,,0,,0,,0,,0,,0,,0,,0,,0,,0,,0
Signal-Android,2017-1,2018-1,org.thoughtcrime.securesms.jobs.requirements.ServiceRequirementProvider,top_level,5,5,0,25,0,2,25,0,2,0,0,,,,0,,0,,0,,0,,0,,0,,0,,0,,0,,0,,0,,0
Signal-Android,2017-1,2018-1,org.thoughtcrime.securesms.mms.ApnUnavailableException,top_level,1,1,0,8,0,1,8,0,1,0,0,,,,0,,0,,0,,0,,0,,0,,0,,0,,0,,0,,0,,0
Signal-Android,2017-1,2018-1,org.thoughtcrime.securesms.mms.AttachmentManager,top_level,4,5,1,223,0,3,313,0,3,1,1,11,57,0,1,0,1,0,1,1,1,0,1,0,1,0,1,0,1,8,1,47,1,0,1,0,1
Signal-Android,2017-1,2018-1,org.thoughtcrime.securesms.mms.AttachmentStreamLocalUriFetcher,top_level,4,4,0,20,0,2,37,0,2,1,0,2,,0,1,,0,0,1,,0,0,1,,0,0,1,,0,0,1,,0,0,1,,0
Signal-Android,2017-1,2018-1,org.thoughtcrime.securesms.mms.AttachmentStreamUriLoader,top_level,0,1,1,28,0,0,37,0,1,1,1,1,1,0,1,0,1,0,1,0,1,0,1,0,1,0,1,0,1,0,1,1,1,0,1,0,1
Signal-Android,2017-1,2018-1,org.thoughtcrime.securesms.mms.AudioSlide,top_level,3,3,0,27,0,3,27,0,3,0,0,,,,0,,0,,0,,0,,0,,0,,0,,0,,0,,0,,0,,0
Signal-Android,2017-1,2018-1,org.thoughtcrime.securesms.mms.CompatMmsConnection,top_level,0,0,0,40,0,0,53,0,0,1,1,1,3,0,1,0,1,0,1,0,1,0,1,0,1,0,1,0,1,0,1,0,1,0,1,0,1
Signal-Android,2017-1,2018-1,org.thoughtcrime.securesms.mms.ContactPhotoLocalUriFetcher,top_level,0,0,0,11,0,0,11,0,0,1,1,2,2,0,1,0,1,0,1,0,1,0,1,0,1,0,1,0,1,2,1,2,1,0,1,0,1
Signal-Android,2017-1,2018-1,org.thoughtcrime.securesms.mms.DecryptableStreamLocalUriFetcher,top_level,0,0,0,15,0,0,21,0,0,1,1,2,3,0,1,0,1,0,1,0,1,0,1,0,1,0,1,0,1,0,1,1,1,0,1,0,1
Signal-Android,2017-1,2018-1,org.thoughtcrime.securesms.mms.DecryptableStreamUriLoader,top_level,0,1,1,28,0,0,38,0,1,0,1,,1,,0,0,1,,0,0,1,,0,0,1,,0,0,1,,0,1,1,,0,0,1
Signal-Android,2017-1,2018-1,org.thoughtcrime.securesms.mms.GifSlide,top_level,0,0,0,9,0,0,9,0,0,0,0,,,,0,,0,,0,,0,,0,,0,,0,,0,,0,,0,,0,,0
Signal-Android,2017-1,2018-1,org.thoughtcrime.securesms.mms.ImageSlide,top_level,1,1,0,16,0,1,16,0,1,0,0,,,,0,,0,,0,,0,,0,,0,,0,,0,,0,,0,,0,,0
Signal-Android,2017-1,2018-1,org.thoughtcrime.securesms.mms.IncomingLegacyMmsConnection,top_level,2,2,0,68,0,1,68,0,1,1,1,4,4,0,1,0,1,0,1,0,1,0,1,0,1,0,1,0,1,4,1,4,1,0,1,0,1
Signal-Android,2017-1,2018-1,org.thoughtcrime.securesms.mms.IncomingLollipopMmsConnection,top_level,0,0,0,41,0,0,41,0,0,1,1,5,5,0,1,0,1,0,1,0,1,0,1,0,1,0,1,0,1,5,1,5,1,0,1,0,1
Signal-Android,2017-1,2018-1,org.thoughtcrime.securesms.mms.IncomingMediaMessage,top_level,6,6,0,69,0,6,67,0,6,1,1,2,2,1,1,1,1,0,1,0,1,1,1,1,1,0,1,0,1,0,1,0,1,0,1,0,1
Signal-Android,2017-1,2018-1,org.thoughtcrime.securesms.mms.IncomingMmsConnection,top_level,1,1,0,2,0,0,3,0,0,0,0,,,,0,,0,,0,,0,,0,,0,,0,,0,,0,,0,,0,,0
Signal-Android,2017-1,2018-1,org.thoughtcrime.securesms.mms.LegacyMmsConnection,top_level,1,1,0,162,0,1,159,0,1,1,1,22,21,1,1,1,1,0,1,0,1,0,1,0,1,1,1,1,1,17,1,16,1,0,1,0,1
Signal-Android,2017-1,2018-1,org.thoughtcrime.securesms.mms.LocationSlide,top_level,1,1,0,16,0,1,16,0,1,0,0,,,,0,,0,,0,,0,,0,,0,,0,,0,,0,,0,,0,,0
Signal-Android,2017-1,2018-1,org.thoughtcrime.securesms.mms.LollipopMmsConnection,top_level,5,5,0,34,0,3,34,0,3,1,1,2,2,0,1,0,1,0,1,0,1,0,1,0,1,0,1,0,1,2,1,2,1,0,1,0,1
Signal-Android,2017-1,2018-1,org.thoughtcrime.securesms.mms.MediaConstraints,top_level,4,2,-2,41,0,4,44,0,0,1,0,2,,0,1,,0,0,1,,0,0,1,,0,2,1,,0,0,1,,0,0,1,,0
Signal-Android,2017-1,2018-1,org.thoughtcrime.securesms.mms.MediaNotFoundException,top_level,1,1,0,8,0,1,8,0,1,0,0,,,,0,,0,,0,,0,,0,,0,,0,,0,,0,,0,,0,,0
Signal-Android,2017-1,2018-1,org.thoughtcrime.securesms.mms.MediaStream,top_level,0,0,0,10,0,0,10,0,0,0,0,,,,0,,0,,0,,0,,0,,0,,0,,0,,0,,0,,0,,0
Signal-Android,2017-1,2018-1,org.thoughtcrime.securesms.mms.MediaTooLargeException,top_level,1,1,0,8,0,1,8,0,1,0,0,,,,0,,0,,0,,0,,0,,0,,0,,0,,0,,0,,0,,0
Signal-Android,2017-1,2018-1,org.thoughtcrime.securesms.mms.MmsMediaConstraints,top_level,4,1,-3,22,0,4,41,0,1,0,0,,,,0,,0,,0,,0,,0,,0,,0,,0,,0,,0,,0,,0
Signal-Android,2017-1,2018-1,org.thoughtcrime.securesms.mms.MmsRadio,top_level,18,24,6,78,0,6,95,0,6,1,1,7,12,0,1,0,1,0,1,0,1,0,1,0,1,0,1,0,1,4,1,8,1,0,1,0,1
Signal-Android,2017-1,2018-1,org.thoughtcrime.securesms.mms.MmsRadioException,top_level,0,0,0,3,0,0,5,0,0,0,0,,,,0,,0,,0,,0,,0,,0,,0,,0,,0,,0,,0,,0
Signal-Android,2017-1,2018-1,org.thoughtcrime.securesms.mms.MmsSendResult,top_level,3,3,0,10,0,3,10,0,3,0,0,,,,0,,0,,0,,0,,0,,0,,0,,0,,0,,0,,0,,0
Signal-Android,2017-1,2018-1,org.thoughtcrime.securesms.mms.OutgoingExpirationUpdateMessage,top_level,1,1,0,7,0,1,7,0,1,0,0,,,,0,,0,,0,,0,,0,,0,,0,,0,,0,,0,,0,,0
Signal-Android,2017-1,2018-1,org.thoughtcrime.securesms.mms.OutgoingGroupMediaMessage,top_level,3,3,0,30,0,3,30,0,3,1,1,2,2,0,1,0,1,0,1,0,1,0,1,0,1,0,1,0,1,2,1,2,1,0,1,0,1
Signal-Android,2017-1,2018-1,org.thoughtcrime.securesms.mms.OutgoingLegacyMmsConnection,top_level,8,8,0,80,0,2,80,0,2,1,1,6,6,0,1,0,1,0,1,0,1,0,1,0,1,0,1,0,1,6,1,6,1,0,1,0,1
Signal-Android,2017-1,2018-1,org.thoughtcrime.securesms.mms.OutgoingLollipopMmsConnection,top_level,0,0,0,40,0,0,47,0,0,1,1,4,4,0,1,0,1,0,1,0,1,0,1,0,1,0,1,0,1,4,1,4,1,0,1,0,1
Signal-Android,2017-1,2018-1,org.thoughtcrime.securesms.mms.OutgoingMediaMessage,top_level,8,8,0,60,0,8,60,0,8,1,1,1,1,1,1,1,1,0,1,0,1,0,1,0,1,0,1,0,1,0,1,0,1,0,1,0,1
Signal-Android,2017-1,2018-1,org.thoughtcrime.securesms.mms.OutgoingMmsConnection,top_level,1,1,0,2,0,0,3,0,0,0,0,,,,0,,0,,0,,0,,0,,0,,0,,0,,0,,0,,0,,0
Signal-Android,2017-1,2018-1,org.thoughtcrime.securesms.mms.OutgoingSecureMediaMessage,top_level,1,1,0,12,0,1,12,0,1,0,0,,,,0,,0,,0,,0,,0,,0,,0,,0,,0,,0,,0,,0
Signal-Android,2017-1,2018-1,org.thoughtcrime.securesms.mms.PartAuthority,top_level,0,0,0,53,0,0,86,0,0,1,1,6,4,0,1,0,1,0,1,0,1,0,1,0,1,0,1,0,1,5,1,3,1,0,1,0,1
Signal-Android,2017-1,2018-1,org.thoughtcrime.securesms.mms.PartParser,top_level,0,0,0,41,0,0,41,0,0,1,1,7,7,0,1,0,1,0,1,0,1,0,1,0,1,0,1,0,1,5,1,5,1,0,1,0,1
Signal-Android,2017-1,2018-1,org.thoughtcrime.securesms.mms.PartUriParser,top_level,2,2,0,10,0,2,10,0,2,1,1,1,1,0,1,0,1,0,1,0,1,0,1,0,1,0,1,0,1,1,1,1,1,0,1,0,1
Signal-Android,2017-1,2018-1,org.thoughtcrime.securesms.mms.PushMediaConstraints,top_level,4,0,-4,23,0,4,26,0,0,0,0,,,,0,,0,,0,,0,,0,,0,,0,,0,,0,,0,,0,,0
Signal-Android,2017-1,2018-1,org.thoughtcrime.securesms.mms.Slide,top_level,10,12,2,63,0,10,80,0,12,1,1,8,10,0,1,0,1,0,1,0,1,0,1,0,1,0,1,0,1,8,1,9,1,0,1,0,1
Signal-Android,2017-1,2018-1,org.thoughtcrime.securesms.mms.SlideClickListener,top_level,1,1,0,2,0,0,2,0,0,0,0,,,,0,,0,,0,,0,,0,,0,,0,,0,,0,,0,,0,,0
Signal-Android,2017-1,2018-1,org.thoughtcrime.securesms.mms.SlideDeck,top_level,7,8,1,45,0,3,50,0,3,1,1,2,2,0,1,0,1,0,1,0,1,0,1,0,1,0,1,0,1,2,1,2,1,0,1,0,1
Signal-Android,2017-1,2018-1,org.thoughtcrime.securesms.mms.TextTransport,top_level,2,2,0,5,0,2,5,0,2,1,1,1,1,0,1,0,1,0,1,0,1,0,1,0,1,0,1,0,1,1,1,1,1,0,1,0,1
Signal-Android,2017-1,2018-1,org.thoughtcrime.securesms.mms.VideoSlide,top_level,4,4,0,23,0,4,23,0,4,0,0,,,,0,,0,,0,,0,,0,,0,,0,,0,,0,,0,,0,,0
Signal-Android,2017-1,2018-1,org.thoughtcrime.securesms.notifications.AbstractNotificationBuilder,top_level,2,2,0,42,0,1,44,0,1,1,1,2,4,0,1,0,1,0,1,0,1,0,1,0,1,0,1,0,1,2,1,4,1,0,1,0,1
Signal-Android,2017-1,2018-1,org.thoughtcrime.securesms.notifications.AndroidAutoHeardReceiver,top_level,0,0,0,26,0,0,26,0,0,1,1,2,2,0,1,0,1,0,1,0,1,0,1,0,1,0,1,0,1,2,1,2,1,0,1,0,1
Signal-Android,2017-1,2018-1,org.thoughtcrime.securesms.notifications.AndroidAutoReplyReceiver,top_level,0,0,0,42,0,0,41,0,0,1,1,5,2,0,1,0,1,0,1,0,1,0,1,0,1,0,1,0,1,5,1,2,1,0,1,0,1
Signal-Android,2017-1,2018-1,org.thoughtcrime.securesms.notifications.FailedNotificationBuilder,top_level,0,0,0,12,0,0,12,0,0,0,0,,,,0,,0,,0,,0,,0,,0,,0,,0,,0,,0,,0,,0
Signal-Android,2017-1,2018-1,org.thoughtcrime.securesms.notifications.MarkReadReceiver,top_level,0,0,0,39,0,0,47,0,0,1,1,6,10,0,1,0,1,0,1,0,1,0,1,0,1,0,1,0,1,6,1,10,1,0,1,0,1
Signal-Android,2017-1,2018-1,org.thoughtcrime.securesms.notifications.MasterSecretBroadcastReceiver,top_level,0,0,0,5,0,0,5,0,0,0,0,,,,0,,0,,0,,0,,0,,0,,0,,0,,0,,0,,0,,0
Signal-Android,2017-1,2018-1,org.thoughtcrime.securesms.notifications.MessageNotifier,top_level,3,3,0,337,0,0,320,0,0,1,1,90,87,0,1,0,1,0,1,0,1,0,1,0,1,0,1,0,1,73,1,72,1,1,1,1,1
Signal-Android,2017-1,2018-1,org.thoughtcrime.securesms.notifications.MultipleRecipientNotificationBuilder,top_level,1,1,0,42,0,1,41,0,1,1,1,1,1,0,1,0,1,0,1,0,1,0,1,0,1,0,1,0,1,1,1,1,1,0,1,0,1
Signal-Android,2017-1,2018-1,org.thoughtcrime.securesms.notifications.NotificationItem,top_level,2,4,2,41,0,2,50,0,4,1,1,4,4,1,1,1,1,0,1,0,1,0,1,0,1,0,1,0,1,3,1,3,1,0,1,0,1
Signal-Android,2017-1,2018-1,org.thoughtcrime.securesms.notifications.NotificationState,top_level,4,4,0,90,0,4,105,0,4,1,1,4,4,0,1,0,1,0,1,0,1,0,1,0,1,0,1,0,1,4,1,4,1,0,1,0,1
Signal-Android,2017-1,2018-1,org.thoughtcrime.securesms.notifications.RemoteReplyReceiver,top_level,0,0,0,32,0,0,31,0,0,1,1,6,6,0,1,0,1,0,1,0,1,0,1,0,1,0,1,0,1,6,1,6,1,0,1,0,1
Signal-Android,2017-1,2018-1,org.thoughtcrime.securesms.notifications.SingleRecipientNotificationBuilder,top_level,1,1,0,144,0,1,161,0,1,1,1,14,19,0,1,0,1,0,1,0,1,0,1,0,1,0,1,0,1,14,1,18,1,0,1,0,1
Signal-Android,2017-1,2018-1,org.thoughtcrime.securesms.preferences.AdvancedPreferenceFragment,top_level,6,6,0,139,0,3,134,0,3,1,1,9,9,0,1,0,1,0,1,0,1,0,1,0,1,0,1,0,1,8,1,8,1,0,1,0,1
Signal-Android,2017-1,2018-1,org.thoughtcrime.securesms.preferences.AppProtectionPreferenceFragment,top_level,5,5,0,109,0,3,121,0,3,1,1,9,9,0,1,0,1,0,1,0,1,0,1,0,1,0,1,0,1,9,1,9,1,0,1,0,1
Signal-Android,2017-1,2018-1,org.thoughtcrime.securesms.preferences.AppearancePreferenceFragment,top_level,3,3,0,33,0,3,35,0,3,1,1,6,6,0,1,0,1,0,1,0,1,0,1,0,1,0,1,0,1,6,1,6,1,0,1,0,1
Signal-Android,2017-1,2018-1,org.thoughtcrime.securesms.preferences.BlockedContactListItem,top_level,1,1,0,31,0,1,31,0,1,0,0,,,,0,,0,,0,,0,,0,,0,,0,,0,,0,,0,,0,,0
Signal-Android,2017-1,2018-1,org.thoughtcrime.securesms.preferences.ChatsPreferenceFragment,top_level,2,2,0,79,0,2,84,0,2,1,1,8,8,0,1,0,1,0,1,0,1,0,1,0,1,0,1,0,1,8,1,8,1,0,1,0,1
Signal-Android,2017-1,2018-1,org.thoughtcrime.securesms.preferences.ListSummaryPreferenceFragment,top_level,0,0,0,12,0,0,12,0,0,1,1,6,6,0,1,0,1,0,1,0,1,0,1,0,1,0,1,0,1,6,1,6,1,0,1,0,1
Signal-Android,2017-1,2018-1,org.thoughtcrime.securesms.preferences.MmsPreferencesActivity,top_level,3,3,0,30,0,3,30,0,3,1,1,4,4,0,1,0,1,0,1,0,1,0,1,0,1,0,1,0,1,3,1,3,1,0,1,0,1
Signal-Android,2017-1,2018-1,org.thoughtcrime.securesms.preferences.MmsPreferencesFragment,top_level,1,1,0,41,0,1,43,0,1,1,1,1,1,0,1,0,1,0,1,0,1,0,1,0,1,0,1,0,1,1,1,1,1,0,1,0,1
Signal-Android,2017-1,2018-1,org.thoughtcrime.securesms.preferences.NotificationsPreferenceFragment,top_level,1,1,0,56,0,1,84,0,1,1,1,4,7,0,1,0,1,0,1,0,1,0,1,0,1,0,1,0,1,4,1,7,1,0,1,0,1
Signal-Android,2017-1,2018-1,org.thoughtcrime.securesms.preferences.SmsMmsPreferenceFragment,top_level,9,11,2,64,0,2,70,0,3,1,1,6,6,0,1,0,1,0,1,0,1,0,1,0,1,0,1,0,1,6,1,6,1,0,1,0,1
Signal-Android,2017-1,2018-1,org.thoughtcrime.securesms.providers.MmsBodyProvider,top_level,1,1,0,66,0,1,66,0,1,1,1,7,7,0,1,0,1,0,1,0,1,0,1,0,1,0,1,0,1,7,1,7,1,0,1,0,1
Signal-Android,2017-1,2018-1,org.thoughtcrime.securesms.providers.PartProvider,top_level,1,1,0,64,0,1,83,0,1,1,1,3,5,0,1,0,1,0,1,0,1,0,1,0,1,0,1,0,1,3,1,5,1,0,1,0,1
Signal-Android,2017-1,2018-1,org.thoughtcrime.securesms.providers.PersistentBlobProvider,top_level,0,0,0,95,0,0,142,0,0,1,1,10,15,0,1,0,1,0,1,0,1,0,1,0,1,0,1,0,1,9,1,14,1,0,1,0,1
Signal-Android,2017-1,2018-1,org.thoughtcrime.securesms.providers.SingleUseBlobProvider,top_level,2,2,0,23,0,1,23,0,1,1,1,2,2,0,1,0,1,0,1,0,1,0,1,0,1,0,1,0,1,1,1,1,1,0,1,0,1
Signal-Android,2017-1,2018-1,org.thoughtcrime.securesms.push.AccountManagerFactory,top_level,0,0,0,9,0,0,20,0,0,1,1,1,1,0,1,0,1,0,1,0,1,0,1,0,1,0,1,0,1,0,1,0,1,0,1,0,1
Signal-Android,2017-1,2018-1,org.thoughtcrime.securesms.push.GoogleFrontingTrustStore,top_level,0,0,0,10,0,0,10,0,0,1,1,1,1,0,1,0,1,0,1,0,1,0,1,0,1,0,1,0,1,1,1,1,1,0,1,0,1
Signal-Android,2017-1,2018-1,org.thoughtcrime.securesms.push.SecurityEventListener,top_level,0,0,0,8,0,0,8,0,0,0,0,,,,0,,0,,0,,0,,0,,0,,0,,0,,0,,0,,0,,0
Signal-Android,2017-1,2018-1,org.thoughtcrime.securesms.push.SignalServiceNetworkAccess,top_level,0,0,0,43,0,0,135,0,0,0,0,,,,0,,0,,0,,0,,0,,0,,0,,0,,0,,0,,0,,0
Signal-Android,2017-1,2018-1,org.thoughtcrime.securesms.push.SignalServiceTrustStore,top_level,0,0,0,10,0,0,10,0,0,1,1,1,1,0,1,0,1,0,1,0,1,0,1,0,1,0,1,0,1,1,1,1,1,0,1,0,1
Signal-Android,2017-1,2018-1,org.thoughtcrime.securesms.qr.QrCode,top_level,0,0,0,14,0,0,14,0,0,1,1,2,2,0,1,0,1,0,1,0,1,0,1,0,1,0,1,0,1,1,1,1,1,0,1,0,1
Signal-Android,2017-1,2018-1,org.thoughtcrime.securesms.qr.ScanListener,top_level,1,1,0,2,0,0,2,0,0,0,0,,,,0,,0,,0,,0,,0,,0,,0,,0,,0,,0,,0,,0
Signal-Android,2017-1,2018-1,org.thoughtcrime.securesms.qr.ScanningThread,top_level,8,8,0,59,0,2,59,0,2,1,1,8,8,0,1,0,1,0,1,0,1,0,1,0,1,0,1,0,1,6,1,6,1,0,1,0,1
Signal-Android,2017-1,2018-1,org.thoughtcrime.securesms.recipients.Recipient,top_level,10,23,13,95,0,8,341,0,21,1,1,1,21,0,1,0,1,0,1,1,1,0,1,0,1,0,1,0,1,0,1,13,1,0,1,1,1
Signal-Android,2017-1,2018-1,org.thoughtcrime.securesms.recipients.RecipientFormattingException,top_level,1,1,0,9,0,1,9,0,1,0,0,,,,0,,0,,0,,0,,0,,0,,0,,0,,0,,0,,0,,0
Signal-Android,2017-1,2018-1,org.thoughtcrime.securesms.recipients.RecipientProvider,top_level,1,0,-1,140,0,1,114,0,0,1,1,11,25,1,1,0,1,0,1,0,1,0,1,0,1,0,1,0,1,8,1,17,1,0,1,0,1
Signal-Android,2017-1,2018-1,org.thoughtcrime.securesms.recipients.RecipientsFormatter,top_level,0,0,0,28,0,0,28,0,0,1,1,4,4,0,1,0,1,0,1,0,1,0,1,0,1,0,1,0,1,3,1,3,1,0,1,0,1
Signal-Android,2017-1,2018-1,org.thoughtcrime.securesms.scribbles.ScribbleActivity,top_level,16,16,0,160,0,10,160,0,10,1,1,13,13,0,1,0,1,0,1,0,1,0,1,0,1,0,1,0,1,9,1,9,1,0,1,0,1
Signal-Android,2017-1,2018-1,org.thoughtcrime.securesms.scribbles.ScribbleToolbar,top_level,10,10,0,141,0,7,141,0,7,1,1,10,10,0,1,0,1,0,1,0,1,0,1,0,1,0,1,0,1,3,1,3,1,0,1,0,1
Signal-Android,2017-1,2018-1,org.thoughtcrime.securesms.scribbles.StickerLoader,top_level,0,0,0,17,0,0,17,0,0,1,1,2,2,0,1,0,1,0,1,0,1,0,1,0,1,0,1,0,1,2,1,2,1,0,1,0,1
Signal-Android,2017-1,2018-1,org.thoughtcrime.securesms.scribbles.StickerSelectActivity,top_level,0,0,0,51,0,0,51,0,0,1,1,2,2,0,1,0,1,0,1,0,1,0,1,0,1,0,1,0,1,2,1,2,1,0,1,0,1
Signal-Android,2017-1,2018-1,org.thoughtcrime.securesms.scribbles.StickerSelectFragment,top_level,1,1,0,76,0,1,75,0,1,1,1,7,6,0,1,0,1,0,1,0,1,0,1,0,1,0,1,0,1,6,1,5,1,0,1,0,1
Signal-Android,2017-1,2018-1,org.thoughtcrime.securesms.scribbles.multitouch.BaseGestureDetector,top_level,6,6,0,43,0,4,43,0,4,1,1,3,3,0,1,0,1,0,1,0,1,0,1,0,1,0,1,0,1,3,1,3,1,0,1,0,1
Signal-Android,2017-1,2018-1,org.thoughtcrime.securesms.scribbles.multitouch.MoveGestureDetector,top_level,2,2,0,71,0,2,71,0,2,1,1,3,3,0,1,0,1,0,1,0,1,0,1,0,1,0,1,0,1,1,1,1,1,0,1,0,1
Signal-Android,2017-1,2018-1,org.thoughtcrime.securesms.scribbles.multitouch.RotateGestureDetector,top_level,2,2,0,69,0,2,69,0,2,0,0,,,,0,,0,,0,,0,,0,,0,,0,,0,,0,,0,,0,,0
Signal-Android,2017-1,2018-1,org.thoughtcrime.securesms.scribbles.multitouch.ShoveGestureDetector,top_level,2,2,0,90,0,2,90,0,2,1,1,2,2,0,1,0,1,0,1,0,1,0,1,0,1,0,1,0,1,2,1,2,1,0,1,0,1
Signal-Android,2017-1,2018-1,org.thoughtcrime.securesms.scribbles.multitouch.TwoFingerGestureDetector,top_level,4,4,0,86,0,2,86,0,2,1,1,7,7,0,1,0,1,0,1,0,1,0,1,0,1,0,1,0,1,5,1,5,1,0,1,0,1
Signal-Android,2017-1,2018-1,org.thoughtcrime.securesms.scribbles.viewmodel.Font,top_level,9,9,0,26,0,7,26,0,7,1,1,1,1,1,1,1,1,0,1,0,1,0,1,0,1,0,1,0,1,0,1,0,1,0,1,0,1
Signal-Android,2017-1,2018-1,org.thoughtcrime.securesms.scribbles.viewmodel.Layer,top_level,21,21,0,58,0,19,58,0,19,0,0,,,,0,,0,,0,,0,,0,,0,,0,,0,,0,,0,,0,,0
Signal-Android,2017-1,2018-1,org.thoughtcrime.securesms.scribbles.viewmodel.TextLayer,top_level,8,8,0,38,0,6,38,0,6,1,1,1,1,1,1,1,1,0,1,0,1,0,1,0,1,0,1,0,1,0,1,0,1,0,1,0,1
Signal-Android,2017-1,2018-1,org.thoughtcrime.securesms.scribbles.widget.CanvasView,top_level,33,32,-1,366,0,24,314,0,24,1,1,25,23,0,1,0,1,0,1,0,1,0,1,0,1,0,1,0,1,14,1,14,1,1,1,1,1
Signal-Android,2017-1,2018-1,org.thoughtcrime.securesms.scribbles.widget.MotionView,top_level,12,12,0,244,0,7,244,0,7,1,1,30,30,0,1,0,1,0,1,0,1,0,1,0,1,0,1,0,1,26,1,26,1,1,1,1,1
Signal-Android,2017-1,2018-1,org.thoughtcrime.securesms.scribbles.widget.ScribbleView,top_level,7,7,0,98,0,6,96,0,6,0,0,,,,0,,0,,0,,0,,0,,0,,0,,0,,0,,0,,0,,0
Signal-Android,2017-1,2018-1,org.thoughtcrime.securesms.scribbles.widget.VerticalSlideColorPicker,top_level,9,9,0,97,0,7,97,0,7,1,1,1,1,1,1,1,1,0,1,0,1,0,1,0,1,0,1,0,1,0,1,0,1,0,1,0,1
Signal-Android,2017-1,2018-1,org.thoughtcrime.securesms.scribbles.widget.entity.ImageEntity,top_level,4,4,0,32,0,3,32,0,3,0,0,,,,0,,0,,0,,0,,0,,0,,0,,0,,0,,0,,0,,0
Signal-Android,2017-1,2018-1,org.thoughtcrime.securesms.scribbles.widget.entity.MotionEntity,top_level,12,12,0,111,0,11,111,0,11,1,1,1,1,0,1,0,1,0,1,0,1,0,1,0,1,0,1,0,1,0,1,0,1,0,1,0,1
Signal-Android,2017-1,2018-1,org.thoughtcrime.securesms.scribbles.widget.entity.TextEntity,top_level,10,10,0,82,0,4,82,0,4,1,1,2,2,0,1,0,1,0,1,0,1,0,1,0,1,0,1,0,1,2,1,2,1,0,1,0,1
Signal-Android,2017-1,2018-1,org.thoughtcrime.securesms.service.AccountAuthenticatorService,top_level,2,2,0,40,0,1,40,0,1,1,1,2,2,0,1,0,1,0,1,0,1,0,1,0,1,0,1,0,1,2,1,2,1,0,1,0,1
Signal-Android,2017-1,2018-1,org.thoughtcrime.securesms.service.AccountVerificationTimeoutException,top_level,1,1,0,8,0,1,8,0,1,0,0,,,,0,,0,,0,,0,,0,,0,,0,,0,,0,,0,,0,,0
Signal-Android,2017-1,2018-1,org.thoughtcrime.securesms.service.ApplicationMigrationService,top_level,12,12,0,123,0,8,123,0,8,1,1,9,9,1,1,1,1,0,1,0,1,0,1,0,1,0,1,0,1,8,1,8,1,0,1,0,1
Signal-Android,2017-1,2018-1,org.thoughtcrime.securesms.service.ContactsSyncAdapterService,top_level,2,2,0,10,0,1,10,0,1,0,0,,,,0,,0,,0,,0,,0,,0,,0,,0,,0,,0,,0,,0
Signal-Android,2017-1,2018-1,org.thoughtcrime.securesms.service.DirectoryRefreshListener,top_level,0,0,0,29,0,0,16,0,0,1,0,2,,0,1,,0,0,1,,0,0,1,,0,0,1,,0,2,1,,0,0,1,,0
Signal-Android,2017-1,2018-1,org.thoughtcrime.securesms.service.ExpirationListener,top_level,0,0,0,10,0,0,10,0,0,1,1,4,4,0,1,0,1,0,1,0,1,0,1,0,1,0,1,0,1,4,1,4,1,0,1,0,1
Signal-Android,2017-1,2018-1,org.thoughtcrime.securesms.service.ExpiringMessageManager,top_level,3,3,0,83,0,3,83,0,3,1,1,2,2,0,1,0,1,0,1,0,1,0,1,0,1,0,1,0,1,2,1,2,1,0,1,0,1
Signal-Android,2017-1,2018-1,org.thoughtcrime.securesms.service.KeyCachingService,top_level,24,24,0,184,0,14,184,0,14,1,1,8,9,0,1,0,1,0,1,0,1,0,1,0,1,0,1,0,1,6,1,6,1,0,1,0,1
Signal-Android,2017-1,2018-1,org.thoughtcrime.securesms.service.MasterSecretIntentService,top_level,0,0,0,7,0,0,7,0,0,0,0,,,,0,,0,,0,,0,,0,,0,,0,,0,,0,,0,,0,,0
Signal-Android,2017-1,2018-1,org.thoughtcrime.securesms.service.MessageRetrievalService,top_level,16,14,-2,103,0,8,139,0,9,1,1,4,7,0,1,0,1,0,1,0,1,0,1,0,1,0,1,1,1,1,1,2,1,0,1,0,1
Signal-Android,2017-1,2018-1,org.thoughtcrime.securesms.service.MmsListener,top_level,0,0,0,26,0,0,26,0,0,1,1,5,5,0,1,0,1,0,1,0,1,0,1,0,1,0,1,0,1,4,1,4,1,0,1,0,1
Signal-Android,2017-1,2018-1,org.thoughtcrime.securesms.service.PanicResponderListener,top_level,0,0,0,8,0,0,8,0,0,0,0,,,,0,,0,,0,,0,,0,,0,,0,,0,,0,,0,,0,,0
Signal-Android,2017-1,2018-1,org.thoughtcrime.securesms.service.QuickResponseService,top_level,1,1,0,32,0,1,28,0,1,1,1,8,7,0,1,0,1,0,1,0,1,0,1,0,1,0,1,0,1,8,1,7,1,0,1,0,1
Signal-Android,2017-1,2018-1,org.thoughtcrime.securesms.service.SmsDeliveryListener,top_level,0,0,0,26,0,0,26,0,0,1,1,2,2,0,1,0,1,0,1,0,1,0,1,0,1,0,1,0,1,2,1,2,1,0,1,0,1
Signal-Android,2017-1,2018-1,org.thoughtcrime.securesms.service.SmsListener,top_level,0,0,0,75,0,0,76,0,0,1,1,16,16,0,1,0,1,0,1,0,1,0,1,0,1,0,1,0,1,12,1,12,1,0,1,0,1
Signal-Android,2017-1,2018-1,org.thoughtcrime.securesms.sms.IncomingEncryptedMessage,top_level,1,1,0,9,0,1,9,0,1,0,0,,,,0,,0,,0,,0,,0,,0,,0,,0,,0,,0,,0,,0
Signal-Android,2017-1,2018-1,org.thoughtcrime.securesms.sms.IncomingEndSessionMessage,top_level,1,1,0,11,0,1,11,0,1,0,0,,,,0,,0,,0,,0,,0,,0,,0,,0,,0,,0,,0,,0
Signal-Android,2017-1,2018-1,org.thoughtcrime.securesms.sms.IncomingGroupMessage,top_level,3,3,0,15,0,3,15,0,3,1,1,2,2,0,1,0,1,0,1,0,1,0,1,0,1,0,1,0,1,2,1,2,1,0,1,0,1
Signal-Android,2017-1,2018-1,org.thoughtcrime.securesms.sms.IncomingIdentityUpdateMessage,top_level,1,1,0,6,0,1,6,0,1,0,0,,,,0,,0,,0,,0,,0,,0,,0,,0,,0,,0,,0,,0
Signal-Android,2017-1,2018-1,org.thoughtcrime.securesms.sms.IncomingJoinedMessage,top_level,2,2,0,9,0,2,9,0,2,0,0,,,,0,,0,,0,,0,,0,,0,,0,,0,,0,,0,,0,,0
Signal-Android,2017-1,2018-1,org.thoughtcrime.securesms.sms.IncomingPreKeyBundleMessage,top_level,1,2,1,9,0,1,14,0,2,0,0,,,,0,,0,,0,,0,,0,,0,,0,,0,,0,,0,,0,,0
Signal-Android,2017-1,2018-1,org.thoughtcrime.securesms.sms.IncomingTextMessage,top_level,14,18,4,161,0,14,170,0,18,0,1,,1,,0,0,1,,0,0,1,,0,0,1,,0,0,1,,0,0,1,,0,0,1
Signal-Android,2017-1,2018-1,org.thoughtcrime.securesms.sms.MessageSender,top_level,0,0,0,166,0,0,151,0,0,1,1,27,20,0,1,0,1,0,1,0,1,0,1,0,1,0,1,0,1,23,1,17,1,1,1,0,1
Signal-Android,2017-1,2018-1,org.thoughtcrime.securesms.sms.OutgoingEncryptedMessage,top_level,1,1,0,11,0,1,11,0,1,0,0,,,,0,,0,,0,,0,,0,,0,,0,,0,,0,,0,,0,,0
Signal-Android,2017-1,2018-1,org.thoughtcrime.securesms.sms.OutgoingEndSessionMessage,top_level,1,1,0,11,0,1,11,0,1,0,0,,,,0,,0,,0,,0,,0,,0,,0,,0,,0,,0,,0,,0
Signal-Android,2017-1,2018-1,org.thoughtcrime.securesms.sms.OutgoingKeyExchangeMessage,top_level,1,1,0,11,0,1,11,0,1,0,0,,,,0,,0,,0,,0,,0,,0,,0,,0,,0,,0,,0,,0
Signal-Android,2017-1,2018-1,org.thoughtcrime.securesms.sms.OutgoingPrekeyBundleMessage,top_level,1,1,0,9,0,1,9,0,1,0,0,,,,0,,0,,0,,0,,0,,0,,0,,0,,0,,0,,0,,0
Signal-Android,2017-1,2018-1,org.thoughtcrime.securesms.sms.OutgoingTextMessage,top_level,6,8,2,44,0,6,48,0,8,1,1,4,4,0,1,0,1,0,1,0,1,0,1,0,1,0,1,0,1,4,1,4,1,0,1,0,1
Signal-Android,2017-1,2018-1,org.thoughtcrime.securesms.sms.TelephonyServiceState,top_level,0,0,0,47,0,0,47,0,0,1,1,2,2,0,1,0,1,0,1,0,1,0,1,0,1,0,1,0,1,2,1,2,1,0,1,0,1
Signal-Android,2017-1,2018-1,org.thoughtcrime.securesms.transport.InsecureFallbackApprovalException,top_level,0,0,0,5,0,0,5,0,0,0,0,,,,0,,0,,0,,0,,0,,0,,0,,0,,0,,0,,0,,0
Signal-Android,2017-1,2018-1,org.thoughtcrime.securesms.transport.RetryLaterException,top_level,0,0,0,3,0,0,3,0,0,0,0,,,,0,,0,,0,,0,,0,,0,,0,,0,,0,,0,,0,,0
Signal-Android,2017-1,2018-1,org.thoughtcrime.securesms.transport.UndeliverableMessageException,top_level,1,1,0,8,0,1,8,0,1,0,0,,,,0,,0,,0,,0,,0,,0,,0,,0,,0,,0,,0,,0
Signal-Android,2017-1,2018-1,org.thoughtcrime.securesms.util.AbstractCursorLoader,top_level,8,8,0,49,0,3,51,0,3,1,1,1,1,0,1,0,1,0,1,0,1,0,1,0,1,0,1,0,1,1,1,1,1,0,1,0,1
Signal-Android,2017-1,2018-1,org.thoughtcrime.securesms.util.AsyncLoader<D>,top_level,8,8,0,24,1,4,24,1,4,0,0,,,,0,,0,,0,,0,,0,,0,,0,,0,,0,,0,,0,,0
Signal-Android,2017-1,2018-1,org.thoughtcrime.securesms.util.Base64,top_level,59,59,0,737,0,1,737,0,1,1,1,74,74,0,1,0,1,1,1,1,1,0,1,0,1,0,1,0,1,8,1,8,1,1,1,1,1
Signal-Android,2017-1,2018-1,org.thoughtcrime.securesms.util.BitmapDecodingException,top_level,0,0,0,5,0,0,5,0,0,0,0,,,,0,,0,,0,,0,,0,,0,,0,,0,,0,,0,,0,,0
Signal-Android,2017-1,2018-1,org.thoughtcrime.securesms.util.BitmapUtil,top_level,18,18,0,209,0,0,186,0,0,1,1,25,31,0,1,0,1,0,1,0,1,0,1,0,1,0,1,0,1,12,1,19,1,1,1,1,1
Signal-Android,2017-1,2018-1,org.thoughtcrime.securesms.util.CharacterCalculator,top_level,0,0,0,10,0,0,10,0,0,0,0,,,,0,,0,,0,,0,,0,,0,,0,,0,,0,,0,,0,,0
Signal-Android,2017-1,2018-1,org.thoughtcrime.securesms.util.Conversions,top_level,25,25,0,110,0,0,110,0,0,1,1,2,2,0,1,0,1,0,1,0,1,0,1,0,1,0,1,0,1,0,1,0,1,0,1,0,1
Signal-Android,2017-1,2018-1,org.thoughtcrime.securesms.util.DateUtils,top_level,0,1,1,59,0,0,70,0,0,1,1,5,6,0,1,0,1,0,1,0,1,0,1,0,1,0,1,0,1,5,1,6,1,0,1,0,1
Signal-Android,2017-1,2018-1,org.thoughtcrime.securesms.util.Dialogs,top_level,0,0,0,15,0,0,15,0,0,1,1,1,1,0,1,0,1,0,1,0,1,0,1,0,1,0,1,0,1,0,1,0,1,0,1,0,1
Signal-Android,2017-1,2018-1,org.thoughtcrime.securesms.util.DirectoryHelper,top_level,0,0,0,139,0,0,134,0,0,1,1,28,41,0,1,0,1,0,1,0,1,0,1,0,1,0,1,0,1,21,1,39,1,0,1,0,1
Signal-Android,2017-1,2018-1,org.thoughtcrime.securesms.util.DynamicIntroTheme,top_level,0,0,0,6,0,0,6,0,0,1,1,1,1,0,1,0,1,0,1,0,1,0,1,0,1,0,1,0,1,1,1,1,1,0,1,0,1
Signal-Android,2017-1,2018-1,org.thoughtcrime.securesms.util.DynamicLanguage,top_level,0,0,0,43,0,0,43,0,0,1,1,9,9,0,1,0,1,0,1,0,1,0,1,0,1,0,1,0,1,8,1,8,1,0,1,0,1
Signal-Android,2017-1,2018-1,org.thoughtcrime.securesms.util.DynamicNoActionBarTheme,top_level,0,0,0,6,0,0,6,0,0,1,1,1,1,0,1,0,1,0,1,0,1,0,1,0,1,0,1,0,1,1,1,1,1,0,1,0,1
Signal-Android,2017-1,2018-1,org.thoughtcrime.securesms.util.DynamicTheme,top_level,0,0,0,21,0,0,21,0,0,1,1,2,2,0,1,0,1,0,1,0,1,0,1,0,1,0,1,0,1,1,1,1,1,0,1,0,1
Signal-Android,2017-1,2018-1,org.thoughtcrime.securesms.util.ExpirationUtil,top_level,0,0,0,33,0,0,33,0,0,1,1,27,27,0,1,0,1,0,1,0,1,0,1,0,1,0,1,0,1,26,1,26,1,0,1,0,1
Signal-Android,2017-1,2018-1,org.thoughtcrime.securesms.util.FileUtils,top_level,0,0,0,4,0,0,14,0,0,1,1,1,3,0,1,0,1,0,1,0,1,0,1,0,1,0,1,0,1,0,1,2,1,0,1,0,1
Signal-Android,2017-1,2018-1,org.thoughtcrime.securesms.util.FutureTaskListener<V>,top_level,2,2,0,3,0,1,3,0,1,0,0,,,,0,,0,,0,,0,,0,,0,,0,,0,,0,,0,,0,,0
Signal-Android,2017-1,2018-1,org.thoughtcrime.securesms.util.GroupUtil,top_level,0,0,0,49,0,0,62,0,0,1,1,5,5,0,1,0,1,0,1,0,1,0,1,0,1,0,1,0,1,4,1,4,1,0,1,0,1
Signal-Android,2017-1,2018-1,org.thoughtcrime.securesms.util.Hex,top_level,0,0,0,75,0,0,75,0,0,1,1,1,1,0,1,0,1,0,1,0,1,0,1,0,1,0,1,0,1,0,1,0,1,0,1,0,1
Signal-Android,2017-1,2018-1,org.thoughtcrime.securesms.util.IdentityUtil,top_level,0,0,0,20,0,0,137,0,0,1,1,3,43,0,1,0,1,0,1,0,1,0,1,0,1,0,1,0,1,2,1,37,1,0,1,0,1
Signal-Android,2017-1,2018-1,org.thoughtcrime.securesms.util.JsonUtils,top_level,0,0,0,16,0,0,16,0,0,1,1,1,1,0,1,0,1,0,1,0,1,0,1,0,1,0,1,0,1,0,1,0,1,0,1,0,1
Signal-Android,2017-1,2018-1,"org.thoughtcrime.securesms.util.LRUCache<K,V>",top_level,1,1,0,7,0,1,7,0,1,0,0,,,,0,,0,,0,,0,,0,,0,,0,,0,,0,,0,,0,,0
Signal-Android,2017-1,2018-1,org.thoughtcrime.securesms.util.LinkedBlockingLifoQueue<E>,top_level,3,3,0,12,0,3,12,0,3,0,0,,,,0,,0,,0,,0,,0,,0,,0,,0,,0,,0,,0,,0
Signal-Android,2017-1,2018-1,org.thoughtcrime.securesms.util.ListenableFutureTask<V>,top_level,6,6,0,50,0,4,62,0,4,0,0,,,,0,,0,,0,,0,,0,,0,,0,,0,,0,,0,,0,,0
Signal-Android,2017-1,2018-1,org.thoughtcrime.securesms.util.MathUtils,top_level,1,1,0,11,0,0,11,0,0,1,1,1,1,0,1,0,1,0,1,0,1,0,1,0,1,0,1,0,1,0,1,0,1,0,1,0,1
Signal-Android,2017-1,2018-1,org.thoughtcrime.securesms.util.MediaUtil,top_level,0,0,0,90,0,0,129,0,0,1,1,11,17,0,1,0,1,0,1,0,1,0,1,0,1,0,1,0,1,10,1,16,1,0,1,0,1
Signal-Android,2017-1,2018-1,org.thoughtcrime.securesms.util.MmsCharacterCalculator,top_level,0,0,0,5,0,0,5,0,0,0,0,,,,0,,0,,0,,0,,0,,0,,0,,0,,0,,0,,0,,0
Signal-Android,2017-1,2018-1,org.thoughtcrime.securesms.util.NumberUtil,top_level,0,0,0,20,0,0,7,0,0,1,1,2,2,0,1,0,1,0,1,0,1,0,1,0,1,0,1,0,1,1,1,1,1,0,1,0,1
Signal-Android,2017-1,2018-1,org.thoughtcrime.securesms.util.ParcelUtil,top_level,0,0,0,15,0,0,15,0,0,1,1,5,5,0,1,0,1,0,1,0,1,0,1,0,1,0,1,0,1,4,1,4,1,0,1,0,1
Signal-Android,2017-1,2018-1,org.thoughtcrime.securesms.util.PushCharacterCalculator,top_level,0,0,0,5,0,0,5,0,0,0,0,,,,0,,0,,0,,0,,0,,0,,0,,0,,0,,0,,0,,0
Signal-Android,2017-1,2018-1,org.thoughtcrime.securesms.util.RedPhoneCallTypes,top_level,0,0,0,4,0,0,4,0,0,0,0,,,,0,,0,,0,,0,,0,,0,,0,,0,,0,,0,,0,,0
Signal-Android,2017-1,2018-1,org.thoughtcrime.securesms.util.ResUtil,top_level,0,0,0,21,0,0,21,0,0,1,1,4,4,0,1,0,1,0,1,0,1,0,1,0,1,0,1,0,1,3,1,3,1,0,1,0,1
Signal-Android,2017-1,2018-1,org.thoughtcrime.securesms.util.Rfc5724Uri,top_level,0,0,0,33,0,0,33,0,0,1,1,3,3,0,1,0,1,0,1,0,1,0,1,0,1,0,1,0,1,3,1,3,1,0,1,0,1
Signal-Android,2017-1,2018-1,org.thoughtcrime.securesms.util.SaveAttachmentTask,top_level,0,0,0,112,0,0,139,0,0,1,1,10,11,0,1,1,1,0,1,0,1,0,1,0,1,0,1,0,1,9,1,9,1,0,1,0,1
Signal-Android,2017-1,2018-1,org.thoughtcrime.securesms.util.SelectedRecipientsAdapter,top_level,6,6,0,88,0,4,88,0,4,1,1,15,16,0,1,0,1,0,1,0,1,0,1,0,1,0,1,0,1,15,1,16,1,0,1,0,1
Signal-Android,2017-1,2018-1,org.thoughtcrime.securesms.util.ServiceUtil,top_level,0,0,0,13,0,0,19,0,0,1,1,1,1,0,1,0,1,0,1,0,1,0,1,0,1,0,1,0,1,0,1,0,1,0,1,0,1
Signal-Android,2017-1,2018-1,org.thoughtcrime.securesms.util.ShortCodeUtil,top_level,0,0,0,23,0,0,23,0,0,1,1,7,7,0,1,0,1,0,1,0,1,0,1,0,1,0,1,0,1,6,1,6,1,0,1,0,1
Signal-Android,2017-1,2018-1,org.thoughtcrime.securesms.util.SmsCharacterCalculator,top_level,0,0,0,13,0,0,24,0,0,0,1,,1,,0,0,1,,0,0,1,,0,0,1,,0,0,1,,0,0,1,,0,0,1
Signal-Android,2017-1,2018-1,org.thoughtcrime.securesms.util.SpanUtil,top_level,0,0,0,19,0,0,19,0,0,1,1,1,1,0,1,0,1,0,1,0,1,0,1,0,1,0,1,0,1,0,1,0,1,0,1,0,1
Signal-Android,2017-1,2018-1,org.thoughtcrime.securesms.util.TaggedFutureTask<V>,top_level,0,0,0,10,0,0,10,0,0,0,0,,,,0,,0,,0,,0,,0,,0,,0,,0,,0,,0,,0,,0
Signal-Android,2017-1,2018-1,org.thoughtcrime.securesms.util.TelephonyUtil,top_level,0,0,0,24,0,0,24,0,0,1,1,9,9,0,1,0,1,0,1,0,1,0,1,0,1,0,1,0,1,8,1,8,1,0,1,0,1
Signal-Android,2017-1,2018-1,org.thoughtcrime.securesms.util.TextSecurePreferences,top_level,0,0,0,315,0,0,414,0,0,1,1,26,31,0,1,0,1,0,1,0,1,0,1,0,1,0,1,0,1,22,1,27,1,1,1,1,1
Signal-Android,2017-1,2018-1,org.thoughtcrime.securesms.util.ThreadUtil,top_level,0,0,0,6,0,0,6,0,0,1,1,1,1,0,1,0,1,0,1,0,1,0,1,0,1,0,1,0,1,0,1,0,1,0,1,0,1
Signal-Android,2017-1,2018-1,org.thoughtcrime.securesms.util.Trimmer,top_level,0,0,0,36,0,0,36,0,0,1,1,4,4,0,1,0,1,0,1,0,1,0,1,0,1,0,1,0,1,2,1,2,1,0,1,0,1
Signal-Android,2017-1,2018-1,org.thoughtcrime.securesms.util.Util,top_level,16,16,0,234,0,0,247,0,0,1,1,35,30,0,1,0,1,0,1,0,1,0,1,0,1,1,1,1,1,28,1,23,1,1,1,1,1
Signal-Android,2017-1,2018-1,org.thoughtcrime.securesms.util.VersionTracker,top_level,0,0,0,9,0,0,9,0,0,1,1,1,1,0,1,0,1,0,1,0,1,0,1,0,1,0,1,0,1,0,1,0,1,0,1,0,1
Signal-Android,2017-1,2018-1,org.thoughtcrime.securesms.util.ViewUtil,top_level,0,0,0,106,0,0,110,0,0,1,1,2,4,0,1,0,1,0,1,0,1,0,1,0,1,0,1,0,1,0,1,2,1,0,1,0,1
Signal-Android,2017-1,2018-1,org.thoughtcrime.securesms.util.WorkerThread,top_level,2,2,0,17,0,1,17,0,1,1,1,1,1,0,1,0,1,0,1,0,1,0,1,0,1,0,1,0,1,1,1,1,1,0,1,0,1
Signal-Android,2017-1,2018-1,org.thoughtcrime.securesms.util.concurrent.AssertedSuccessListener<T>,top_level,0,0,0,4,0,0,4,0,0,0,0,,,,0,,0,,0,,0,,0,,0,,0,,0,,0,,0,,0,,0
Signal-Android,2017-1,2018-1,org.thoughtcrime.securesms.util.concurrent.ListenableFuture<T>,top_level,1,1,0,5,0,1,5,0,1,0,0,,,,0,,0,,0,,0,,0,,0,,0,,0,,0,,0,,0,,0
Signal-Android,2017-1,2018-1,org.thoughtcrime.securesms.util.concurrent.SettableFuture<T>,top_level,13,13,0,62,1,6,62,1,6,0,0,,,,0,,0,,0,,0,,0,,0,,0,,0,,0,,0,,0,,0
Signal-Android,2017-1,2018-1,org.thoughtcrime.securesms.util.dualsim.SubscriptionInfoCompat,top_level,1,3,2,10,0,1,18,0,3,0,1,,1,,0,1,1,,0,0,1,,0,0,1,,0,0,1,,0,0,1,,0,0,1
Signal-Android,2017-1,2018-1,org.thoughtcrime.securesms.util.dualsim.SubscriptionManagerCompat,top_level,0,0,0,23,0,0,30,0,0,1,1,3,3,0,1,0,1,0,1,0,1,0,1,0,1,0,1,0,1,3,1,3,1,0,1,0,1
Signal-Android,2017-1,2018-1,"org.thoughtcrime.securesms.util.task.ProgressDialogAsyncTask<Params,Progress,Result>",top_level,4,4,0,21,0,2,21,0,2,0,0,,,,0,,0,,0,,0,,0,,0,,0,,0,,0,,0,,0,,0
Signal-Android,2017-1,2018-1,org.thoughtcrime.securesms.util.task.SnackbarAsyncTask<Params>,top_level,4,4,0,61,1,3,61,1,3,0,0,,,,0,,0,,0,,0,,0,,0,,0,,0,,0,,0,,0,,0
Signal-Android,2017-1,2018-1,org.thoughtcrime.securesms.video.EncryptedMediaDataSource,top_level,6,6,0,30,0,3,30,0,3,0,1,,3,,0,0,1,,0,0,1,,0,0,1,,0,0,1,,0,3,1,,0,0,1
Signal-Android,2017-1,2018-1,org.thoughtcrime.securesms.video.VideoPlayer,top_level,2,7,5,36,0,1,103,0,2,1,1,1,3,0,1,0,1,0,1,0,1,0,1,0,1,0,1,0,1,1,1,2,1,0,1,0,1
Signal-Android,2018-1,2019-1,org.thoughtcrime.securesms.ApplicationContext,top_level,19,31,12,93,0,11,150,0,19,1,1,5,8,0,1,0,1,0,1,0,1,0,1,0,1,0,1,0,1,3,1,5,1,0,1,0,1
Signal-Android,2018-1,2019-1,org.thoughtcrime.securesms.ApplicationPreferencesActivity,top_level,4,4,0,179,0,3,177,0,3,1,1,17,17,0,1,0,1,0,1,0,1,0,1,0,1,0,1,0,1,13,1,15,1,0,1,0,1
Signal-Android,2018-1,2019-1,org.thoughtcrime.securesms.BaseActionBarActivity,top_level,10,10,0,45,0,4,45,0,4,1,1,6,6,0,1,0,1,0,1,0,1,0,1,0,1,0,1,0,1,6,1,6,1,0,1,0,1
Signal-Android,2018-1,2019-1,org.thoughtcrime.securesms.BaseActivity,top_level,1,1,0,14,0,0,14,0,0,0,0,,,,0,,0,,0,,0,,0,,0,,0,,0,,0,,0,,0,,0
Signal-Android,2018-1,2019-1,org.thoughtcrime.securesms.BasicIntroFragment,top_level,2,2,0,31,0,1,31,0,1,1,1,6,6,0,1,0,1,0,1,0,1,0,1,0,1,0,1,0,1,6,1,6,1,0,1,0,1
Signal-Android,2018-1,2019-1,org.thoughtcrime.securesms.BindableConversationItem,top_level,2,3,1,8,0,0,17,0,1,0,0,,,,0,,0,,0,,0,,0,,0,,0,,0,,0,,0,,0,,0
Signal-Android,2018-1,2019-1,org.thoughtcrime.securesms.BindableConversationListItem,top_level,1,1,0,4,0,0,5,0,0,0,0,,,,0,,0,,0,,0,,0,,0,,0,,0,,0,,0,,0,,0
Signal-Android,2018-1,2019-1,org.thoughtcrime.securesms.BlockedContactsActivity,top_level,2,2,0,68,0,2,68,0,2,1,1,6,6,0,1,0,1,0,1,0,1,0,1,0,1,0,1,0,1,6,1,6,1,0,1,0,1
Signal-Android,2018-1,2019-1,org.thoughtcrime.securesms.ClearProfileAvatarActivity,top_level,1,1,0,14,0,1,14,0,1,0,0,,,,0,,0,,0,,0,,0,,0,,0,,0,,0,,0,,0,,0
Signal-Android,2018-1,2019-1,org.thoughtcrime.securesms.ConfirmIdentityDialog,top_level,1,1,0,107,0,1,107,0,1,1,1,11,9,0,1,0,1,0,1,0,1,0,1,0,1,0,1,0,1,5,1,3,1,0,1,0,1
Signal-Android,2018-1,2019-1,org.thoughtcrime.securesms.ContactSelectionActivity,top_level,6,6,0,74,0,6,67,0,6,1,1,10,10,0,1,0,1,0,1,0,1,0,1,0,1,0,1,0,1,10,1,10,1,0,1,0,1
Signal-Android,2018-1,2019-1,org.thoughtcrime.securesms.ContactSelectionListFragment,top_level,16,16,0,176,0,9,173,0,9,1,1,23,23,0,1,0,1,0,1,0,1,0,1,0,1,0,1,0,1,21,1,21,1,0,1,0,1
Signal-Android,2018-1,2019-1,org.thoughtcrime.securesms.ConversationActivity,top_level,154,153,-1,1365,0,66,1535,0,66,1,1,192,216,0,1,0,1,0,1,0,1,0,1,0,1,0,1,0,1,168,1,189,1,1,1,1,1
Signal-Android,2018-1,2019-1,org.thoughtcrime.securesms.ConversationAdapter<V>,top_level,36,38,2,255,0,9,265,0,10,0,0,,,,0,,0,,0,,0,,0,,0,,0,,0,,0,,0,,0,,0
Signal-Android,2018-1,2019-1,org.thoughtcrime.securesms.ConversationFragment,top_level,17,38,21,409,0,9,615,0,14,1,1,93,133,0,1,0,1,0,1,0,1,0,1,0,1,0,1,0,1,86,1,117,1,1,1,1,1
Signal-Android,2018-1,2019-1,org.thoughtcrime.securesms.ConversationItem,top_level,19,20,1,441,0,9,631,0,7,1,1,87,141,0,1,0,1,0,1,0,1,0,1,0,1,0,1,0,1,76,1,118,1,0,1,0,1
Signal-Android,2018-1,2019-1,org.thoughtcrime.securesms.ConversationListActivity,top_level,15,14,-1,121,0,13,156,0,12,1,1,7,23,0,1,0,1,0,1,0,1,0,1,0,1,0,1,0,1,4,1,18,1,0,1,0,1
Signal-Android,2018-1,2019-1,org.thoughtcrime.securesms.ConversationListAdapter,top_level,9,10,1,103,0,5,106,0,6,1,1,13,14,0,1,0,1,0,1,0,1,0,1,0,1,0,1,0,1,13,1,13,1,0,1,0,1
Signal-Android,2018-1,2019-1,org.thoughtcrime.securesms.ConversationListArchiveActivity,top_level,3,3,0,40,0,3,39,0,3,1,1,2,2,0,1,0,1,0,1,0,1,0,1,0,1,0,1,0,1,2,1,2,1,0,1,0,1
Signal-Android,2018-1,2019-1,org.thoughtcrime.securesms.ConversationListFragment,top_level,12,14,2,366,0,9,336,0,10,1,1,83,85,0,1,0,1,0,1,0,1,0,1,0,1,0,1,0,1,72,1,73,1,0,1,0,1
Signal-Android,2018-1,2019-1,org.thoughtcrime.securesms.ConversationListItem,top_level,8,8,0,165,0,7,249,0,7,1,1,16,15,0,1,0,1,0,1,0,1,0,1,0,1,0,1,0,1,14,1,11,1,0,1,1,1
Signal-Android,2018-1,2019-1,org.thoughtcrime.securesms.ConversationListItemAction,top_level,2,2,0,18,0,2,23,0,2,1,1,1,1,0,1,0,1,0,1,0,1,0,1,0,1,0,1,0,1,1,1,1,1,0,1,0,1
Signal-Android,2018-1,2019-1,org.thoughtcrime.securesms.ConversationListItemInboxZero,top_level,1,1,0,14,0,1,19,0,1,0,0,,,,0,,0,,0,,0,,0,,0,,0,,0,,0,,0,,0,,0
Signal-Android,2018-1,2019-1,org.thoughtcrime.securesms.ConversationPopupActivity,top_level,8,8,0,72,0,6,72,0,6,1,1,16,16,0,1,0,1,0,1,0,1,0,1,0,1,0,1,0,1,15,1,15,1,0,1,0,1
Signal-Android,2018-1,2019-1,org.thoughtcrime.securesms.ConversationTitleView,top_level,4,4,0,77,0,3,77,0,3,1,1,5,5,0,1,0,1,0,1,0,1,0,1,0,1,0,1,0,1,5,1,5,1,0,1,0,1
Signal-Android,2018-1,2019-1,org.thoughtcrime.securesms.ConversationUpdateItem,top_level,3,3,0,134,0,2,149,0,2,1,1,8,6,0,1,0,1,0,1,0,1,0,1,0,1,0,1,0,1,5,1,4,1,0,1,0,1
Signal-Android,2018-1,2019-1,org.thoughtcrime.securesms.CountrySelectionActivity,top_level,0,0,0,13,0,0,13,0,0,1,1,2,2,0,1,0,1,0,1,0,1,0,1,0,1,0,1,0,1,2,1,2,1,0,1,0,1
Signal-Android,2018-1,2019-1,org.thoughtcrime.securesms.CountrySelectionFragment,top_level,0,0,0,47,0,0,47,0,0,1,1,4,4,0,1,0,1,0,1,0,1,0,1,0,1,0,1,0,1,4,1,4,1,0,1,0,1
Signal-Android,2018-1,2019-1,org.thoughtcrime.securesms.CreateProfileActivity,top_level,25,25,0,303,0,10,304,0,10,1,1,46,46,0,1,0,1,0,1,0,1,0,1,0,1,0,1,0,1,32,1,32,1,0,1,0,1
Signal-Android,2018-1,2019-1,org.thoughtcrime.securesms.DatabaseMigrationActivity,top_level,13,13,0,112,0,11,112,0,11,1,1,7,7,0,1,0,1,0,1,0,1,0,1,0,1,0,1,0,1,4,1,4,1,0,1,0,1
Signal-Android,2018-1,2019-1,org.thoughtcrime.securesms.DatabaseUpgradeActivity,top_level,4,4,0,193,0,1,256,0,1,1,1,26,37,0,1,0,1,0,1,1,1,0,1,0,1,0,1,0,1,17,1,25,1,0,1,1,1
Signal-Android,2018-1,2019-1,org.thoughtcrime.securesms.DeviceActivity,top_level,2,2,0,148,0,2,149,0,2,1,1,20,20,0,1,0,1,0,1,0,1,0,1,0,1,0,1,0,1,16,1,16,1,0,1,0,1
Signal-Android,2018-1,2019-1,org.thoughtcrime.securesms.DeviceAddFragment,top_level,2,2,0,59,0,2,59,0,2,1,1,6,5,0,1,0,1,0,1,0,1,0,1,0,1,0,1,0,1,4,1,4,1,0,1,0,1
Signal-Android,2018-1,2019-1,org.thoughtcrime.securesms.DeviceLinkFragment,top_level,0,0,0,28,0,0,28,0,0,1,1,2,2,0,1,0,1,0,1,0,1,0,1,0,1,0,1,0,1,2,1,2,1,0,1,0,1
Signal-Android,2018-1,2019-1,org.thoughtcrime.securesms.DeviceListFragment,top_level,2,2,0,121,0,2,124,0,2,1,1,19,19,0,1,0,1,0,1,0,1,0,1,0,1,0,1,0,1,16,1,16,1,0,1,0,1
Signal-Android,2018-1,2019-1,org.thoughtcrime.securesms.DeviceListItem,top_level,2,2,0,31,0,2,31,0,2,1,1,3,3,0,1,0,1,0,1,0,1,0,1,0,1,0,1,0,1,3,1,3,1,0,1,0,1
Signal-Android,2018-1,2019-1,org.thoughtcrime.securesms.DeviceProvisioningActivity,top_level,1,1,0,33,0,1,27,0,1,1,1,2,2,0,1,0,1,0,1,0,1,0,1,0,1,0,1,0,1,2,1,2,1,0,1,0,1
Signal-Android,2018-1,2019-1,org.thoughtcrime.securesms.DummyActivity,top_level,0,0,0,5,0,0,5,0,0,0,0,,,,0,,0,,0,,0,,0,,0,,0,,0,,0,,0,,0,,0
Signal-Android,2018-1,2019-1,org.thoughtcrime.securesms.ExperienceUpgradeActivity,top_level,0,1,1,167,0,0,202,0,1,1,1,32,37,0,1,0,1,0,1,0,1,0,1,0,1,0,1,0,1,32,1,37,1,0,1,0,1
Signal-Android,2018-1,2019-1,org.thoughtcrime.securesms.ExpirationDialog,top_level,0,0,0,52,0,0,48,0,0,1,1,10,10,0,1,0,1,0,1,0,1,0,1,0,1,0,1,0,1,10,1,10,1,0,1,0,1
Signal-Android,2018-1,2019-1,org.thoughtcrime.securesms.GroupCreateActivity,top_level,16,16,0,359,0,10,349,0,10,1,1,72,72,0,1,0,1,0,1,0,1,0,1,0,1,0,1,0,1,65,1,65,1,0,1,0,1
Signal-Android,2018-1,2019-1,org.thoughtcrime.securesms.GroupMembersDialog,top_level,2,2,0,69,0,2,69,0,2,1,1,6,6,0,1,0,1,0,1,0,1,0,1,0,1,0,1,0,1,6,1,6,1,0,1,0,1
Signal-Android,2018-1,2019-1,org.thoughtcrime.securesms.IntroPagerAdapter,top_level,1,1,0,18,0,1,18,0,1,1,1,1,1,0,1,0,1,0,1,0,1,0,1,0,1,0,1,0,1,0,1,0,1,0,1,0,1
Signal-Android,2018-1,2019-1,org.thoughtcrime.securesms.InviteActivity,top_level,7,7,0,158,0,5,147,0,5,1,1,30,27,0,1,0,1,0,1,0,1,0,1,0,1,0,1,0,1,25,1,26,1,0,1,0,1
Signal-Android,2018-1,2019-1,org.thoughtcrime.securesms.LogSubmitActivity,top_level,4,4,0,43,0,4,43,0,4,1,1,8,8,0,1,0,1,0,1,0,1,0,1,0,1,0,1,0,1,7,1,7,1,0,1,0,1
Signal-Android,2018-1,2019-1,org.thoughtcrime.securesms.MasterSecretListener,top_level,1,1,0,2,0,1,2,0,1,0,0,,,,0,,0,,0,,0,,0,,0,,0,,0,,0,,0,,0,,0
Signal-Android,2018-1,2019-1,org.thoughtcrime.securesms.MediaDocumentsAdapter,top_level,7,7,0,65,0,2,63,0,2,1,1,17,17,0,1,0,1,0,1,0,1,0,1,0,1,0,1,0,1,17,1,17,1,0,1,0,1
Signal-Android,2018-1,2019-1,org.thoughtcrime.securesms.MediaGalleryAdapter,top_level,2,7,5,67,0,2,83,0,5,1,1,6,6,0,1,0,1,0,1,0,1,0,1,0,1,0,1,0,1,6,1,6,1,0,1,0,1
Signal-Android,2018-1,2019-1,org.thoughtcrime.securesms.MediaOverviewActivity,top_level,4,6,2,144,0,4,294,0,6,1,1,15,41,0,1,0,1,0,1,0,1,0,1,0,1,0,1,0,1,14,1,38,1,0,1,0,1
Signal-Android,2018-1,2019-1,org.thoughtcrime.securesms.MediaPreviewActivity,top_level,24,40,16,297,0,12,414,0,16,1,1,38,51,0,1,0,1,0,1,0,1,0,1,0,1,0,1,0,1,36,1,45,1,0,1,1,1
Signal-Android,2018-1,2019-1,org.thoughtcrime.securesms.MessageDetailsActivity,top_level,6,6,0,236,0,6,267,0,6,1,1,35,38,0,1,0,1,0,1,0,1,0,1,0,1,0,1,0,1,30,1,32,1,0,1,0,1
Signal-Android,2018-1,2019-1,org.thoughtcrime.securesms.MessageDetailsRecipientAdapter,top_level,3,3,0,54,0,2,56,0,2,1,1,6,6,0,1,0,1,0,1,0,1,0,1,0,1,0,1,0,1,6,1,6,1,0,1,0,1
Signal-Android,2018-1,2019-1,org.thoughtcrime.securesms.MessageRecipientListItem,top_level,4,4,0,119,0,2,88,0,2,1,1,14,14,0,1,0,1,0,1,0,1,0,1,0,1,0,1,0,1,8,1,7,1,0,1,0,1
Signal-Android,2018-1,2019-1,org.thoughtcrime.securesms.MuteDialog,top_level,0,0,0,26,0,0,26,0,0,1,1,6,6,0,1,0,1,0,1,0,1,0,1,0,1,0,1,0,1,6,1,6,1,0,1,0,1
Signal-Android,2018-1,2019-1,org.thoughtcrime.securesms.NewConversationActivity,top_level,3,3,0,41,0,3,43,0,3,1,1,7,7,0,1,0,1,0,1,0,1,0,1,0,1,0,1,0,1,7,1,7,1,0,1,0,1
Signal-Android,2018-1,2019-1,org.thoughtcrime.securesms.PassphraseActivity,top_level,1,1,0,29,0,1,29,0,1,1,1,4,4,0,1,0,1,0,1,0,1,0,1,0,1,0,1,0,1,3,1,3,1,0,1,0,1
Signal-Android,2018-1,2019-1,org.thoughtcrime.securesms.PassphraseChangeActivity,top_level,11,11,0,88,0,4,88,0,4,1,1,8,8,0,1,0,1,0,1,0,1,0,1,0,1,0,1,0,1,5,1,5,1,0,1,0,1
Signal-Android,2018-1,2019-1,org.thoughtcrime.securesms.PassphraseCreateActivity,top_level,3,3,0,31,0,3,32,0,3,0,0,,,,0,,0,,0,,0,,0,,0,,0,,0,,0,,0,,0,,0
Signal-Android,2018-1,2019-1,org.thoughtcrime.securesms.PassphrasePromptActivity,top_level,9,30,21,106,0,6,222,0,11,1,1,6,20,0,1,0,1,0,1,0,1,0,1,0,1,0,1,0,1,4,1,16,1,0,1,0,1
Signal-Android,2018-1,2019-1,org.thoughtcrime.securesms.PassphraseRequiredActionBarActivity,top_level,9,17,8,138,0,6,126,0,9,1,1,4,5,0,1,0,1,0,1,0,1,0,1,0,1,0,1,0,1,3,1,4,1,0,1,0,1
Signal-Android,2018-1,2019-1,org.thoughtcrime.securesms.PlayServicesProblemActivity,top_level,0,0,0,6,0,0,6,0,0,0,0,,,,0,,0,,0,,0,,0,,0,,0,,0,,0,,0,,0,,0
Signal-Android,2018-1,2019-1,org.thoughtcrime.securesms.PlayServicesProblemFragment,top_level,2,2,0,23,0,1,23,0,1,1,1,1,1,0,1,0,1,0,1,0,1,0,1,0,1,0,1,0,1,1,1,1,1,0,1,0,1
Signal-Android,2018-1,2019-1,org.thoughtcrime.securesms.PromptMmsActivity,top_level,1,1,0,23,0,1,15,0,1,1,1,5,2,0,1,0,1,0,1,0,1,0,1,0,1,0,1,0,1,3,1,2,1,0,1,0,1
Signal-Android,2018-1,2019-1,org.thoughtcrime.securesms.PushContactSelectionActivity,top_level,0,0,0,17,0,0,16,0,0,1,1,2,3,0,1,0,1,0,1,0,1,0,1,0,1,0,1,0,1,2,1,3,1,0,1,0,1
Signal-Android,2018-1,2019-1,org.thoughtcrime.securesms.ReadReceiptsIntroFragment,top_level,2,2,0,22,0,1,25,0,1,1,1,3,3,0,1,0,1,0,1,0,1,0,1,0,1,0,1,0,1,2,1,2,1,0,1,0,1
Signal-Android,2018-1,2019-1,org.thoughtcrime.securesms.RecipientPreferenceActivity,top_level,5,5,0,353,0,4,501,0,4,1,1,50,78,0,1,0,1,0,1,0,1,0,1,0,1,0,1,0,1,41,1,70,1,0,1,0,1
Signal-Android,2018-1,2019-1,org.thoughtcrime.securesms.RegistrationActivity,top_level,36,46,10,471,1,13,752,1,17,1,1,58,97,0,1,0,1,0,1,0,1,0,1,0,1,0,1,0,1,54,1,84,1,1,1,1,1
Signal-Android,2018-1,2019-1,org.thoughtcrime.securesms.ShareActivity,top_level,17,17,0,199,0,10,197,0,10,1,1,25,25,0,1,0,1,0,1,0,1,0,1,0,1,0,1,0,1,22,1,22,1,0,1,0,1
Signal-Android,2018-1,2019-1,org.thoughtcrime.securesms.SmsSendtoActivity,top_level,0,0,0,57,0,0,57,0,0,1,1,9,9,0,1,0,1,0,1,0,1,0,1,0,1,0,1,0,1,9,1,9,1,0,1,0,1
Signal-Android,2018-1,2019-1,org.thoughtcrime.securesms.TextSecureExpiredException,top_level,0,0,0,3,0,0,3,0,0,0,0,,,,0,,0,,0,,0,,0,,0,,0,,0,,0,,0,,0,,0
Signal-Android,2018-1,2019-1,org.thoughtcrime.securesms.TextSecureTestCase,top_level,1,1,0,6,0,1,6,0,1,1,1,4,4,0,1,0,1,0,1,0,1,0,1,0,1,0,1,0,1,4,1,4,1,0,1,0,1
Signal-Android,2018-1,2019-1,org.thoughtcrime.securesms.TransportOption,top_level,5,6,1,58,0,5,92,0,6,0,0,,,,0,,0,,0,,0,,0,,0,,0,,0,,0,,0,,0,,0
Signal-Android,2018-1,2019-1,org.thoughtcrime.securesms.TransportOptions,top_level,7,7,0,108,0,4,108,0,4,1,1,6,6,0,1,0,1,0,1,0,1,0,1,0,1,0,1,0,1,6,1,6,1,0,1,0,1
Signal-Android,2018-1,2019-1,org.thoughtcrime.securesms.TransportOptionsAdapter,top_level,2,2,0,36,0,2,36,0,2,1,1,10,10,0,1,0,1,0,1,0,1,0,1,0,1,0,1,0,1,10,1,10,1,0,1,0,1
Signal-Android,2018-1,2019-1,org.thoughtcrime.securesms.TransportOptionsPopup,top_level,0,0,0,24,0,0,24,0,0,0,0,,,,0,,0,,0,,0,,0,,0,,0,,0,,0,,0,,0,,0
Signal-Android,2018-1,2019-1,org.thoughtcrime.securesms.Unbindable,top_level,1,1,0,2,0,1,2,0,1,0,0,,,,0,,0,,0,,0,,0,,0,,0,,0,,0,,0,,0,,0
Signal-Android,2018-1,2019-1,org.thoughtcrime.securesms.VerifyIdentityActivity,top_level,1,1,0,394,0,1,392,0,1,1,1,60,59,0,1,0,1,0,1,0,1,0,1,0,1,0,1,0,1,54,1,53,1,1,1,1,1
Signal-Android,2018-1,2019-1,org.thoughtcrime.securesms.WebRtcCallActivity,top_level,17,16,-1,224,0,11,229,0,12,1,1,41,43,0,1,0,1,0,1,0,1,0,1,0,1,0,1,0,1,35,1,37,1,0,1,0,1
Signal-Android,2018-1,2019-1,org.thoughtcrime.securesms.animation.AnimationCompleteListener,top_level,0,0,0,9,0,0,9,0,0,0,0,,,,0,,0,,0,,0,,0,,0,,0,,0,,0,,0,,0,,0
Signal-Android,2018-1,2019-1,org.thoughtcrime.securesms.attachments.Attachment,top_level,5,8,3,65,0,5,83,0,8,1,1,2,2,1,1,1,1,0,1,0,1,1,1,1,1,0,1,0,1,0,1,0,1,0,1,0,1
Signal-Android,2018-1,2019-1,org.thoughtcrime.securesms.attachments.AttachmentId,top_level,5,5,0,26,0,5,28,0,5,0,0,,,,0,,0,,0,,0,,0,,0,,0,,0,,0,,0,,0,,0
Signal-Android,2018-1,2019-1,org.thoughtcrime.securesms.attachments.AttachmentServer,top_level,10,10,0,213,0,3,208,0,3,1,1,24,24,0,1,0,1,0,1,0,1,0,1,0,1,0,1,0,1,19,1,19,1,0,1,0,1
Signal-Android,2018-1,2019-1,org.thoughtcrime.securesms.attachments.DatabaseAttachment,top_level,4,4,0,45,0,4,46,0,4,1,1,1,1,0,1,0,1,0,1,0,1,1,1,1,1,0,1,0,1,0,1,0,1,0,1,0,1
Signal-Android,2018-1,2019-1,org.thoughtcrime.securesms.attachments.MmsNotificationAttachment,top_level,5,5,0,19,0,1,19,0,1,0,0,,,,0,,0,,0,,0,,0,,0,,0,,0,,0,,0,,0,,0
Signal-Android,2018-1,2019-1,org.thoughtcrime.securesms.attachments.PointerAttachment,top_level,0,0,0,29,0,0,61,0,0,1,1,11,50,0,1,0,1,0,1,0,1,0,1,0,1,0,1,0,1,11,1,49,1,0,1,0,1
Signal-Android,2018-1,2019-1,org.thoughtcrime.securesms.attachments.UriAttachment,top_level,1,1,0,27,0,1,27,0,1,0,1,,1,,0,0,1,,0,0,1,,0,1,1,,0,0,1,,0,0,1,,0,0,1
Signal-Android,2018-1,2019-1,org.thoughtcrime.securesms.audio.AudioCodec,top_level,7,7,0,120,0,5,120,0,5,1,1,9,9,0,1,0,1,0,1,0,1,0,1,0,1,0,1,0,1,7,1,7,1,0,1,0,1
Signal-Android,2018-1,2019-1,org.thoughtcrime.securesms.audio.AudioRecorder,top_level,1,3,2,63,0,1,48,0,1,1,0,1,,0,1,,0,0,1,,0,0,1,,0,0,1,,0,1,1,,0,0,1,,0
Signal-Android,2018-1,2019-1,org.thoughtcrime.securesms.audio.AudioSlidePlayer,top_level,23,24,1,213,0,8,213,0,8,1,1,24,25,0,1,0,1,0,1,0,1,0,1,0,1,0,1,0,1,14,1,13,1,1,1,1,1
Signal-Android,2018-1,2019-1,org.thoughtcrime.securesms.color.MaterialColor,top_level,0,0,0,82,0,0,84,0,0,1,1,18,9,0,1,0,1,0,1,0,1,0,1,0,1,0,1,0,1,18,1,9,1,0,1,0,1
Signal-Android,2018-1,2019-1,org.thoughtcrime.securesms.color.MaterialColors,top_level,0,0,0,37,0,0,34,0,0,0,0,,,,0,,0,,0,,0,,0,,0,,0,,0,,0,,0,,0,,0
Signal-Android,2018-1,2019-1,org.thoughtcrime.securesms.components.AccessibleToggleButton,top_level,3,3,0,23,0,1,23,0,1,0,0,,,,0,,0,,0,,0,,0,,0,,0,,0,,0,,0,,0,,0
Signal-Android,2018-1,2019-1,org.thoughtcrime.securesms.components.AlertView,top_level,3,3,0,33,0,3,36,0,3,1,1,4,7,0,1,0,1,0,1,0,1,0,1,0,1,0,1,0,1,4,1,7,1,0,1,0,1
Signal-Android,2018-1,2019-1,org.thoughtcrime.securesms.components.AnimatingToggle,top_level,0,0,0,33,0,0,33,0,0,0,0,,,,0,,0,,0,,0,,0,,0,,0,,0,,0,,0,,0,,0
Signal-Android,2018-1,2019-1,org.thoughtcrime.securesms.components.AttachmentTypeSelector,top_level,3,3,0,180,0,2,180,0,2,1,1,14,14,0,1,0,1,0,1,0,1,0,1,0,1,0,1,0,1,14,1,14,1,0,1,0,1
Signal-Android,2018-1,2019-1,org.thoughtcrime.securesms.components.AudioView,top_level,28,28,0,201,0,13,200,0,13,1,1,12,12,0,1,0,1,0,1,0,1,0,1,0,1,0,1,0,1,10,1,10,1,0,1,0,1
Signal-Android,2018-1,2019-1,org.thoughtcrime.securesms.components.AvatarImageView,top_level,0,0,0,47,0,0,70,0,0,1,1,5,9,0,1,0,1,0,1,0,1,0,1,0,1,0,1,0,1,5,1,9,1,0,1,0,1
Signal-Android,2018-1,2019-1,org.thoughtcrime.securesms.components.BubbleDrawableBuilder,top_level,10,10,0,43,0,6,43,0,6,1,1,2,2,0,1,0,1,0,1,0,1,0,1,0,1,0,1,0,1,2,1,2,1,0,1,0,1
Signal-Android,2018-1,2019-1,org.thoughtcrime.securesms.components.CircleColorImageView,top_level,0,0,0,15,0,0,15,0,0,0,0,,,,0,,0,,0,,0,,0,,0,,0,,0,,0,,0,,0,,0
Signal-Android,2018-1,2019-1,org.thoughtcrime.securesms.components.ComposeText,top_level,6,6,0,99,0,3,99,0,3,1,1,13,13,0,1,0,1,0,1,0,1,0,1,0,1,0,1,0,1,12,1,12,1,0,1,0,1
Signal-Android,2018-1,2019-1,org.thoughtcrime.securesms.components.ContactFilterToolbar,top_level,4,4,0,89,0,3,89,0,3,1,1,10,10,0,1,0,1,0,1,0,1,0,1,0,1,0,1,0,1,5,1,5,1,0,1,0,1
Signal-Android,2018-1,2019-1,org.thoughtcrime.securesms.components.CustomDefaultPreference,top_level,2,2,0,139,0,2,139,0,2,1,1,12,12,0,1,0,1,0,1,0,1,0,1,0,1,0,1,0,1,12,1,12,1,0,1,0,1
Signal-Android,2018-1,2019-1,org.thoughtcrime.securesms.components.DeliveryStatusView,top_level,5,6,1,58,0,5,63,0,6,0,0,,,,0,,0,,0,,0,,0,,0,,0,,0,,0,,0,,0,,0
Signal-Android,2018-1,2019-1,org.thoughtcrime.securesms.components.DocumentView,top_level,4,3,-1,109,0,4,103,0,3,1,1,6,6,0,1,0,1,0,1,0,1,0,1,0,1,0,1,0,1,5,1,5,1,0,1,0,1
Signal-Android,2018-1,2019-1,org.thoughtcrime.securesms.components.ExpirationTimerView,top_level,7,8,1,49,0,5,67,0,6,1,1,3,3,0,1,0,1,0,1,0,1,0,1,0,1,0,1,0,1,3,1,3,1,0,1,0,1
Signal-Android,2018-1,2019-1,org.thoughtcrime.securesms.components.FromTextView,top_level,0,0,0,36,0,0,36,0,0,0,0,,,,0,,0,,0,,0,,0,,0,,0,,0,,0,,0,,0,,0
Signal-Android,2018-1,2019-1,org.thoughtcrime.securesms.components.HidingLinearLayout,top_level,7,7,0,39,0,3,39,0,3,0,0,,,,0,,0,,0,,0,,0,,0,,0,,0,,0,,0,,0,,0
Signal-Android,2018-1,2019-1,org.thoughtcrime.securesms.components.HourglassView,top_level,1,2,1,41,0,1,44,0,2,0,0,,,,0,,0,,0,,0,,0,,0,,0,,0,,0,,0,,0,,0
Signal-Android,2018-1,2019-1,org.thoughtcrime.securesms.components.ImageDivet,top_level,6,6,0,62,0,5,62,0,5,1,1,5,5,0,1,0,1,0,1,0,1,0,1,0,1,0,1,0,1,5,1,5,1,0,1,0,1
Signal-Android,2018-1,2019-1,org.thoughtcrime.securesms.components.InputAwareLayout,top_level,5,5,0,51,0,4,51,0,4,1,1,2,2,0,1,0,1,0,1,0,1,0,1,0,1,0,1,0,1,2,1,2,1,0,1,0,1
Signal-Android,2018-1,2019-1,org.thoughtcrime.securesms.components.InputPanel,top_level,24,25,1,192,0,12,198,0,13,1,1,6,8,0,1,0,1,0,1,0,1,0,1,0,1,0,1,0,1,4,1,6,1,0,1,0,1
Signal-Android,2018-1,2019-1,org.thoughtcrime.securesms.components.KeyboardAwareLinearLayout,top_level,34,36,2,129,0,19,132,0,20,1,1,15,16,0,1,0,1,0,1,0,1,0,1,0,1,0,1,0,1,14,1,14,1,0,1,0,1
Signal-Android,2018-1,2019-1,org.thoughtcrime.securesms.components.MediaView,top_level,3,7,4,44,0,3,52,0,4,0,1,,3,,0,0,1,,0,0,1,,0,0,1,,0,0,1,,0,3,1,,0,0,1
Signal-Android,2018-1,2019-1,org.thoughtcrime.securesms.components.MicrophoneRecorderView,top_level,5,5,0,122,0,3,120,0,3,1,1,5,5,0,1,0,1,0,1,0,1,0,1,0,1,0,1,0,1,1,1,1,1,0,1,0,1
Signal-Android,2018-1,2019-1,org.thoughtcrime.securesms.components.PushRecipientsPanel,top_level,6,6,0,73,0,4,73,0,4,1,1,5,5,0,1,0,1,0,1,0,1,0,1,0,1,0,1,0,1,5,1,5,1,0,1,0,1
Signal-Android,2018-1,2019-1,org.thoughtcrime.securesms.components.RatingManager,top_level,0,0,0,49,0,0,49,0,0,1,1,6,6,0,1,0,1,0,1,0,1,0,1,0,1,0,1,0,1,5,1,5,1,0,1,0,1
Signal-Android,2018-1,2019-1,org.thoughtcrime.securesms.components.RecentPhotoViewRail,top_level,2,2,0,67,0,1,67,0,1,1,1,8,8,0,1,0,1,0,1,0,1,0,1,0,1,0,1,0,1,8,1,8,1,0,1,0,1
Signal-Android,2018-1,2019-1,org.thoughtcrime.securesms.components.RecyclerViewFastScroller,top_level,14,14,0,130,0,6,130,0,6,1,1,5,5,0,1,0,1,0,1,0,1,0,1,0,1,0,1,0,1,4,1,4,1,0,1,0,1
Signal-Android,2018-1,2019-1,org.thoughtcrime.securesms.components.RemovableEditableMediaView,top_level,1,1,0,40,0,1,40,0,1,1,1,1,1,0,1,0,1,0,1,0,1,0,1,0,1,0,1,0,1,0,1,0,1,0,1,0,1
Signal-Android,2018-1,2019-1,org.thoughtcrime.securesms.components.RepeatableImageKey,top_level,4,4,0,56,0,3,56,0,3,1,1,1,1,0,1,0,1,0,1,0,1,0,1,0,1,0,1,0,1,0,1,0,1,0,1,0,1
Signal-Android,2018-1,2019-1,org.thoughtcrime.securesms.components.SearchToolbar,top_level,12,12,0,85,0,6,85,0,6,1,1,20,20,0,1,0,1,0,1,0,1,0,1,0,1,0,1,0,1,20,1,20,1,0,1,0,1
Signal-Android,2018-1,2019-1,org.thoughtcrime.securesms.components.SendButton,top_level,2,2,0,58,0,2,60,0,2,1,1,3,3,0,1,0,1,0,1,0,1,0,1,0,1,0,1,0,1,3,1,3,1,0,1,0,1
Signal-Android,2018-1,2019-1,org.thoughtcrime.securesms.components.ShapeScrim,top_level,3,3,0,56,0,1,56,0,1,0,0,,,,0,,0,,0,,0,,0,,0,,0,,0,,0,,0,,0,,0
Signal-Android,2018-1,2019-1,org.thoughtcrime.securesms.components.SquareFrameLayout,top_level,2,2,0,21,0,1,21,0,1,0,0,,,,0,,0,,0,,0,,0,,0,,0,,0,,0,,0,,0,,0
Signal-Android,2018-1,2019-1,org.thoughtcrime.securesms.components.SquareImageView,top_level,1,1,0,13,0,1,13,0,1,0,0,,,,0,,0,,0,,0,,0,,0,,0,,0,,0,,0,,0,,0
Signal-Android,2018-1,2019-1,org.thoughtcrime.securesms.components.SquareLinearLayout,top_level,1,1,0,16,0,1,16,0,1,0,0,,,,0,,0,,0,,0,,0,,0,,0,,0,,0,,0,,0,,0
Signal-Android,2018-1,2019-1,org.thoughtcrime.securesms.components.SwitchPreferenceCompat,top_level,1,4,3,16,0,1,24,0,2,0,0,,,,0,,0,,0,,0,,0,,0,,0,,0,,0,,0,,0,,0
Signal-Android,2018-1,2019-1,org.thoughtcrime.securesms.components.ThreadPhotoRailView,top_level,2,2,0,58,0,1,56,0,1,1,1,4,4,0,1,0,1,0,1,0,1,0,1,0,1,0,1,0,1,4,1,4,1,0,1,0,1
Signal-Android,2018-1,2019-1,org.thoughtcrime.securesms.components.ThumbnailView,top_level,6,31,25,117,0,4,239,0,9,1,1,19,23,0,1,0,1,0,1,0,1,0,1,0,1,0,1,0,1,17,1,16,1,0,1,1,1
Signal-Android,2018-1,2019-1,org.thoughtcrime.securesms.components.TransferControlView,top_level,8,12,4,101,0,6,151,0,8,1,1,6,14,0,1,0,1,0,1,0,1,0,1,0,1,0,1,0,1,6,1,12,1,0,1,1,1
Signal-Android,2018-1,2019-1,org.thoughtcrime.securesms.components.ZoomingImageView,top_level,1,1,0,70,0,1,63,0,1,0,0,,,,0,,0,,0,,0,,0,,0,,0,,0,,0,,0,,0,,0
Signal-Android,2018-1,2019-1,org.thoughtcrime.securesms.components.camera.CameraSurfaceView,top_level,1,1,0,17,0,1,17,0,1,0,0,,,,0,,0,,0,,0,,0,,0,,0,,0,,0,,0,,0,,0
Signal-Android,2018-1,2019-1,org.thoughtcrime.securesms.components.camera.CameraUtils,top_level,0,0,0,57,0,0,57,0,0,1,1,6,6,0,1,0,1,0,1,0,1,0,1,0,1,0,1,0,1,4,1,4,1,0,1,0,1
Signal-Android,2018-1,2019-1,org.thoughtcrime.securesms.components.camera.CameraView,top_level,33,33,0,385,0,15,374,0,15,1,1,42,41,1,1,1,1,0,1,0,1,0,1,0,1,0,1,0,1,31,1,30,1,1,1,1,1
Signal-Android,2018-1,2019-1,org.thoughtcrime.securesms.components.camera.QuickAttachmentDrawer,top_level,69,69,0,374,0,28,374,0,28,1,1,25,25,0,1,0,1,0,1,0,1,0,1,0,1,0,1,0,1,16,1,16,1,1,1,1,1
Signal-Android,2018-1,2019-1,org.thoughtcrime.securesms.components.emoji.AnimatingImageSpan,top_level,0,0,0,4,0,0,4,0,0,0,0,,,,0,,0,,0,,0,,0,,0,,0,,0,,0,,0,,0,,0
Signal-Android,2018-1,2019-1,org.thoughtcrime.securesms.components.emoji.EmojiDrawer,top_level,12,13,1,111,0,8,114,0,9,1,1,7,8,0,1,0,1,0,1,0,1,0,1,0,1,0,1,0,1,4,1,4,1,0,1,0,1
Signal-Android,2018-1,2019-1,org.thoughtcrime.securesms.components.emoji.EmojiEditText,top_level,0,0,0,28,0,0,28,0,0,1,1,1,1,0,1,0,1,0,1,0,1,0,1,0,1,0,1,0,1,1,1,1,1,0,1,0,1
Signal-Android,2018-1,2019-1,org.thoughtcrime.securesms.components.emoji.EmojiFilter,top_level,0,0,0,12,0,0,12,0,0,1,1,1,1,0,1,0,1,0,1,0,1,0,1,0,1,0,1,0,1,0,1,0,1,0,1,0,1
Signal-Android,2018-1,2019-1,org.thoughtcrime.securesms.components.emoji.EmojiPageModel,top_level,5,6,1,6,0,3,7,0,3,0,0,,,,0,,0,,0,,0,,0,,0,,0,,0,,0,,0,,0,,0
Signal-Android,2018-1,2019-1,org.thoughtcrime.securesms.components.emoji.EmojiPageView,top_level,5,7,2,57,0,2,57,0,3,1,1,4,8,0,1,0,1,0,1,0,1,0,1,0,1,0,1,0,1,3,1,2,1,0,1,0,1
Signal-Android,2018-1,2019-1,org.thoughtcrime.securesms.components.emoji.EmojiPages,top_level,0,0,0,83,0,0,279,0,0,0,0,,,,0,,0,,0,,0,,0,,0,,0,,0,,0,,0,,0,,0
Signal-Android,2018-1,2019-1,org.thoughtcrime.securesms.components.emoji.EmojiProvider,top_level,0,0,0,98,0,0,99,0,0,1,1,2,2,0,1,0,1,0,1,0,1,0,1,0,1,0,1,0,1,0,1,0,1,0,1,0,1
Signal-Android,2018-1,2019-1,org.thoughtcrime.securesms.components.emoji.EmojiSpan,top_level,0,0,0,19,0,0,27,0,0,0,1,,1,,0,0,1,,0,0,1,,0,0,1,,0,0,1,,0,0,1,,0,0,1
Signal-Android,2018-1,2019-1,org.thoughtcrime.securesms.components.emoji.EmojiTextView,top_level,13,9,-4,67,0,5,89,0,5,1,1,6,11,0,1,0,1,0,1,0,1,0,1,0,1,0,1,0,1,5,1,4,1,0,1,0,1
Signal-Android,2018-1,2019-1,org.thoughtcrime.securesms.components.emoji.EmojiToggle,top_level,5,5,0,30,0,5,30,0,5,1,1,4,4,0,1,0,1,0,1,0,1,0,1,0,1,0,1,0,1,4,1,4,1,0,1,0,1
Signal-Android,2018-1,2019-1,org.thoughtcrime.securesms.components.emoji.RecentEmojiPageModel,top_level,3,3,0,55,0,3,59,0,3,1,1,4,6,0,1,0,1,0,1,0,1,0,1,0,1,0,1,0,1,4,1,6,1,0,1,0,1
Signal-Android,2018-1,2019-1,org.thoughtcrime.securesms.components.emoji.StaticEmojiPageModel,top_level,3,3,0,18,0,3,35,0,3,0,0,,,,0,,0,,0,,0,,0,,0,,0,,0,,0,,0,,0,,0
Signal-Android,2018-1,2019-1,org.thoughtcrime.securesms.components.emoji.parsing.EmojiDrawInfo,top_level,1,1,0,16,0,1,16,0,1,0,0,,,,0,,0,,0,,0,,0,,0,,0,,0,,0,,0,,0,,0
Signal-Android,2018-1,2019-1,org.thoughtcrime.securesms.components.emoji.parsing.EmojiPageBitmap,top_level,0,0,0,58,0,0,60,0,0,1,1,8,4,0,1,0,1,0,1,0,1,0,1,0,1,0,1,0,1,8,1,4,1,0,1,0,1
Signal-Android,2018-1,2019-1,org.thoughtcrime.securesms.components.emoji.parsing.EmojiParser,top_level,0,0,0,54,0,0,54,0,0,1,1,3,3,0,1,0,1,0,1,0,1,0,1,0,1,0,1,0,1,2,1,2,1,0,1,0,1
Signal-Android,2018-1,2019-1,org.thoughtcrime.securesms.components.emoji.parsing.EmojiTree,top_level,0,0,0,56,0,0,56,0,0,1,1,11,11,0,1,0,1,0,1,0,1,0,1,0,1,0,1,0,1,10,1,10,1,0,1,0,1
Signal-Android,2018-1,2019-1,org.thoughtcrime.securesms.components.emoji.parsing.Fitzpatrick,top_level,0,0,0,22,0,0,22,0,0,1,1,3,3,0,1,0,1,0,1,0,1,0,1,0,1,0,1,0,1,3,1,3,1,0,1,0,1
Signal-Android,2018-1,2019-1,org.thoughtcrime.securesms.components.identity.UntrustedSendDialog,top_level,0,0,0,31,0,0,31,0,0,0,0,,,,0,,0,,0,,0,,0,,0,,0,,0,,0,,0,,0,,0
Signal-Android,2018-1,2019-1,org.thoughtcrime.securesms.components.identity.UnverifiedBannerView,top_level,2,2,0,48,0,2,48,0,2,1,1,1,1,0,1,0,1,0,1,0,1,0,1,0,1,0,1,0,1,1,1,1,1,0,1,0,1
Signal-Android,2018-1,2019-1,org.thoughtcrime.securesms.components.identity.UnverifiedSendDialog,top_level,0,0,0,33,0,0,33,0,0,0,0,,,,0,,0,,0,,0,,0,,0,,0,,0,,0,,0,,0,,0
Signal-Android,2018-1,2019-1,org.thoughtcrime.securesms.components.location.SignalMapView,top_level,0,0,0,50,0,0,50,0,0,1,1,2,2,0,1,0,1,0,1,0,1,0,1,0,1,0,1,0,1,2,1,2,1,0,1,0,1
Signal-Android,2018-1,2019-1,org.thoughtcrime.securesms.components.location.SignalPlace,top_level,1,1,0,37,0,1,40,0,1,0,1,,4,,0,0,1,,0,0,1,,0,0,1,,0,0,1,,0,4,1,,0,0,1
Signal-Android,2018-1,2019-1,org.thoughtcrime.securesms.components.recyclerview.DeleteItemAnimator,top_level,1,1,0,11,0,1,11,0,1,0,0,,,,0,,0,,0,,0,,0,,0,,0,,0,,0,,0,,0,,0
Signal-Android,2018-1,2019-1,org.thoughtcrime.securesms.components.registration.CallMeCountDownView,top_level,8,8,0,57,0,5,57,0,5,1,1,3,3,0,1,0,1,0,1,0,1,0,1,0,1,0,1,0,1,3,1,3,1,0,1,0,1
Signal-Android,2018-1,2019-1,org.thoughtcrime.securesms.components.registration.PulsingFloatingActionButton,top_level,5,5,0,26,0,3,26,0,3,1,1,2,2,0,1,0,1,0,1,0,1,0,1,0,1,0,1,0,1,2,1,2,1,0,1,0,1
Signal-Android,2018-1,2019-1,org.thoughtcrime.securesms.components.registration.VerificationCodeView,top_level,9,9,0,90,0,4,90,0,4,1,1,14,14,0,1,0,1,0,1,0,1,0,1,0,1,0,1,0,1,14,1,14,1,0,1,0,1
Signal-Android,2018-1,2019-1,org.thoughtcrime.securesms.components.registration.VerificationPinKeyboard,top_level,4,4,0,104,0,4,133,0,4,1,1,6,7,0,1,0,1,0,1,0,1,0,1,0,1,0,1,0,1,2,1,3,1,0,1,0,1
Signal-Android,2018-1,2019-1,org.thoughtcrime.securesms.components.reminder.DefaultSmsReminder,top_level,0,0,0,25,0,0,25,0,0,0,0,,,,0,,0,,0,,0,,0,,0,,0,,0,,0,,0,,0,,0
Signal-Android,2018-1,2019-1,org.thoughtcrime.securesms.components.reminder.DozeReminder,top_level,0,0,0,22,0,0,22,0,0,0,0,,,,0,,0,,0,,0,,0,,0,,0,,0,,0,,0,,0,,0
Signal-Android,2018-1,2019-1,org.thoughtcrime.securesms.components.reminder.ExpiredBuildReminder,top_level,2,2,0,21,0,1,21,0,1,0,0,,,,0,,0,,0,,0,,0,,0,,0,,0,,0,,0,,0,,0
Signal-Android,2018-1,2019-1,org.thoughtcrime.securesms.components.reminder.InviteReminder,top_level,0,0,0,13,0,0,13,0,0,1,1,1,1,0,1,0,1,0,1,0,1,0,1,0,1,0,1,0,1,1,1,1,1,0,1,0,1
Signal-Android,2018-1,2019-1,org.thoughtcrime.securesms.components.reminder.OutdatedBuildReminder,top_level,2,2,0,25,0,1,25,0,1,1,1,1,1,0,1,0,1,0,1,0,1,0,1,0,1,0,1,0,1,1,1,1,1,0,1,0,1
Signal-Android,2018-1,2019-1,org.thoughtcrime.securesms.components.reminder.PushRegistrationReminder,top_level,1,1,0,18,0,1,15,0,1,0,0,,,,0,,0,,0,,0,,0,,0,,0,,0,,0,,0,,0,,0
Signal-Android,2018-1,2019-1,org.thoughtcrime.securesms.components.reminder.Reminder,top_level,1,2,1,23,0,1,27,0,2,1,1,3,3,1,1,1,1,0,1,0,1,0,1,0,1,0,1,0,1,0,1,0,1,0,1,0,1
Signal-Android,2018-1,2019-1,org.thoughtcrime.securesms.components.reminder.ReminderView,top_level,4,4,0,43,0,4,50,0,4,1,1,2,2,0,1,0,1,0,1,0,1,0,1,0,1,0,1,0,1,2,1,2,1,0,1,0,1
Signal-Android,2018-1,2019-1,org.thoughtcrime.securesms.components.reminder.ShareReminder,top_level,0,0,0,23,0,0,23,0,0,1,1,1,1,0,1,0,1,0,1,0,1,0,1,0,1,0,1,0,1,1,1,1,1,0,1,0,1
Signal-Android,2018-1,2019-1,org.thoughtcrime.securesms.components.reminder.SystemSmsImportReminder,top_level,0,0,0,27,0,0,22,0,0,0,0,,,,0,,0,,0,,0,,0,,0,,0,,0,,0,,0,,0,,0
Signal-Android,2018-1,2019-1,org.thoughtcrime.securesms.components.reminder.UnauthorizedReminder,top_level,1,1,0,10,0,1,14,0,1,0,0,,,,0,,0,,0,,0,,0,,0,,0,,0,,0,,0,,0,,0
Signal-Android,2018-1,2019-1,org.thoughtcrime.securesms.components.subsampling.AttachmentBitmapDecoder,top_level,0,1,1,18,0,0,16,0,1,1,1,1,1,0,1,0,1,0,1,0,1,0,1,0,1,0,1,0,1,0,1,0,1,0,1,0,1
Signal-Android,2018-1,2019-1,org.thoughtcrime.securesms.components.subsampling.AttachmentRegionDecoder,top_level,3,3,0,40,0,2,37,0,2,1,1,2,2,0,1,0,1,0,1,0,1,0,1,0,1,0,1,0,1,1,1,1,1,0,1,0,1
Signal-Android,2018-1,2019-1,org.thoughtcrime.securesms.components.viewpager.ExtendedOnPageChangedListener,top_level,6,6,0,11,0,4,11,0,4,0,0,,,,0,,0,,0,,0,,0,,0,,0,,0,,0,,0,,0,,0
Signal-Android,2018-1,2019-1,org.thoughtcrime.securesms.components.webrtc.PercentFrameLayout,top_level,15,15,0,66,0,7,66,0,7,1,1,6,6,0,1,0,1,0,1,0,1,0,1,0,1,0,1,0,1,6,1,6,1,0,1,0,1
Signal-Android,2018-1,2019-1,org.thoughtcrime.securesms.components.webrtc.WebRtcAnswerDeclineButton,top_level,8,9,1,190,0,6,190,0,6,1,1,39,39,0,1,0,1,0,1,0,1,0,1,0,1,0,1,0,1,30,1,30,1,0,1,0,1
Signal-Android,2018-1,2019-1,org.thoughtcrime.securesms.components.webrtc.WebRtcCallControls,top_level,17,19,2,111,0,10,125,0,15,1,1,5,5,0,1,0,1,0,1,0,1,0,1,0,1,0,1,0,1,5,1,5,1,0,1,0,1
Signal-Android,2018-1,2019-1,org.thoughtcrime.securesms.components.webrtc.WebRtcCallScreen,top_level,18,13,-5,188,0,8,195,0,7,1,1,26,29,0,1,0,1,0,1,0,1,0,1,0,1,0,1,0,1,23,1,25,1,0,1,0,1
Signal-Android,2018-1,2019-1,org.thoughtcrime.securesms.contacts.ArrayListCursor,top_level,9,9,0,94,0,9,94,0,9,1,1,13,13,0,1,0,1,0,1,0,1,0,1,0,1,0,1,0,1,7,1,7,1,0,1,0,1
Signal-Android,2018-1,2019-1,org.thoughtcrime.securesms.contacts.ContactAccessor,top_level,1,1,0,192,0,0,192,0,0,1,1,10,10,0,1,0,1,0,1,0,1,0,1,0,1,0,1,0,1,10,1,10,1,0,1,0,1
Signal-Android,2018-1,2019-1,org.thoughtcrime.securesms.contacts.ContactIdentityManager,top_level,1,1,0,12,0,1,12,0,1,0,0,,,,0,,0,,0,,0,,0,,0,,0,,0,,0,,0,,0,,0
Signal-Android,2018-1,2019-1,org.thoughtcrime.securesms.contacts.ContactIdentityManagerGingerbread,top_level,7,7,0,71,0,3,71,0,3,1,1,3,3,0,1,0,1,0,1,0,1,0,1,0,1,0,1,0,1,3,1,3,1,0,1,0,1
Signal-Android,2018-1,2019-1,org.thoughtcrime.securesms.contacts.ContactIdentityManagerICS,top_level,1,1,0,43,0,1,43,0,1,1,1,2,2,0,1,0,1,0,1,0,1,0,1,0,1,0,1,0,1,2,1,2,1,0,1,0,1
Signal-Android,2018-1,2019-1,org.thoughtcrime.securesms.contacts.ContactSelectionListAdapter,top_level,7,7,0,135,0,5,135,0,5,1,1,16,16,0,1,0,1,0,1,0,1,0,1,0,1,0,1,0,1,16,1,16,1,0,1,0,1
Signal-Android,2018-1,2019-1,org.thoughtcrime.securesms.contacts.ContactSelectionListItem,top_level,2,2,0,73,0,2,73,0,2,0,0,,,,0,,0,,0,,0,,0,,0,,0,,0,,0,,0,,0,,0
Signal-Android,2018-1,2019-1,org.thoughtcrime.securesms.contacts.ContactsCursorLoader,top_level,0,3,3,71,0,0,152,0,0,1,1,18,18,0,1,0,1,0,1,0,1,0,1,0,1,0,1,0,1,11,1,18,1,0,1,0,1
Signal-Android,2018-1,2019-1,org.thoughtcrime.securesms.contacts.ContactsDatabase,top_level,0,0,0,370,0,0,441,0,0,1,1,99,107,0,1,0,1,0,1,0,1,0,1,0,1,0,1,0,1,91,1,99,1,0,1,0,1
Signal-Android,2018-1,2019-1,org.thoughtcrime.securesms.contacts.ContactsSyncAdapter,top_level,1,1,0,19,0,1,19,0,1,0,0,,,,0,,0,,0,,0,,0,,0,,0,,0,,0,,0,,0,,0
Signal-Android,2018-1,2019-1,org.thoughtcrime.securesms.contacts.NameAndNumber,top_level,1,1,0,7,0,1,7,0,1,0,0,,,,0,,0,,0,,0,,0,,0,,0,,0,,0,,0,,0,,0
Signal-Android,2018-1,2019-1,org.thoughtcrime.securesms.contacts.RecipientsAdapter,top_level,0,0,0,72,0,0,72,0,0,1,1,10,10,0,1,0,1,0,1,0,1,0,1,0,1,0,1,0,1,7,1,7,1,0,1,0,1
Signal-Android,2018-1,2019-1,org.thoughtcrime.securesms.contacts.RecipientsEditor,top_level,8,8,0,178,0,4,178,0,4,1,1,13,13,0,1,0,1,0,1,0,1,0,1,0,1,0,1,0,1,10,1,10,1,0,1,0,1
Signal-Android,2018-1,2019-1,org.thoughtcrime.securesms.contacts.avatars.ContactColors,top_level,0,0,0,4,0,0,17,0,0,1,1,3,1,0,1,0,1,0,1,0,1,0,1,0,1,0,1,0,1,2,1,0,1,0,1,0,1
Signal-Android,2018-1,2019-1,org.thoughtcrime.securesms.contacts.avatars.ContactPhoto,top_level,1,3,2,2,0,0,4,0,1,0,0,,,,0,,0,,0,,0,,0,,0,,0,,0,,0,,0,,0,,0
Signal-Android,2018-1,2019-1,org.thoughtcrime.securesms.contacts.avatars.FallbackContactPhoto,top_level,3,3,0,4,0,0,4,0,0,0,0,,,,0,,0,,0,,0,,0,,0,,0,,0,,0,,0,,0,,0
Signal-Android,2018-1,2019-1,org.thoughtcrime.securesms.contacts.avatars.GeneratedContactPhoto,top_level,0,0,0,27,0,0,45,0,0,1,1,9,12,0,1,0,1,0,1,0,1,0,1,0,1,0,1,0,1,9,1,12,1,0,1,0,1
Signal-Android,2018-1,2019-1,org.thoughtcrime.securesms.contacts.avatars.GroupRecordContactPhoto,top_level,1,2,1,25,0,1,31,0,2,1,1,6,6,0,1,0,1,0,1,0,1,0,1,0,1,0,1,0,1,5,1,5,1,0,1,0,1
Signal-Android,2018-1,2019-1,org.thoughtcrime.securesms.contacts.avatars.ProfileContactPhoto,top_level,1,2,1,21,0,1,27,0,2,1,1,2,2,0,1,0,1,0,1,0,1,0,1,0,1,0,1,0,1,1,1,1,1,0,1,0,1
Signal-Android,2018-1,2019-1,org.thoughtcrime.securesms.contacts.avatars.ResourceContactPhoto,top_level,2,2,0,31,0,2,33,0,2,1,1,3,4,0,1,0,1,0,1,0,1,0,1,0,1,0,1,0,1,3,1,4,1,0,1,0,1
Signal-Android,2018-1,2019-1,org.thoughtcrime.securesms.contacts.avatars.SystemContactPhoto,top_level,1,2,1,24,0,1,31,0,2,1,1,4,4,0,1,0,1,0,1,0,1,0,1,0,1,0,1,0,1,3,1,3,1,0,1,0,1
Signal-Android,2018-1,2019-1,org.thoughtcrime.securesms.contacts.avatars.TransparentContactPhoto,top_level,1,1,0,11,0,1,11,0,1,1,1,1,1,0,1,0,1,0,1,0,1,0,1,0,1,0,1,0,1,1,1,1,1,0,1,0,1
Signal-Android,2018-1,2019-1,org.thoughtcrime.securesms.crypto.AsymmetricMasterCipher,top_level,6,6,0,53,0,3,53,0,3,1,1,5,5,0,1,0,1,0,1,0,1,0,1,0,1,0,1,0,1,5,1,5,1,0,1,0,1
Signal-Android,2018-1,2019-1,org.thoughtcrime.securesms.crypto.AsymmetricMasterSecret,top_level,0,0,0,10,0,0,10,0,0,0,0,,,,0,,0,,0,,0,,0,,0,,0,,0,,0,,0,,0,,0
Signal-Android,2018-1,2019-1,org.thoughtcrime.securesms.crypto.IdentityKeyParcelable,top_level,1,1,0,27,0,1,27,0,1,1,1,1,1,0,1,0,1,0,1,0,1,0,1,0,1,0,1,0,1,1,1,1,1,0,1,0,1
Signal-Android,2018-1,2019-1,org.thoughtcrime.securesms.crypto.IdentityKeyUtil,top_level,0,0,0,67,0,0,82,0,0,1,1,17,17,0,1,0,1,0,1,0,1,0,1,0,1,0,1,0,1,16,1,16,1,0,1,0,1
Signal-Android,2018-1,2019-1,org.thoughtcrime.securesms.crypto.InvalidPassphraseException,top_level,1,1,0,9,0,1,9,0,1,0,0,,,,0,,0,,0,,0,,0,,0,,0,,0,,0,,0,,0,,0
Signal-Android,2018-1,2019-1,org.thoughtcrime.securesms.crypto.MasterCipher,top_level,4,4,0,101,0,2,102,0,2,1,1,1,1,0,1,0,1,0,1,0,1,0,1,0,1,0,1,0,1,1,1,1,1,0,1,0,1
Signal-Android,2018-1,2019-1,org.thoughtcrime.securesms.crypto.MasterSecret,top_level,2,2,0,48,0,2,48,0,2,1,1,9,9,0,1,0,1,0,1,0,1,0,1,0,1,0,1,0,1,9,1,9,1,0,1,0,1
Signal-Android,2018-1,2019-1,org.thoughtcrime.securesms.crypto.MasterSecretUtil,top_level,5,5,0,208,0,0,208,0,0,1,1,39,39,0,1,0,1,0,1,0,1,0,1,0,1,0,1,0,1,36,1,36,1,1,1,1,1
Signal-Android,2018-1,2019-1,org.thoughtcrime.securesms.crypto.PRNGFixes,top_level,21,21,0,145,0,1,145,0,1,1,1,20,20,0,1,0,1,0,1,0,1,0,1,0,1,0,1,0,1,14,1,14,1,0,1,0,1
Signal-Android,2018-1,2019-1,org.thoughtcrime.securesms.crypto.PreKeyUtil,top_level,0,0,0,121,0,0,34,0,0,1,1,11,3,0,1,0,1,0,1,0,1,0,1,0,1,0,1,0,1,10,1,2,1,0,1,0,1
Signal-Android,2018-1,2019-1,org.thoughtcrime.securesms.crypto.ProfileKeyUtil,top_level,0,0,0,12,0,0,15,0,0,1,1,1,1,0,1,0,1,0,1,0,1,0,1,0,1,0,1,0,1,0,1,0,1,0,1,0,1
Signal-Android,2018-1,2019-1,org.thoughtcrime.securesms.crypto.PublicKey,top_level,10,10,0,40,0,8,41,0,8,1,1,1,1,0,1,0,1,0,1,0,1,0,1,0,1,0,1,0,1,1,1,1,1,0,1,0,1
Signal-Android,2018-1,2019-1,org.thoughtcrime.securesms.crypto.SecurityEvent,top_level,0,0,0,6,0,0,6,0,0,1,1,1,1,0,1,0,1,0,1,0,1,0,1,0,1,0,1,0,1,0,1,0,1,0,1,0,1
Signal-Android,2018-1,2019-1,org.thoughtcrime.securesms.crypto.SessionUtil,top_level,0,0,0,20,0,0,10,0,0,1,1,3,1,0,1,0,1,0,1,0,1,0,1,0,1,0,1,0,1,2,1,0,1,0,1,0,1
Signal-Android,2018-1,2019-1,org.thoughtcrime.securesms.crypto.storage.SignalProtocolStoreImpl,top_level,5,5,0,67,0,5,70,0,5,1,1,1,1,0,1,0,1,0,1,0,1,0,1,0,1,0,1,0,1,0,1,0,1,0,1,0,1
Signal-Android,2018-1,2019-1,org.thoughtcrime.securesms.crypto.storage.TextSecureIdentityKeyStore,top_level,1,1,0,72,0,1,79,0,1,1,1,14,16,0,1,0,1,0,1,0,1,0,1,0,1,0,1,0,1,14,1,16,1,0,1,0,1
Signal-Android,2018-1,2019-1,org.thoughtcrime.securesms.crypto.storage.TextSecurePreKeyStore,top_level,9,4,-5,141,0,5,44,0,4,1,1,12,9,0,1,0,1,0,1,0,1,0,1,0,1,0,1,0,1,10,1,9,1,0,1,0,1
Signal-Android,2018-1,2019-1,org.thoughtcrime.securesms.crypto.storage.TextSecureSessionStore,top_level,8,2,-6,138,0,2,50,0,1,1,1,19,14,0,1,0,1,0,1,0,1,0,1,0,1,0,1,0,1,15,1,14,1,1,1,0,1
Signal-Android,2018-1,2019-1,org.thoughtcrime.securesms.database.Address,top_level,7,7,0,132,0,7,132,0,7,1,1,24,24,0,1,0,1,0,1,0,1,0,1,0,1,0,1,0,1,15,1,15,1,0,1,0,1
Signal-Android,2018-1,2019-1,org.thoughtcrime.securesms.database.ApnDatabase,top_level,0,0,0,98,0,0,98,0,0,1,1,3,3,0,1,0,1,0,1,0,1,0,1,0,1,0,1,0,1,2,1,2,1,0,1,0,1
Signal-Android,2018-1,2019-1,org.thoughtcrime.securesms.database.AttachmentDatabase,top_level,8,6,-2,389,0,2,500,0,2,1,1,49,54,0,1,0,1,0,1,0,1,0,1,0,1,0,1,0,1,46,1,49,1,0,1,0,1
Signal-Android,2018-1,2019-1,org.thoughtcrime.securesms.database.ContentValuesBuilder,top_level,0,0,0,19,0,0,19,0,0,0,0,,,,0,,0,,0,,0,,0,,0,,0,,0,,0,,0,,0,,0
Signal-Android,2018-1,2019-1,org.thoughtcrime.securesms.database.CursorRecyclerViewAdapter<VH>,top_level,26,26,0,126,0,15,128,0,15,0,0,,,,0,,0,,0,,0,,0,,0,,0,,0,,0,,0,,0,,0
Signal-Android,2018-1,2019-1,org.thoughtcrime.securesms.database.Database,top_level,2,3,1,22,0,2,26,0,3,1,1,2,6,0,1,0,1,0,1,0,1,0,1,0,1,0,1,0,1,2,1,6,1,0,1,0,1
Signal-Android,2018-1,2019-1,org.thoughtcrime.securesms.database.DatabaseFactory,top_level,0,0,0,1027,0,0,101,0,0,1,1,114,25,0,1,0,1,2,1,0,1,0,1,0,1,0,1,0,1,78,1,23,1,2,1,0,1
Signal-Android,2018-1,2019-1,org.thoughtcrime.securesms.database.DraftDatabase,top_level,2,2,0,97,0,2,95,0,2,1,1,4,4,1,1,1,1,0,1,0,1,0,1,0,1,0,1,0,1,3,1,3,1,0,1,0,1
Signal-Android,2018-1,2019-1,org.thoughtcrime.securesms.database.EarlyReceiptCache,top_level,0,0,0,20,0,0,20,0,0,1,1,1,1,0,1,0,1,0,1,0,1,0,1,0,1,0,1,0,1,1,1,1,1,0,1,0,1
Signal-Android,2018-1,2019-1,"org.thoughtcrime.securesms.database.FastCursorRecyclerViewAdapter<VH,T>",top_level,19,19,0,58,0,14,59,0,14,0,0,,,,0,,0,,0,,0,,0,,0,,0,,0,,0,,0,,0,,0
Signal-Android,2018-1,2019-1,org.thoughtcrime.securesms.database.GroupDatabase,top_level,3,3,0,267,0,2,268,0,2,1,1,13,13,1,1,1,1,0,1,0,1,1,1,1,1,0,1,0,1,11,1,11,1,0,1,0,1
Signal-Android,2018-1,2019-1,org.thoughtcrime.securesms.database.GroupReceiptDatabase,top_level,2,2,0,63,0,2,75,0,2,1,1,1,2,0,1,1,1,0,1,0,1,0,1,0,1,0,1,0,1,1,1,1,1,0,1,0,1
Signal-Android,2018-1,2019-1,org.thoughtcrime.securesms.database.IdentityDatabase,top_level,0,0,0,132,0,0,133,0,0,1,1,6,6,1,1,1,1,0,1,0,1,0,1,0,1,0,1,0,1,5,1,5,1,0,1,0,1
Signal-Android,2018-1,2019-1,org.thoughtcrime.securesms.database.MediaDatabase,top_level,0,0,0,76,0,0,84,0,0,1,1,2,6,0,1,1,1,0,1,0,1,0,1,0,1,0,1,0,1,2,1,5,1,0,1,0,1
Signal-Android,2018-1,2019-1,org.thoughtcrime.securesms.database.MessagingDatabase,top_level,3,4,1,144,0,3,145,0,4,1,1,10,10,1,1,1,1,0,1,0,1,0,1,0,1,0,1,0,1,8,1,8,1,0,1,0,1
Signal-Android,2018-1,2019-1,org.thoughtcrime.securesms.database.MmsDatabase,top_level,34,44,10,796,0,22,889,0,27,1,1,112,172,1,1,1,1,0,1,0,1,0,1,0,1,0,1,0,1,90,1,143,1,1,1,1,1
Signal-Android,2018-1,2019-1,org.thoughtcrime.securesms.database.MmsSmsColumns,top_level,0,0,0,158,0,0,155,0,0,1,1,1,1,0,1,0,1,0,1,0,1,0,1,0,1,0,1,0,1,0,1,0,1,0,1,0,1
Signal-Android,2018-1,2019-1,org.thoughtcrime.securesms.database.MmsSmsDatabase,top_level,4,7,3,262,0,2,293,0,3,1,1,16,21,0,1,0,1,1,1,1,1,0,1,0,1,0,1,0,1,14,1,19,1,0,1,0,1
Signal-Android,2018-1,2019-1,org.thoughtcrime.securesms.database.NoExternalStorageException,top_level,1,1,0,8,0,1,8,0,1,0,0,,,,0,,0,,0,,0,,0,,0,,0,,0,,0,,0,,0,,0
Signal-Android,2018-1,2019-1,org.thoughtcrime.securesms.database.NoSuchMessageException,top_level,0,0,0,3,0,0,3,0,0,0,0,,,,0,,0,,0,,0,,0,,0,,0,,0,,0,,0,,0,,0
Signal-Android,2018-1,2019-1,org.thoughtcrime.securesms.database.NotInDirectoryException,top_level,0,0,0,1,0,0,1,0,0,0,0,,,,0,,0,,0,,0,,0,,0,,0,,0,,0,,0,,0,,0
Signal-Android,2018-1,2019-1,org.thoughtcrime.securesms.database.PushDatabase,top_level,1,1,0,97,0,1,106,0,1,1,1,3,3,0,1,0,1,0,1,0,1,0,1,0,1,0,1,0,1,3,1,3,1,0,1,0,1
Signal-Android,2018-1,2019-1,org.thoughtcrime.securesms.database.RecipientDatabase,top_level,1,5,4,381,0,1,476,0,3,1,1,25,32,1,1,1,1,0,1,0,1,1,1,1,1,0,1,0,1,19,1,26,1,1,1,1,1
Signal-Android,2018-1,2019-1,org.thoughtcrime.securesms.database.SmsDatabase,top_level,39,43,4,542,0,28,559,0,31,1,1,83,80,0,1,0,1,0,1,0,1,0,1,0,1,0,1,0,1,66,1,62,1,1,1,1,1
Signal-Android,2018-1,2019-1,org.thoughtcrime.securesms.database.SmsMigrator,top_level,0,0,0,163,0,0,148,0,0,1,1,19,19,0,1,0,1,0,1,0,1,0,1,0,1,0,1,0,1,18,1,18,1,0,1,0,1
Signal-Android,2018-1,2019-1,org.thoughtcrime.securesms.database.ThreadDatabase,top_level,35,35,0,450,0,16,442,0,16,1,1,45,42,0,1,0,1,0,1,0,1,1,1,1,1,0,1,0,1,41,1,38,1,0,1,0,1
Signal-Android,2018-1,2019-1,org.thoughtcrime.securesms.database.XmlBackup,top_level,17,17,0,154,0,1,154,0,1,1,1,27,27,1,1,1,1,0,1,0,1,1,1,1,1,0,1,0,1,19,1,19,1,0,1,0,1
Signal-Android,2018-1,2019-1,org.thoughtcrime.securesms.database.documents.Document<T>,top_level,2,2,0,3,0,1,3,0,1,0,0,,,,0,,0,,0,,0,,0,,0,,0,,0,,0,,0,,0,,0
Signal-Android,2018-1,2019-1,org.thoughtcrime.securesms.database.documents.IdentityKeyMismatch,top_level,2,2,0,40,0,2,40,0,2,1,1,3,3,0,1,0,1,0,1,0,1,0,1,0,1,0,1,0,1,2,1,2,1,0,1,0,1
Signal-Android,2018-1,2019-1,org.thoughtcrime.securesms.database.documents.IdentityKeyMismatchList,top_level,3,3,0,15,0,2,15,0,2,1,1,1,1,0,1,0,1,0,1,0,1,0,1,0,1,0,1,0,1,0,1,0,1,0,1,0,1
Signal-Android,2018-1,2019-1,org.thoughtcrime.securesms.database.documents.NetworkFailure,top_level,2,2,0,17,0,2,17,0,2,1,1,1,1,0,1,0,1,0,1,0,1,0,1,0,1,0,1,0,1,0,1,0,1,0,1,0,1
Signal-Android,2018-1,2019-1,org.thoughtcrime.securesms.database.documents.NetworkFailureList,top_level,3,3,0,15,0,2,15,0,2,1,1,1,1,0,1,0,1,0,1,0,1,0,1,0,1,0,1,0,1,0,1,0,1,0,1,0,1
Signal-Android,2018-1,2019-1,org.thoughtcrime.securesms.database.identity.IdentityRecordList,top_level,10,10,0,51,0,4,51,0,4,1,1,1,1,0,1,0,1,0,1,0,1,0,1,0,1,0,1,0,1,1,1,1,1,0,1,0,1
Signal-Android,2018-1,2019-1,org.thoughtcrime.securesms.database.loaders.BlockedContactsLoader,top_level,0,0,0,7,0,0,7,0,0,1,1,1,1,0,1,0,1,0,1,0,1,0,1,0,1,0,1,0,1,1,1,1,1,0,1,0,1
Signal-Android,2018-1,2019-1,org.thoughtcrime.securesms.database.loaders.BucketedThreadMediaLoader,top_level,6,7,1,113,0,3,118,0,4,1,1,31,33,0,1,0,1,0,1,0,1,0,1,0,1,0,1,0,1,31,1,33,1,0,1,0,1
Signal-Android,2018-1,2019-1,org.thoughtcrime.securesms.database.loaders.ConversationListLoader,top_level,0,0,0,41,0,0,41,0,0,1,1,7,7,0,1,0,1,0,1,0,1,0,1,0,1,0,1,0,1,7,1,7,1,0,1,0,1
Signal-Android,2018-1,2019-1,org.thoughtcrime.securesms.database.loaders.ConversationLoader,top_level,3,5,2,24,0,3,30,0,5,1,1,3,4,0,1,0,1,0,1,0,1,0,1,0,1,0,1,0,1,2,1,2,1,0,1,0,1
Signal-Android,2018-1,2019-1,org.thoughtcrime.securesms.database.loaders.CountryListLoader,top_level,0,0,0,18,0,0,18,0,0,1,1,4,4,0,1,0,1,0,1,0,1,0,1,0,1,0,1,0,1,4,1,4,1,0,1,0,1
Signal-Android,2018-1,2019-1,org.thoughtcrime.securesms.database.loaders.DeviceListLoader,top_level,0,0,0,25,0,0,55,0,0,1,1,2,18,0,1,0,1,0,1,0,1,0,1,0,1,0,1,0,1,2,1,18,1,0,1,0,1
Signal-Android,2018-1,2019-1,org.thoughtcrime.securesms.database.loaders.MessageDetailsLoader,top_level,0,0,0,16,0,0,16,0,0,1,1,2,2,0,1,0,1,0,1,0,1,0,1,0,1,0,1,0,1,2,1,2,1,0,1,0,1
Signal-Android,2018-1,2019-1,org.thoughtcrime.securesms.database.loaders.PagingMediaLoader,top_level,0,0,0,20,0,0,22,0,0,1,1,3,3,0,1,0,1,0,1,0,1,0,1,0,1,0,1,0,1,3,1,3,1,0,1,0,1
Signal-Android,2018-1,2019-1,org.thoughtcrime.securesms.database.loaders.RecentPhotosLoader,top_level,0,0,0,21,0,0,21,0,0,1,1,2,2,0,1,0,1,0,1,0,1,0,1,0,1,1,1,1,1,1,1,1,1,0,1,0,1
Signal-Android,2018-1,2019-1,org.thoughtcrime.securesms.database.loaders.ThreadMediaLoader,top_level,0,0,0,18,0,0,14,0,0,1,1,3,3,0,1,0,1,0,1,0,1,0,1,0,1,0,1,0,1,3,1,3,1,0,1,0,1
Signal-Android,2018-1,2019-1,org.thoughtcrime.securesms.database.model.DisplayRecord,top_level,25,24,-1,93,0,25,83,0,24,1,1,20,20,0,1,0,1,0,1,0,1,1,1,1,1,0,1,0,1,19,1,19,1,0,1,0,1
Signal-Android,2018-1,2019-1,org.thoughtcrime.securesms.database.model.MediaMmsMessageRecord,top_level,2,2,0,38,0,2,36,0,2,1,1,6,4,0,1,0,1,0,1,0,1,1,1,1,1,0,1,0,1,5,1,3,1,0,1,0,1
Signal-Android,2018-1,2019-1,org.thoughtcrime.securesms.database.model.MessageRecord,top_level,27,28,1,127,0,25,136,0,26,1,1,39,33,0,1,0,1,0,1,0,1,1,1,1,1,0,1,0,1,31,1,25,1,1,1,1,1
Signal-Android,2018-1,2019-1,org.thoughtcrime.securesms.database.model.MmsMessageRecord,top_level,6,6,0,24,0,3,33,0,3,1,1,2,2,0,1,0,1,0,1,0,1,1,1,1,1,0,1,0,1,1,1,1,1,0,1,0,1
Signal-Android,2018-1,2019-1,org.thoughtcrime.securesms.database.model.NotificationMmsMessageRecord,top_level,10,10,0,54,0,10,54,0,10,1,1,1,1,0,1,0,1,0,1,0,1,1,1,1,1,0,1,0,1,0,1,0,1,0,1,0,1
Signal-Android,2018-1,2019-1,org.thoughtcrime.securesms.database.model.SmsMessageRecord,top_level,3,3,0,53,0,3,49,0,3,1,1,14,12,0,1,0,1,0,1,0,1,1,1,1,1,0,1,0,1,7,1,5,1,0,1,0,1
Signal-Android,2018-1,2019-1,org.thoughtcrime.securesms.database.model.ThreadRecord,top_level,7,7,0,92,0,7,91,0,7,1,1,31,26,1,1,1,1,0,1,0,1,1,1,1,1,0,1,0,1,22,1,17,1,0,1,0,1
Signal-Android,2018-1,2019-1,org.thoughtcrime.securesms.dependencies.AxolotlStorageModule,top_level,1,1,0,13,0,1,13,0,1,0,0,,,,0,,0,,0,,0,,0,,0,,0,,0,,0,,0,,0,,0
Signal-Android,2018-1,2019-1,org.thoughtcrime.securesms.dependencies.InjectableType,top_level,0,0,0,1,0,0,1,0,0,0,0,,,,0,,0,,0,,0,,0,,0,,0,,0,,0,,0,,0,,0
Signal-Android,2018-1,2019-1,org.thoughtcrime.securesms.dependencies.SignalCommunicationModule,top_level,0,0,0,93,0,0,109,0,0,1,1,1,1,0,1,0,1,0,1,0,1,0,1,0,1,0,1,0,1,0,1,0,1,0,1,0,1
Signal-Android,2018-1,2019-1,org.thoughtcrime.securesms.events.PartProgressEvent,top_level,0,0,0,8,0,0,8,0,0,0,0,,,,0,,0,,0,,0,,0,,0,,0,,0,,0,,0,,0,,0
Signal-Android,2018-1,2019-1,org.thoughtcrime.securesms.events.RedPhoneEvent,top_level,1,1,0,32,0,1,32,0,1,0,0,,,,0,,0,,0,,0,,0,,0,,0,,0,,0,,0,,0,,0
Signal-Android,2018-1,2019-1,org.thoughtcrime.securesms.events.ReminderUpdateEvent,top_level,0,0,0,1,0,0,1,0,0,0,0,,,,0,,0,,0,,0,,0,,0,,0,,0,,0,,0,,0,,0
Signal-Android,2018-1,2019-1,org.thoughtcrime.securesms.events.WebRtcViewModel,top_level,5,4,-1,53,0,5,62,0,4,1,1,1,1,1,1,1,1,0,1,0,1,0,1,0,1,0,1,0,1,0,1,0,1,0,1,0,1
Signal-Android,2018-1,2019-1,org.thoughtcrime.securesms.gcm.GcmBroadcastReceiver,top_level,0,3,3,22,0,0,81,0,0,1,1,2,3,0,1,0,1,0,1,0,1,0,1,0,1,0,1,0,1,2,1,3,1,0,1,0,1
Signal-Android,2018-1,2019-1,org.thoughtcrime.securesms.giph.model.GiphyImage,top_level,4,6,2,51,0,4,55,0,6,0,0,,,,0,,0,,0,,0,,0,,0,,0,,0,,0,,0,,0,,0
Signal-Android,2018-1,2019-1,org.thoughtcrime.securesms.giph.model.GiphyPaddedUrl,top_level,2,2,0,22,0,2,22,0,2,1,1,1,1,0,1,0,1,0,1,0,1,0,1,0,1,0,1,0,1,0,1,0,1,0,1,0,1
Signal-Android,2018-1,2019-1,org.thoughtcrime.securesms.giph.model.GiphyResponse,top_level,0,0,0,5,0,0,5,0,0,0,0,,,,0,,0,,0,,0,,0,,0,,0,,0,,0,,0,,0,,0
Signal-Android,2018-1,2019-1,org.thoughtcrime.securesms.giph.net.GiphyGifLoader,top_level,0,0,0,9,0,0,9,0,0,0,0,,,,0,,0,,0,,0,,0,,0,,0,,0,,0,,0,,0,,0
Signal-Android,2018-1,2019-1,org.thoughtcrime.securesms.giph.net.GiphyLoader,top_level,0,0,0,30,0,0,30,0,0,1,1,7,7,0,1,0,1,0,1,0,1,0,1,0,1,1,1,1,1,5,1,5,1,0,1,0,1
Signal-Android,2018-1,2019-1,org.thoughtcrime.securesms.giph.net.GiphyProxySelector,top_level,3,3,0,34,0,2,34,0,2,1,1,3,3,0,1,0,1,0,1,0,1,0,1,0,1,0,1,0,1,3,1,3,1,0,1,0,1
Signal-Android,2018-1,2019-1,org.thoughtcrime.securesms.giph.net.GiphyStickerLoader,top_level,0,0,0,9,0,0,9,0,0,0,0,,,,0,,0,,0,,0,,0,,0,,0,,0,,0,,0,,0,,0
Signal-Android,2018-1,2019-1,org.thoughtcrime.securesms.giph.ui.AspectRatioImageView,top_level,11,11,0,39,0,7,39,0,7,0,0,,,,0,,0,,0,,0,,0,,0,,0,,0,,0,,0,,0,,0
Signal-Android,2018-1,2019-1,org.thoughtcrime.securesms.giph.ui.GiphyActivity,top_level,4,4,0,92,0,4,100,0,4,1,1,9,12,0,1,0,1,0,1,0,1,0,1,0,1,0,1,0,1,9,1,12,1,0,1,0,1
Signal-Android,2018-1,2019-1,org.thoughtcrime.securesms.giph.ui.GiphyActivityToolbar,top_level,6,6,0,107,0,5,107,0,5,1,1,10,10,0,1,0,1,0,1,0,1,0,1,0,1,0,1,0,1,5,1,5,1,0,1,0,1
Signal-Android,2018-1,2019-1,org.thoughtcrime.securesms.giph.ui.GiphyAdapter,top_level,5,5,0,96,0,4,98,0,4,1,1,9,8,0,1,0,1,0,1,0,1,0,1,0,1,0,1,0,1,8,1,8,1,0,1,0,1
Signal-Android,2018-1,2019-1,org.thoughtcrime.securesms.giph.ui.GiphyFragment,top_level,2,2,0,61,0,1,61,0,1,1,1,2,2,0,1,0,1,0,1,0,1,0,1,0,1,0,1,0,1,2,1,2,1,0,1,0,1
Signal-Android,2018-1,2019-1,org.thoughtcrime.securesms.giph.ui.GiphyGifFragment,top_level,0,0,0,4,0,0,4,0,0,0,0,,,,0,,0,,0,,0,,0,,0,,0,,0,,0,,0,,0,,0
Signal-Android,2018-1,2019-1,org.thoughtcrime.securesms.giph.ui.GiphyStickerFragment,top_level,0,0,0,4,0,0,4,0,0,0,0,,,,0,,0,,0,,0,,0,,0,,0,,0,,0,,0,,0,,0
Signal-Android,2018-1,2019-1,org.thoughtcrime.securesms.giph.util.InfiniteScrollListener,top_level,1,1,0,24,0,1,24,0,1,1,1,5,5,0,1,0,1,0,1,0,1,0,1,0,1,1,1,1,1,2,1,2,1,0,1,0,1
Signal-Android,2018-1,2019-1,org.thoughtcrime.securesms.giph.util.RecyclerViewPositionHelper,top_level,10,10,0,48,0,5,48,0,5,1,1,5,5,0,1,0,1,0,1,0,1,0,1,0,1,0,1,0,1,2,1,2,1,0,1,0,1
Signal-Android,2018-1,2019-1,org.thoughtcrime.securesms.glide.ContactPhotoFetcher,top_level,4,4,0,29,0,2,29,0,2,0,0,,,,0,,0,,0,,0,,0,,0,,0,,0,,0,,0,,0,,0
Signal-Android,2018-1,2019-1,org.thoughtcrime.securesms.glide.ContactPhotoLoader,top_level,0,0,0,20,0,0,20,0,0,0,0,,,,0,,0,,0,,0,,0,,0,,0,,0,,0,,0,,0,,0
Signal-Android,2018-1,2019-1,org.thoughtcrime.securesms.glide.GiphyPaddedUrlFetcher,top_level,11,11,0,156,0,2,156,0,2,1,1,16,16,0,1,0,1,0,1,0,1,0,1,0,1,0,1,0,1,10,1,10,1,0,1,0,1
Signal-Android,2018-1,2019-1,org.thoughtcrime.securesms.glide.GiphyPaddedUrlLoader,top_level,0,0,0,20,0,0,20,0,0,0,0,,,,0,,0,,0,,0,,0,,0,,0,,0,,0,,0,,0,,0
Signal-Android,2018-1,2019-1,org.thoughtcrime.securesms.glide.OkHttpStreamFetcher,top_level,5,5,0,45,0,2,45,0,2,1,1,5,5,0,1,0,1,0,1,0,1,0,1,0,1,0,1,0,1,5,1,5,1,0,1,0,1
Signal-Android,2018-1,2019-1,org.thoughtcrime.securesms.glide.OkHttpUrlLoader,top_level,0,0,0,31,0,0,31,0,0,0,0,,,,0,,0,,0,,0,,0,,0,,0,,0,,0,,0,,0,,0
Signal-Android,2018-1,2019-1,org.thoughtcrime.securesms.groups.GroupManager,top_level,0,0,0,83,0,0,80,0,0,1,1,10,10,0,1,0,1,0,1,0,1,0,1,0,1,0,1,0,1,6,1,6,1,0,1,0,1
Signal-Android,2018-1,2019-1,org.thoughtcrime.securesms.groups.GroupMessageProcessor,top_level,0,0,0,149,0,0,143,0,0,1,1,59,58,0,1,0,1,0,1,0,1,0,1,0,1,0,1,0,1,54,1,53,1,0,1,0,1
Signal-Android,2018-1,2019-1,org.thoughtcrime.securesms.jobs.AttachmentDownloadJob,top_level,2,10,8,112,0,2,136,0,3,1,1,3,8,0,1,0,1,0,1,0,1,0,1,0,1,0,1,0,1,2,1,7,1,0,1,0,1
Signal-Android,2018-1,2019-1,org.thoughtcrime.securesms.jobs.AvatarDownloadJob,top_level,2,8,6,51,0,2,59,0,2,1,1,9,10,0,1,0,1,0,1,0,1,0,1,0,1,0,1,0,1,8,1,9,1,0,1,0,1
Signal-Android,2018-1,2019-1,org.thoughtcrime.securesms.jobs.CleanPreKeysJob,top_level,2,7,5,58,0,2,62,0,2,1,1,2,2,0,1,0,1,0,1,0,1,0,1,0,1,0,1,0,1,1,1,1,1,0,1,0,1
Signal-Android,2018-1,2019-1,org.thoughtcrime.securesms.jobs.ContextJob,top_level,0,0,0,9,0,0,11,0,0,0,0,,,,0,,0,,0,,0,,0,,0,,0,,0,,0,,0,,0,,0
Signal-Android,2018-1,2019-1,org.thoughtcrime.securesms.jobs.CreateSignedPreKeyJob,top_level,2,4,2,31,0,2,34,0,2,1,1,1,1,0,1,0,1,0,1,0,1,0,1,0,1,0,1,0,1,0,1,0,1,0,1,0,1
Signal-Android,2018-1,2019-1,org.thoughtcrime.securesms.jobs.DirectoryRefreshJob,top_level,5,3,-2,38,0,3,43,0,2,1,1,2,4,0,1,0,1,0,1,0,1,0,1,0,1,0,1,0,1,1,1,3,1,0,1,0,1
Signal-Android,2018-1,2019-1,org.thoughtcrime.securesms.jobs.GcmRefreshJob,top_level,6,5,-1,45,0,4,52,0,3,1,1,2,2,0,1,0,1,0,1,0,1,0,1,0,1,0,1,0,1,1,1,1,1,0,1,0,1
Signal-Android,2018-1,2019-1,org.thoughtcrime.securesms.jobs.MmsDownloadJob,top_level,5,21,16,137,0,2,148,0,4,1,1,34,38,0,1,0,1,0,1,0,1,0,1,0,1,0,1,0,1,23,1,27,1,0,1,0,1
Signal-Android,2018-1,2019-1,org.thoughtcrime.securesms.jobs.MmsReceiveJob,top_level,8,7,-1,48,0,3,60,0,2,1,1,4,6,0,1,0,1,0,1,0,1,0,1,0,1,0,1,0,1,3,1,5,1,0,1,0,1
Signal-Android,2018-1,2019-1,org.thoughtcrime.securesms.jobs.MmsSendJob,top_level,2,5,3,163,0,2,175,0,2,1,1,37,38,0,1,0,1,1,1,1,1,0,1,0,1,0,1,0,1,26,1,27,1,1,1,1,1
Signal-Android,2018-1,2019-1,org.thoughtcrime.securesms.jobs.MultiDeviceBlockedUpdateJob,top_level,2,5,3,30,0,2,41,0,2,1,1,3,6,0,1,0,1,0,1,0,1,0,1,0,1,0,1,0,1,2,1,5,1,0,1,0,1
Signal-Android,2018-1,2019-1,org.thoughtcrime.securesms.jobs.MultiDeviceContactUpdateJob,top_level,8,14,6,148,0,3,183,0,3,1,1,24,36,0,1,0,1,0,1,0,1,0,1,0,1,0,1,0,1,22,1,31,1,0,1,1,1
Signal-Android,2018-1,2019-1,org.thoughtcrime.securesms.jobs.MultiDeviceGroupUpdateJob,top_level,2,11,9,63,0,2,74,0,2,1,1,3,11,0,1,0,1,0,1,0,1,0,1,0,1,0,1,0,1,2,1,7,1,0,1,0,1
Signal-Android,2018-1,2019-1,org.thoughtcrime.securesms.jobs.MultiDeviceProfileKeyUpdateJob,top_level,2,3,1,41,0,2,45,0,2,1,1,2,2,0,1,0,1,0,1,0,1,0,1,0,1,0,1,0,1,1,1,1,1,0,1,0,1
Signal-Android,2018-1,2019-1,org.thoughtcrime.securesms.jobs.MultiDeviceReadReceiptUpdateJob,top_level,3,3,0,23,0,3,34,0,2,0,1,,1,,0,0,1,,0,0,1,,0,0,1,,0,0,1,,0,1,1,,0,0,1
Signal-Android,2018-1,2019-1,org.thoughtcrime.securesms.jobs.MultiDeviceReadUpdateJob,top_level,2,4,2,37,0,2,56,0,2,0,1,,1,,0,0,1,,0,0,1,,0,0,1,,0,0,1,,0,1,1,,0,0,1
Signal-Android,2018-1,2019-1,org.thoughtcrime.securesms.jobs.MultiDeviceVerifiedUpdateJob,top_level,6,5,-1,49,0,3,69,0,2,1,1,1,5,0,1,0,1,0,1,0,1,0,1,0,1,0,1,0,1,1,1,5,1,0,1,0,1
Signal-Android,2018-1,2019-1,org.thoughtcrime.securesms.jobs.PushContentReceiveJob,top_level,4,3,-1,27,0,3,32,0,2,0,1,,1,,0,0,1,,0,0,1,,0,0,1,,0,0,1,,0,1,1,,0,0,1
Signal-Android,2018-1,2019-1,org.thoughtcrime.securesms.jobs.PushDecryptJob,top_level,6,6,0,523,0,3,661,0,4,1,1,222,295,0,1,0,1,0,1,0,1,0,1,0,1,0,1,0,1,206,1,274,1,1,1,1,1
Signal-Android,2018-1,2019-1,org.thoughtcrime.securesms.jobs.PushGroupSendJob,top_level,2,21,19,105,0,2,146,0,3,1,1,23,65,0,1,0,1,0,1,0,1,0,1,0,1,0,1,0,1,19,1,54,1,0,1,0,1
Signal-Android,2018-1,2019-1,org.thoughtcrime.securesms.jobs.PushGroupUpdateJob,top_level,6,5,-1,50,0,3,68,0,2,1,1,8,12,0,1,0,1,0,1,0,1,0,1,0,1,0,1,0,1,8,1,11,1,0,1,0,1
Signal-Android,2018-1,2019-1,org.thoughtcrime.securesms.jobs.PushMediaSendJob,top_level,2,16,14,71,0,2,104,0,3,1,1,5,18,0,1,0,1,0,1,0,1,0,1,0,1,0,1,0,1,4,1,15,1,0,1,0,1
Signal-Android,2018-1,2019-1,org.thoughtcrime.securesms.jobs.PushNotificationReceiveJob,top_level,3,2,-1,24,0,3,38,0,2,0,0,,,,0,,0,,0,,0,,0,,0,,0,,0,,0,,0,,0,,0
Signal-Android,2018-1,2019-1,org.thoughtcrime.securesms.jobs.PushReceivedJob,top_level,0,0,0,30,0,0,30,0,0,1,1,5,2,0,1,0,1,0,1,0,1,0,1,0,1,0,1,0,1,5,1,2,1,0,1,0,1
Signal-Android,2018-1,2019-1,org.thoughtcrime.securesms.jobs.PushSendJob,top_level,0,9,9,54,0,0,122,0,4,1,1,6,17,0,1,0,1,0,1,0,1,0,1,0,1,0,1,0,1,4,1,15,1,0,1,0,1
Signal-Android,2018-1,2019-1,org.thoughtcrime.securesms.jobs.PushTextSendJob,top_level,4,18,14,62,0,2,93,0,3,1,1,8,21,0,1,0,1,0,1,0,1,0,1,0,1,0,1,0,1,7,1,19,1,0,1,0,1
Signal-Android,2018-1,2019-1,org.thoughtcrime.securesms.jobs.RefreshAttributesJob,top_level,3,2,-1,25,0,3,35,0,2,0,0,,,,0,,0,,0,,0,,0,,0,,0,,0,,0,,0,,0,,0
Signal-Android,2018-1,2019-1,org.thoughtcrime.securesms.jobs.RefreshPreKeysJob,top_level,2,5,3,37,0,2,41,0,2,1,1,3,3,0,1,0,1,0,1,0,1,0,1,0,1,0,1,0,1,2,1,2,1,0,1,0,1
Signal-Android,2018-1,2019-1,org.thoughtcrime.securesms.jobs.RequestGroupInfoJob,top_level,3,2,-1,31,0,3,47,0,2,0,1,,2,,0,0,1,,0,0,1,,0,0,1,,0,0,1,,0,2,1,,0,0,1
Signal-Android,2018-1,2019-1,org.thoughtcrime.securesms.jobs.RetrieveProfileAvatarJob,top_level,7,6,-1,46,0,3,58,0,2,1,1,5,8,0,1,0,1,0,1,0,1,0,1,0,1,0,1,0,1,4,1,7,1,0,1,0,1
Signal-Android,2018-1,2019-1,org.thoughtcrime.securesms.jobs.RetrieveProfileJob,top_level,5,4,-1,75,0,3,121,0,2,1,1,10,18,0,1,0,1,0,1,0,1,0,1,0,1,0,1,0,1,10,1,17,1,0,1,0,1
Signal-Android,2018-1,2019-1,org.thoughtcrime.securesms.jobs.RotateSignedPreKeyJob,top_level,2,2,0,29,0,2,33,0,2,1,1,1,1,0,1,0,1,0,1,0,1,0,1,0,1,0,1,0,1,1,1,1,1,0,1,0,1
Signal-Android,2018-1,2019-1,org.thoughtcrime.securesms.jobs.SendJob,top_level,0,3,3,34,0,0,53,0,2,1,1,1,3,0,1,0,1,0,1,0,1,0,1,0,1,0,1,0,1,0,1,2,1,0,1,0,1
Signal-Android,2018-1,2019-1,org.thoughtcrime.securesms.jobs.SendReadReceiptJob,top_level,4,3,-1,30,0,3,51,0,2,1,1,1,4,0,1,0,1,0,1,0,1,0,1,0,1,0,1,0,1,0,1,3,1,0,1,0,1
Signal-Android,2018-1,2019-1,org.thoughtcrime.securesms.jobs.SmsReceiveJob,top_level,8,6,-2,60,0,3,77,0,2,1,1,9,11,0,1,0,1,0,1,0,1,0,1,0,1,0,1,0,1,9,1,11,1,0,1,0,1
Signal-Android,2018-1,2019-1,org.thoughtcrime.securesms.jobs.SmsSendJob,top_level,2,12,10,108,0,2,140,0,4,1,1,13,17,0,1,0,1,0,1,0,1,0,1,0,1,0,1,0,1,10,1,13,1,0,1,0,1
Signal-Android,2018-1,2019-1,org.thoughtcrime.securesms.jobs.SmsSentJob,top_level,3,10,7,52,0,3,70,0,4,1,1,6,10,0,1,0,1,0,1,0,1,0,1,0,1,0,1,0,1,6,1,10,1,0,1,0,1
Signal-Android,2018-1,2019-1,org.thoughtcrime.securesms.jobs.TrimThreadJob,top_level,4,3,-1,23,0,3,29,0,2,1,1,1,2,0,1,0,1,0,1,0,1,0,1,0,1,0,1,0,1,1,1,2,1,0,1,0,1
Signal-Android,2018-1,2019-1,org.thoughtcrime.securesms.jobs.UpdateApkJob,top_level,12,11,-1,135,1,6,139,1,5,1,1,17,17,0,1,0,1,0,1,0,1,0,1,0,1,0,1,0,1,16,1,16,1,0,1,0,1
Signal-Android,2018-1,2019-1,org.thoughtcrime.securesms.jobs.requirements.MasterSecretRequirement,top_level,1,1,0,10,0,1,10,0,1,0,0,,,,0,,0,,0,,0,,0,,0,,0,,0,,0,,0,,0,,0
Signal-Android,2018-1,2019-1,org.thoughtcrime.securesms.jobs.requirements.MasterSecretRequirementProvider,top_level,0,0,0,15,0,0,15,0,0,1,1,1,1,0,1,0,1,0,1,0,1,0,1,0,1,0,1,0,1,0,1,0,1,0,1,0,1
Signal-Android,2018-1,2019-1,org.thoughtcrime.securesms.jobs.requirements.NetworkOrServiceRequirement,top_level,1,1,0,12,0,1,12,0,1,0,0,,,,0,,0,,0,,0,,0,,0,,0,,0,,0,,0,,0,,0
Signal-Android,2018-1,2019-1,org.thoughtcrime.securesms.jobs.requirements.ServiceRequirement,top_level,1,1,0,12,0,1,12,0,1,0,0,,,,0,,0,,0,,0,,0,,0,,0,,0,,0,,0,,0,,0
Signal-Android,2018-1,2019-1,org.thoughtcrime.securesms.jobs.requirements.ServiceRequirementProvider,top_level,5,5,0,25,0,2,25,0,2,0,0,,,,0,,0,,0,,0,,0,,0,,0,,0,,0,,0,,0,,0
Signal-Android,2018-1,2019-1,org.thoughtcrime.securesms.mms.ApnUnavailableException,top_level,1,1,0,8,0,1,8,0,1,0,0,,,,0,,0,,0,,0,,0,,0,,0,,0,,0,,0,,0,,0
Signal-Android,2018-1,2019-1,org.thoughtcrime.securesms.mms.AttachmentManager,top_level,5,5,0,313,0,3,339,0,3,1,1,57,61,0,1,0,1,1,1,1,1,0,1,0,1,0,1,0,1,47,1,51,1,0,1,0,1
Signal-Android,2018-1,2019-1,org.thoughtcrime.securesms.mms.AttachmentStreamLocalUriFetcher,top_level,4,4,0,37,0,2,37,0,2,0,0,,,,0,,0,,0,,0,,0,,0,,0,,0,,0,,0,,0,,0
Signal-Android,2018-1,2019-1,org.thoughtcrime.securesms.mms.AttachmentStreamUriLoader,top_level,1,1,0,37,0,1,37,0,1,1,1,1,1,0,1,0,1,0,1,0,1,0,1,0,1,0,1,0,1,1,1,1,1,0,1,0,1
Signal-Android,2018-1,2019-1,org.thoughtcrime.securesms.mms.AudioSlide,top_level,3,3,0,27,0,3,27,0,3,0,0,,,,0,,0,,0,,0,,0,,0,,0,,0,,0,,0,,0,,0
Signal-Android,2018-1,2019-1,org.thoughtcrime.securesms.mms.CompatMmsConnection,top_level,0,0,0,53,0,0,53,0,0,1,1,3,3,0,1,0,1,0,1,0,1,0,1,0,1,0,1,0,1,0,1,0,1,0,1,0,1
Signal-Android,2018-1,2019-1,org.thoughtcrime.securesms.mms.ContactPhotoLocalUriFetcher,top_level,0,0,0,11,0,0,11,0,0,1,1,2,2,0,1,0,1,0,1,0,1,0,1,0,1,0,1,0,1,2,1,2,1,0,1,0,1
Signal-Android,2018-1,2019-1,org.thoughtcrime.securesms.mms.DecryptableStreamLocalUriFetcher,top_level,0,0,0,21,0,0,19,0,0,1,1,3,2,0,1,0,1,0,1,0,1,0,1,0,1,0,1,0,1,1,1,1,1,0,1,0,1
Signal-Android,2018-1,2019-1,org.thoughtcrime.securesms.mms.DecryptableStreamUriLoader,top_level,1,1,0,38,0,1,36,0,1,1,1,1,1,0,1,0,1,0,1,0,1,0,1,0,1,0,1,0,1,1,1,1,1,0,1,0,1
Signal-Android,2018-1,2019-1,org.thoughtcrime.securesms.mms.DocumentSlide,top_level,1,1,0,10,0,1,10,0,1,0,0,,,,0,,0,,0,,0,,0,,0,,0,,0,,0,,0,,0,,0
Signal-Android,2018-1,2019-1,org.thoughtcrime.securesms.mms.GifSlide,top_level,0,0,0,9,0,0,9,0,0,0,0,,,,0,,0,,0,,0,,0,,0,,0,,0,,0,,0,,0,,0
Signal-Android,2018-1,2019-1,org.thoughtcrime.securesms.mms.ImageSlide,top_level,1,1,0,16,0,1,20,0,1,0,0,,,,0,,0,,0,,0,,0,,0,,0,,0,,0,,0,,0,,0
Signal-Android,2018-1,2019-1,org.thoughtcrime.securesms.mms.IncomingLegacyMmsConnection,top_level,2,2,0,68,0,1,72,0,1,1,1,4,4,0,1,0,1,0,1,0,1,0,1,0,1,0,1,0,1,4,1,4,1,0,1,0,1
Signal-Android,2018-1,2019-1,org.thoughtcrime.securesms.mms.IncomingLollipopMmsConnection,top_level,0,3,3,41,0,0,52,0,1,1,1,5,5,0,1,0,1,0,1,0,1,0,1,0,1,0,1,0,1,5,1,5,1,0,1,0,1
Signal-Android,2018-1,2019-1,org.thoughtcrime.securesms.mms.IncomingMediaMessage,top_level,6,7,1,67,0,6,83,0,7,1,1,2,2,1,1,1,1,0,1,0,1,1,1,1,1,0,1,0,1,0,1,0,1,0,1,0,1
Signal-Android,2018-1,2019-1,org.thoughtcrime.securesms.mms.IncomingMmsConnection,top_level,1,1,0,3,0,0,3,0,0,0,0,,,,0,,0,,0,,0,,0,,0,,0,,0,,0,,0,,0,,0
Signal-Android,2018-1,2019-1,org.thoughtcrime.securesms.mms.LegacyMmsConnection,top_level,1,1,0,159,0,1,159,0,1,1,1,21,21,1,1,1,1,0,1,0,1,0,1,0,1,1,1,1,1,16,1,16,1,0,1,0,1
Signal-Android,2018-1,2019-1,org.thoughtcrime.securesms.mms.LocationSlide,top_level,1,1,0,16,0,1,16,0,1,0,0,,,,0,,0,,0,,0,,0,,0,,0,,0,,0,,0,,0,,0
Signal-Android,2018-1,2019-1,org.thoughtcrime.securesms.mms.LollipopMmsConnection,top_level,5,5,0,34,0,3,34,0,3,1,1,2,2,0,1,0,1,0,1,0,1,0,1,0,1,0,1,0,1,2,1,2,1,0,1,0,1
Signal-Android,2018-1,2019-1,org.thoughtcrime.securesms.mms.MediaConstraints,top_level,2,2,0,44,0,0,42,0,0,0,0,,,,0,,0,,0,,0,,0,,0,,0,,0,,0,,0,,0,,0
Signal-Android,2018-1,2019-1,org.thoughtcrime.securesms.mms.MediaNotFoundException,top_level,1,1,0,8,0,1,8,0,1,0,0,,,,0,,0,,0,,0,,0,,0,,0,,0,,0,,0,,0,,0
Signal-Android,2018-1,2019-1,org.thoughtcrime.securesms.mms.MediaStream,top_level,0,2,2,10,0,0,18,0,2,0,1,,1,,0,1,1,,0,0,1,,0,0,1,,0,0,1,,0,0,1,,0,0,1
Signal-Android,2018-1,2019-1,org.thoughtcrime.securesms.mms.MediaTooLargeException,top_level,1,1,0,8,0,1,8,0,1,0,0,,,,0,,0,,0,,0,,0,,0,,0,,0,,0,,0,,0,,0
Signal-Android,2018-1,2019-1,org.thoughtcrime.securesms.mms.MmsConfigManager,top_level,0,0,0,19,0,0,19,0,0,1,1,4,4,0,1,0,1,0,1,0,1,0,1,0,1,0,1,0,1,3,1,3,1,0,1,0,1
Signal-Android,2018-1,2019-1,org.thoughtcrime.securesms.mms.MmsException,top_level,1,1,0,10,0,1,10,0,1,0,0,,,,0,,0,,0,,0,,0,,0,,0,,0,,0,,0,,0,,0
Signal-Android,2018-1,2019-1,org.thoughtcrime.securesms.mms.MmsMediaConstraints,top_level,1,1,0,41,0,1,41,0,1,0,0,,,,0,,0,,0,,0,,0,,0,,0,,0,,0,,0,,0,,0
Signal-Android,2018-1,2019-1,org.thoughtcrime.securesms.mms.MmsRadio,top_level,24,24,0,95,0,6,95,0,6,1,1,12,12,0,1,0,1,0,1,0,1,0,1,0,1,0,1,0,1,8,1,8,1,0,1,0,1
Signal-Android,2018-1,2019-1,org.thoughtcrime.securesms.mms.MmsRadioException,top_level,0,0,0,5,0,0,5,0,0,0,0,,,,0,,0,,0,,0,,0,,0,,0,,0,,0,,0,,0,,0
Signal-Android,2018-1,2019-1,org.thoughtcrime.securesms.mms.MmsSendResult,top_level,3,3,0,10,0,3,10,0,3,0,0,,,,0,,0,,0,,0,,0,,0,,0,,0,,0,,0,,0,,0
Signal-Android,2018-1,2019-1,org.thoughtcrime.securesms.mms.MmsSlide,top_level,0,0,0,7,0,0,7,0,0,0,0,,,,0,,0,,0,,0,,0,,0,,0,,0,,0,,0,,0,,0
Signal-Android,2018-1,2019-1,org.thoughtcrime.securesms.mms.OutgoingExpirationUpdateMessage,top_level,1,1,0,7,0,1,7,0,1,0,0,,,,0,,0,,0,,0,,0,,0,,0,,0,,0,,0,,0,,0
Signal-Android,2018-1,2019-1,org.thoughtcrime.securesms.mms.OutgoingGroupMediaMessage,top_level,3,3,0,30,0,3,34,0,3,1,1,2,2,0,1,0,1,0,1,0,1,0,1,0,1,0,1,0,1,2,1,2,1,0,1,0,1
Signal-Android,2018-1,2019-1,org.thoughtcrime.securesms.mms.OutgoingLegacyMmsConnection,top_level,8,8,0,80,0,2,80,0,2,1,1,6,6,0,1,0,1,0,1,0,1,0,1,0,1,0,1,0,1,6,1,6,1,0,1,0,1
Signal-Android,2018-1,2019-1,org.thoughtcrime.securesms.mms.OutgoingLollipopMmsConnection,top_level,0,0,0,47,0,0,47,0,0,1,1,4,4,0,1,0,1,0,1,0,1,0,1,0,1,0,1,0,1,4,1,4,1,0,1,0,1
Signal-Android,2018-1,2019-1,org.thoughtcrime.securesms.mms.OutgoingMediaMessage,top_level,8,8,0,60,0,8,85,0,8,1,1,1,2,1,1,1,1,0,1,0,1,0,1,1,1,0,1,0,1,0,1,0,1,0,1,0,1
Signal-Android,2018-1,2019-1,org.thoughtcrime.securesms.mms.OutgoingMmsConnection,top_level,1,1,0,3,0,0,3,0,0,0,0,,,,0,,0,,0,,0,,0,,0,,0,,0,,0,,0,,0,,0
Signal-Android,2018-1,2019-1,org.thoughtcrime.securesms.mms.OutgoingSecureMediaMessage,top_level,1,1,0,12,0,1,14,0,1,0,0,,,,0,,0,,0,,0,,0,,0,,0,,0,,0,,0,,0,,0
Signal-Android,2018-1,2019-1,org.thoughtcrime.securesms.mms.PartAuthority,top_level,0,0,0,86,0,0,86,0,0,1,1,4,4,0,1,0,1,0,1,0,1,0,1,0,1,0,1,0,1,3,1,3,1,0,1,0,1
Signal-Android,2018-1,2019-1,org.thoughtcrime.securesms.mms.PartParser,top_level,0,0,0,41,0,0,41,0,0,1,1,7,7,0,1,0,1,0,1,0,1,0,1,0,1,0,1,0,1,5,1,5,1,0,1,0,1
Signal-Android,2018-1,2019-1,org.thoughtcrime.securesms.mms.PartUriParser,top_level,2,2,0,10,0,2,10,0,2,1,1,1,1,0,1,0,1,0,1,0,1,0,1,0,1,0,1,0,1,1,1,1,1,0,1,0,1
Signal-Android,2018-1,2019-1,org.thoughtcrime.securesms.mms.PushMediaConstraints,top_level,0,0,0,26,0,0,26,0,0,0,0,,,,0,,0,,0,,0,,0,,0,,0,,0,,0,,0,,0,,0
Signal-Android,2018-1,2019-1,org.thoughtcrime.securesms.mms.SignalGlideModule,top_level,1,1,0,19,0,1,27,0,1,0,1,,5,,0,0,1,,0,0,1,,0,0,1,,0,0,1,,0,4,1,,0,0,1
Signal-Android,2018-1,2019-1,org.thoughtcrime.securesms.mms.Slide,top_level,12,12,0,80,0,12,97,0,12,1,1,10,11,0,1,0,1,0,1,0,1,0,1,1,1,0,1,0,1,9,1,9,1,0,1,0,1
Signal-Android,2018-1,2019-1,org.thoughtcrime.securesms.mms.SlideClickListener,top_level,1,1,0,2,0,0,2,0,0,0,0,,,,0,,0,,0,,0,,0,,0,,0,,0,,0,,0,,0,,0
Signal-Android,2018-1,2019-1,org.thoughtcrime.securesms.mms.SlideDeck,top_level,8,8,0,50,0,3,52,0,3,1,1,2,4,0,1,0,1,0,1,0,1,0,1,0,1,0,1,0,1,2,1,4,1,0,1,0,1
Signal-Android,2018-1,2019-1,org.thoughtcrime.securesms.mms.TextTransport,top_level,2,2,0,5,0,2,5,0,2,1,1,1,1,0,1,0,1,0,1,0,1,0,1,0,1,0,1,0,1,1,1,1,1,0,1,0,1
Signal-Android,2018-1,2019-1,org.thoughtcrime.securesms.mms.VideoSlide,top_level,4,4,0,23,0,4,23,0,4,0,0,,,,0,,0,,0,,0,,0,,0,,0,,0,,0,,0,,0,,0
Signal-Android,2018-1,2019-1,org.thoughtcrime.securesms.notifications.AbstractNotificationBuilder,top_level,2,2,0,44,0,1,45,0,1,1,1,4,5,0,1,0,1,0,1,0,1,0,1,0,1,0,1,0,1,4,1,4,1,0,1,0,1
Signal-Android,2018-1,2019-1,org.thoughtcrime.securesms.notifications.AndroidAutoHeardReceiver,top_level,0,0,0,26,0,0,26,0,0,1,1,2,2,0,1,0,1,0,1,0,1,0,1,0,1,0,1,0,1,2,1,2,1,0,1,0,1
Signal-Android,2018-1,2019-1,org.thoughtcrime.securesms.notifications.AndroidAutoReplyReceiver,top_level,0,0,0,41,0,0,41,0,0,1,1,2,2,0,1,0,1,0,1,0,1,0,1,0,1,0,1,0,1,2,1,2,1,0,1,0,1
Signal-Android,2018-1,2019-1,org.thoughtcrime.securesms.notifications.DeleteNotificationReceiver,top_level,0,0,0,19,0,0,19,0,0,1,1,5,5,0,1,0,1,0,1,0,1,0,1,0,1,3,1,3,1,2,1,2,1,0,1,0,1
Signal-Android,2018-1,2019-1,org.thoughtcrime.securesms.notifications.FailedNotificationBuilder,top_level,0,0,0,12,0,0,13,0,0,0,0,,,,0,,0,,0,,0,,0,,0,,0,,0,,0,,0,,0,,0
Signal-Android,2018-1,2019-1,org.thoughtcrime.securesms.notifications.MarkReadReceiver,top_level,0,0,0,47,0,0,48,0,0,1,1,10,10,0,1,0,1,0,1,0,1,0,1,0,1,0,1,0,1,10,1,10,1,0,1,0,1
Signal-Android,2018-1,2019-1,org.thoughtcrime.securesms.notifications.MessageNotifier,top_level,3,3,0,320,0,0,324,0,0,1,1,87,86,0,1,0,1,0,1,0,1,0,1,0,1,0,1,0,1,72,1,69,1,1,1,1,1
Signal-Android,2018-1,2019-1,org.thoughtcrime.securesms.notifications.MultipleRecipientNotificationBuilder,top_level,1,1,0,41,0,1,44,0,1,1,1,1,1,0,1,0,1,0,1,0,1,0,1,0,1,0,1,0,1,1,1,1,1,0,1,0,1
Signal-Android,2018-1,2019-1,org.thoughtcrime.securesms.notifications.NotificationItem,top_level,4,4,0,50,0,4,50,0,4,1,1,4,4,1,1,1,1,0,1,0,1,0,1,0,1,0,1,0,1,3,1,3,1,0,1,0,1
Signal-Android,2018-1,2019-1,org.thoughtcrime.securesms.notifications.NotificationState,top_level,4,4,0,105,0,4,107,0,4,1,1,4,6,0,1,0,1,0,1,0,1,0,1,0,1,0,1,0,1,4,1,6,1,0,1,0,1
Signal-Android,2018-1,2019-1,org.thoughtcrime.securesms.notifications.PendingMessageNotificationBuilder,top_level,0,0,0,14,0,0,15,0,0,0,0,,,,0,,0,,0,,0,,0,,0,,0,,0,,0,,0,,0,,0
Signal-Android,2018-1,2019-1,org.thoughtcrime.securesms.notifications.RemoteReplyReceiver,top_level,0,0,0,31,0,0,34,0,0,1,1,6,7,0,1,0,1,0,1,0,1,0,1,0,1,0,1,0,1,6,1,7,1,0,1,0,1
Signal-Android,2018-1,2019-1,org.thoughtcrime.securesms.notifications.SingleRecipientNotificationBuilder,top_level,1,1,0,161,0,1,155,0,1,1,1,19,19,0,1,0,1,0,1,0,1,0,1,0,1,0,1,0,1,18,1,18,1,0,1,0,1
Signal-Android,2018-1,2019-1,org.thoughtcrime.securesms.permissions.Permissions,top_level,0,0,0,182,0,0,190,0,0,1,1,9,11,0,1,0,1,0,1,0,1,0,1,0,1,0,1,0,1,5,1,7,1,0,1,0,1
Signal-Android,2018-1,2019-1,org.thoughtcrime.securesms.permissions.PermissionsRequest,top_level,0,0,0,51,0,0,51,0,0,1,1,7,7,0,1,0,1,0,1,0,1,0,1,0,1,0,1,0,1,0,1,0,1,0,1,0,1
Signal-Android,2018-1,2019-1,org.thoughtcrime.securesms.permissions.RationaleDialog,top_level,0,0,0,21,0,0,21,0,0,1,1,6,6,0,1,0,1,0,1,0,1,0,1,0,1,0,1,0,1,5,1,5,1,0,1,0,1
Signal-Android,2018-1,2019-1,org.thoughtcrime.securesms.preferences.AdvancedPreferenceFragment,top_level,6,6,0,134,0,3,131,0,3,1,1,9,8,0,1,0,1,0,1,0,1,0,1,0,1,0,1,0,1,8,1,7,1,0,1,0,1
Signal-Android,2018-1,2019-1,org.thoughtcrime.securesms.preferences.AppProtectionPreferenceFragment,top_level,5,9,4,121,0,3,202,0,4,1,1,9,22,0,1,0,1,0,1,0,1,0,1,0,1,0,1,0,1,9,1,21,1,0,1,0,1
Signal-Android,2018-1,2019-1,org.thoughtcrime.securesms.preferences.AppearancePreferenceFragment,top_level,3,3,0,35,0,3,35,0,3,1,1,6,6,0,1,0,1,0,1,0,1,0,1,0,1,0,1,0,1,6,1,6,1,0,1,0,1
Signal-Android,2018-1,2019-1,org.thoughtcrime.securesms.preferences.BlockedContactListItem,top_level,1,1,0,31,0,1,31,0,1,0,0,,,,0,,0,,0,,0,,0,,0,,0,,0,,0,,0,,0,,0
Signal-Android,2018-1,2019-1,org.thoughtcrime.securesms.preferences.ChatsPreferenceFragment,top_level,2,4,2,84,0,2,142,0,4,1,1,8,22,0,1,0,1,0,1,0,1,0,1,0,1,0,1,0,1,8,1,21,1,0,1,0,1
Signal-Android,2018-1,2019-1,org.thoughtcrime.securesms.preferences.CorrectedPreferenceFragment,top_level,0,0,0,21,0,0,42,0,0,1,1,4,6,0,1,0,1,0,1,0,1,0,1,0,1,0,1,0,1,3,1,5,1,0,1,0,1
Signal-Android,2018-1,2019-1,org.thoughtcrime.securesms.preferences.ListSummaryPreferenceFragment,top_level,0,0,0,12,0,0,12,0,0,1,1,6,6,0,1,0,1,0,1,0,1,0,1,0,1,0,1,0,1,6,1,6,1,0,1,0,1
Signal-Android,2018-1,2019-1,org.thoughtcrime.securesms.preferences.MmsPreferencesActivity,top_level,3,3,0,30,0,3,31,0,3,1,1,4,4,0,1,0,1,0,1,0,1,0,1,0,1,0,1,0,1,3,1,3,1,0,1,0,1
Signal-Android,2018-1,2019-1,org.thoughtcrime.securesms.preferences.MmsPreferencesFragment,top_level,1,1,0,43,0,1,43,0,1,1,1,1,1,0,1,0,1,0,1,0,1,0,1,0,1,0,1,0,1,1,1,1,1,0,1,0,1
Signal-Android,2018-1,2019-1,org.thoughtcrime.securesms.preferences.NotificationsPreferenceFragment,top_level,1,1,0,84,0,1,149,0,1,1,1,7,12,0,1,0,1,0,1,0,1,0,1,0,1,0,1,0,1,7,1,10,1,0,1,0,1
Signal-Android,2018-1,2019-1,org.thoughtcrime.securesms.preferences.SmsMmsPreferenceFragment,top_level,11,13,2,70,0,3,72,0,3,1,1,6,6,0,1,0,1,0,1,0,1,0,1,0,1,0,1,0,1,6,1,6,1,0,1,0,1
Signal-Android,2018-1,2019-1,org.thoughtcrime.securesms.preferences.widgets.ColorPickerPreference,top_level,16,16,0,87,0,12,87,0,12,1,1,1,1,1,1,1,1,0,1,0,1,0,1,0,1,0,1,0,1,0,1,0,1,0,1,0,1
Signal-Android,2018-1,2019-1,org.thoughtcrime.securesms.preferences.widgets.ColorPickerPreferenceDialogFragmentCompat,top_level,3,3,0,34,0,2,34,0,2,1,1,7,7,0,1,0,1,0,1,0,1,0,1,0,1,0,1,0,1,7,1,7,1,0,1,0,1
Signal-Android,2018-1,2019-1,org.thoughtcrime.securesms.preferences.widgets.LEDColorListPreference,top_level,1,1,0,46,0,1,46,0,1,1,1,17,17,0,1,0,1,0,1,0,1,0,1,0,1,0,1,0,1,17,1,17,1,0,1,0,1
Signal-Android,2018-1,2019-1,org.thoughtcrime.securesms.preferences.widgets.NotificationPrivacyPreference,top_level,2,2,0,8,0,2,8,0,2,0,0,,,,0,,0,,0,,0,,0,,0,,0,,0,,0,,0,,0,,0
Signal-Android,2018-1,2019-1,org.thoughtcrime.securesms.preferences.widgets.ProfilePreference,top_level,4,4,0,39,0,2,39,0,2,1,1,4,4,0,1,0,1,0,1,0,1,0,1,0,1,0,1,0,1,4,1,4,1,0,1,0,1
Signal-Android,2018-1,2019-1,org.thoughtcrime.securesms.preferences.widgets.SignalListPreference,top_level,1,4,3,30,0,1,38,0,2,0,0,,,,0,,0,,0,,0,,0,,0,,0,,0,,0,,0,,0,,0
Signal-Android,2018-1,2019-1,org.thoughtcrime.securesms.preferences.widgets.SignalPreference,top_level,1,1,0,28,0,1,28,0,1,0,0,,,,0,,0,,0,,0,,0,,0,,0,,0,,0,,0,,0,,0
Signal-Android,2018-1,2019-1,org.thoughtcrime.securesms.profiles.AvatarHelper,top_level,0,0,0,19,0,0,24,0,0,1,1,2,3,0,1,0,1,0,1,0,1,0,1,0,1,0,1,0,1,1,1,2,1,0,1,0,1
Signal-Android,2018-1,2019-1,org.thoughtcrime.securesms.profiles.GroupShareProfileView,top_level,2,2,0,33,0,1,33,0,1,1,1,1,1,0,1,0,1,0,1,0,1,0,1,0,1,0,1,0,1,0,1,0,1,0,1,0,1
Signal-Android,2018-1,2019-1,org.thoughtcrime.securesms.profiles.ProfileMediaConstraints,top_level,0,0,0,22,0,0,22,0,0,0,0,,,,0,,0,,0,,0,,0,,0,,0,,0,,0,,0,,0,,0
Signal-Android,2018-1,2019-1,org.thoughtcrime.securesms.profiles.SystemProfileUtil,top_level,0,0,0,54,0,0,55,0,0,1,1,15,16,0,1,0,1,0,1,0,1,0,1,0,1,0,1,0,1,8,1,9,1,0,1,0,1
Signal-Android,2018-1,2019-1,org.thoughtcrime.securesms.profiles.UnknownSenderView,top_level,7,7,0,60,0,3,60,0,3,1,1,12,12,0,1,0,1,0,1,0,1,0,1,0,1,0,1,0,1,12,1,12,1,0,1,0,1
Signal-Android,2018-1,2019-1,org.thoughtcrime.securesms.providers.MmsBodyProvider,top_level,1,1,0,66,0,1,66,0,1,1,1,7,7,0,1,0,1,0,1,0,1,0,1,0,1,0,1,0,1,7,1,7,1,0,1,0,1
Signal-Android,2018-1,2019-1,org.thoughtcrime.securesms.providers.PartProvider,top_level,1,1,0,83,0,1,81,0,1,1,1,5,5,0,1,0,1,0,1,0,1,0,1,0,1,0,1,0,1,5,1,5,1,0,1,0,1
Signal-Android,2018-1,2019-1,org.thoughtcrime.securesms.providers.PersistentBlobProvider,top_level,0,0,0,142,0,0,147,0,0,1,1,15,16,0,1,0,1,0,1,0,1,0,1,0,1,0,1,0,1,14,1,16,1,0,1,0,1
Signal-Android,2018-1,2019-1,org.thoughtcrime.securesms.push.AccountManagerFactory,top_level,0,0,0,20,0,0,20,0,0,1,1,1,1,0,1,0,1,0,1,0,1,0,1,0,1,0,1,0,1,0,1,0,1,0,1,0,1
Signal-Android,2018-1,2019-1,org.thoughtcrime.securesms.push.SecurityEventListener,top_level,0,0,0,8,0,0,8,0,0,0,0,,,,0,,0,,0,,0,,0,,0,,0,,0,,0,,0,,0,,0
Signal-Android,2018-1,2019-1,org.thoughtcrime.securesms.push.SignalServiceNetworkAccess,top_level,0,0,0,135,0,0,58,0,0,0,0,,,,0,,0,,0,,0,,0,,0,,0,,0,,0,,0,,0,,0
Signal-Android,2018-1,2019-1,org.thoughtcrime.securesms.push.SignalServiceTrustStore,top_level,0,0,0,10,0,0,10,0,0,1,1,1,1,0,1,0,1,0,1,0,1,0,1,0,1,0,1,0,1,1,1,1,1,0,1,0,1
Signal-Android,2018-1,2019-1,org.thoughtcrime.securesms.qr.QrCode,top_level,0,0,0,14,0,0,14,0,0,1,1,2,2,0,1,0,1,0,1,0,1,0,1,0,1,0,1,0,1,1,1,1,1,0,1,0,1
Signal-Android,2018-1,2019-1,org.thoughtcrime.securesms.qr.ScanListener,top_level,1,1,0,2,0,0,2,0,0,0,0,,,,0,,0,,0,,0,,0,,0,,0,,0,,0,,0,,0,,0
Signal-Android,2018-1,2019-1,org.thoughtcrime.securesms.qr.ScanningThread,top_level,8,8,0,59,0,2,59,0,2,1,1,8,8,0,1,0,1,0,1,0,1,0,1,0,1,0,1,0,1,6,1,6,1,0,1,0,1
Signal-Android,2018-1,2019-1,org.thoughtcrime.securesms.recipients.Recipient,top_level,23,23,0,341,0,21,385,0,21,1,1,21,22,0,1,0,1,1,1,1,1,0,1,0,1,0,1,0,1,13,1,14,1,1,1,1,1
Signal-Android,2018-1,2019-1,org.thoughtcrime.securesms.recipients.RecipientFormattingException,top_level,1,1,0,9,0,1,9,0,1,0,0,,,,0,,0,,0,,0,,0,,0,,0,,0,,0,,0,,0,,0
Signal-Android,2018-1,2019-1,org.thoughtcrime.securesms.recipients.RecipientModifiedListener,top_level,1,1,0,2,0,0,2,0,0,0,0,,,,0,,0,,0,,0,,0,,0,,0,,0,,0,,0,,0,,0
Signal-Android,2018-1,2019-1,org.thoughtcrime.securesms.recipients.RecipientProvider,top_level,0,0,0,114,0,0,122,0,0,1,1,25,25,0,1,0,1,0,1,0,1,0,1,0,1,0,1,0,1,17,1,17,1,0,1,0,1
Signal-Android,2018-1,2019-1,org.thoughtcrime.securesms.recipients.RecipientsFormatter,top_level,0,0,0,28,0,0,28,0,0,1,1,4,4,0,1,0,1,0,1,0,1,0,1,0,1,0,1,0,1,3,1,3,1,0,1,0,1
Signal-Android,2018-1,2019-1,org.thoughtcrime.securesms.scribbles.ScribbleActivity,top_level,16,3,-13,160,0,10,31,0,3,1,1,13,7,0,1,0,1,0,1,0,1,0,1,0,1,0,1,0,1,9,1,7,1,0,1,0,1
Signal-Android,2018-1,2019-1,org.thoughtcrime.securesms.scribbles.StickerLoader,top_level,0,0,0,17,0,0,17,0,0,1,1,2,2,0,1,0,1,0,1,0,1,0,1,0,1,0,1,0,1,2,1,2,1,0,1,0,1
Signal-Android,2018-1,2019-1,org.thoughtcrime.securesms.scribbles.StickerSelectActivity,top_level,0,0,0,51,0,0,51,0,0,1,1,2,2,0,1,0,1,0,1,0,1,0,1,0,1,0,1,0,1,2,1,2,1,0,1,0,1
Signal-Android,2018-1,2019-1,org.thoughtcrime.securesms.scribbles.StickerSelectFragment,top_level,1,1,0,75,0,1,75,0,1,1,1,6,6,0,1,0,1,0,1,0,1,0,1,0,1,0,1,0,1,5,1,5,1,0,1,0,1
Signal-Android,2018-1,2019-1,org.thoughtcrime.securesms.scribbles.multitouch.BaseGestureDetector,top_level,6,6,0,43,0,4,43,0,4,1,1,3,3,0,1,0,1,0,1,0,1,0,1,0,1,0,1,0,1,3,1,3,1,0,1,0,1
Signal-Android,2018-1,2019-1,org.thoughtcrime.securesms.scribbles.multitouch.MoveGestureDetector,top_level,2,2,0,71,0,2,71,0,2,1,1,3,3,0,1,0,1,0,1,0,1,0,1,0,1,0,1,0,1,1,1,1,1,0,1,0,1
Signal-Android,2018-1,2019-1,org.thoughtcrime.securesms.scribbles.multitouch.RotateGestureDetector,top_level,2,2,0,69,0,2,69,0,2,0,0,,,,0,,0,,0,,0,,0,,0,,0,,0,,0,,0,,0,,0
Signal-Android,2018-1,2019-1,org.thoughtcrime.securesms.scribbles.multitouch.ShoveGestureDetector,top_level,2,2,0,90,0,2,90,0,2,1,1,2,2,0,1,0,1,0,1,0,1,0,1,0,1,0,1,0,1,2,1,2,1,0,1,0,1
Signal-Android,2018-1,2019-1,org.thoughtcrime.securesms.scribbles.multitouch.TwoFingerGestureDetector,top_level,4,4,0,86,0,2,87,0,2,1,1,7,7,0,1,0,1,0,1,0,1,0,1,0,1,0,1,0,1,5,1,5,1,0,1,0,1
Signal-Android,2018-1,2019-1,org.thoughtcrime.securesms.scribbles.viewmodel.Font,top_level,9,9,0,26,0,7,26,0,7,1,1,1,1,1,1,1,1,0,1,0,1,0,1,0,1,0,1,0,1,0,1,0,1,0,1,0,1
Signal-Android,2018-1,2019-1,org.thoughtcrime.securesms.scribbles.viewmodel.Layer,top_level,21,21,0,58,0,19,58,0,19,0,0,,,,0,,0,,0,,0,,0,,0,,0,,0,,0,,0,,0,,0
Signal-Android,2018-1,2019-1,org.thoughtcrime.securesms.scribbles.viewmodel.TextLayer,top_level,8,8,0,38,0,6,38,0,6,1,1,1,1,1,1,1,1,0,1,0,1,0,1,0,1,0,1,0,1,0,1,0,1,0,1,0,1
Signal-Android,2018-1,2019-1,org.thoughtcrime.securesms.scribbles.widget.CanvasView,top_level,32,32,0,314,0,24,322,0,24,1,1,23,25,0,1,0,1,0,1,0,1,0,1,0,1,0,1,0,1,14,1,15,1,1,1,1,1
Signal-Android,2018-1,2019-1,org.thoughtcrime.securesms.scribbles.widget.MotionView,top_level,12,12,0,244,0,7,257,0,7,1,1,30,30,0,1,0,1,0,1,0,1,0,1,0,1,0,1,0,1,26,1,26,1,1,1,1,1
Signal-Android,2018-1,2019-1,org.thoughtcrime.securesms.scribbles.widget.ScribbleView,top_level,7,12,5,96,0,6,106,0,8,0,1,,2,,0,0,1,,0,0,1,,0,0,1,,0,0,1,,0,0,1,,0,0,1
Signal-Android,2018-1,2019-1,org.thoughtcrime.securesms.scribbles.widget.VerticalSlideColorPicker,top_level,9,11,2,97,0,7,119,0,8,1,1,1,2,1,1,1,1,0,1,0,1,0,1,0,1,0,1,0,1,0,1,0,1,0,1,0,1
Signal-Android,2018-1,2019-1,org.thoughtcrime.securesms.scribbles.widget.entity.ImageEntity,top_level,4,4,0,32,0,3,32,0,3,0,0,,,,0,,0,,0,,0,,0,,0,,0,,0,,0,,0,,0,,0
Signal-Android,2018-1,2019-1,org.thoughtcrime.securesms.scribbles.widget.entity.MotionEntity,top_level,12,12,0,111,0,11,111,0,11,1,1,1,1,0,1,0,1,0,1,0,1,0,1,0,1,0,1,0,1,0,1,0,1,0,1,0,1
Signal-Android,2018-1,2019-1,org.thoughtcrime.securesms.scribbles.widget.entity.TextEntity,top_level,10,10,0,82,0,4,82,0,4,1,1,2,2,0,1,0,1,0,1,0,1,0,1,0,1,0,1,0,1,2,1,2,1,0,1,0,1
Signal-Android,2018-1,2019-1,org.thoughtcrime.securesms.service.AccountAuthenticatorService,top_level,2,2,0,40,0,1,40,0,1,1,1,2,2,0,1,0,1,0,1,0,1,0,1,0,1,0,1,0,1,2,1,2,1,0,1,0,1
Signal-Android,2018-1,2019-1,org.thoughtcrime.securesms.service.AccountVerificationTimeoutException,top_level,1,1,0,8,0,1,8,0,1,0,0,,,,0,,0,,0,,0,,0,,0,,0,,0,,0,,0,,0,,0
Signal-Android,2018-1,2019-1,org.thoughtcrime.securesms.service.ApplicationMigrationService,top_level,12,12,0,123,0,8,119,0,8,1,1,9,9,1,1,1,1,0,1,0,1,0,1,0,1,0,1,0,1,8,1,8,1,0,1,0,1
Signal-Android,2018-1,2019-1,org.thoughtcrime.securesms.service.BootReceiver,top_level,0,0,0,6,0,0,4,0,0,1,0,1,,0,1,,0,0,1,,0,0,1,,0,0,1,,0,1,1,,0,0,1,,0
Signal-Android,2018-1,2019-1,org.thoughtcrime.securesms.service.ContactsSyncAdapterService,top_level,2,2,0,10,0,1,10,0,1,0,0,,,,0,,0,,0,,0,,0,,0,,0,,0,,0,,0,,0,,0
Signal-Android,2018-1,2019-1,org.thoughtcrime.securesms.service.DirectShareService,top_level,0,0,0,46,0,0,47,0,0,1,1,21,21,0,1,0,1,0,1,0,1,0,1,0,1,0,1,0,1,21,1,21,1,0,1,0,1
Signal-Android,2018-1,2019-1,org.thoughtcrime.securesms.service.DirectoryRefreshListener,top_level,0,0,0,16,0,0,16,0,0,0,0,,,,0,,0,,0,,0,,0,,0,,0,,0,,0,,0,,0,,0
Signal-Android,2018-1,2019-1,org.thoughtcrime.securesms.service.ExpirationListener,top_level,0,0,0,10,0,0,10,0,0,1,1,4,4,0,1,0,1,0,1,0,1,0,1,0,1,0,1,0,1,4,1,4,1,0,1,0,1
Signal-Android,2018-1,2019-1,org.thoughtcrime.securesms.service.ExpiringMessageManager,top_level,3,3,0,83,0,3,86,0,3,1,1,2,4,0,1,0,1,0,1,0,1,0,1,0,1,0,1,0,1,2,1,4,1,0,1,0,1
Signal-Android,2018-1,2019-1,org.thoughtcrime.securesms.service.KeyCachingService,top_level,24,22,-2,184,0,14,183,0,12,1,1,9,12,0,1,0,1,0,1,0,1,0,1,0,1,0,1,0,1,6,1,8,1,0,1,1,1
Signal-Android,2018-1,2019-1,org.thoughtcrime.securesms.service.MmsListener,top_level,0,0,0,26,0,0,26,0,0,1,1,5,5,0,1,0,1,0,1,0,1,0,1,0,1,0,1,0,1,4,1,4,1,0,1,0,1
Signal-Android,2018-1,2019-1,org.thoughtcrime.securesms.service.PanicResponderListener,top_level,0,0,0,8,0,0,8,0,0,0,0,,,,0,,0,,0,,0,,0,,0,,0,,0,,0,,0,,0,,0
Signal-Android,2018-1,2019-1,org.thoughtcrime.securesms.service.PersistentAlarmManagerListener,top_level,0,0,0,15,0,0,15,0,0,1,1,2,2,0,1,0,1,0,1,0,1,0,1,0,1,0,1,0,1,2,1,2,1,0,1,0,1
Signal-Android,2018-1,2019-1,org.thoughtcrime.securesms.service.PersistentConnectionBootListener,top_level,0,0,0,9,0,0,6,0,0,1,1,2,1,0,1,0,1,0,1,0,1,0,1,0,1,0,1,0,1,1,1,1,1,0,1,0,1
Signal-Android,2018-1,2019-1,org.thoughtcrime.securesms.service.QuickResponseService,top_level,1,1,0,28,0,1,28,0,1,1,1,7,7,0,1,0,1,0,1,0,1,0,1,0,1,0,1,0,1,7,1,7,1,0,1,0,1
Signal-Android,2018-1,2019-1,org.thoughtcrime.securesms.service.RotateSignedPreKeyListener,top_level,0,0,0,16,0,0,16,0,0,0,0,,,,0,,0,,0,,0,,0,,0,,0,,0,,0,,0,,0,,0
Signal-Android,2018-1,2019-1,org.thoughtcrime.securesms.service.SmsDeliveryListener,top_level,0,0,0,26,0,0,34,0,0,1,1,2,3,0,1,0,1,0,1,0,1,0,1,0,1,0,1,0,1,2,1,2,1,0,1,0,1
Signal-Android,2018-1,2019-1,org.thoughtcrime.securesms.service.SmsListener,top_level,0,0,0,76,0,0,76,0,0,1,1,16,16,0,1,0,1,0,1,0,1,0,1,0,1,0,1,0,1,12,1,12,1,0,1,0,1
Signal-Android,2018-1,2019-1,org.thoughtcrime.securesms.service.UpdateApkReadyListener,top_level,0,0,0,59,0,0,59,0,0,1,1,8,8,0,1,0,1,0,1,0,1,0,1,0,1,0,1,0,1,7,1,7,1,0,1,0,1
Signal-Android,2018-1,2019-1,org.thoughtcrime.securesms.service.UpdateApkRefreshListener,top_level,0,0,0,19,0,0,19,0,0,0,0,,,,0,,0,,0,,0,,0,,0,,0,,0,,0,,0,,0,,0
Signal-Android,2018-1,2019-1,org.thoughtcrime.securesms.service.WebRtcCallService,top_level,30,30,0,783,0,18,816,0,18,1,1,80,94,0,1,0,1,0,1,0,1,0,1,0,1,2,1,2,1,62,1,71,1,0,1,0,1
Signal-Android,2018-1,2019-1,org.thoughtcrime.securesms.sms.IncomingEncryptedMessage,top_level,1,1,0,9,0,1,9,0,1,0,0,,,,0,,0,,0,,0,,0,,0,,0,,0,,0,,0,,0,,0
Signal-Android,2018-1,2019-1,org.thoughtcrime.securesms.sms.IncomingEndSessionMessage,top_level,1,1,0,11,0,1,11,0,1,0,0,,,,0,,0,,0,,0,,0,,0,,0,,0,,0,,0,,0,,0
Signal-Android,2018-1,2019-1,org.thoughtcrime.securesms.sms.IncomingGroupMessage,top_level,3,3,0,15,0,3,15,0,3,1,1,2,2,0,1,0,1,0,1,0,1,0,1,0,1,0,1,0,1,2,1,2,1,0,1,0,1
Signal-Android,2018-1,2019-1,org.thoughtcrime.securesms.sms.IncomingIdentityDefaultMessage,top_level,1,1,0,6,0,1,6,0,1,0,0,,,,0,,0,,0,,0,,0,,0,,0,,0,,0,,0,,0,,0
Signal-Android,2018-1,2019-1,org.thoughtcrime.securesms.sms.IncomingIdentityUpdateMessage,top_level,1,1,0,6,0,1,6,0,1,0,0,,,,0,,0,,0,,0,,0,,0,,0,,0,,0,,0,,0,,0
Signal-Android,2018-1,2019-1,org.thoughtcrime.securesms.sms.IncomingIdentityVerifiedMessage,top_level,1,1,0,6,0,1,6,0,1,0,0,,,,0,,0,,0,,0,,0,,0,,0,,0,,0,,0,,0,,0
Signal-Android,2018-1,2019-1,org.thoughtcrime.securesms.sms.IncomingJoinedMessage,top_level,2,2,0,9,0,2,9,0,2,0,0,,,,0,,0,,0,,0,,0,,0,,0,,0,,0,,0,,0,,0
Signal-Android,2018-1,2019-1,org.thoughtcrime.securesms.sms.IncomingPreKeyBundleMessage,top_level,2,2,0,14,0,2,14,0,2,0,0,,,,0,,0,,0,,0,,0,,0,,0,,0,,0,,0,,0,,0
Signal-Android,2018-1,2019-1,org.thoughtcrime.securesms.sms.IncomingTextMessage,top_level,18,19,1,170,0,18,180,0,19,1,1,1,1,0,1,0,1,0,1,0,1,0,1,0,1,0,1,0,1,0,1,0,1,0,1,0,1
Signal-Android,2018-1,2019-1,org.thoughtcrime.securesms.sms.MessageSender,top_level,0,0,0,151,0,0,152,0,0,1,1,20,22,0,1,0,1,0,1,0,1,0,1,0,1,0,1,0,1,17,1,18,1,0,1,1,1
Signal-Android,2018-1,2019-1,org.thoughtcrime.securesms.sms.OutgoingEncryptedMessage,top_level,1,1,0,11,0,1,11,0,1,0,0,,,,0,,0,,0,,0,,0,,0,,0,,0,,0,,0,,0,,0
Signal-Android,2018-1,2019-1,org.thoughtcrime.securesms.sms.OutgoingEndSessionMessage,top_level,1,1,0,11,0,1,11,0,1,0,0,,,,0,,0,,0,,0,,0,,0,,0,,0,,0,,0,,0,,0
Signal-Android,2018-1,2019-1,org.thoughtcrime.securesms.sms.OutgoingIdentityDefaultMessage,top_level,1,1,0,10,0,1,10,0,1,0,0,,,,0,,0,,0,,0,,0,,0,,0,,0,,0,,0,,0,,0
Signal-Android,2018-1,2019-1,org.thoughtcrime.securesms.sms.OutgoingIdentityVerifiedMessage,top_level,1,1,0,11,0,1,11,0,1,0,0,,,,0,,0,,0,,0,,0,,0,,0,,0,,0,,0,,0,,0
Signal-Android,2018-1,2019-1,org.thoughtcrime.securesms.sms.OutgoingKeyExchangeMessage,top_level,1,1,0,11,0,1,11,0,1,0,0,,,,0,,0,,0,,0,,0,,0,,0,,0,,0,,0,,0,,0
Signal-Android,2018-1,2019-1,org.thoughtcrime.securesms.sms.OutgoingPrekeyBundleMessage,top_level,1,1,0,9,0,1,9,0,1,0,0,,,,0,,0,,0,,0,,0,,0,,0,,0,,0,,0,,0,,0
Signal-Android,2018-1,2019-1,org.thoughtcrime.securesms.sms.OutgoingTextMessage,top_level,8,8,0,48,0,8,48,0,8,1,0,4,,0,1,,0,0,1,,0,0,1,,0,0,1,,0,4,1,,0,0,1,,0
Signal-Android,2018-1,2019-1,org.thoughtcrime.securesms.sms.TelephonyServiceState,top_level,0,0,0,47,0,0,47,0,0,1,1,2,2,0,1,0,1,0,1,0,1,0,1,0,1,0,1,0,1,2,1,2,1,0,1,0,1
Signal-Android,2018-1,2019-1,org.thoughtcrime.securesms.transport.InsecureFallbackApprovalException,top_level,0,0,0,5,0,0,5,0,0,0,0,,,,0,,0,,0,,0,,0,,0,,0,,0,,0,,0,,0,,0
Signal-Android,2018-1,2019-1,org.thoughtcrime.securesms.transport.RetryLaterException,top_level,0,1,1,3,0,0,4,0,1,0,0,,,,0,,0,,0,,0,,0,,0,,0,,0,,0,,0,,0,,0
Signal-Android,2018-1,2019-1,org.thoughtcrime.securesms.transport.UndeliverableMessageException,top_level,1,1,0,8,0,1,8,0,1,0,0,,,,0,,0,,0,,0,,0,,0,,0,,0,,0,,0,,0,,0
Signal-Android,2018-1,2019-1,org.thoughtcrime.securesms.util.AbstractCursorLoader,top_level,8,8,0,51,0,3,51,0,3,1,1,1,1,0,1,0,1,0,1,0,1,0,1,0,1,0,1,0,1,1,1,1,1,0,1,0,1
Signal-Android,2018-1,2019-1,org.thoughtcrime.securesms.util.AsyncLoader<D>,top_level,8,8,0,24,1,4,24,1,4,0,0,,,,0,,0,,0,,0,,0,,0,,0,,0,,0,,0,,0,,0
Signal-Android,2018-1,2019-1,org.thoughtcrime.securesms.util.AttachmentUtil,top_level,0,0,0,35,0,0,57,0,0,1,1,9,18,0,1,0,1,0,1,0,1,0,1,0,1,0,1,0,1,8,1,17,1,0,1,0,1
Signal-Android,2018-1,2019-1,org.thoughtcrime.securesms.util.Base64,top_level,59,59,0,737,0,1,737,0,1,1,1,74,74,0,1,0,1,1,1,1,1,0,1,0,1,0,1,0,1,8,1,8,1,1,1,1,1
Signal-Android,2018-1,2019-1,org.thoughtcrime.securesms.util.BitmapDecodingException,top_level,0,0,0,5,0,0,5,0,0,0,0,,,,0,,0,,0,,0,,0,,0,,0,,0,,0,,0,,0,,0
Signal-Android,2018-1,2019-1,org.thoughtcrime.securesms.util.BitmapUtil,top_level,18,18,0,186,0,0,238,0,0,1,1,31,34,0,1,0,1,0,1,0,1,0,1,0,1,0,1,0,1,19,1,22,1,1,1,1,1
Signal-Android,2018-1,2019-1,org.thoughtcrime.securesms.util.CharacterCalculator,top_level,0,0,0,10,0,0,25,0,0,0,0,,,,0,,0,,0,,0,,0,,0,,0,,0,,0,,0,,0,,0
Signal-Android,2018-1,2019-1,org.thoughtcrime.securesms.util.Conversions,top_level,25,25,0,110,0,0,110,0,0,1,1,2,2,0,1,0,1,0,1,0,1,0,1,0,1,0,1,0,1,0,1,0,1,0,1,0,1
Signal-Android,2018-1,2019-1,org.thoughtcrime.securesms.util.DateUtils,top_level,1,2,1,70,0,0,77,0,0,1,1,6,7,0,1,0,1,0,1,0,1,0,1,0,1,0,1,0,1,6,1,7,1,0,1,0,1
Signal-Android,2018-1,2019-1,org.thoughtcrime.securesms.util.DelimiterUtil,top_level,0,0,0,8,0,0,8,0,0,1,1,1,1,0,1,0,1,0,1,0,1,0,1,0,1,0,1,0,1,0,1,0,1,0,1,0,1
Signal-Android,2018-1,2019-1,org.thoughtcrime.securesms.util.Dialogs,top_level,0,0,0,15,0,0,15,0,0,1,1,1,1,0,1,0,1,0,1,0,1,0,1,0,1,0,1,0,1,0,1,0,1,0,1,0,1
Signal-Android,2018-1,2019-1,org.thoughtcrime.securesms.util.DirectoryHelper,top_level,0,0,0,134,0,0,272,0,0,1,1,41,63,0,1,0,1,0,1,0,1,0,1,0,1,0,1,0,1,39,1,58,1,0,1,1,1
Signal-Android,2018-1,2019-1,org.thoughtcrime.securesms.util.DynamicIntroTheme,top_level,0,0,0,6,0,0,6,0,0,1,1,1,1,0,1,0,1,0,1,0,1,0,1,0,1,0,1,0,1,1,1,1,1,0,1,0,1
Signal-Android,2018-1,2019-1,org.thoughtcrime.securesms.util.DynamicLanguage,top_level,0,0,0,43,0,0,43,0,0,1,1,9,9,0,1,0,1,0,1,0,1,0,1,0,1,0,1,0,1,8,1,8,1,0,1,0,1
Signal-Android,2018-1,2019-1,org.thoughtcrime.securesms.util.DynamicNoActionBarTheme,top_level,0,0,0,6,0,0,6,0,0,1,1,1,1,0,1,0,1,0,1,0,1,0,1,0,1,0,1,0,1,1,1,1,1,0,1,0,1
Signal-Android,2018-1,2019-1,org.thoughtcrime.securesms.util.DynamicTheme,top_level,0,0,0,21,0,0,21,0,0,1,1,2,2,0,1,0,1,0,1,0,1,0,1,0,1,0,1,0,1,1,1,1,1,0,1,0,1
Signal-Android,2018-1,2019-1,org.thoughtcrime.securesms.util.ExpirationUtil,top_level,0,0,0,33,0,0,33,0,0,1,1,27,27,0,1,0,1,0,1,0,1,0,1,0,1,0,1,0,1,26,1,26,1,0,1,0,1
Signal-Android,2018-1,2019-1,org.thoughtcrime.securesms.util.FileProviderUtil,top_level,0,0,0,5,0,0,11,0,0,1,1,1,2,0,1,0,1,0,1,0,1,0,1,0,1,0,1,0,1,0,1,1,1,0,1,0,1
Signal-Android,2018-1,2019-1,org.thoughtcrime.securesms.util.FileUtils,top_level,0,0,0,14,0,0,26,0,0,1,1,3,3,0,1,0,1,0,1,0,1,0,1,0,1,0,1,0,1,2,1,2,1,0,1,0,1
Signal-Android,2018-1,2019-1,org.thoughtcrime.securesms.util.FutureTaskListener<V>,top_level,2,2,0,3,0,1,3,0,1,0,0,,,,0,,0,,0,,0,,0,,0,,0,,0,,0,,0,,0,,0
Signal-Android,2018-1,2019-1,org.thoughtcrime.securesms.util.GroupUtil,top_level,0,0,0,62,0,0,80,0,0,1,1,5,6,0,1,0,1,0,1,0,1,0,1,0,1,0,1,0,1,4,1,5,1,0,1,0,1
Signal-Android,2018-1,2019-1,org.thoughtcrime.securesms.util.Hex,top_level,0,0,0,75,0,0,75,0,0,1,1,1,1,0,1,0,1,0,1,0,1,0,1,0,1,0,1,0,1,0,1,0,1,0,1,0,1
Signal-Android,2018-1,2019-1,org.thoughtcrime.securesms.util.IdentityUtil,top_level,0,0,0,137,0,0,136,0,0,1,1,43,43,0,1,0,1,0,1,0,1,0,1,0,1,0,1,0,1,37,1,37,1,0,1,0,1
Signal-Android,2018-1,2019-1,org.thoughtcrime.securesms.util.IntentUtils,top_level,0,0,0,4,0,0,4,0,0,1,1,3,3,0,1,0,1,0,1,0,1,0,1,0,1,0,1,0,1,2,1,2,1,0,1,0,1
Signal-Android,2018-1,2019-1,org.thoughtcrime.securesms.util.JsonUtils,top_level,0,0,0,16,0,0,31,0,0,1,1,1,1,0,1,0,1,0,1,0,1,0,1,0,1,0,1,0,1,0,1,0,1,0,1,0,1
Signal-Android,2018-1,2019-1,"org.thoughtcrime.securesms.util.LRUCache<K,V>",top_level,1,1,0,7,0,1,7,0,1,0,0,,,,0,,0,,0,,0,,0,,0,,0,,0,,0,,0,,0,,0
Signal-Android,2018-1,2019-1,org.thoughtcrime.securesms.util.LimitedInputStream,top_level,6,6,0,20,0,2,20,0,2,1,1,1,1,0,1,0,1,0,1,0,1,0,1,0,1,0,1,0,1,0,1,0,1,0,1,0,1
Signal-Android,2018-1,2019-1,org.thoughtcrime.securesms.util.LinkedBlockingLifoQueue<E>,top_level,3,3,0,12,0,3,12,0,3,0,0,,,,0,,0,,0,,0,,0,,0,,0,,0,,0,,0,,0,,0
Signal-Android,2018-1,2019-1,org.thoughtcrime.securesms.util.ListenableFutureTask<V>,top_level,6,6,0,62,0,4,62,0,4,0,0,,,,0,,0,,0,,0,,0,,0,,0,,0,,0,,0,,0,,0
Signal-Android,2018-1,2019-1,org.thoughtcrime.securesms.util.LongClickCopySpan,top_level,1,1,0,42,0,1,42,0,1,1,1,4,4,0,1,0,1,0,1,0,1,0,1,0,1,0,1,0,1,4,1,4,1,0,1,0,1
Signal-Android,2018-1,2019-1,org.thoughtcrime.securesms.util.LongClickMovementMethod,top_level,0,0,0,62,0,0,62,0,0,1,1,5,5,0,1,0,1,0,1,0,1,0,1,0,1,0,1,0,1,4,1,4,1,0,1,0,1
Signal-Android,2018-1,2019-1,org.thoughtcrime.securesms.util.MathUtils,top_level,1,1,0,11,0,0,11,0,0,1,1,1,1,0,1,0,1,0,1,0,1,0,1,0,1,0,1,0,1,0,1,0,1,0,1,0,1
Signal-Android,2018-1,2019-1,org.thoughtcrime.securesms.util.MediaUtil,top_level,0,0,0,129,0,0,158,0,0,1,1,17,26,0,1,0,1,0,1,0,1,0,1,0,1,0,1,0,1,16,1,17,1,0,1,1,1
Signal-Android,2018-1,2019-1,org.thoughtcrime.securesms.util.MemoryFileUtil,top_level,0,0,0,20,0,0,20,0,0,1,1,7,7,0,1,0,1,0,1,0,1,0,1,0,1,0,1,0,1,5,1,5,1,0,1,0,1
Signal-Android,2018-1,2019-1,org.thoughtcrime.securesms.util.MmsCharacterCalculator,top_level,0,0,0,5,0,0,5,0,0,0,0,,,,0,,0,,0,,0,,0,,0,,0,,0,,0,,0,,0,,0
Signal-Android,2018-1,2019-1,org.thoughtcrime.securesms.util.NumberUtil,top_level,0,0,0,7,0,0,7,0,0,1,1,2,2,0,1,0,1,0,1,0,1,0,1,0,1,0,1,0,1,1,1,1,1,0,1,0,1
Signal-Android,2018-1,2019-1,org.thoughtcrime.securesms.util.ParcelUtil,top_level,0,0,0,15,0,0,15,0,0,1,1,5,5,0,1,0,1,0,1,0,1,0,1,0,1,0,1,0,1,4,1,4,1,0,1,0,1
Signal-Android,2018-1,2019-1,org.thoughtcrime.securesms.util.PlayServicesUtil,top_level,0,0,0,34,0,0,34,0,0,1,1,4,4,0,1,0,1,0,1,0,1,0,1,0,1,0,1,0,1,2,1,2,1,0,1,0,1
Signal-Android,2018-1,2019-1,org.thoughtcrime.securesms.util.PushCharacterCalculator,top_level,0,0,0,5,0,0,5,0,0,0,0,,,,0,,0,,0,,0,,0,,0,,0,,0,,0,,0,,0,,0
Signal-Android,2018-1,2019-1,org.thoughtcrime.securesms.util.RedPhoneCallTypes,top_level,0,0,0,4,0,0,4,0,0,0,0,,,,0,,0,,0,,0,,0,,0,,0,,0,,0,,0,,0,,0
Signal-Android,2018-1,2019-1,org.thoughtcrime.securesms.util.ResUtil,top_level,0,0,0,21,0,0,21,0,0,1,1,4,4,0,1,0,1,0,1,0,1,0,1,0,1,0,1,0,1,3,1,3,1,0,1,0,1
Signal-Android,2018-1,2019-1,org.thoughtcrime.securesms.util.Rfc5724Uri,top_level,0,0,0,33,0,0,33,0,0,1,1,3,3,0,1,0,1,0,1,0,1,0,1,0,1,0,1,0,1,3,1,3,1,0,1,0,1
Signal-Android,2018-1,2019-1,org.thoughtcrime.securesms.util.SaveAttachmentTask,top_level,0,0,0,139,0,0,138,0,0,1,1,11,13,1,1,1,1,0,1,0,1,0,1,0,1,0,1,0,1,9,1,11,1,0,1,0,1
Signal-Android,2018-1,2019-1,org.thoughtcrime.securesms.util.SelectedRecipientsAdapter,top_level,6,6,0,88,0,4,88,0,4,1,1,16,16,0,1,0,1,0,1,0,1,0,1,0,1,0,1,0,1,16,1,16,1,0,1,0,1
Signal-Android,2018-1,2019-1,org.thoughtcrime.securesms.util.ServiceUtil,top_level,0,0,0,19,0,0,19,0,0,1,1,1,1,0,1,0,1,0,1,0,1,0,1,0,1,0,1,0,1,0,1,0,1,0,1,0,1
Signal-Android,2018-1,2019-1,org.thoughtcrime.securesms.util.ShortCodeUtil,top_level,0,0,0,23,0,0,21,0,0,1,1,7,6,0,1,0,1,0,1,0,1,0,1,0,1,0,1,0,1,6,1,5,1,0,1,0,1
Signal-Android,2018-1,2019-1,org.thoughtcrime.securesms.util.SmsCharacterCalculator,top_level,0,0,0,24,0,0,24,0,0,1,1,1,1,0,1,0,1,0,1,0,1,0,1,0,1,0,1,0,1,0,1,0,1,0,1,0,1
Signal-Android,2018-1,2019-1,"org.thoughtcrime.securesms.util.SoftHashMap<K,V>",top_level,12,12,0,115,0,9,115,0,9,0,0,,,,0,,0,,0,,0,,0,,0,,0,,0,,0,,0,,0,,0
Signal-Android,2018-1,2019-1,org.thoughtcrime.securesms.util.SpanUtil,top_level,0,0,0,19,0,0,19,0,0,1,1,1,1,0,1,0,1,0,1,0,1,0,1,0,1,0,1,0,1,0,1,0,1,0,1,0,1
Signal-Android,2018-1,2019-1,org.thoughtcrime.securesms.util.StickyHeaderDecoration,top_level,1,2,1,101,0,1,103,0,2,1,1,18,18,0,1,0,1,0,1,0,1,0,1,0,1,0,1,0,1,16,1,16,1,0,1,0,1
Signal-Android,2018-1,2019-1,org.thoughtcrime.securesms.util.StorageUtil,top_level,2,2,0,23,0,0,40,0,0,1,1,3,7,0,1,0,1,0,1,0,1,0,1,0,1,0,1,0,1,2,1,5,1,0,1,0,1
Signal-Android,2018-1,2019-1,org.thoughtcrime.securesms.util.TaggedFutureTask<V>,top_level,0,0,0,10,0,0,10,0,0,0,0,,,,0,,0,,0,,0,,0,,0,,0,,0,,0,,0,,0,,0
Signal-Android,2018-1,2019-1,org.thoughtcrime.securesms.util.TelephonyUtil,top_level,0,0,0,24,0,0,24,0,0,1,1,9,9,0,1,0,1,0,1,0,1,0,1,0,1,0,1,0,1,8,1,8,1,0,1,0,1
Signal-Android,2018-1,2019-1,org.thoughtcrime.securesms.util.TextSecurePreferences,top_level,0,0,0,414,0,0,599,0,0,1,1,31,36,0,1,0,1,0,1,0,1,0,1,0,1,0,1,0,1,27,1,31,1,1,1,1,1
Signal-Android,2018-1,2019-1,org.thoughtcrime.securesms.util.ThreadUtil,top_level,0,0,0,6,0,0,6,0,0,1,1,1,1,0,1,0,1,0,1,0,1,0,1,0,1,0,1,0,1,0,1,0,1,0,1,0,1
Signal-Android,2018-1,2019-1,org.thoughtcrime.securesms.util.Trimmer,top_level,0,0,0,36,0,0,36,0,0,1,1,4,4,0,1,0,1,0,1,0,1,0,1,0,1,0,1,0,1,2,1,2,1,0,1,0,1
Signal-Android,2018-1,2019-1,org.thoughtcrime.securesms.util.Util,top_level,16,16,0,247,0,0,254,0,0,1,1,30,29,0,1,0,1,0,1,0,1,0,1,0,1,1,1,1,1,23,1,22,1,1,1,1,1
Signal-Android,2018-1,2019-1,org.thoughtcrime.securesms.util.VerifySpan,top_level,0,0,0,19,0,0,19,0,0,0,0,,,,0,,0,,0,,0,,0,,0,,0,,0,,0,,0,,0,,0
Signal-Android,2018-1,2019-1,org.thoughtcrime.securesms.util.VersionTracker,top_level,0,0,0,9,0,0,9,0,0,1,1,1,1,0,1,0,1,0,1,0,1,0,1,0,1,0,1,0,1,0,1,0,1,0,1,0,1
Signal-Android,2018-1,2019-1,org.thoughtcrime.securesms.util.ViewUtil,top_level,0,0,0,110,0,0,128,0,0,1,1,4,6,0,1,0,1,0,1,0,1,0,1,0,1,0,1,0,1,2,1,4,1,0,1,0,1
Signal-Android,2018-1,2019-1,org.thoughtcrime.securesms.util.WorkerThread,top_level,2,2,0,17,0,1,17,0,1,1,1,1,1,0,1,0,1,0,1,0,1,0,1,0,1,0,1,0,1,1,1,1,1,0,1,0,1
Signal-Android,2018-1,2019-1,org.thoughtcrime.securesms.util.concurrent.AssertedSuccessListener<T>,top_level,0,0,0,4,0,0,4,0,0,0,0,,,,0,,0,,0,,0,,0,,0,,0,,0,,0,,0,,0,,0
Signal-Android,2018-1,2019-1,org.thoughtcrime.securesms.util.concurrent.ListenableFuture<T>,top_level,1,1,0,5,0,1,5,0,1,0,0,,,,0,,0,,0,,0,,0,,0,,0,,0,,0,,0,,0,,0
Signal-Android,2018-1,2019-1,org.thoughtcrime.securesms.util.concurrent.SettableFuture<T>,top_level,13,15,2,62,1,6,75,1,8,0,0,,,,0,,0,,0,,0,,0,,0,,0,,0,,0,,0,,0,,0
Signal-Android,2018-1,2019-1,org.thoughtcrime.securesms.util.dualsim.SubscriptionInfoCompat,top_level,3,3,0,18,0,3,18,0,3,1,1,1,1,1,1,1,1,0,1,0,1,0,1,0,1,0,1,0,1,0,1,0,1,0,1,0,1
Signal-Android,2018-1,2019-1,org.thoughtcrime.securesms.util.dualsim.SubscriptionManagerCompat,top_level,0,0,0,30,0,0,30,0,0,1,1,3,3,0,1,0,1,0,1,0,1,0,1,0,1,0,1,0,1,3,1,3,1,0,1,0,1
Signal-Android,2018-1,2019-1,org.thoughtcrime.securesms.util.spans.CenterAlignedRelativeSizeSpan,top_level,1,1,0,11,0,1,11,0,1,0,0,,,,0,,0,,0,,0,,0,,0,,0,,0,,0,,0,,0,,0
Signal-Android,2018-1,2019-1,"org.thoughtcrime.securesms.util.task.ProgressDialogAsyncTask<Params,Progress,Result>",top_level,4,4,0,21,0,2,21,0,2,0,0,,,,0,,0,,0,,0,,0,,0,,0,,0,,0,,0,,0,,0
Signal-Android,2018-1,2019-1,org.thoughtcrime.securesms.util.task.SnackbarAsyncTask<Params>,top_level,4,4,0,61,1,3,61,1,3,0,0,,,,0,,0,,0,,0,,0,,0,,0,,0,,0,,0,,0,,0
Signal-Android,2018-1,2019-1,org.thoughtcrime.securesms.util.views.Stub<T>,top_level,3,3,0,12,1,2,12,1,2,0,0,,,,0,,0,,0,,0,,0,,0,,0,,0,,0,,0,,0,,0
Signal-Android,2018-1,2019-1,org.thoughtcrime.securesms.video.EncryptedMediaDataSource,top_level,6,8,2,30,0,3,37,0,5,1,1,3,4,0,1,0,1,0,1,0,1,0,1,0,1,0,1,0,1,3,1,4,1,0,1,0,1
Signal-Android,2018-1,2019-1,org.thoughtcrime.securesms.video.VideoPlayer,top_level,7,9,2,103,0,2,104,0,3,1,1,3,3,0,1,0,1,0,1,0,1,0,1,0,1,0,1,0,1,2,1,2,1,0,1,0,1
Signal-Android,2018-1,2019-1,org.thoughtcrime.securesms.video.exo.AttachmentDataSource,top_level,2,2,0,21,0,2,26,0,2,0,0,,,,0,,0,,0,,0,,0,,0,,0,,0,,0,,0,,0,,0
Signal-Android,2018-1,2019-1,org.thoughtcrime.securesms.video.exo.AttachmentDataSourceFactory,top_level,0,0,0,16,0,0,14,0,0,0,0,,,,0,,0,,0,,0,,0,,0,,0,,0,,0,,0,,0,,0
Signal-Android,2018-1,2019-1,org.thoughtcrime.securesms.video.exo.PartDataSource,top_level,4,4,0,39,0,2,37,0,2,1,1,3,2,0,1,0,1,0,1,0,1,0,1,0,1,0,1,0,1,2,1,2,1,0,1,0,1
Signal-Android,2018-1,2019-1,org.thoughtcrime.securesms.webrtc.CallNotificationBuilder,top_level,0,0,0,40,0,0,40,0,0,1,1,1,1,0,1,0,1,0,1,0,1,0,1,0,1,0,1,0,1,0,1,0,1,0,1,0,1
Signal-Android,2018-1,2019-1,org.thoughtcrime.securesms.webrtc.IncomingPstnCallReceiver,top_level,0,0,0,35,0,0,35,0,0,1,1,8,8,0,1,0,1,0,1,0,1,0,1,0,1,0,1,0,1,8,1,8,1,0,1,0,1
Signal-Android,2018-1,2019-1,org.thoughtcrime.securesms.webrtc.PeerConnectionFactoryOptions,top_level,1,1,0,3,0,1,3,0,1,0,0,,,,0,,0,,0,,0,,0,,0,,0,,0,,0,,0,,0,,0
Signal-Android,2018-1,2019-1,org.thoughtcrime.securesms.webrtc.PeerConnectionWrapper,top_level,11,7,-4,200,0,4,242,0,5,1,1,3,2,0,1,0,1,0,1,0,1,0,1,0,1,0,1,0,1,2,1,2,1,0,1,0,1
Signal-Android,2018-1,2019-1,org.thoughtcrime.securesms.webrtc.UncaughtExceptionHandlerManager,top_level,2,2,0,18,0,2,18,0,2,1,1,1,1,0,1,0,1,0,1,0,1,0,1,0,1,0,1,0,1,1,1,1,1,0,1,0,1
Signal-Android,2018-1,2019-1,org.thoughtcrime.securesms.webrtc.VoiceCallShare,top_level,0,0,0,23,0,0,23,0,0,1,1,10,10,0,1,0,1,0,1,0,1,0,1,0,1,0,1,0,1,9,1,9,1,0,1,0,1
Signal-Android,2018-1,2019-1,org.thoughtcrime.securesms.webrtc.WebRtcDataProtos,top_level,1,1,0,1436,0,1,1436,0,1,1,1,89,89,0,1,0,1,0,1,0,1,0,1,0,1,4,1,4,1,62,1,62,1,1,1,1,1
Signal-Android,2018-1,2019-1,org.thoughtcrime.securesms.webrtc.audio.BluetoothStateManager,top_level,21,22,1,122,0,5,128,0,5,1,1,17,17,0,1,0,1,0,1,0,1,0,1,0,1,0,1,0,1,10,1,10,1,0,1,0,1
Signal-Android,2018-1,2019-1,org.thoughtcrime.securesms.webrtc.audio.IncomingRinger,top_level,9,2,-7,75,0,2,73,0,1,1,1,4,3,0,1,0,1,0,1,0,1,0,1,0,1,0,1,0,1,4,1,3,1,0,1,0,1
Signal-Android,2018-1,2019-1,org.thoughtcrime.securesms.webrtc.audio.OutgoingRinger,top_level,8,8,0,33,0,2,33,0,2,0,0,,,,0,,0,,0,,0,,0,,0,,0,,0,,0,,0,,0,,0
Signal-Android,2018-1,2019-1,org.thoughtcrime.securesms.webrtc.audio.SignalAudioManager,top_level,9,8,-1,59,0,5,59,0,4,1,1,13,13,0,1,0,1,0,1,0,1,0,1,0,1,0,1,0,1,13,1,13,1,0,1,0,1
Signal-Android,2018-1,2019-1,org.thoughtcrime.securesms.webrtc.locks.AccelerometerListener,top_level,14,14,0,74,0,3,74,0,3,1,1,3,3,0,1,0,1,0,1,0,1,0,1,0,1,0,1,0,1,0,1,0,1,0,1,0,1
Signal-Android,2018-1,2019-1,org.thoughtcrime.securesms.webrtc.locks.LockManager,top_level,15,15,0,103,0,3,103,0,3,1,1,2,2,0,1,0,1,0,1,0,1,0,1,0,1,0,1,0,1,1,1,1,1,0,1,0,1
Signal-Android,2018-1,2019-1,org.thoughtcrime.securesms.webrtc.locks.ProximityLock,top_level,11,11,0,49,0,2,49,0,2,1,1,6,6,0,1,0,1,0,1,0,1,0,1,0,1,0,1,0,1,6,1,6,1,0,1,0,1
Signal-Android,2019-1,2020-1,org.signal.signing.ApkSignerUtil,top_level,0,0,0,67,0,0,67,0,0,1,1,12,12,0,1,0,1,0,1,0,1,0,1,0,1,0,1,0,1,11,1,11,1,0,1,0,1
Signal-Android,2019-1,2020-1,org.thoughtcrime.securesms.ApplicationContext,top_level,31,41,10,150,0,19,197,0,22,1,1,8,18,0,1,0,1,0,1,0,1,0,1,0,1,0,1,0,1,5,1,14,1,0,1,1,1
Signal-Android,2019-1,2020-1,org.thoughtcrime.securesms.ApplicationPreferencesActivity,top_level,4,4,0,177,0,3,163,0,3,1,1,17,21,0,1,0,1,0,1,0,1,0,1,0,1,0,1,0,1,15,1,17,1,0,1,0,1
Signal-Android,2019-1,2020-1,org.thoughtcrime.securesms.BaseActionBarActivity,top_level,10,9,-1,45,0,4,48,0,4,1,1,6,6,0,1,0,1,0,1,0,1,0,1,0,1,0,1,0,1,6,1,6,1,0,1,0,1
Signal-Android,2019-1,2020-1,org.thoughtcrime.securesms.BaseActivity,top_level,1,2,1,14,0,0,21,0,1,0,0,,,,0,,0,,0,,0,,0,,0,,0,,0,,0,,0,,0,,0
Signal-Android,2019-1,2020-1,org.thoughtcrime.securesms.BasicIntroFragment,top_level,2,2,0,31,0,1,31,0,1,1,1,6,6,0,1,0,1,0,1,0,1,0,1,0,1,0,1,0,1,6,1,6,1,0,1,0,1
Signal-Android,2019-1,2020-1,org.thoughtcrime.securesms.BindableConversationItem,top_level,3,3,0,17,0,1,23,0,1,0,0,,,,0,,0,,0,,0,,0,,0,,0,,0,,0,,0,,0,,0
Signal-Android,2019-1,2020-1,org.thoughtcrime.securesms.BindableConversationListItem,top_level,1,1,0,5,0,0,5,0,0,0,0,,,,0,,0,,0,,0,,0,,0,,0,,0,,0,,0,,0,,0
Signal-Android,2019-1,2020-1,org.thoughtcrime.securesms.BlockedContactsActivity,top_level,2,2,0,68,0,2,72,0,2,1,1,6,7,0,1,0,1,0,1,0,1,0,1,0,1,0,1,0,1,6,1,7,1,0,1,0,1
Signal-Android,2019-1,2020-1,org.thoughtcrime.securesms.ClearProfileAvatarActivity,top_level,1,1,0,14,0,1,14,0,1,0,0,,,,0,,0,,0,,0,,0,,0,,0,,0,,0,,0,,0,,0
Signal-Android,2019-1,2020-1,org.thoughtcrime.securesms.ConfirmIdentityDialog,top_level,1,1,0,107,0,1,105,0,1,1,1,9,10,0,1,0,1,0,1,0,1,0,1,0,1,0,1,0,1,3,1,3,1,0,1,0,1
Signal-Android,2019-1,2020-1,org.thoughtcrime.securesms.ContactSelectionActivity,top_level,6,6,0,67,0,6,67,0,6,1,1,10,10,0,1,0,1,0,1,0,1,0,1,0,1,0,1,0,1,10,1,10,1,0,1,0,1
Signal-Android,2019-1,2020-1,org.thoughtcrime.securesms.ContactSelectionListFragment,top_level,16,17,1,173,0,9,223,0,9,1,1,23,28,0,1,0,1,0,1,0,1,0,1,0,1,0,1,0,1,21,1,25,1,0,1,0,1
Signal-Android,2019-1,2020-1,org.thoughtcrime.securesms.CountrySelectionFragment,top_level,0,0,0,47,0,0,47,0,0,1,1,4,4,0,1,0,1,0,1,0,1,0,1,0,1,0,1,0,1,4,1,4,1,0,1,0,1
Signal-Android,2019-1,2020-1,org.thoughtcrime.securesms.CreateProfileActivity,top_level,25,22,-3,304,0,10,269,0,10,1,1,46,54,0,1,0,1,0,1,0,1,0,1,0,1,0,1,0,1,32,1,40,1,0,1,0,1
Signal-Android,2019-1,2020-1,org.thoughtcrime.securesms.DatabaseMigrationActivity,top_level,13,13,0,112,0,11,112,0,11,1,1,7,7,0,1,0,1,0,1,0,1,0,1,0,1,0,1,0,1,4,1,4,1,0,1,0,1
Signal-Android,2019-1,2020-1,org.thoughtcrime.securesms.DeviceActivity,top_level,2,4,2,149,0,2,156,0,3,1,1,20,23,0,1,0,1,0,1,0,1,0,1,0,1,0,1,0,1,16,1,19,1,0,1,0,1
Signal-Android,2019-1,2020-1,org.thoughtcrime.securesms.DeviceAddFragment,top_level,2,2,0,59,0,2,59,0,2,1,1,5,5,0,1,0,1,0,1,0,1,0,1,0,1,0,1,0,1,4,1,4,1,0,1,0,1
Signal-Android,2019-1,2020-1,org.thoughtcrime.securesms.DeviceLinkFragment,top_level,0,0,0,28,0,0,29,0,0,1,1,2,2,0,1,0,1,0,1,0,1,0,1,0,1,0,1,0,1,2,1,2,1,0,1,0,1
Signal-Android,2019-1,2020-1,org.thoughtcrime.securesms.DeviceListFragment,top_level,2,2,0,124,0,2,121,0,2,1,1,19,18,0,1,0,1,0,1,0,1,0,1,0,1,0,1,0,1,16,1,15,1,0,1,0,1
Signal-Android,2019-1,2020-1,org.thoughtcrime.securesms.DeviceListItem,top_level,2,2,0,31,0,2,31,0,2,1,1,3,3,0,1,0,1,0,1,0,1,0,1,0,1,0,1,0,1,3,1,3,1,0,1,0,1
Signal-Android,2019-1,2020-1,org.thoughtcrime.securesms.DeviceProvisioningActivity,top_level,1,1,0,27,0,1,27,0,1,1,1,2,2,0,1,0,1,0,1,0,1,0,1,0,1,0,1,0,1,2,1,2,1,0,1,0,1
Signal-Android,2019-1,2020-1,org.thoughtcrime.securesms.DummyActivity,top_level,0,0,0,5,0,0,5,0,0,0,0,,,,0,,0,,0,,0,,0,,0,,0,,0,,0,,0,,0,,0
Signal-Android,2019-1,2020-1,org.thoughtcrime.securesms.ExperienceUpgradeActivity,top_level,1,4,3,202,0,1,214,0,4,1,1,37,33,0,1,0,1,0,1,0,1,0,1,0,1,0,1,0,1,37,1,33,1,0,1,0,1
Signal-Android,2019-1,2020-1,org.thoughtcrime.securesms.ExpirationDialog,top_level,0,0,0,48,0,0,48,0,0,1,1,10,10,0,1,0,1,0,1,0,1,0,1,0,1,0,1,0,1,10,1,10,1,0,1,0,1
Signal-Android,2019-1,2020-1,org.thoughtcrime.securesms.GroupCreateActivity,top_level,16,17,1,349,0,10,355,0,11,1,1,72,75,0,1,0,1,0,1,0,1,0,1,0,1,0,1,0,1,65,1,68,1,0,1,0,1
Signal-Android,2019-1,2020-1,org.thoughtcrime.securesms.GroupMembersDialog,top_level,2,2,0,69,0,2,65,0,2,1,1,6,3,0,1,0,1,0,1,0,1,0,1,0,1,0,1,0,1,6,1,3,1,0,1,0,1
Signal-Android,2019-1,2020-1,org.thoughtcrime.securesms.IntroPagerAdapter,top_level,1,1,0,18,0,1,18,0,1,1,1,1,1,0,1,0,1,0,1,0,1,0,1,0,1,0,1,0,1,0,1,0,1,0,1,0,1
Signal-Android,2019-1,2020-1,org.thoughtcrime.securesms.InviteActivity,top_level,7,14,7,147,0,5,166,0,10,1,1,27,34,0,1,0,1,0,1,0,1,0,1,0,1,0,1,0,1,26,1,31,1,0,1,0,1
Signal-Android,2019-1,2020-1,org.thoughtcrime.securesms.LogSubmitActivity,top_level,4,4,0,43,0,4,43,0,4,1,1,8,8,0,1,0,1,0,1,0,1,0,1,0,1,0,1,0,1,7,1,7,1,0,1,0,1
Signal-Android,2019-1,2020-1,org.thoughtcrime.securesms.MasterSecretListener,top_level,1,1,0,2,0,1,2,0,1,0,0,,,,0,,0,,0,,0,,0,,0,,0,,0,,0,,0,,0,,0
Signal-Android,2019-1,2020-1,org.thoughtcrime.securesms.MediaPreviewActivity,top_level,40,41,1,414,0,16,479,0,20,1,1,51,62,0,1,0,1,0,1,0,1,0,1,0,1,0,1,0,1,45,1,55,1,1,1,1,1
Signal-Android,2019-1,2020-1,org.thoughtcrime.securesms.MessageDetailsActivity,top_level,6,6,0,267,0,6,264,0,6,1,1,38,38,0,1,0,1,0,1,0,1,0,1,0,1,0,1,0,1,32,1,32,1,0,1,0,1
Signal-Android,2019-1,2020-1,org.thoughtcrime.securesms.MessageDetailsRecipientAdapter,top_level,3,2,-1,56,0,2,55,0,2,1,1,6,3,0,1,0,1,0,1,0,1,0,1,0,1,0,1,0,1,6,1,3,1,0,1,0,1
Signal-Android,2019-1,2020-1,org.thoughtcrime.securesms.MessageRecipientListItem,top_level,4,4,0,88,0,2,91,0,2,1,1,14,15,0,1,0,1,0,1,0,1,0,1,0,1,0,1,0,1,7,1,8,1,0,1,0,1
Signal-Android,2019-1,2020-1,org.thoughtcrime.securesms.MuteDialog,top_level,0,0,0,26,0,0,26,0,0,1,1,6,6,0,1,0,1,0,1,0,1,0,1,0,1,0,1,0,1,6,1,6,1,0,1,0,1
Signal-Android,2019-1,2020-1,org.thoughtcrime.securesms.NewConversationActivity,top_level,3,4,1,43,0,3,54,0,4,1,1,7,6,0,1,0,1,0,1,0,1,0,1,0,1,0,1,0,1,7,1,6,1,0,1,0,1
Signal-Android,2019-1,2020-1,org.thoughtcrime.securesms.PassphraseActivity,top_level,1,1,0,29,0,1,29,0,1,1,1,4,4,0,1,0,1,0,1,0,1,0,1,0,1,0,1,0,1,3,1,3,1,0,1,0,1
Signal-Android,2019-1,2020-1,org.thoughtcrime.securesms.PassphraseChangeActivity,top_level,11,11,0,88,0,4,88,0,4,1,1,8,8,0,1,0,1,0,1,0,1,0,1,0,1,0,1,0,1,5,1,5,1,0,1,0,1
Signal-Android,2019-1,2020-1,org.thoughtcrime.securesms.PassphraseCreateActivity,top_level,3,3,0,32,0,3,33,0,3,0,0,,,,0,,0,,0,,0,,0,,0,,0,,0,,0,,0,,0,,0
Signal-Android,2019-1,2020-1,org.thoughtcrime.securesms.PassphrasePromptActivity,top_level,30,27,-3,222,0,11,224,0,11,1,1,20,20,0,1,0,1,0,1,0,1,0,1,0,1,0,1,0,1,16,1,16,1,0,1,0,1
Signal-Android,2019-1,2020-1,org.thoughtcrime.securesms.PassphraseRequiredActionBarActivity,top_level,17,20,3,126,0,9,131,0,11,1,1,5,5,0,1,0,1,0,1,0,1,0,1,0,1,0,1,0,1,4,1,4,1,0,1,0,1
Signal-Android,2019-1,2020-1,org.thoughtcrime.securesms.PlayServicesProblemActivity,top_level,0,0,0,6,0,0,6,0,0,0,0,,,,0,,0,,0,,0,,0,,0,,0,,0,,0,,0,,0,,0
Signal-Android,2019-1,2020-1,org.thoughtcrime.securesms.PlayServicesProblemFragment,top_level,2,2,0,23,0,1,23,0,1,1,1,1,3,0,1,0,1,0,1,0,1,0,1,0,1,0,1,0,1,1,1,3,1,0,1,0,1
Signal-Android,2019-1,2020-1,org.thoughtcrime.securesms.PromptMmsActivity,top_level,1,1,0,15,0,1,15,0,1,1,1,2,2,0,1,0,1,0,1,0,1,0,1,0,1,0,1,0,1,2,1,2,1,0,1,0,1
Signal-Android,2019-1,2020-1,org.thoughtcrime.securesms.PushContactSelectionActivity,top_level,0,0,0,16,0,0,17,0,0,1,1,3,3,0,1,0,1,0,1,0,1,0,1,0,1,0,1,0,1,3,1,3,1,0,1,0,1
Signal-Android,2019-1,2020-1,org.thoughtcrime.securesms.ReadReceiptsIntroFragment,top_level,2,2,0,25,0,1,24,0,1,1,1,3,3,0,1,0,1,0,1,0,1,0,1,0,1,0,1,0,1,2,1,2,1,0,1,0,1
Signal-Android,2019-1,2020-1,org.thoughtcrime.securesms.RecipientPreferenceActivity,top_level,5,6,1,501,0,4,504,0,4,1,1,78,87,0,1,0,1,0,1,0,1,0,1,0,1,0,1,0,1,70,1,76,1,0,1,1,1
Signal-Android,2019-1,2020-1,org.thoughtcrime.securesms.ShareActivity,top_level,17,16,-1,197,0,10,205,0,9,1,1,25,24,0,1,0,1,0,1,0,1,0,1,0,1,0,1,0,1,22,1,21,1,0,1,0,1
Signal-Android,2019-1,2020-1,org.thoughtcrime.securesms.ShortcutLauncherActivity,top_level,0,0,0,23,0,0,21,0,0,1,1,2,3,0,1,0,1,0,1,0,1,0,1,0,1,0,1,0,1,2,1,3,1,0,1,0,1
Signal-Android,2019-1,2020-1,org.thoughtcrime.securesms.SmsSendtoActivity,top_level,0,0,0,57,0,0,57,0,0,1,1,9,9,0,1,0,1,0,1,0,1,0,1,0,1,0,1,0,1,9,1,9,1,0,1,0,1
Signal-Android,2019-1,2020-1,org.thoughtcrime.securesms.TextSecureExpiredException,top_level,0,0,0,3,0,0,3,0,0,0,0,,,,0,,0,,0,,0,,0,,0,,0,,0,,0,,0,,0,,0
Signal-Android,2019-1,2020-1,org.thoughtcrime.securesms.TextSecureTestCase,top_level,1,1,0,6,0,1,6,0,1,1,1,4,4,0,1,0,1,0,1,0,1,0,1,0,1,0,1,0,1,4,1,4,1,0,1,0,1
Signal-Android,2019-1,2020-1,org.thoughtcrime.securesms.TransportOption,top_level,6,6,0,92,0,6,92,0,6,0,0,,,,0,,0,,0,,0,,0,,0,,0,,0,,0,,0,,0,,0
Signal-Android,2019-1,2020-1,org.thoughtcrime.securesms.TransportOptions,top_level,7,7,0,108,0,4,119,0,4,1,1,6,6,0,1,0,1,0,1,0,1,0,1,0,1,0,1,0,1,6,1,6,1,0,1,0,1
Signal-Android,2019-1,2020-1,org.thoughtcrime.securesms.TransportOptionsAdapter,top_level,2,2,0,36,0,2,36,0,2,1,1,10,10,0,1,0,1,0,1,0,1,0,1,0,1,0,1,0,1,10,1,10,1,0,1,0,1
Signal-Android,2019-1,2020-1,org.thoughtcrime.securesms.TransportOptionsPopup,top_level,0,0,0,24,0,0,24,0,0,0,0,,,,0,,0,,0,,0,,0,,0,,0,,0,,0,,0,,0,,0
Signal-Android,2019-1,2020-1,org.thoughtcrime.securesms.TypingIndicatorIntroFragment,top_level,3,3,0,37,0,2,35,0,2,1,1,6,6,0,1,0,1,0,1,0,1,0,1,0,1,0,1,0,1,5,1,5,1,0,1,0,1
Signal-Android,2019-1,2020-1,org.thoughtcrime.securesms.Unbindable,top_level,1,1,0,2,0,1,2,0,1,0,0,,,,0,,0,,0,,0,,0,,0,,0,,0,,0,,0,,0,,0
Signal-Android,2019-1,2020-1,org.thoughtcrime.securesms.VerifyIdentityActivity,top_level,1,1,0,392,0,1,385,0,1,1,1,59,62,0,1,0,1,0,1,0,1,0,1,0,1,0,1,0,1,53,1,57,1,1,1,1,1
Signal-Android,2019-1,2020-1,org.thoughtcrime.securesms.WebRtcCallActivity,top_level,16,17,1,229,0,12,238,0,14,1,1,43,48,0,1,0,1,0,1,0,1,0,1,0,1,0,1,0,1,37,1,41,1,0,1,1,1
Signal-Android,2019-1,2020-1,org.thoughtcrime.securesms.animation.AnimationCompleteListener,top_level,0,0,0,9,0,0,9,0,0,0,0,,,,0,,0,,0,,0,,0,,0,,0,,0,,0,,0,,0,,0
Signal-Android,2019-1,2020-1,org.thoughtcrime.securesms.attachments.Attachment,top_level,8,9,1,83,0,8,101,0,9,1,1,2,3,1,1,1,1,0,1,0,1,1,1,1,1,0,1,0,1,0,1,0,1,0,1,0,1
Signal-Android,2019-1,2020-1,org.thoughtcrime.securesms.attachments.AttachmentId,top_level,5,5,0,28,0,5,28,0,5,0,0,,,,0,,0,,0,,0,,0,,0,,0,,0,,0,,0,,0,,0
Signal-Android,2019-1,2020-1,org.thoughtcrime.securesms.attachments.DatabaseAttachment,top_level,4,4,0,46,0,4,48,0,4,1,1,1,1,0,1,0,1,0,1,0,1,1,1,1,1,0,1,0,1,0,1,0,1,0,1,0,1
Signal-Android,2019-1,2020-1,org.thoughtcrime.securesms.attachments.MmsNotificationAttachment,top_level,5,5,0,19,0,1,19,0,1,0,0,,,,0,,0,,0,,0,,0,,0,,0,,0,,0,,0,,0,,0
Signal-Android,2019-1,2020-1,org.thoughtcrime.securesms.attachments.PointerAttachment,top_level,0,0,0,61,0,0,72,0,0,1,1,50,53,0,1,0,1,0,1,0,1,0,1,0,1,0,1,0,1,49,1,52,1,0,1,0,1
Signal-Android,2019-1,2020-1,org.thoughtcrime.securesms.attachments.UriAttachment,top_level,1,1,0,27,0,1,29,0,1,1,1,1,2,0,1,0,1,0,1,0,1,1,1,2,1,0,1,0,1,0,1,0,1,0,1,0,1
Signal-Android,2019-1,2020-1,org.thoughtcrime.securesms.audio.AudioCodec,top_level,7,7,0,120,0,5,120,0,5,1,1,9,9,0,1,0,1,0,1,0,1,0,1,0,1,0,1,0,1,7,1,7,1,0,1,0,1
Signal-Android,2019-1,2020-1,org.thoughtcrime.securesms.audio.AudioRecorder,top_level,3,3,0,48,0,1,48,0,1,0,0,,,,0,,0,,0,,0,,0,,0,,0,,0,,0,,0,,0,,0
Signal-Android,2019-1,2020-1,org.thoughtcrime.securesms.audio.AudioSlidePlayer,top_level,24,24,0,213,0,8,209,0,8,1,1,25,27,0,1,0,1,0,1,0,1,0,1,0,1,0,1,0,1,13,1,13,1,1,1,1,1
Signal-Android,2019-1,2020-1,org.thoughtcrime.securesms.backup.BackupDialog,top_level,0,0,0,50,0,0,50,0,0,1,1,3,3,0,1,0,1,0,1,0,1,0,1,0,1,0,1,0,1,2,1,2,1,0,1,0,1
Signal-Android,2019-1,2020-1,org.thoughtcrime.securesms.backup.FullBackupBase,top_level,0,0,0,31,0,0,31,0,0,1,1,6,6,0,1,0,1,0,1,0,1,0,1,0,1,0,1,0,1,4,1,4,1,0,1,0,1
Signal-Android,2019-1,2020-1,org.thoughtcrime.securesms.backup.FullBackupExporter,top_level,0,0,0,210,0,0,256,0,0,1,1,30,32,0,1,0,1,0,1,0,1,0,1,0,1,0,1,0,1,21,1,23,1,1,1,1,1
Signal-Android,2019-1,2020-1,org.thoughtcrime.securesms.backup.FullBackupImporter,top_level,0,0,0,165,0,0,187,0,0,1,1,23,27,0,1,0,1,0,1,0,1,0,1,0,1,0,1,0,1,18,1,22,1,0,1,0,1
Signal-Android,2019-1,2020-1,org.thoughtcrime.securesms.color.MaterialColor,top_level,0,0,0,84,0,0,84,0,0,1,1,9,9,0,1,0,1,0,1,0,1,0,1,0,1,0,1,0,1,9,1,9,1,0,1,0,1
Signal-Android,2019-1,2020-1,org.thoughtcrime.securesms.color.MaterialColors,top_level,0,0,0,34,0,0,34,0,0,0,0,,,,0,,0,,0,,0,,0,,0,,0,,0,,0,,0,,0,,0
Signal-Android,2019-1,2020-1,org.thoughtcrime.securesms.components.AccessibleToggleButton,top_level,3,3,0,23,0,1,23,0,1,0,0,,,,0,,0,,0,,0,,0,,0,,0,,0,,0,,0,,0,,0
Signal-Android,2019-1,2020-1,org.thoughtcrime.securesms.components.AlbumThumbnailView,top_level,10,10,0,85,0,4,85,0,4,1,1,10,10,0,1,0,1,0,1,0,1,0,1,0,1,0,1,0,1,10,1,10,1,0,1,0,1
Signal-Android,2019-1,2020-1,org.thoughtcrime.securesms.components.AlertView,top_level,3,3,0,36,0,3,36,0,3,1,1,7,7,0,1,0,1,0,1,0,1,0,1,0,1,0,1,0,1,7,1,7,1,0,1,0,1
Signal-Android,2019-1,2020-1,org.thoughtcrime.securesms.components.AnimatingToggle,top_level,0,0,0,33,0,0,34,0,0,0,0,,,,0,,0,,0,,0,,0,,0,,0,,0,,0,,0,,0,,0
Signal-Android,2019-1,2020-1,org.thoughtcrime.securesms.components.AttachmentTypeSelector,top_level,3,3,0,180,0,2,178,0,2,1,1,14,14,0,1,0,1,0,1,0,1,0,1,0,1,0,1,0,1,14,1,14,1,0,1,0,1
Signal-Android,2019-1,2020-1,org.thoughtcrime.securesms.components.AudioView,top_level,28,37,9,200,0,13,219,0,18,1,1,12,10,0,1,0,1,0,1,0,1,0,1,0,1,0,1,0,1,10,1,7,1,0,1,0,1
Signal-Android,2019-1,2020-1,org.thoughtcrime.securesms.components.AvatarImageView,top_level,0,0,0,70,0,0,99,0,0,1,1,9,15,0,1,0,1,0,1,0,1,0,1,0,1,0,1,0,1,9,1,15,1,0,1,0,1
Signal-Android,2019-1,2020-1,org.thoughtcrime.securesms.components.BubbleDrawableBuilder,top_level,10,10,0,43,0,6,43,0,6,1,1,2,2,0,1,0,1,0,1,0,1,0,1,0,1,0,1,0,1,2,1,2,1,0,1,0,1
Signal-Android,2019-1,2020-1,org.thoughtcrime.securesms.components.CircleColorImageView,top_level,0,0,0,15,0,0,15,0,0,0,0,,,,0,,0,,0,,0,,0,,0,,0,,0,,0,,0,,0,,0
Signal-Android,2019-1,2020-1,org.thoughtcrime.securesms.components.ComposeText,top_level,6,9,3,99,0,3,109,0,5,1,1,13,13,0,1,0,1,0,1,0,1,0,1,0,1,0,1,0,1,12,1,12,1,0,1,0,1
Signal-Android,2019-1,2020-1,org.thoughtcrime.securesms.components.ContactFilterToolbar,top_level,4,4,0,89,0,3,103,0,3,1,1,10,12,0,1,0,1,0,1,0,1,0,1,0,1,0,1,0,1,5,1,7,1,0,1,0,1
Signal-Android,2019-1,2020-1,org.thoughtcrime.securesms.components.ControllableTabLayout,top_level,4,4,0,15,0,1,15,0,1,0,0,,,,0,,0,,0,,0,,0,,0,,0,,0,,0,,0,,0,,0
Signal-Android,2019-1,2020-1,org.thoughtcrime.securesms.components.ControllableViewPager,top_level,0,0,0,11,0,0,11,0,0,0,0,,,,0,,0,,0,,0,,0,,0,,0,,0,,0,,0,,0,,0
Signal-Android,2019-1,2020-1,org.thoughtcrime.securesms.components.ConversationItemFooter,top_level,3,3,0,102,0,3,102,0,3,1,1,23,22,0,1,0,1,0,1,0,1,0,1,0,1,0,1,0,1,22,1,21,1,0,1,0,1
Signal-Android,2019-1,2020-1,org.thoughtcrime.securesms.components.ConversationItemThumbnail,top_level,7,8,1,101,0,5,86,0,6,1,1,10,10,0,1,0,1,0,1,0,1,0,1,0,1,0,1,0,1,10,1,10,1,0,1,0,1
Signal-Android,2019-1,2020-1,org.thoughtcrime.securesms.components.ConversationTypingView,top_level,1,1,0,24,0,1,24,0,1,1,1,3,3,0,1,0,1,0,1,0,1,0,1,0,1,0,1,0,1,3,1,3,1,0,1,0,1
Signal-Android,2019-1,2020-1,org.thoughtcrime.securesms.components.CornerMask,top_level,7,6,-1,47,0,7,38,0,6,0,0,,,,0,,0,,0,,0,,0,,0,,0,,0,,0,,0,,0,,0
Signal-Android,2019-1,2020-1,org.thoughtcrime.securesms.components.CustomDefaultPreference,top_level,2,2,0,139,0,2,139,0,2,1,1,12,12,0,1,0,1,0,1,0,1,0,1,0,1,0,1,0,1,12,1,12,1,0,1,0,1
Signal-Android,2019-1,2020-1,org.thoughtcrime.securesms.components.DeliveryStatusView,top_level,6,6,0,63,0,6,63,0,6,0,0,,,,0,,0,,0,,0,,0,,0,,0,,0,,0,,0,,0,,0
Signal-Android,2019-1,2020-1,org.thoughtcrime.securesms.components.DocumentView,top_level,3,3,0,103,0,3,92,0,3,1,1,6,7,0,1,0,1,0,1,0,1,0,1,0,1,0,1,0,1,5,1,6,1,0,1,0,1
Signal-Android,2019-1,2020-1,org.thoughtcrime.securesms.components.ExpirationTimerView,top_level,8,8,0,67,0,6,67,0,6,1,1,3,3,0,1,0,1,0,1,0,1,0,1,0,1,0,1,0,1,3,1,3,1,0,1,0,1
Signal-Android,2019-1,2020-1,org.thoughtcrime.securesms.components.FromTextView,top_level,0,0,0,36,0,0,42,0,0,0,1,,2,,0,0,1,,0,0,1,,0,0,1,,0,0,1,,0,1,1,,0,0,1
Signal-Android,2019-1,2020-1,org.thoughtcrime.securesms.components.GlideBitmapListeningTarget,top_level,0,0,0,13,0,0,13,0,0,0,0,,,,0,,0,,0,,0,,0,,0,,0,,0,,0,,0,,0,,0
Signal-Android,2019-1,2020-1,org.thoughtcrime.securesms.components.GlideDrawableListeningTarget,top_level,0,0,0,13,0,0,13,0,0,0,0,,,,0,,0,,0,,0,,0,,0,,0,,0,,0,,0,,0,,0
Signal-Android,2019-1,2020-1,org.thoughtcrime.securesms.components.HidingLinearLayout,top_level,7,7,0,39,0,3,39,0,3,0,0,,,,0,,0,,0,,0,,0,,0,,0,,0,,0,,0,,0,,0
Signal-Android,2019-1,2020-1,org.thoughtcrime.securesms.components.HourglassView,top_level,2,2,0,44,0,2,43,0,2,0,0,,,,0,,0,,0,,0,,0,,0,,0,,0,,0,,0,,0,,0
Signal-Android,2019-1,2020-1,org.thoughtcrime.securesms.components.ImageDivet,top_level,6,6,0,62,0,5,60,0,5,1,1,5,5,0,1,0,1,0,1,0,1,0,1,0,1,0,1,0,1,5,1,5,1,0,1,0,1
Signal-Android,2019-1,2020-1,org.thoughtcrime.securesms.components.InputAwareLayout,top_level,5,5,0,51,0,4,51,0,4,1,1,2,2,0,1,0,1,0,1,0,1,0,1,0,1,0,1,0,1,2,1,2,1,0,1,0,1
Signal-Android,2019-1,2020-1,org.thoughtcrime.securesms.components.InputPanel,top_level,25,37,12,198,0,13,294,0,22,1,1,8,21,0,1,0,1,0,1,0,1,0,1,0,1,0,1,0,1,6,1,17,1,0,1,1,1
Signal-Android,2019-1,2020-1,org.thoughtcrime.securesms.components.KeyboardAwareLinearLayout,top_level,36,40,4,132,0,20,147,0,22,1,1,16,20,0,1,0,1,0,1,0,1,0,1,0,1,0,1,0,1,14,1,18,1,0,1,1,1
Signal-Android,2019-1,2020-1,org.thoughtcrime.securesms.components.MaxHeightScrollView,top_level,2,2,0,18,0,1,18,0,1,1,1,4,4,0,1,0,1,0,1,0,1,0,1,0,1,0,1,0,1,4,1,4,1,0,1,0,1
Signal-Android,2019-1,2020-1,org.thoughtcrime.securesms.components.MicrophoneRecorderView,top_level,5,13,8,120,0,3,165,0,7,1,1,5,8,0,1,0,1,0,1,0,1,0,1,0,1,0,1,0,1,1,1,2,1,0,1,0,1
Signal-Android,2019-1,2020-1,org.thoughtcrime.securesms.components.PushRecipientsPanel,top_level,6,5,-1,73,0,4,75,0,5,1,1,5,9,0,1,0,1,0,1,0,1,0,1,0,1,0,1,0,1,5,1,9,1,0,1,0,1
Signal-Android,2019-1,2020-1,org.thoughtcrime.securesms.components.QuoteView,top_level,8,10,2,178,0,4,176,0,5,1,1,45,51,0,1,0,1,0,1,0,1,0,1,0,1,0,1,0,1,43,1,48,1,0,1,0,1
Signal-Android,2019-1,2020-1,org.thoughtcrime.securesms.components.RatingManager,top_level,0,0,0,49,0,0,49,0,0,1,1,6,6,0,1,0,1,0,1,0,1,0,1,0,1,0,1,0,1,5,1,5,1,0,1,0,1
Signal-Android,2019-1,2020-1,org.thoughtcrime.securesms.components.RecentPhotoViewRail,top_level,2,2,0,67,0,1,82,0,1,1,1,8,9,0,1,0,1,0,1,0,1,0,1,0,1,0,1,0,1,8,1,9,1,0,1,0,1
Signal-Android,2019-1,2020-1,org.thoughtcrime.securesms.components.RecyclerViewFastScroller,top_level,14,12,-2,130,0,6,124,0,6,1,1,5,5,0,1,0,1,0,1,0,1,0,1,0,1,0,1,0,1,4,1,4,1,0,1,0,1
Signal-Android,2019-1,2020-1,org.thoughtcrime.securesms.components.RemovableEditableMediaView,top_level,1,1,0,40,0,1,40,0,1,1,1,1,1,0,1,0,1,0,1,0,1,0,1,0,1,0,1,0,1,0,1,0,1,0,1,0,1
Signal-Android,2019-1,2020-1,org.thoughtcrime.securesms.components.RepeatableImageKey,top_level,4,4,0,56,0,3,45,0,3,1,0,1,,0,1,,0,0,1,,0,0,1,,0,0,1,,0,0,1,,0,0,1,,0
Signal-Android,2019-1,2020-1,org.thoughtcrime.securesms.components.SearchToolbar,top_level,12,12,0,85,0,6,84,0,6,1,1,20,15,0,1,0,1,0,1,0,1,0,1,0,1,0,1,0,1,20,1,15,1,0,1,0,1
Signal-Android,2019-1,2020-1,org.thoughtcrime.securesms.components.SendButton,top_level,2,2,0,60,0,2,61,0,2,1,1,3,3,0,1,0,1,0,1,0,1,0,1,0,1,0,1,0,1,3,1,3,1,0,1,0,1
Signal-Android,2019-1,2020-1,org.thoughtcrime.securesms.components.ShapeScrim,top_level,3,3,0,56,0,1,56,0,1,0,0,,,,0,,0,,0,,0,,0,,0,,0,,0,,0,,0,,0,,0
Signal-Android,2019-1,2020-1,org.thoughtcrime.securesms.components.SharedContactView,top_level,4,4,0,141,0,4,134,0,4,1,1,21,22,0,1,0,1,0,1,0,1,0,1,0,1,0,1,0,1,15,1,16,1,0,1,0,1
Signal-Android,2019-1,2020-1,org.thoughtcrime.securesms.components.SquareFrameLayout,top_level,2,2,0,21,0,1,21,0,1,0,0,,,,0,,0,,0,,0,,0,,0,,0,,0,,0,,0,,0,,0
Signal-Android,2019-1,2020-1,org.thoughtcrime.securesms.components.SquareImageView,top_level,1,1,0,13,0,1,10,0,1,0,0,,,,0,,0,,0,,0,,0,,0,,0,,0,,0,,0,,0,,0
Signal-Android,2019-1,2020-1,org.thoughtcrime.securesms.components.SquareLinearLayout,top_level,1,1,0,16,0,1,16,0,1,0,0,,,,0,,0,,0,,0,,0,,0,,0,,0,,0,,0,,0,,0
Signal-Android,2019-1,2020-1,org.thoughtcrime.securesms.components.SwitchPreferenceCompat,top_level,4,4,0,24,0,2,24,0,2,0,0,,,,0,,0,,0,,0,,0,,0,,0,,0,,0,,0,,0,,0
Signal-Android,2019-1,2020-1,org.thoughtcrime.securesms.components.ThreadPhotoRailView,top_level,2,2,0,56,0,1,56,0,1,1,1,4,4,0,1,0,1,0,1,0,1,0,1,0,1,0,1,0,1,4,1,4,1,0,1,0,1
Signal-Android,2019-1,2020-1,org.thoughtcrime.securesms.components.ThumbnailView,top_level,31,35,4,239,0,9,294,0,12,1,1,23,30,0,1,0,1,0,1,0,1,0,1,0,1,0,1,0,1,16,1,17,1,1,1,1,1
Signal-Android,2019-1,2020-1,org.thoughtcrime.securesms.components.TransferControlView,top_level,12,12,0,151,0,8,137,0,8,1,1,14,9,0,1,0,1,0,1,0,1,0,1,0,1,0,1,0,1,12,1,9,1,1,1,0,1
Signal-Android,2019-1,2020-1,org.thoughtcrime.securesms.components.TypingIndicatorView,top_level,2,2,0,72,0,2,72,0,2,1,1,7,7,0,1,0,1,0,1,0,1,0,1,0,1,0,1,0,1,7,1,7,1,0,1,0,1
Signal-Android,2019-1,2020-1,org.thoughtcrime.securesms.components.TypingStatusRepository,top_level,3,3,0,104,0,2,104,0,2,1,1,6,2,0,1,0,1,0,1,0,1,0,1,0,1,0,1,0,1,6,1,2,1,0,1,0,1
Signal-Android,2019-1,2020-1,org.thoughtcrime.securesms.components.TypingStatusSender,top_level,9,9,0,57,0,4,57,0,4,1,1,1,2,1,1,1,1,0,1,0,1,0,1,0,1,0,1,0,1,0,1,0,1,0,1,0,1
Signal-Android,2019-1,2020-1,org.thoughtcrime.securesms.components.ZoomingImageView,top_level,1,1,0,63,0,1,65,0,1,0,0,,,,0,,0,,0,,0,,0,,0,,0,,0,,0,,0,,0,,0
Signal-Android,2019-1,2020-1,org.thoughtcrime.securesms.components.camera.CameraSurfaceView,top_level,1,1,0,17,0,1,17,0,1,0,0,,,,0,,0,,0,,0,,0,,0,,0,,0,,0,,0,,0,,0
Signal-Android,2019-1,2020-1,org.thoughtcrime.securesms.components.camera.CameraUtils,top_level,0,0,0,57,0,0,58,0,0,1,1,6,6,0,1,0,1,0,1,0,1,0,1,0,1,0,1,0,1,4,1,4,1,0,1,0,1
Signal-Android,2019-1,2020-1,org.thoughtcrime.securesms.components.camera.CameraView,top_level,33,33,0,374,0,15,374,0,15,1,1,41,40,1,1,1,1,0,1,0,1,0,1,0,1,0,1,0,1,30,1,30,1,1,1,1,1
Signal-Android,2019-1,2020-1,org.thoughtcrime.securesms.components.emoji.AnimatingImageSpan,top_level,0,0,0,4,0,0,4,0,0,0,0,,,,0,,0,,0,,0,,0,,0,,0,,0,,0,,0,,0,,0
Signal-Android,2019-1,2020-1,org.thoughtcrime.securesms.components.emoji.AsciiEmojiView,top_level,1,1,0,27,0,1,27,0,1,0,0,,,,0,,0,,0,,0,,0,,0,,0,,0,,0,,0,,0,,0
Signal-Android,2019-1,2020-1,org.thoughtcrime.securesms.components.emoji.CompositeEmojiPageModel,top_level,3,3,0,29,0,3,29,0,3,0,0,,,,0,,0,,0,,0,,0,,0,,0,,0,,0,,0,,0,,0
Signal-Android,2019-1,2020-1,org.thoughtcrime.securesms.components.emoji.Emoji,top_level,0,0,0,8,0,0,8,0,0,0,0,,,,0,,0,,0,,0,,0,,0,,0,,0,,0,,0,,0,,0
Signal-Android,2019-1,2020-1,org.thoughtcrime.securesms.components.emoji.EmojiEditText,top_level,0,0,0,28,0,0,28,0,0,1,1,1,1,0,1,0,1,0,1,0,1,0,1,0,1,0,1,0,1,1,1,1,1,0,1,0,1
Signal-Android,2019-1,2020-1,org.thoughtcrime.securesms.components.emoji.EmojiFilter,top_level,0,0,0,12,0,0,12,0,0,1,1,1,1,0,1,0,1,0,1,0,1,0,1,0,1,0,1,0,1,0,1,0,1,0,1,0,1
Signal-Android,2019-1,2020-1,org.thoughtcrime.securesms.components.emoji.EmojiPageModel,top_level,6,6,0,7,0,3,7,0,3,0,0,,,,0,,0,,0,,0,,0,,0,,0,,0,,0,,0,,0,,0
Signal-Android,2019-1,2020-1,org.thoughtcrime.securesms.components.emoji.EmojiPageView,top_level,7,7,0,57,0,3,55,0,3,1,1,8,8,0,1,0,1,0,1,0,1,0,1,0,1,0,1,0,1,2,1,2,1,0,1,0,1
Signal-Android,2019-1,2020-1,org.thoughtcrime.securesms.components.emoji.EmojiPageViewGridAdapter,top_level,5,5,0,68,0,3,68,0,3,1,1,15,15,0,1,0,1,0,1,0,1,0,1,0,1,0,1,0,1,15,1,15,1,0,1,0,1
Signal-Android,2019-1,2020-1,org.thoughtcrime.securesms.components.emoji.EmojiPages,top_level,0,0,0,279,0,0,279,0,0,0,0,,,,0,,0,,0,,0,,0,,0,,0,,0,,0,,0,,0,,0
Signal-Android,2019-1,2020-1,org.thoughtcrime.securesms.components.emoji.EmojiProvider,top_level,0,0,0,99,0,0,99,0,0,1,1,2,2,0,1,0,1,0,1,0,1,0,1,0,1,0,1,0,1,0,1,0,1,0,1,0,1
Signal-Android,2019-1,2020-1,org.thoughtcrime.securesms.components.emoji.EmojiSpan,top_level,0,0,0,27,0,0,27,0,0,1,1,1,1,0,1,0,1,0,1,0,1,0,1,0,1,0,1,0,1,0,1,0,1,0,1,0,1
Signal-Android,2019-1,2020-1,org.thoughtcrime.securesms.components.emoji.EmojiStrings,top_level,0,0,0,2,0,0,2,0,0,0,0,,,,0,,0,,0,,0,,0,,0,,0,,0,,0,,0,,0,,0
Signal-Android,2019-1,2020-1,org.thoughtcrime.securesms.components.emoji.EmojiTextView,top_level,9,16,7,89,0,5,115,0,6,1,1,11,21,0,1,0,1,0,1,0,1,0,1,0,1,0,1,0,1,4,1,14,1,0,1,0,1
Signal-Android,2019-1,2020-1,org.thoughtcrime.securesms.components.emoji.EmojiToggle,top_level,5,9,4,30,0,5,41,0,7,1,0,4,,0,1,,0,0,1,,0,0,1,,0,0,1,,0,4,1,,0,0,1,,0
Signal-Android,2019-1,2020-1,org.thoughtcrime.securesms.components.emoji.EmojiVariationSelectorPopup,top_level,0,0,0,25,0,0,25,0,0,1,1,4,4,0,1,0,1,0,1,0,1,0,1,0,1,0,1,0,1,4,1,4,1,0,1,0,1
Signal-Android,2019-1,2020-1,org.thoughtcrime.securesms.components.emoji.RecentEmojiPageModel,top_level,3,3,0,59,0,3,58,0,3,1,1,6,6,0,1,0,1,0,1,0,1,0,1,0,1,0,1,0,1,6,1,6,1,0,1,0,1
Signal-Android,2019-1,2020-1,org.thoughtcrime.securesms.components.emoji.StaticEmojiPageModel,top_level,3,3,0,35,0,3,35,0,3,0,0,,,,0,,0,,0,,0,,0,,0,,0,,0,,0,,0,,0,,0
Signal-Android,2019-1,2020-1,org.thoughtcrime.securesms.components.emoji.parsing.EmojiDrawInfo,top_level,1,1,0,16,0,1,16,0,1,0,0,,,,0,,0,,0,,0,,0,,0,,0,,0,,0,,0,,0,,0
Signal-Android,2019-1,2020-1,org.thoughtcrime.securesms.components.emoji.parsing.EmojiPageBitmap,top_level,0,0,0,60,0,0,60,0,0,1,1,4,4,0,1,0,1,0,1,0,1,0,1,0,1,0,1,0,1,4,1,4,1,0,1,0,1
Signal-Android,2019-1,2020-1,org.thoughtcrime.securesms.components.emoji.parsing.EmojiParser,top_level,0,0,0,54,0,0,56,0,0,1,1,3,3,0,1,0,1,0,1,0,1,0,1,0,1,0,1,0,1,2,1,2,1,0,1,0,1
Signal-Android,2019-1,2020-1,org.thoughtcrime.securesms.components.emoji.parsing.EmojiTree,top_level,0,0,0,56,0,0,56,0,0,1,1,11,11,0,1,0,1,0,1,0,1,0,1,0,1,0,1,0,1,10,1,10,1,0,1,0,1
Signal-Android,2019-1,2020-1,org.thoughtcrime.securesms.components.emoji.parsing.Fitzpatrick,top_level,0,0,0,22,0,0,22,0,0,1,1,3,3,0,1,0,1,0,1,0,1,0,1,0,1,0,1,0,1,3,1,3,1,0,1,0,1
Signal-Android,2019-1,2020-1,org.thoughtcrime.securesms.components.identity.UntrustedSendDialog,top_level,0,0,0,31,0,0,31,0,0,0,0,,,,0,,0,,0,,0,,0,,0,,0,,0,,0,,0,,0,,0
Signal-Android,2019-1,2020-1,org.thoughtcrime.securesms.components.identity.UnverifiedBannerView,top_level,2,2,0,48,0,2,48,0,2,1,1,1,1,0,1,0,1,0,1,0,1,0,1,0,1,0,1,0,1,1,1,1,1,0,1,0,1
Signal-Android,2019-1,2020-1,org.thoughtcrime.securesms.components.identity.UnverifiedSendDialog,top_level,0,0,0,33,0,0,33,0,0,0,0,,,,0,,0,,0,,0,,0,,0,,0,,0,,0,,0,,0,,0
Signal-Android,2019-1,2020-1,org.thoughtcrime.securesms.components.location.SignalMapView,top_level,0,0,0,50,0,0,50,0,0,1,1,2,2,0,1,0,1,0,1,0,1,0,1,0,1,0,1,0,1,2,1,2,1,0,1,0,1
Signal-Android,2019-1,2020-1,org.thoughtcrime.securesms.components.location.SignalPlace,top_level,1,1,0,40,0,1,42,0,1,1,1,4,4,0,1,0,1,0,1,0,1,0,1,0,1,0,1,0,1,4,1,4,1,0,1,0,1
Signal-Android,2019-1,2020-1,org.thoughtcrime.securesms.components.recyclerview.DeleteItemAnimator,top_level,1,1,0,11,0,1,11,0,1,0,0,,,,0,,0,,0,,0,,0,,0,,0,,0,,0,,0,,0,,0
Signal-Android,2019-1,2020-1,org.thoughtcrime.securesms.components.recyclerview.SmoothScrollingLinearLayoutManager,top_level,0,0,0,14,0,0,14,0,0,0,0,,,,0,,0,,0,,0,,0,,0,,0,,0,,0,,0,,0,,0
Signal-Android,2019-1,2020-1,org.thoughtcrime.securesms.components.registration.CallMeCountDownView,top_level,8,7,-1,57,0,5,34,0,4,1,1,3,1,0,1,0,1,0,1,0,1,0,1,0,1,0,1,0,1,3,1,1,1,0,1,0,1
Signal-Android,2019-1,2020-1,org.thoughtcrime.securesms.components.registration.PulsingFloatingActionButton,top_level,5,5,0,26,0,3,26,0,3,1,1,2,2,0,1,0,1,0,1,0,1,0,1,0,1,0,1,0,1,2,1,2,1,0,1,0,1
Signal-Android,2019-1,2020-1,org.thoughtcrime.securesms.components.registration.VerificationCodeView,top_level,9,9,0,90,0,4,74,0,4,1,1,14,9,0,1,0,1,0,1,0,1,0,1,0,1,0,1,0,1,14,1,9,1,0,1,0,1
Signal-Android,2019-1,2020-1,org.thoughtcrime.securesms.components.registration.VerificationPinKeyboard,top_level,4,4,0,133,0,4,133,0,4,1,1,7,7,0,1,0,1,0,1,0,1,0,1,0,1,0,1,0,1,3,1,3,1,0,1,0,1
Signal-Android,2019-1,2020-1,org.thoughtcrime.securesms.components.reminder.DefaultSmsReminder,top_level,0,0,0,25,0,0,25,0,0,0,0,,,,0,,0,,0,,0,,0,,0,,0,,0,,0,,0,,0,,0
Signal-Android,2019-1,2020-1,org.thoughtcrime.securesms.components.reminder.DozeReminder,top_level,0,0,0,22,0,0,22,0,0,0,0,,,,0,,0,,0,,0,,0,,0,,0,,0,,0,,0,,0,,0
Signal-Android,2019-1,2020-1,org.thoughtcrime.securesms.components.reminder.ExpiredBuildReminder,top_level,2,2,0,21,0,1,21,0,1,0,0,,,,0,,0,,0,,0,,0,,0,,0,,0,,0,,0,,0,,0
Signal-Android,2019-1,2020-1,org.thoughtcrime.securesms.components.reminder.OutdatedBuildReminder,top_level,2,2,0,25,0,1,25,0,1,1,1,1,1,0,1,0,1,0,1,0,1,0,1,0,1,0,1,0,1,1,1,1,1,0,1,0,1
Signal-Android,2019-1,2020-1,org.thoughtcrime.securesms.components.reminder.PushRegistrationReminder,top_level,1,1,0,15,0,1,10,0,1,0,0,,,,0,,0,,0,,0,,0,,0,,0,,0,,0,,0,,0,,0
Signal-Android,2019-1,2020-1,org.thoughtcrime.securesms.components.reminder.Reminder,top_level,2,4,2,27,0,2,44,0,4,1,1,3,2,1,1,0,1,0,1,0,1,0,1,0,1,0,1,0,1,0,1,0,1,0,1,0,1
Signal-Android,2019-1,2020-1,org.thoughtcrime.securesms.components.reminder.ReminderView,top_level,4,7,3,50,0,4,82,0,6,1,1,2,4,0,1,0,1,0,1,0,1,0,1,0,1,0,1,0,1,2,1,4,1,0,1,0,1
Signal-Android,2019-1,2020-1,org.thoughtcrime.securesms.components.reminder.ServiceOutageReminder,top_level,1,1,0,13,0,1,13,0,1,0,0,,,,0,,0,,0,,0,,0,,0,,0,,0,,0,,0,,0,,0
Signal-Android,2019-1,2020-1,org.thoughtcrime.securesms.components.reminder.ShareReminder,top_level,0,0,0,23,0,0,23,0,0,1,1,1,1,0,1,0,1,0,1,0,1,0,1,0,1,0,1,0,1,1,1,1,1,0,1,0,1
Signal-Android,2019-1,2020-1,org.thoughtcrime.securesms.components.reminder.SystemSmsImportReminder,top_level,0,0,0,22,0,0,22,0,0,0,0,,,,0,,0,,0,,0,,0,,0,,0,,0,,0,,0,,0,,0
Signal-Android,2019-1,2020-1,org.thoughtcrime.securesms.components.reminder.UnauthorizedReminder,top_level,1,1,0,14,0,1,12,0,1,0,0,,,,0,,0,,0,,0,,0,,0,,0,,0,,0,,0,,0,,0
Signal-Android,2019-1,2020-1,org.thoughtcrime.securesms.components.subsampling.AttachmentBitmapDecoder,top_level,1,1,0,16,0,1,16,0,1,1,1,1,1,0,1,0,1,0,1,0,1,0,1,0,1,0,1,0,1,0,1,0,1,0,1,0,1
Signal-Android,2019-1,2020-1,org.thoughtcrime.securesms.components.subsampling.AttachmentRegionDecoder,top_level,3,3,0,37,0,2,37,0,2,1,1,2,2,0,1,0,1,0,1,0,1,0,1,0,1,0,1,0,1,1,1,1,1,0,1,0,1
Signal-Android,2019-1,2020-1,org.thoughtcrime.securesms.components.viewpager.ExtendedOnPageChangedListener,top_level,6,6,0,11,0,4,11,0,4,0,0,,,,0,,0,,0,,0,,0,,0,,0,,0,,0,,0,,0,,0
Signal-Android,2019-1,2020-1,org.thoughtcrime.securesms.components.viewpager.HackyViewPager,top_level,0,0,0,13,0,0,13,0,0,0,0,,,,0,,0,,0,,0,,0,,0,,0,,0,,0,,0,,0,,0
Signal-Android,2019-1,2020-1,org.thoughtcrime.securesms.components.webrtc.PercentFrameLayout,top_level,15,15,0,66,0,7,66,0,7,1,1,6,6,0,1,0,1,0,1,0,1,0,1,0,1,0,1,0,1,6,1,6,1,0,1,0,1
Signal-Android,2019-1,2020-1,org.thoughtcrime.securesms.components.webrtc.WebRtcAnswerDeclineButton,top_level,9,12,3,190,0,6,224,0,8,1,1,39,41,0,1,0,1,0,1,0,1,0,1,0,1,0,1,0,1,30,1,33,1,0,1,0,1
Signal-Android,2019-1,2020-1,org.thoughtcrime.securesms.components.webrtc.WebRtcCallControls,top_level,19,21,2,125,0,15,122,0,15,1,1,5,5,0,1,0,1,0,1,0,1,0,1,0,1,0,1,0,1,5,1,5,1,0,1,0,1
Signal-Android,2019-1,2020-1,org.thoughtcrime.securesms.components.webrtc.WebRtcCallScreen,top_level,13,22,9,195,0,7,246,0,9,1,1,29,30,0,1,0,1,0,1,0,1,0,1,0,1,0,1,0,1,25,1,25,1,0,1,1,1
Signal-Android,2019-1,2020-1,org.thoughtcrime.securesms.contacts.ArrayListCursor,top_level,9,9,0,94,0,9,94,0,9,1,1,13,13,0,1,0,1,0,1,0,1,0,1,0,1,0,1,0,1,7,1,7,1,0,1,0,1
Signal-Android,2019-1,2020-1,org.thoughtcrime.securesms.contacts.ContactAccessor,top_level,1,1,0,192,0,0,194,0,0,1,1,10,17,0,1,0,1,0,1,0,1,0,1,0,1,0,1,0,1,10,1,17,1,0,1,0,1
Signal-Android,2019-1,2020-1,org.thoughtcrime.securesms.contacts.ContactIdentityManager,top_level,1,1,0,12,0,1,9,0,1,0,0,,,,0,,0,,0,,0,,0,,0,,0,,0,,0,,0,,0,,0
Signal-Android,2019-1,2020-1,org.thoughtcrime.securesms.contacts.ContactIdentityManagerICS,top_level,1,1,0,43,0,1,41,0,1,1,1,2,2,0,1,0,1,0,1,0,1,0,1,0,1,0,1,0,1,2,1,2,1,0,1,0,1
Signal-Android,2019-1,2020-1,org.thoughtcrime.securesms.contacts.ContactSelectionListAdapter,top_level,7,7,0,135,0,5,143,0,5,1,1,16,13,0,1,0,1,0,1,0,1,0,1,0,1,0,1,0,1,16,1,13,1,0,1,0,1
Signal-Android,2019-1,2020-1,org.thoughtcrime.securesms.contacts.ContactSelectionListItem,top_level,2,3,1,73,0,2,90,0,3,0,0,,,,0,,0,,0,,0,,0,,0,,0,,0,,0,,0,,0,,0
Signal-Android,2019-1,2020-1,org.thoughtcrime.securesms.contacts.ContactsCursorLoader,top_level,3,4,1,152,0,0,209,0,0,1,1,18,29,0,1,0,1,0,1,0,1,0,1,0,1,0,1,0,1,18,1,28,1,0,1,0,1
Signal-Android,2019-1,2020-1,org.thoughtcrime.securesms.contacts.ContactsDatabase,top_level,0,0,0,441,0,0,325,0,0,1,1,107,100,0,1,0,1,0,1,0,1,0,1,0,1,0,1,0,1,99,1,94,1,0,1,0,1
Signal-Android,2019-1,2020-1,org.thoughtcrime.securesms.contacts.ContactsSyncAdapter,top_level,1,1,0,19,0,1,19,0,1,0,0,,,,0,,0,,0,,0,,0,,0,,0,,0,,0,,0,,0,,0
Signal-Android,2019-1,2020-1,org.thoughtcrime.securesms.contacts.NameAndNumber,top_level,1,1,0,7,0,1,7,0,1,0,0,,,,0,,0,,0,,0,,0,,0,,0,,0,,0,,0,,0,,0
Signal-Android,2019-1,2020-1,org.thoughtcrime.securesms.contacts.RecipientsAdapter,top_level,0,0,0,72,0,0,72,0,0,1,1,10,10,0,1,0,1,0,1,0,1,0,1,0,1,0,1,0,1,7,1,7,1,0,1,0,1
Signal-Android,2019-1,2020-1,org.thoughtcrime.securesms.contacts.RecipientsEditor,top_level,8,8,0,178,0,4,178,0,4,1,1,13,12,0,1,0,1,0,1,0,1,0,1,0,1,0,1,0,1,10,1,10,1,0,1,0,1
Signal-Android,2019-1,2020-1,org.thoughtcrime.securesms.contacts.avatars.ContactColors,top_level,0,0,0,17,0,0,17,0,0,1,1,1,1,0,1,0,1,0,1,0,1,0,1,0,1,0,1,0,1,0,1,0,1,0,1,0,1
Signal-Android,2019-1,2020-1,org.thoughtcrime.securesms.contacts.avatars.ContactColorsLegacy,top_level,0,0,0,24,0,0,24,0,0,1,1,1,1,0,1,0,1,0,1,0,1,0,1,0,1,0,1,0,1,0,1,0,1,0,1,0,1
Signal-Android,2019-1,2020-1,org.thoughtcrime.securesms.contacts.avatars.ContactPhoto,top_level,3,3,0,4,0,1,4,0,1,0,0,,,,0,,0,,0,,0,,0,,0,,0,,0,,0,,0,,0,,0
Signal-Android,2019-1,2020-1,org.thoughtcrime.securesms.contacts.avatars.FallbackContactPhoto,top_level,3,4,1,4,0,0,5,0,0,0,0,,,,0,,0,,0,,0,,0,,0,,0,,0,,0,,0,,0,,0
Signal-Android,2019-1,2020-1,org.thoughtcrime.securesms.contacts.avatars.GeneratedContactPhoto,top_level,0,0,0,45,0,0,48,0,0,1,1,12,12,0,1,0,1,0,1,0,1,0,1,0,1,0,1,0,1,12,1,12,1,0,1,0,1
Signal-Android,2019-1,2020-1,org.thoughtcrime.securesms.contacts.avatars.GroupRecordContactPhoto,top_level,2,2,0,31,0,2,31,0,2,1,1,6,5,0,1,0,1,0,1,0,1,0,1,0,1,0,1,0,1,5,1,4,1,0,1,0,1
Signal-Android,2019-1,2020-1,org.thoughtcrime.securesms.contacts.avatars.ProfileContactPhoto,top_level,2,2,0,27,0,2,28,0,2,1,1,2,3,0,1,0,1,0,1,0,1,0,1,0,1,0,1,0,1,1,1,2,1,0,1,0,1
Signal-Android,2019-1,2020-1,org.thoughtcrime.securesms.contacts.avatars.ResourceContactPhoto,top_level,2,3,1,33,0,2,42,0,3,1,1,4,3,0,1,0,1,0,1,0,1,0,1,0,1,0,1,0,1,4,1,3,1,0,1,0,1
Signal-Android,2019-1,2020-1,org.thoughtcrime.securesms.contacts.avatars.SystemContactPhoto,top_level,2,2,0,31,0,2,30,0,2,1,1,4,4,0,1,0,1,0,1,0,1,0,1,0,1,0,1,0,1,3,1,3,1,0,1,0,1
Signal-Android,2019-1,2020-1,org.thoughtcrime.securesms.contacts.avatars.TransparentContactPhoto,top_level,1,1,0,11,0,1,14,0,1,1,1,1,1,0,1,0,1,0,1,0,1,0,1,0,1,0,1,0,1,1,1,1,1,0,1,0,1
Signal-Android,2019-1,2020-1,org.thoughtcrime.securesms.contactshare.Contact,top_level,4,4,0,407,0,4,407,0,4,1,1,5,5,3,1,3,1,0,1,0,1,0,1,0,1,0,1,0,1,0,1,0,1,0,1,0,1
Signal-Android,2019-1,2020-1,org.thoughtcrime.securesms.contactshare.ContactFieldAdapter,top_level,3,3,0,146,0,3,150,0,3,1,1,9,11,0,1,0,1,0,1,0,1,0,1,0,1,0,1,0,1,9,1,11,1,0,1,0,1
Signal-Android,2019-1,2020-1,org.thoughtcrime.securesms.contactshare.ContactModelMapper,top_level,0,0,0,109,0,0,109,0,0,1,1,46,46,0,1,0,1,0,1,0,1,0,1,0,1,0,1,0,1,45,1,45,1,0,1,0,1
Signal-Android,2019-1,2020-1,org.thoughtcrime.securesms.contactshare.ContactNameEditActivity,top_level,3,3,0,84,0,3,83,0,3,1,1,11,10,0,1,0,1,0,1,0,1,0,1,0,1,0,1,0,1,11,1,10,1,0,1,0,1
Signal-Android,2019-1,2020-1,org.thoughtcrime.securesms.contactshare.ContactNameEditViewModel,top_level,4,3,-1,79,0,2,77,0,2,1,1,19,19,0,1,0,1,0,1,0,1,0,1,0,1,0,1,0,1,19,1,19,1,0,1,0,1
Signal-Android,2019-1,2020-1,org.thoughtcrime.securesms.contactshare.ContactShareEditActivity,top_level,2,2,0,70,0,2,70,0,2,1,1,8,8,0,1,0,1,0,1,0,1,0,1,0,1,0,1,0,1,8,1,8,1,0,1,0,1
Signal-Android,2019-1,2020-1,org.thoughtcrime.securesms.contactshare.ContactShareEditAdapter,top_level,2,2,0,46,0,2,46,0,2,1,1,1,1,0,1,0,1,0,1,0,1,0,1,0,1,0,1,0,1,1,1,1,1,0,1,0,1
Signal-Android,2019-1,2020-1,org.thoughtcrime.securesms.contactshare.ContactShareEditViewModel,top_level,0,0,0,61,0,0,61,0,0,1,1,11,11,0,1,0,1,0,1,0,1,0,1,0,1,0,1,0,1,10,1,10,1,0,1,0,1
Signal-Android,2019-1,2020-1,org.thoughtcrime.securesms.contactshare.ContactUtil,top_level,0,0,0,120,0,0,119,0,0,1,1,62,62,0,1,0,1,0,1,0,1,0,1,0,1,0,1,0,1,54,1,54,1,0,1,0,1
Signal-Android,2019-1,2020-1,org.thoughtcrime.securesms.contactshare.Selectable,top_level,2,2,0,3,0,2,3,0,2,0,0,,,,0,,0,,0,,0,,0,,0,,0,,0,,0,,0,,0,,0
Signal-Android,2019-1,2020-1,org.thoughtcrime.securesms.contactshare.SharedContactDetailsActivity,top_level,6,6,0,150,0,5,146,0,5,1,1,17,17,0,1,0,1,0,1,0,1,0,1,0,1,0,1,0,1,15,1,16,1,0,1,0,1
Signal-Android,2019-1,2020-1,org.thoughtcrime.securesms.contactshare.SimpleTextWatcher,top_level,0,0,0,9,0,0,9,0,0,0,0,,,,0,,0,,0,,0,,0,,0,,0,,0,,0,,0,,0,,0
Signal-Android,2019-1,2020-1,org.thoughtcrime.securesms.crypto.AsymmetricMasterCipher,top_level,6,6,0,53,0,3,53,0,3,1,1,5,5,0,1,0,1,0,1,0,1,0,1,0,1,0,1,0,1,5,1,5,1,0,1,0,1
Signal-Android,2019-1,2020-1,org.thoughtcrime.securesms.crypto.AsymmetricMasterSecret,top_level,0,0,0,10,0,0,10,0,0,0,0,,,,0,,0,,0,,0,,0,,0,,0,,0,,0,,0,,0,,0
Signal-Android,2019-1,2020-1,org.thoughtcrime.securesms.crypto.AttachmentSecret,top_level,7,7,0,52,0,7,52,0,7,0,0,,,,0,,0,,0,,0,,0,,0,,0,,0,,0,,0,,0,,0
Signal-Android,2019-1,2020-1,org.thoughtcrime.securesms.crypto.AttachmentSecretProvider,top_level,0,0,0,51,0,0,51,0,0,1,1,8,8,0,1,0,1,0,1,0,1,0,1,0,1,0,1,0,1,7,1,7,1,0,1,0,1
Signal-Android,2019-1,2020-1,org.thoughtcrime.securesms.crypto.ClassicDecryptingPartInputStream,top_level,0,0,0,71,0,0,71,0,0,1,1,2,2,0,1,0,1,0,1,0,1,0,1,0,1,0,1,0,1,1,1,1,1,0,1,0,1
Signal-Android,2019-1,2020-1,org.thoughtcrime.securesms.crypto.DatabaseSecret,top_level,2,2,0,13,0,2,13,0,2,0,0,,,,0,,0,,0,,0,,0,,0,,0,,0,,0,,0,,0,,0
Signal-Android,2019-1,2020-1,org.thoughtcrime.securesms.crypto.DatabaseSecretProvider,top_level,0,0,0,41,0,0,41,0,0,1,1,3,3,0,1,0,1,0,1,0,1,0,1,0,1,0,1,0,1,3,1,3,1,0,1,0,1
Signal-Android,2019-1,2020-1,org.thoughtcrime.securesms.crypto.IdentityKeyParcelable,top_level,1,1,0,27,0,1,27,0,1,1,1,1,1,0,1,0,1,0,1,0,1,0,1,0,1,0,1,0,1,1,1,1,1,0,1,0,1
Signal-Android,2019-1,2020-1,org.thoughtcrime.securesms.crypto.IdentityKeyUtil,top_level,0,0,0,82,0,0,82,0,0,1,1,17,17,0,1,0,1,0,1,0,1,0,1,0,1,0,1,0,1,16,1,16,1,0,1,0,1
Signal-Android,2019-1,2020-1,org.thoughtcrime.securesms.crypto.InvalidPassphraseException,top_level,1,1,0,9,0,1,9,0,1,0,0,,,,0,,0,,0,,0,,0,,0,,0,,0,,0,,0,,0,,0
Signal-Android,2019-1,2020-1,org.thoughtcrime.securesms.crypto.KeyStoreHelper,top_level,6,6,0,89,0,0,89,0,0,1,1,13,13,0,1,0,1,0,1,0,1,0,1,0,1,0,1,0,1,11,1,11,1,0,1,0,1
Signal-Android,2019-1,2020-1,org.thoughtcrime.securesms.crypto.MasterCipher,top_level,4,4,0,102,0,2,102,0,2,1,1,1,1,0,1,0,1,0,1,0,1,0,1,0,1,0,1,0,1,1,1,1,1,0,1,0,1
Signal-Android,2019-1,2020-1,org.thoughtcrime.securesms.crypto.MasterSecret,top_level,2,2,0,48,0,2,48,0,2,1,1,9,9,0,1,0,1,0,1,0,1,0,1,0,1,0,1,0,1,9,1,9,1,0,1,0,1
Signal-Android,2019-1,2020-1,org.thoughtcrime.securesms.crypto.MasterSecretUtil,top_level,5,5,0,208,0,0,208,0,0,1,1,39,38,0,1,0,1,0,1,0,1,0,1,0,1,0,1,0,1,36,1,35,1,1,1,1,1
Signal-Android,2019-1,2020-1,org.thoughtcrime.securesms.crypto.ModernDecryptingPartInputStream,top_level,0,0,0,35,0,0,36,0,0,1,1,2,2,0,1,0,1,0,1,0,1,0,1,0,1,0,1,0,1,1,1,1,1,0,1,0,1
Signal-Android,2019-1,2020-1,org.thoughtcrime.securesms.crypto.ModernEncryptingPartOutputStream,top_level,0,0,0,18,0,0,18,0,0,1,1,2,2,0,1,0,1,0,1,0,1,0,1,0,1,0,1,0,1,1,1,1,1,0,1,0,1
Signal-Android,2019-1,2020-1,org.thoughtcrime.securesms.crypto.PreKeyUtil,top_level,0,0,0,34,0,0,34,0,0,1,1,3,3,0,1,0,1,0,1,0,1,0,1,0,1,0,1,0,1,2,1,2,1,0,1,0,1
Signal-Android,2019-1,2020-1,org.thoughtcrime.securesms.crypto.ProfileKeyUtil,top_level,0,0,0,15,0,0,15,0,0,1,1,1,1,0,1,0,1,0,1,0,1,0,1,0,1,0,1,0,1,0,1,0,1,0,1,0,1
Signal-Android,2019-1,2020-1,org.thoughtcrime.securesms.crypto.PublicKey,top_level,10,10,0,41,0,8,41,0,8,1,1,1,1,0,1,0,1,0,1,0,1,0,1,0,1,0,1,0,1,1,1,1,1,0,1,0,1
Signal-Android,2019-1,2020-1,org.thoughtcrime.securesms.crypto.SecurityEvent,top_level,0,0,0,6,0,0,6,0,0,1,1,1,1,0,1,0,1,0,1,0,1,0,1,0,1,0,1,0,1,0,1,0,1,0,1,0,1
Signal-Android,2019-1,2020-1,org.thoughtcrime.securesms.crypto.SessionUtil,top_level,0,0,0,10,0,0,10,0,0,1,1,1,2,0,1,0,1,0,1,0,1,0,1,0,1,0,1,0,1,0,1,1,1,0,1,0,1
Signal-Android,2019-1,2020-1,org.thoughtcrime.securesms.crypto.UnidentifiedAccessUtil,top_level,0,0,0,69,0,0,67,0,0,1,1,4,7,0,1,0,1,0,1,0,1,0,1,0,1,0,1,0,1,3,1,6,1,0,1,0,1
Signal-Android,2019-1,2020-1,org.thoughtcrime.securesms.crypto.storage.SignalProtocolStoreImpl,top_level,5,5,0,70,0,5,70,0,5,1,1,1,1,0,1,0,1,0,1,0,1,0,1,0,1,0,1,0,1,0,1,0,1,0,1,0,1
Signal-Android,2019-1,2020-1,org.thoughtcrime.securesms.crypto.storage.TextSecureIdentityKeyStore,top_level,1,1,0,79,0,1,91,0,1,1,1,16,24,0,1,0,1,0,1,0,1,0,1,0,1,0,1,0,1,16,1,24,1,0,1,0,1
Signal-Android,2019-1,2020-1,org.thoughtcrime.securesms.crypto.storage.TextSecurePreKeyStore,top_level,4,4,0,44,0,4,44,0,4,1,1,9,9,0,1,0,1,0,1,0,1,0,1,0,1,0,1,0,1,9,1,9,1,0,1,0,1
Signal-Android,2019-1,2020-1,org.thoughtcrime.securesms.crypto.storage.TextSecureSessionStore,top_level,2,2,0,50,0,1,71,0,1,1,1,14,26,0,1,0,1,0,1,0,1,0,1,0,1,0,1,0,1,14,1,26,1,0,1,0,1
Signal-Android,2019-1,2020-1,org.thoughtcrime.securesms.database.ApnDatabase,top_level,0,0,0,98,0,0,98,0,0,1,1,3,3,0,1,0,1,0,1,0,1,0,1,0,1,0,1,0,1,2,1,2,1,0,1,0,1
Signal-Android,2019-1,2020-1,org.thoughtcrime.securesms.database.AttachmentDatabase,top_level,6,13,7,500,0,2,775,0,5,1,1,54,85,0,1,0,1,0,1,0,1,0,1,0,1,0,1,0,1,49,1,72,1,0,1,0,1
Signal-Android,2019-1,2020-1,org.thoughtcrime.securesms.database.ContentValuesBuilder,top_level,0,0,0,19,0,0,19,0,0,0,0,,,,0,,0,,0,,0,,0,,0,,0,,0,,0,,0,,0,,0
Signal-Android,2019-1,2020-1,org.thoughtcrime.securesms.database.CursorList<T>,top_level,11,12,1,108,0,9,108,0,10,0,0,,,,0,,0,,0,,0,,0,,0,,0,,0,,0,,0,,0,,0
Signal-Android,2019-1,2020-1,org.thoughtcrime.securesms.database.CursorRecyclerViewAdapter<VH>,top_level,26,27,1,128,0,15,130,0,16,0,0,,,,0,,0,,0,,0,,0,,0,,0,,0,,0,,0,,0,,0
Signal-Android,2019-1,2020-1,org.thoughtcrime.securesms.database.Database,top_level,3,5,2,26,0,3,34,0,5,1,1,6,8,0,1,0,1,0,1,0,1,0,1,0,1,0,1,0,1,6,1,8,1,0,1,0,1
Signal-Android,2019-1,2020-1,org.thoughtcrime.securesms.database.DatabaseContentProviders,top_level,0,0,0,31,0,0,35,0,0,0,0,,,,0,,0,,0,,0,,0,,0,,0,,0,,0,,0,,0,,0
Signal-Android,2019-1,2020-1,org.thoughtcrime.securesms.database.DatabaseFactory,top_level,0,1,1,101,0,0,116,0,1,1,1,25,31,0,1,0,1,0,1,0,1,0,1,0,1,0,1,0,1,23,1,28,1,0,1,0,1
Signal-Android,2019-1,2020-1,org.thoughtcrime.securesms.database.DraftDatabase,top_level,2,2,0,95,0,2,95,0,2,1,1,4,4,1,1,1,1,0,1,0,1,0,1,0,1,0,1,0,1,3,1,3,1,0,1,0,1
Signal-Android,2019-1,2020-1,org.thoughtcrime.securesms.database.EarlyReceiptCache,top_level,0,0,0,20,0,0,22,0,0,1,1,1,1,0,1,0,1,0,1,0,1,0,1,0,1,0,1,0,1,1,1,1,1,0,1,0,1
Signal-Android,2019-1,2020-1,"org.thoughtcrime.securesms.database.FastCursorRecyclerViewAdapter<VH,T>",top_level,19,19,0,59,0,14,59,0,14,0,0,,,,0,,0,,0,,0,,0,,0,,0,,0,,0,,0,,0,,0
Signal-Android,2019-1,2020-1,org.thoughtcrime.securesms.database.GroupDatabase,top_level,3,2,-1,268,0,2,296,0,2,1,1,13,28,1,1,1,1,0,1,0,1,1,1,1,1,0,1,0,1,11,1,26,1,0,1,0,1
Signal-Android,2019-1,2020-1,org.thoughtcrime.securesms.database.GroupReceiptDatabase,top_level,2,2,0,75,0,2,75,0,2,1,1,2,2,1,1,1,1,0,1,0,1,0,1,0,1,0,1,0,1,1,1,1,1,0,1,0,1
Signal-Android,2019-1,2020-1,org.thoughtcrime.securesms.database.IdentityDatabase,top_level,0,0,0,133,0,0,150,0,0,1,1,6,12,1,1,1,1,0,1,0,1,0,1,0,1,0,1,0,1,5,1,11,1,0,1,0,1
Signal-Android,2019-1,2020-1,org.thoughtcrime.securesms.database.MediaDatabase,top_level,0,9,9,84,0,0,197,0,1,1,1,6,11,1,1,2,1,0,1,0,1,0,1,0,1,0,1,0,1,5,1,9,1,0,1,0,1
Signal-Android,2019-1,2020-1,org.thoughtcrime.securesms.database.MessagingDatabase,top_level,4,11,7,145,0,4,265,0,9,1,1,10,31,1,1,1,1,0,1,0,1,0,1,0,1,0,1,0,1,8,1,27,1,0,1,1,1
Signal-Android,2019-1,2020-1,org.thoughtcrime.securesms.database.MmsDatabase,top_level,44,52,8,889,0,27,1052,0,31,1,1,172,201,1,1,1,1,0,1,0,1,0,1,0,1,0,1,0,1,143,1,175,1,1,1,1,1
Signal-Android,2019-1,2020-1,org.thoughtcrime.securesms.database.MmsSmsColumns,top_level,0,0,0,155,0,0,164,0,0,1,1,1,1,0,1,0,1,0,1,0,1,0,1,0,1,0,1,0,1,0,1,0,1,0,1,0,1
Signal-Android,2019-1,2020-1,org.thoughtcrime.securesms.database.MmsSmsDatabase,top_level,7,11,4,293,0,3,357,0,7,1,1,21,34,0,1,0,1,1,1,1,1,0,1,0,1,0,1,0,1,19,1,31,1,0,1,0,1
Signal-Android,2019-1,2020-1,org.thoughtcrime.securesms.database.NoExternalStorageException,top_level,1,1,0,8,0,1,8,0,1,0,0,,,,0,,0,,0,,0,,0,,0,,0,,0,,0,,0,,0,,0
Signal-Android,2019-1,2020-1,org.thoughtcrime.securesms.database.NoSuchMessageException,top_level,0,0,0,3,0,0,3,0,0,0,0,,,,0,,0,,0,,0,,0,,0,,0,,0,,0,,0,,0,,0
Signal-Android,2019-1,2020-1,org.thoughtcrime.securesms.database.NotInDirectoryException,top_level,0,0,0,1,0,0,1,0,0,0,0,,,,0,,0,,0,,0,,0,,0,,0,,0,,0,,0,,0,,0
Signal-Android,2019-1,2020-1,org.thoughtcrime.securesms.database.OneTimePreKeyDatabase,top_level,1,1,0,37,0,1,37,0,1,1,1,5,5,0,1,0,1,0,1,0,1,0,1,0,1,0,1,0,1,5,1,5,1,0,1,0,1
Signal-Android,2019-1,2020-1,org.thoughtcrime.securesms.database.PushDatabase,top_level,1,1,0,106,0,1,118,0,1,1,1,3,7,0,1,0,1,0,1,0,1,0,1,0,1,0,1,0,1,3,1,7,1,0,1,0,1
Signal-Android,2019-1,2020-1,org.thoughtcrime.securesms.database.RecipientDatabase,top_level,5,7,2,476,0,3,1015,0,4,1,1,32,146,1,1,1,1,0,1,0,1,1,1,1,1,0,1,0,1,26,1,128,1,1,1,1,1
Signal-Android,2019-1,2020-1,org.thoughtcrime.securesms.database.SearchDatabase,top_level,0,0,0,63,0,0,112,0,0,1,1,2,5,0,1,0,1,0,1,0,1,0,1,0,1,0,1,0,1,2,1,5,1,0,1,0,1
Signal-Android,2019-1,2020-1,org.thoughtcrime.securesms.database.SessionDatabase,top_level,0,0,0,92,0,0,92,0,0,1,1,1,1,0,1,0,1,0,1,0,1,0,1,0,1,0,1,0,1,1,1,1,1,0,1,0,1
Signal-Android,2019-1,2020-1,org.thoughtcrime.securesms.database.SignedPreKeyDatabase,top_level,1,1,0,60,0,1,60,0,1,1,1,5,5,0,1,0,1,0,1,0,1,0,1,0,1,0,1,0,1,5,1,5,1,0,1,0,1
Signal-Android,2019-1,2020-1,org.thoughtcrime.securesms.database.SmsDatabase,top_level,43,46,3,559,0,31,600,0,34,1,1,80,82,0,1,0,1,0,1,0,1,0,1,0,1,0,1,0,1,62,1,64,1,1,1,1,1
Signal-Android,2019-1,2020-1,org.thoughtcrime.securesms.database.SmsMigrator,top_level,0,0,0,148,0,0,163,0,0,1,1,19,22,0,1,0,1,0,1,0,1,0,1,0,1,0,1,0,1,18,1,21,1,0,1,0,1
Signal-Android,2019-1,2020-1,org.thoughtcrime.securesms.database.ThreadDatabase,top_level,35,35,0,442,0,16,527,0,16,1,1,42,57,0,1,0,1,0,1,0,1,1,1,1,1,0,1,0,1,38,1,52,1,0,1,1,1
Signal-Android,2019-1,2020-1,org.thoughtcrime.securesms.database.XmlBackup,top_level,17,17,0,154,0,1,154,0,1,1,1,27,27,1,1,1,1,0,1,0,1,1,1,1,1,0,1,0,1,19,1,19,1,0,1,0,1
Signal-Android,2019-1,2020-1,org.thoughtcrime.securesms.database.documents.Document<T>,top_level,2,2,0,3,0,1,3,0,1,0,0,,,,0,,0,,0,,0,,0,,0,,0,,0,,0,,0,,0,,0
Signal-Android,2019-1,2020-1,org.thoughtcrime.securesms.database.documents.IdentityKeyMismatch,top_level,2,2,0,40,0,2,48,0,2,1,1,3,1,0,1,0,1,0,1,0,1,0,1,0,1,0,1,0,1,2,1,1,1,0,1,0,1
Signal-Android,2019-1,2020-1,org.thoughtcrime.securesms.database.documents.IdentityKeyMismatchList,top_level,3,3,0,15,0,2,15,0,2,1,1,1,1,0,1,0,1,0,1,0,1,0,1,0,1,0,1,0,1,0,1,0,1,0,1,0,1
Signal-Android,2019-1,2020-1,org.thoughtcrime.securesms.database.documents.NetworkFailure,top_level,2,2,0,17,0,2,25,0,2,1,1,1,1,0,1,0,1,0,1,0,1,0,1,0,1,0,1,0,1,0,1,1,1,0,1,0,1
Signal-Android,2019-1,2020-1,org.thoughtcrime.securesms.database.documents.NetworkFailureList,top_level,3,3,0,15,0,2,15,0,2,1,1,1,1,0,1,0,1,0,1,0,1,0,1,0,1,0,1,0,1,0,1,0,1,0,1,0,1
Signal-Android,2019-1,2020-1,org.thoughtcrime.securesms.database.helpers.ClassicOpenHelper,top_level,0,0,0,952,0,0,961,0,0,1,1,97,94,0,1,0,1,2,1,2,1,0,1,0,1,0,1,0,1,65,1,62,1,1,1,1,1
Signal-Android,2019-1,2020-1,org.thoughtcrime.securesms.database.helpers.PreKeyMigrationHelper,top_level,0,0,0,122,0,0,122,0,0,1,1,22,22,0,1,0,1,0,1,0,1,0,1,0,1,0,1,0,1,12,1,12,1,0,1,0,1
Signal-Android,2019-1,2020-1,org.thoughtcrime.securesms.database.helpers.SQLCipherMigrationHelper,top_level,1,1,0,144,0,0,144,0,0,1,1,13,15,0,1,0,1,1,1,1,1,0,1,0,1,0,1,0,1,3,1,5,1,0,1,0,1
Signal-Android,2019-1,2020-1,org.thoughtcrime.securesms.database.helpers.SQLCipherOpenHelper,top_level,0,0,0,195,0,0,446,0,0,1,1,20,29,0,1,0,1,1,1,1,1,0,1,0,1,0,1,0,1,6,1,14,1,1,1,1,1
Signal-Android,2019-1,2020-1,org.thoughtcrime.securesms.database.helpers.SessionStoreMigrationHelper,top_level,0,0,0,55,0,0,55,0,0,1,1,9,8,0,1,0,1,0,1,0,1,0,1,0,1,0,1,0,1,2,1,1,1,0,1,0,1
Signal-Android,2019-1,2020-1,org.thoughtcrime.securesms.database.identity.IdentityRecordList,top_level,10,10,0,51,0,4,51,0,4,1,1,1,1,0,1,0,1,0,1,0,1,0,1,0,1,0,1,0,1,1,1,1,1,0,1,0,1
Signal-Android,2019-1,2020-1,org.thoughtcrime.securesms.database.loaders.BlockedContactsLoader,top_level,0,0,0,7,0,0,6,0,0,1,1,1,1,0,1,0,1,0,1,0,1,0,1,0,1,0,1,0,1,1,1,1,1,0,1,0,1
Signal-Android,2019-1,2020-1,org.thoughtcrime.securesms.database.loaders.ConversationListLoader,top_level,0,0,0,41,0,0,42,0,0,1,1,7,8,0,1,0,1,0,1,0,1,0,1,0,1,0,1,0,1,7,1,8,1,0,1,0,1
Signal-Android,2019-1,2020-1,org.thoughtcrime.securesms.database.loaders.ConversationLoader,top_level,5,5,0,30,0,5,30,0,5,1,1,4,4,0,1,0,1,0,1,0,1,0,1,0,1,0,1,0,1,2,1,2,1,0,1,0,1
Signal-Android,2019-1,2020-1,org.thoughtcrime.securesms.database.loaders.CountryListLoader,top_level,0,0,0,18,0,0,24,0,0,1,1,4,3,0,1,0,1,0,1,0,1,0,1,0,1,0,1,0,1,4,1,3,1,0,1,0,1
Signal-Android,2019-1,2020-1,org.thoughtcrime.securesms.database.loaders.DeviceListLoader,top_level,0,0,0,55,0,0,57,0,0,1,1,18,20,0,1,0,1,0,1,0,1,0,1,0,1,0,1,0,1,18,1,19,1,0,1,0,1
Signal-Android,2019-1,2020-1,org.thoughtcrime.securesms.database.loaders.MessageDetailsLoader,top_level,0,0,0,16,0,0,16,0,0,1,1,2,2,0,1,0,1,0,1,0,1,0,1,0,1,0,1,0,1,2,1,2,1,0,1,0,1
Signal-Android,2019-1,2020-1,org.thoughtcrime.securesms.database.loaders.PagingMediaLoader,top_level,0,0,0,22,0,0,22,0,0,1,1,3,2,0,1,0,1,0,1,0,1,0,1,0,1,0,1,0,1,3,1,2,1,0,1,0,1
Signal-Android,2019-1,2020-1,org.thoughtcrime.securesms.database.loaders.RecentPhotosLoader,top_level,0,0,0,21,0,0,26,0,0,1,1,2,2,0,1,0,1,0,1,0,1,0,1,0,1,1,1,1,1,1,1,1,1,0,1,0,1
Signal-Android,2019-1,2020-1,org.thoughtcrime.securesms.database.loaders.ThreadMediaLoader,top_level,0,0,0,14,0,0,26,0,0,1,0,3,,0,1,,0,0,1,,0,0,1,,0,0,1,,0,3,1,,0,0,1,,0
Signal-Android,2019-1,2020-1,org.thoughtcrime.securesms.database.model.DisplayRecord,top_level,24,24,0,83,0,24,81,0,24,1,1,20,20,0,1,0,1,0,1,0,1,1,1,0,1,0,1,0,1,19,1,20,1,0,1,0,1
Signal-Android,2019-1,2020-1,org.thoughtcrime.securesms.database.model.MediaMmsMessageRecord,top_level,2,2,0,36,0,2,37,0,2,1,1,4,4,0,1,0,1,0,1,0,1,1,1,1,1,0,1,0,1,3,1,3,1,0,1,0,1
Signal-Android,2019-1,2020-1,org.thoughtcrime.securesms.database.model.MessageRecord,top_level,28,29,1,136,0,26,140,0,27,1,1,33,32,0,1,0,1,0,1,0,1,1,1,1,1,0,1,0,1,25,1,24,1,1,1,1,1
Signal-Android,2019-1,2020-1,org.thoughtcrime.securesms.database.model.MmsMessageRecord,top_level,6,7,1,33,0,3,45,0,4,1,1,2,2,0,1,0,1,0,1,0,1,1,1,1,1,0,1,0,1,1,1,1,1,0,1,0,1
Signal-Android,2019-1,2020-1,org.thoughtcrime.securesms.database.model.NotificationMmsMessageRecord,top_level,10,10,0,54,0,10,55,0,10,1,1,1,1,0,1,0,1,0,1,0,1,1,1,1,1,0,1,0,1,0,1,0,1,0,1,0,1
Signal-Android,2019-1,2020-1,org.thoughtcrime.securesms.database.model.Quote,top_level,2,2,0,22,0,2,22,0,2,1,1,1,1,1,1,1,1,0,1,0,1,0,1,0,1,0,1,0,1,0,1,0,1,0,1,0,1
Signal-Android,2019-1,2020-1,org.thoughtcrime.securesms.database.model.SmsMessageRecord,top_level,3,3,0,49,0,3,54,0,3,1,1,12,14,0,1,0,1,0,1,0,1,1,1,1,1,0,1,0,1,5,1,7,1,0,1,0,1
Signal-Android,2019-1,2020-1,org.thoughtcrime.securesms.database.model.ThreadRecord,top_level,7,7,0,91,0,7,106,0,7,1,1,26,27,1,1,1,1,0,1,0,1,1,1,1,1,0,1,0,1,17,1,18,1,0,1,0,1
Signal-Android,2019-1,2020-1,org.thoughtcrime.securesms.devicelist.Device,top_level,3,3,0,18,0,3,18,0,3,1,1,1,1,1,1,1,1,0,1,0,1,0,1,0,1,0,1,0,1,0,1,0,1,0,1,0,1
Signal-Android,2019-1,2020-1,org.thoughtcrime.securesms.events.PartProgressEvent,top_level,0,0,0,8,0,0,13,0,0,0,1,,1,,0,1,1,,0,0,1,,0,0,1,,0,0,1,,0,0,1,,0,0,1
Signal-Android,2019-1,2020-1,org.thoughtcrime.securesms.events.RedPhoneEvent,top_level,1,1,0,32,0,1,32,0,1,0,0,,,,0,,0,,0,,0,,0,,0,,0,,0,,0,,0,,0,,0
Signal-Android,2019-1,2020-1,org.thoughtcrime.securesms.events.ReminderUpdateEvent,top_level,0,0,0,1,0,0,1,0,0,0,0,,,,0,,0,,0,,0,,0,,0,,0,,0,,0,,0,,0,,0
Signal-Android,2019-1,2020-1,org.thoughtcrime.securesms.events.WebRtcViewModel,top_level,4,4,0,62,0,4,76,0,4,1,1,1,2,1,1,1,1,0,1,0,1,0,1,0,1,0,1,0,1,0,1,1,1,0,1,0,1
Signal-Android,2019-1,2020-1,org.thoughtcrime.securesms.giph.model.GiphyImage,top_level,6,17,11,55,0,6,74,0,9,0,0,,,,0,,0,,0,,0,,0,,0,,0,,0,,0,,0,,0,,0
Signal-Android,2019-1,2020-1,org.thoughtcrime.securesms.giph.model.GiphyResponse,top_level,0,0,0,5,0,0,5,0,0,0,0,,,,0,,0,,0,,0,,0,,0,,0,,0,,0,,0,,0,,0
Signal-Android,2019-1,2020-1,org.thoughtcrime.securesms.giph.net.GiphyGifLoader,top_level,0,0,0,9,0,0,9,0,0,0,0,,,,0,,0,,0,,0,,0,,0,,0,,0,,0,,0,,0,,0
Signal-Android,2019-1,2020-1,org.thoughtcrime.securesms.giph.net.GiphyLoader,top_level,0,0,0,30,0,0,34,0,0,1,1,7,11,0,1,0,1,0,1,0,1,0,1,0,1,1,1,1,1,5,1,9,1,0,1,0,1
Signal-Android,2019-1,2020-1,org.thoughtcrime.securesms.giph.net.GiphyStickerLoader,top_level,0,0,0,9,0,0,9,0,0,0,0,,,,0,,0,,0,,0,,0,,0,,0,,0,,0,,0,,0,,0
Signal-Android,2019-1,2020-1,org.thoughtcrime.securesms.giph.ui.AspectRatioImageView,top_level,11,11,0,39,0,7,39,0,7,0,0,,,,0,,0,,0,,0,,0,,0,,0,,0,,0,,0,,0,,0
Signal-Android,2019-1,2020-1,org.thoughtcrime.securesms.giph.ui.GiphyActivity,top_level,4,5,1,100,0,4,111,0,5,1,1,12,19,0,1,0,1,0,1,0,1,0,1,0,1,0,1,0,1,12,1,18,1,0,1,0,1
Signal-Android,2019-1,2020-1,org.thoughtcrime.securesms.giph.ui.GiphyActivityToolbar,top_level,6,9,3,107,0,5,112,0,7,1,1,10,6,0,1,0,1,0,1,0,1,0,1,0,1,0,1,0,1,5,1,5,1,0,1,0,1
Signal-Android,2019-1,2020-1,org.thoughtcrime.securesms.giph.ui.GiphyAdapter,top_level,5,5,0,98,0,4,100,0,4,1,1,8,9,0,1,0,1,0,1,0,1,0,1,0,1,0,1,0,1,8,1,8,1,0,1,0,1
Signal-Android,2019-1,2020-1,org.thoughtcrime.securesms.giph.ui.GiphyFragment,top_level,2,1,-1,61,0,1,61,0,1,1,1,2,2,0,1,0,1,0,1,0,1,0,1,0,1,0,1,0,1,2,1,2,1,0,1,0,1
Signal-Android,2019-1,2020-1,org.thoughtcrime.securesms.giph.ui.GiphyGifFragment,top_level,0,0,0,4,0,0,4,0,0,0,0,,,,0,,0,,0,,0,,0,,0,,0,,0,,0,,0,,0,,0
Signal-Android,2019-1,2020-1,org.thoughtcrime.securesms.giph.ui.GiphyStickerFragment,top_level,0,0,0,4,0,0,4,0,0,0,0,,,,0,,0,,0,,0,,0,,0,,0,,0,,0,,0,,0,,0
Signal-Android,2019-1,2020-1,org.thoughtcrime.securesms.giph.util.InfiniteScrollListener,top_level,1,1,0,24,0,1,24,0,1,1,1,5,5,0,1,0,1,0,1,0,1,0,1,0,1,1,1,1,1,2,1,2,1,0,1,0,1
Signal-Android,2019-1,2020-1,org.thoughtcrime.securesms.giph.util.RecyclerViewPositionHelper,top_level,10,10,0,48,0,5,48,0,5,1,1,5,5,0,1,0,1,0,1,0,1,0,1,0,1,0,1,0,1,2,1,2,1,0,1,0,1
Signal-Android,2019-1,2020-1,org.thoughtcrime.securesms.glide.ContactPhotoFetcher,top_level,4,4,0,29,0,2,29,0,2,0,0,,,,0,,0,,0,,0,,0,,0,,0,,0,,0,,0,,0,,0
Signal-Android,2019-1,2020-1,org.thoughtcrime.securesms.glide.ContactPhotoLoader,top_level,0,0,0,20,0,0,19,0,0,0,0,,,,0,,0,,0,,0,,0,,0,,0,,0,,0,,0,,0,,0
Signal-Android,2019-1,2020-1,org.thoughtcrime.securesms.glide.OkHttpStreamFetcher,top_level,5,5,0,45,0,2,43,0,2,1,1,5,5,0,1,0,1,0,1,0,1,0,1,0,1,0,1,0,1,5,1,5,1,0,1,0,1
Signal-Android,2019-1,2020-1,org.thoughtcrime.securesms.glide.OkHttpUrlLoader,top_level,0,0,0,31,0,0,30,0,0,0,0,,,,0,,0,,0,,0,,0,,0,,0,,0,,0,,0,,0,,0
Signal-Android,2019-1,2020-1,org.thoughtcrime.securesms.glide.cache.EncryptedBitmapCacheDecoder,top_level,0,0,0,23,0,0,23,0,0,0,0,,,,0,,0,,0,,0,,0,,0,,0,,0,,0,,0,,0,,0
Signal-Android,2019-1,2020-1,org.thoughtcrime.securesms.glide.cache.EncryptedBitmapResourceEncoder,top_level,1,1,0,30,0,1,30,0,1,0,0,,,,0,,0,,0,,0,,0,,0,,0,,0,,0,,0,,0,,0
Signal-Android,2019-1,2020-1,org.thoughtcrime.securesms.glide.cache.EncryptedCacheEncoder,top_level,0,0,0,22,0,0,22,0,0,0,0,,,,0,,0,,0,,0,,0,,0,,0,,0,,0,,0,,0,,0
Signal-Android,2019-1,2020-1,org.thoughtcrime.securesms.glide.cache.EncryptedCoder,top_level,0,0,0,46,0,0,46,0,0,1,1,2,2,0,1,0,1,0,1,0,1,0,1,0,1,0,1,0,1,2,1,2,1,0,1,0,1
Signal-Android,2019-1,2020-1,org.thoughtcrime.securesms.glide.cache.EncryptedGifCacheDecoder,top_level,0,0,0,21,0,0,21,0,0,0,0,,,,0,,0,,0,,0,,0,,0,,0,,0,,0,,0,,0,,0
Signal-Android,2019-1,2020-1,org.thoughtcrime.securesms.glide.cache.EncryptedGifDrawableResourceEncoder,top_level,1,1,0,17,0,1,17,0,1,0,0,,,,0,,0,,0,,0,,0,,0,,0,,0,,0,,0,,0,,0
Signal-Android,2019-1,2020-1,org.thoughtcrime.securesms.groups.GroupManager,top_level,0,0,0,80,0,0,31,0,0,1,1,10,1,0,1,0,1,0,1,0,1,0,1,0,1,0,1,0,1,6,1,0,1,0,1,0,1
Signal-Android,2019-1,2020-1,org.thoughtcrime.securesms.groups.GroupMessageProcessor,top_level,0,0,0,143,0,0,158,0,0,1,1,58,86,0,1,0,1,0,1,0,1,0,1,0,1,0,1,0,1,53,1,76,1,0,1,0,1
Signal-Android,2019-1,2020-1,org.thoughtcrime.securesms.jobmanager.Job,top_level,5,11,6,114,0,5,179,0,11,1,0,7,,0,1,,0,0,1,,0,0,1,,0,0,1,,0,4,1,,0,0,1,,0
Signal-Android,2019-1,2020-1,org.thoughtcrime.securesms.jobmanager.JobManager,top_level,0,10,10,40,0,0,198,0,6,0,1,,2,,0,0,1,,0,0,1,,0,0,1,,0,0,1,,0,0,1,,0,0,1
Signal-Android,2019-1,2020-1,org.thoughtcrime.securesms.jobs.AttachmentDownloadJob,top_level,10,11,1,136,0,3,147,0,4,1,1,8,6,0,1,0,1,0,1,0,1,0,1,0,1,0,1,0,1,7,1,5,1,0,1,0,1
Signal-Android,2019-1,2020-1,org.thoughtcrime.securesms.jobs.AvatarDownloadJob,top_level,8,9,1,59,0,2,65,0,3,1,1,10,10,0,1,0,1,0,1,0,1,0,1,0,1,0,1,0,1,9,1,9,1,0,1,0,1
Signal-Android,2019-1,2020-1,org.thoughtcrime.securesms.jobs.CleanPreKeysJob,top_level,7,8,1,62,0,2,66,0,3,1,1,2,2,0,1,0,1,0,1,0,1,0,1,0,1,0,1,0,1,1,1,1,1,0,1,0,1
Signal-Android,2019-1,2020-1,org.thoughtcrime.securesms.jobs.CreateSignedPreKeyJob,top_level,4,4,0,34,0,2,40,0,2,1,1,1,2,0,1,0,1,0,1,0,1,0,1,0,1,0,1,0,1,0,1,1,1,0,1,0,1
Signal-Android,2019-1,2020-1,org.thoughtcrime.securesms.jobs.DirectoryRefreshJob,top_level,3,4,1,43,0,2,50,0,3,1,1,4,2,0,1,0,1,0,1,0,1,0,1,0,1,0,1,0,1,3,1,1,1,0,1,0,1
Signal-Android,2019-1,2020-1,org.thoughtcrime.securesms.jobs.LocalBackupJob,top_level,6,7,1,50,0,2,55,0,3,1,1,3,3,0,1,0,1,0,1,0,1,0,1,0,1,0,1,0,1,3,1,3,1,0,1,0,1
Signal-Android,2019-1,2020-1,org.thoughtcrime.securesms.jobs.MmsDownloadJob,top_level,21,18,-3,148,0,4,143,0,5,1,1,38,42,0,1,0,1,0,1,0,1,0,1,0,1,0,1,0,1,27,1,31,1,0,1,0,1
Signal-Android,2019-1,2020-1,org.thoughtcrime.securesms.jobs.MmsReceiveJob,top_level,7,8,1,60,0,2,60,0,3,1,1,6,4,0,1,0,1,0,1,0,1,0,1,0,1,0,1,0,1,5,1,3,1,0,1,0,1
Signal-Android,2019-1,2020-1,org.thoughtcrime.securesms.jobs.MmsSendJob,top_level,5,6,1,175,0,2,194,0,3,1,1,38,41,0,1,0,1,1,1,1,1,0,1,0,1,0,1,0,1,27,1,30,1,1,1,1,1
Signal-Android,2019-1,2020-1,org.thoughtcrime.securesms.jobs.MultiDeviceBlockedUpdateJob,top_level,5,7,2,41,0,2,48,0,3,1,1,6,4,0,1,0,1,0,1,0,1,0,1,0,1,0,1,0,1,5,1,3,1,0,1,0,1
Signal-Android,2019-1,2020-1,org.thoughtcrime.securesms.jobs.MultiDeviceConfigurationUpdateJob,top_level,3,4,1,46,0,2,69,0,3,1,0,3,,0,1,,0,0,1,,0,0,1,,0,0,1,,0,3,1,,0,0,1,,0
Signal-Android,2019-1,2020-1,org.thoughtcrime.securesms.jobs.MultiDeviceContactUpdateJob,top_level,14,16,2,183,0,3,204,0,5,1,1,36,35,0,1,0,1,0,1,0,1,0,1,0,1,0,1,0,1,31,1,31,1,1,1,1,1
Signal-Android,2019-1,2020-1,org.thoughtcrime.securesms.jobs.MultiDeviceGroupUpdateJob,top_level,11,12,1,74,0,2,88,0,3,1,1,11,14,0,1,0,1,0,1,0,1,0,1,0,1,0,1,0,1,7,1,10,1,0,1,0,1
Signal-Android,2019-1,2020-1,org.thoughtcrime.securesms.jobs.MultiDeviceProfileKeyUpdateJob,top_level,3,4,1,45,0,2,56,0,3,1,1,2,4,0,1,0,1,0,1,0,1,0,1,0,1,0,1,1,1,1,1,2,1,0,1,0,1
Signal-Android,2019-1,2020-1,org.thoughtcrime.securesms.jobs.MultiDeviceReadUpdateJob,top_level,4,4,0,56,0,2,67,0,2,1,1,1,4,0,1,0,1,0,1,0,1,0,1,0,1,0,1,0,1,1,1,4,1,0,1,0,1
Signal-Android,2019-1,2020-1,org.thoughtcrime.securesms.jobs.MultiDeviceVerifiedUpdateJob,top_level,5,5,0,69,0,2,84,0,2,1,1,5,1,0,1,0,1,0,1,0,1,0,1,0,1,0,1,0,1,5,1,1,1,0,1,0,1
Signal-Android,2019-1,2020-1,org.thoughtcrime.securesms.jobs.PushDecryptJob,top_level,6,6,0,661,0,4,884,0,4,1,1,295,445,0,1,0,1,0,1,1,1,0,1,0,1,0,1,0,1,274,1,422,1,1,1,1,1
Signal-Android,2019-1,2020-1,org.thoughtcrime.securesms.jobs.PushGroupSendJob,top_level,21,22,1,146,0,3,178,0,3,1,1,65,75,0,1,0,1,0,1,0,1,0,1,0,1,0,1,0,1,54,1,65,1,0,1,0,1
Signal-Android,2019-1,2020-1,org.thoughtcrime.securesms.jobs.PushGroupUpdateJob,top_level,5,5,0,68,0,2,78,0,2,1,1,12,12,0,1,0,1,0,1,0,1,0,1,0,1,0,1,0,1,11,1,11,1,0,1,0,1
Signal-Android,2019-1,2020-1,org.thoughtcrime.securesms.jobs.PushMediaSendJob,top_level,16,17,1,104,0,3,137,0,3,1,1,18,39,0,1,0,1,0,1,0,1,0,1,0,1,0,1,0,1,15,1,31,1,0,1,0,1
Signal-Android,2019-1,2020-1,org.thoughtcrime.securesms.jobs.PushNotificationReceiveJob,top_level,2,3,1,38,0,2,40,0,2,0,0,,,,0,,0,,0,,0,,0,,0,,0,,0,,0,,0,,0,,0
Signal-Android,2019-1,2020-1,org.thoughtcrime.securesms.jobs.PushReceivedJob,top_level,0,0,0,30,0,0,4,0,0,1,0,2,,0,1,,0,0,1,,0,0,1,,0,0,1,,0,2,1,,0,0,1,,0
Signal-Android,2019-1,2020-1,org.thoughtcrime.securesms.jobs.PushSendJob,top_level,9,9,0,122,0,4,190,0,4,1,1,17,43,0,1,0,1,0,1,0,1,0,1,0,1,0,1,0,1,15,1,40,1,0,1,1,1
Signal-Android,2019-1,2020-1,org.thoughtcrime.securesms.jobs.PushTextSendJob,top_level,18,18,0,93,0,3,106,0,3,1,1,21,32,0,1,0,1,0,1,0,1,0,1,0,1,0,1,0,1,19,1,30,1,0,1,0,1
Signal-Android,2019-1,2020-1,org.thoughtcrime.securesms.jobs.RefreshAttributesJob,top_level,2,5,3,35,0,2,43,0,3,0,1,,1,,0,0,1,,0,0,1,,0,0,1,,0,0,1,,0,1,1,,0,0,1
Signal-Android,2019-1,2020-1,org.thoughtcrime.securesms.jobs.RefreshPreKeysJob,top_level,5,6,1,41,0,2,45,0,3,1,1,3,5,0,1,0,1,0,1,0,1,0,1,0,1,0,1,0,1,2,1,4,1,0,1,0,1
Signal-Android,2019-1,2020-1,org.thoughtcrime.securesms.jobs.RequestGroupInfoJob,top_level,2,2,0,47,0,2,56,0,2,1,1,2,1,0,1,0,1,0,1,0,1,0,1,0,1,0,1,0,1,2,1,1,1,0,1,0,1
Signal-Android,2019-1,2020-1,org.thoughtcrime.securesms.jobs.RetrieveProfileAvatarJob,top_level,6,10,4,58,0,2,77,0,2,1,1,8,10,0,1,0,1,0,1,0,1,0,1,0,1,0,1,0,1,7,1,8,1,0,1,0,1
Signal-Android,2019-1,2020-1,org.thoughtcrime.securesms.jobs.RetrieveProfileJob,top_level,4,3,-1,121,0,2,115,0,2,1,1,18,19,0,1,0,1,0,1,0,1,0,1,0,1,0,1,0,1,17,1,16,1,0,1,0,1
Signal-Android,2019-1,2020-1,org.thoughtcrime.securesms.jobs.RotateCertificateJob,top_level,3,3,0,31,0,3,39,0,3,0,1,,2,,0,0,1,,0,0,1,,0,0,1,,0,0,1,,0,2,1,,0,0,1
Signal-Android,2019-1,2020-1,org.thoughtcrime.securesms.jobs.RotateProfileKeyJob,top_level,2,3,1,38,0,2,41,0,3,1,1,2,6,0,1,0,1,0,1,0,1,0,1,0,1,0,1,1,1,2,1,5,1,0,1,0,1
Signal-Android,2019-1,2020-1,org.thoughtcrime.securesms.jobs.RotateSignedPreKeyJob,top_level,2,3,1,33,0,2,38,0,3,1,1,1,2,0,1,0,1,0,1,0,1,0,1,0,1,0,1,0,1,1,1,2,1,0,1,0,1
Signal-Android,2019-1,2020-1,org.thoughtcrime.securesms.jobs.SendDeliveryReceiptJob,top_level,3,2,-1,50,0,3,60,0,2,1,1,4,2,0,1,0,1,0,1,0,1,0,1,0,1,0,1,0,1,3,1,1,1,0,1,0,1
Signal-Android,2019-1,2020-1,org.thoughtcrime.securesms.jobs.SendJob,top_level,3,3,0,53,0,2,19,0,2,1,1,3,1,0,1,0,1,0,1,0,1,0,1,0,1,0,1,0,1,2,1,0,1,0,1,0,1
Signal-Android,2019-1,2020-1,org.thoughtcrime.securesms.jobs.SendReadReceiptJob,top_level,3,5,2,51,0,2,73,0,2,1,1,4,3,0,1,0,1,0,1,0,1,0,1,0,1,0,1,0,1,3,1,2,1,0,1,0,1
Signal-Android,2019-1,2020-1,org.thoughtcrime.securesms.jobs.ServiceOutageDetectionJob,top_level,6,7,1,51,0,2,57,0,3,1,1,4,4,0,1,0,1,0,1,0,1,0,1,0,1,0,1,0,1,3,1,3,1,0,1,0,1
Signal-Android,2019-1,2020-1,org.thoughtcrime.securesms.jobs.SmsReceiveJob,top_level,6,6,0,77,0,2,87,0,2,1,1,11,11,0,1,0,1,0,1,0,1,0,1,0,1,0,1,0,1,11,1,11,1,0,1,0,1
Signal-Android,2019-1,2020-1,org.thoughtcrime.securesms.jobs.SmsSendJob,top_level,12,8,-4,140,0,4,135,0,2,1,1,17,14,0,1,0,1,0,1,0,1,0,1,0,1,0,1,0,1,13,1,11,1,0,1,0,1
Signal-Android,2019-1,2020-1,org.thoughtcrime.securesms.jobs.SmsSentJob,top_level,10,10,0,70,0,4,76,0,4,1,1,10,4,0,1,0,1,0,1,0,1,0,1,0,1,0,1,0,1,10,1,4,1,0,1,0,1
Signal-Android,2019-1,2020-1,org.thoughtcrime.securesms.jobs.TrimThreadJob,top_level,3,4,1,29,0,2,33,0,3,1,1,2,1,0,1,0,1,0,1,0,1,0,1,0,1,0,1,0,1,2,1,1,1,0,1,0,1
Signal-Android,2019-1,2020-1,org.thoughtcrime.securesms.jobs.TypingSendJob,top_level,7,8,1,48,0,2,56,0,3,1,1,10,9,0,1,0,1,0,1,0,1,0,1,0,1,0,1,0,1,10,1,9,1,0,1,0,1
Signal-Android,2019-1,2020-1,org.thoughtcrime.securesms.jobs.UpdateApkJob,top_level,11,12,1,139,1,5,154,1,6,1,1,17,19,0,1,0,1,0,1,0,1,0,1,0,1,0,1,0,1,16,1,17,1,0,1,0,1
Signal-Android,2019-1,2020-1,org.thoughtcrime.securesms.lock.RegistrationLockDialog,top_level,0,0,0,144,0,0,210,0,0,1,1,11,39,0,1,0,1,0,1,0,1,0,1,0,1,0,1,0,1,8,1,27,1,0,1,0,1
Signal-Android,2019-1,2020-1,org.thoughtcrime.securesms.lock.RegistrationLockReminders,top_level,0,0,0,26,0,0,26,0,0,1,1,1,1,0,1,0,1,0,1,0,1,0,1,0,1,0,1,0,1,0,1,0,1,0,1,0,1
Signal-Android,2019-1,2020-1,org.thoughtcrime.securesms.logging.AndroidLogger,top_level,0,1,1,19,0,0,21,0,1,1,1,6,6,0,1,0,1,0,1,0,1,0,1,0,1,0,1,0,1,6,1,6,1,0,1,0,1
Signal-Android,2019-1,2020-1,org.thoughtcrime.securesms.logging.CustomSignalProtocolLogger,top_level,0,0,0,22,0,0,22,0,0,0,0,,,,0,,0,,0,,0,,0,,0,,0,,0,,0,,0,,0,,0
Signal-Android,2019-1,2020-1,org.thoughtcrime.securesms.logging.GrowingBuffer,top_level,3,3,0,6,0,1,6,0,1,0,0,,,,0,,0,,0,,0,,0,,0,,0,,0,,0,,0,,0,,0
Signal-Android,2019-1,2020-1,org.thoughtcrime.securesms.logging.Log,top_level,1,4,3,72,0,0,82,0,0,1,1,8,9,0,1,0,1,0,1,0,1,0,1,0,1,0,1,0,1,6,1,7,1,0,1,0,1
Signal-Android,2019-1,2020-1,org.thoughtcrime.securesms.logging.LogFile,top_level,0,0,0,69,0,0,69,0,0,0,0,,,,0,,0,,0,,0,,0,,0,,0,,0,,0,,0,,0,,0
Signal-Android,2019-1,2020-1,org.thoughtcrime.securesms.logging.LogSecretProvider,top_level,0,0,0,28,0,0,28,0,0,1,1,3,3,0,1,0,1,0,1,0,1,0,1,0,1,0,1,0,1,2,1,2,1,0,1,0,1
Signal-Android,2019-1,2020-1,org.thoughtcrime.securesms.logging.PersistentLogger,top_level,8,10,2,132,0,3,140,0,4,1,1,4,5,0,1,0,1,0,1,0,1,0,1,0,1,0,1,0,1,3,1,4,1,0,1,0,1
Signal-Android,2019-1,2020-1,org.thoughtcrime.securesms.logging.UncaughtExceptionLogger,top_level,0,0,0,11,0,0,10,0,0,1,0,1,,0,1,,0,0,1,,0,0,1,,0,0,1,,0,0,1,,0,0,1,,0
Signal-Android,2019-1,2020-1,org.thoughtcrime.securesms.logsubmit.ShareIntentListAdapter,top_level,0,0,0,16,0,0,16,0,0,1,1,14,14,0,1,0,1,0,1,0,1,0,1,0,1,0,1,0,1,14,1,14,1,0,1,0,1
Signal-Android,2019-1,2020-1,org.thoughtcrime.securesms.logsubmit.SubmitLogFragment,top_level,8,8,0,332,0,4,412,0,4,1,1,34,45,0,1,0,1,0,1,0,1,0,1,0,1,0,1,0,1,28,1,39,1,0,1,0,1
Signal-Android,2019-1,2020-1,org.thoughtcrime.securesms.logsubmit.util.Scrubber,top_level,1,1,0,27,0,1,60,0,1,1,1,11,1,0,1,0,1,0,1,0,1,0,1,0,1,0,1,0,1,11,1,1,1,0,1,0,1
Signal-Android,2019-1,2020-1,org.thoughtcrime.securesms.mediapreview.MediaPreviewViewModel,top_level,3,4,1,55,0,1,76,0,2,1,1,8,22,0,1,0,1,0,1,0,1,0,1,0,1,0,1,0,1,8,1,15,1,0,1,0,1
Signal-Android,2019-1,2020-1,org.thoughtcrime.securesms.mms.ApnUnavailableException,top_level,1,1,0,8,0,1,8,0,1,0,0,,,,0,,0,,0,,0,,0,,0,,0,,0,,0,,0,,0,,0
Signal-Android,2019-1,2020-1,org.thoughtcrime.securesms.mms.AttachmentManager,top_level,5,5,0,339,0,3,334,0,3,1,1,61,65,0,1,0,1,1,1,1,1,0,1,0,1,0,1,0,1,51,1,55,1,0,1,0,1
Signal-Android,2019-1,2020-1,org.thoughtcrime.securesms.mms.AttachmentStreamLocalUriFetcher,top_level,4,4,0,37,0,2,35,0,2,0,0,,,,0,,0,,0,,0,,0,,0,,0,,0,,0,,0,,0,,0
Signal-Android,2019-1,2020-1,org.thoughtcrime.securesms.mms.AttachmentStreamUriLoader,top_level,1,1,0,37,0,1,36,0,1,1,1,1,1,0,1,0,1,0,1,0,1,0,1,0,1,0,1,0,1,1,1,1,1,0,1,0,1
Signal-Android,2019-1,2020-1,org.thoughtcrime.securesms.mms.AudioSlide,top_level,3,3,0,27,0,3,27,0,3,0,0,,,,0,,0,,0,,0,,0,,0,,0,,0,,0,,0,,0,,0
Signal-Android,2019-1,2020-1,org.thoughtcrime.securesms.mms.CompatMmsConnection,top_level,0,0,0,53,0,0,53,0,0,1,1,3,3,0,1,0,1,0,1,0,1,0,1,0,1,0,1,0,1,0,1,0,1,0,1,0,1
Signal-Android,2019-1,2020-1,org.thoughtcrime.securesms.mms.ContactPhotoLocalUriFetcher,top_level,0,0,0,11,0,0,11,0,0,1,1,2,2,0,1,0,1,0,1,0,1,0,1,0,1,0,1,0,1,2,1,2,1,0,1,0,1
Signal-Android,2019-1,2020-1,org.thoughtcrime.securesms.mms.DecryptableStreamLocalUriFetcher,top_level,0,0,0,19,0,0,21,0,0,1,1,2,3,0,1,0,1,0,1,0,1,0,1,0,1,0,1,0,1,1,1,2,1,0,1,0,1
Signal-Android,2019-1,2020-1,org.thoughtcrime.securesms.mms.DecryptableStreamUriLoader,top_level,1,1,0,36,0,1,36,0,1,1,1,1,1,0,1,0,1,0,1,0,1,0,1,0,1,0,1,0,1,1,1,1,1,0,1,0,1
Signal-Android,2019-1,2020-1,org.thoughtcrime.securesms.mms.DocumentSlide,top_level,1,1,0,10,0,1,10,0,1,0,0,,,,0,,0,,0,,0,,0,,0,,0,,0,,0,,0,,0,,0
Signal-Android,2019-1,2020-1,org.thoughtcrime.securesms.mms.GifSlide,top_level,0,0,0,9,0,0,11,0,0,0,0,,,,0,,0,,0,,0,,0,,0,,0,,0,,0,,0,,0,,0
Signal-Android,2019-1,2020-1,org.thoughtcrime.securesms.mms.ImageSlide,top_level,1,2,1,20,0,1,25,0,2,0,0,,,,0,,0,,0,,0,,0,,0,,0,,0,,0,,0,,0,,0
Signal-Android,2019-1,2020-1,org.thoughtcrime.securesms.mms.IncomingLegacyMmsConnection,top_level,2,2,0,72,0,1,72,0,1,1,1,4,4,0,1,0,1,0,1,0,1,0,1,0,1,0,1,0,1,4,1,4,1,0,1,0,1
Signal-Android,2019-1,2020-1,org.thoughtcrime.securesms.mms.IncomingLollipopMmsConnection,top_level,3,3,0,52,0,1,68,0,1,1,1,5,12,0,1,0,1,0,1,0,1,0,1,0,1,0,1,0,1,5,1,11,1,0,1,0,1
Signal-Android,2019-1,2020-1,org.thoughtcrime.securesms.mms.IncomingMediaMessage,top_level,7,8,1,83,0,7,98,0,8,1,1,2,3,1,1,1,1,0,1,0,1,1,1,2,1,0,1,0,1,0,1,0,1,0,1,0,1
Signal-Android,2019-1,2020-1,org.thoughtcrime.securesms.mms.IncomingMmsConnection,top_level,1,1,0,3,0,0,3,0,0,0,0,,,,0,,0,,0,,0,,0,,0,,0,,0,,0,,0,,0,,0
Signal-Android,2019-1,2020-1,org.thoughtcrime.securesms.mms.LegacyMmsConnection,top_level,1,1,0,159,0,1,167,0,1,1,1,21,21,1,1,1,1,0,1,0,1,0,1,0,1,1,1,1,1,16,1,16,1,0,1,0,1
Signal-Android,2019-1,2020-1,org.thoughtcrime.securesms.mms.LocationSlide,top_level,1,1,0,16,0,1,16,0,1,0,0,,,,0,,0,,0,,0,,0,,0,,0,,0,,0,,0,,0,,0
Signal-Android,2019-1,2020-1,org.thoughtcrime.securesms.mms.LollipopMmsConnection,top_level,5,5,0,34,0,3,34,0,3,1,1,2,2,0,1,0,1,0,1,0,1,0,1,0,1,0,1,0,1,2,1,2,1,0,1,0,1
Signal-Android,2019-1,2020-1,org.thoughtcrime.securesms.mms.MediaConstraints,top_level,2,3,1,42,0,0,40,0,0,0,0,,,,0,,0,,0,,0,,0,,0,,0,,0,,0,,0,,0,,0
Signal-Android,2019-1,2020-1,org.thoughtcrime.securesms.mms.MediaNotFoundException,top_level,1,1,0,8,0,1,8,0,1,0,0,,,,0,,0,,0,,0,,0,,0,,0,,0,,0,,0,,0,,0
Signal-Android,2019-1,2020-1,org.thoughtcrime.securesms.mms.MediaStream,top_level,2,2,0,18,0,2,18,0,2,1,1,1,1,1,1,1,1,0,1,0,1,0,1,0,1,0,1,0,1,0,1,0,1,0,1,0,1
Signal-Android,2019-1,2020-1,org.thoughtcrime.securesms.mms.MediaTooLargeException,top_level,1,1,0,8,0,1,8,0,1,0,0,,,,0,,0,,0,,0,,0,,0,,0,,0,,0,,0,,0,,0
Signal-Android,2019-1,2020-1,org.thoughtcrime.securesms.mms.MmsConfigManager,top_level,0,0,0,19,0,0,20,0,0,1,1,4,4,0,1,0,1,0,1,0,1,0,1,0,1,0,1,0,1,3,1,3,1,0,1,0,1
Signal-Android,2019-1,2020-1,org.thoughtcrime.securesms.mms.MmsException,top_level,1,1,0,10,0,1,10,0,1,0,0,,,,0,,0,,0,,0,,0,,0,,0,,0,,0,,0,,0,,0
Signal-Android,2019-1,2020-1,org.thoughtcrime.securesms.mms.MmsMediaConstraints,top_level,1,1,0,41,0,1,34,0,1,0,1,,3,,0,0,1,,0,0,1,,0,0,1,,0,0,1,,0,3,1,,0,0,1
Signal-Android,2019-1,2020-1,org.thoughtcrime.securesms.mms.MmsRadio,top_level,24,24,0,95,0,6,95,0,6,1,1,12,12,0,1,0,1,0,1,0,1,0,1,0,1,0,1,0,1,8,1,8,1,0,1,0,1
Signal-Android,2019-1,2020-1,org.thoughtcrime.securesms.mms.MmsRadioException,top_level,0,0,0,5,0,0,5,0,0,0,0,,,,0,,0,,0,,0,,0,,0,,0,,0,,0,,0,,0,,0
Signal-Android,2019-1,2020-1,org.thoughtcrime.securesms.mms.MmsSendResult,top_level,3,3,0,10,0,3,10,0,3,0,0,,,,0,,0,,0,,0,,0,,0,,0,,0,,0,,0,,0,,0
Signal-Android,2019-1,2020-1,org.thoughtcrime.securesms.mms.MmsSlide,top_level,0,0,0,7,0,0,7,0,0,0,0,,,,0,,0,,0,,0,,0,,0,,0,,0,,0,,0,,0,,0
Signal-Android,2019-1,2020-1,org.thoughtcrime.securesms.mms.OutgoingExpirationUpdateMessage,top_level,1,1,0,7,0,1,8,0,1,0,0,,,,0,,0,,0,,0,,0,,0,,0,,0,,0,,0,,0,,0
Signal-Android,2019-1,2020-1,org.thoughtcrime.securesms.mms.OutgoingGroupMediaMessage,top_level,3,3,0,34,0,3,38,0,3,1,1,2,2,0,1,0,1,0,1,0,1,0,1,0,1,0,1,0,1,2,1,2,1,0,1,0,1
Signal-Android,2019-1,2020-1,org.thoughtcrime.securesms.mms.OutgoingLegacyMmsConnection,top_level,8,8,0,80,0,2,80,0,2,1,1,6,6,0,1,0,1,0,1,0,1,0,1,0,1,0,1,0,1,6,1,6,1,0,1,0,1
Signal-Android,2019-1,2020-1,org.thoughtcrime.securesms.mms.OutgoingLollipopMmsConnection,top_level,0,0,0,47,0,0,47,0,0,1,1,4,4,0,1,0,1,0,1,0,1,0,1,0,1,0,1,0,1,4,1,4,1,0,1,0,1
Signal-Android,2019-1,2020-1,org.thoughtcrime.securesms.mms.OutgoingMediaMessage,top_level,8,9,1,85,0,8,101,0,9,1,1,2,3,1,1,1,1,0,1,0,1,1,1,2,1,0,1,0,1,0,1,0,1,0,1,0,1
Signal-Android,2019-1,2020-1,org.thoughtcrime.securesms.mms.OutgoingMmsConnection,top_level,1,1,0,3,0,0,3,0,0,0,0,,,,0,,0,,0,,0,,0,,0,,0,,0,,0,,0,,0,,0
Signal-Android,2019-1,2020-1,org.thoughtcrime.securesms.mms.OutgoingSecureMediaMessage,top_level,1,1,0,14,0,1,16,0,1,0,1,,1,,0,0,1,,0,0,1,,0,1,1,,0,0,1,,0,0,1,,0,0,1
Signal-Android,2019-1,2020-1,org.thoughtcrime.securesms.mms.PartAuthority,top_level,0,0,0,86,0,0,103,0,0,1,1,4,5,0,1,0,1,0,1,0,1,0,1,0,1,0,1,0,1,3,1,4,1,0,1,0,1
Signal-Android,2019-1,2020-1,org.thoughtcrime.securesms.mms.PartParser,top_level,0,0,0,41,0,0,41,0,0,1,1,7,7,0,1,0,1,0,1,0,1,0,1,0,1,0,1,0,1,5,1,5,1,0,1,0,1
Signal-Android,2019-1,2020-1,org.thoughtcrime.securesms.mms.PartUriParser,top_level,2,2,0,10,0,2,10,0,2,1,1,1,1,0,1,0,1,0,1,0,1,0,1,0,1,0,1,0,1,1,1,1,1,0,1,0,1
Signal-Android,2019-1,2020-1,org.thoughtcrime.securesms.mms.PushMediaConstraints,top_level,0,0,0,26,0,0,34,0,0,0,0,,,,0,,0,,0,,0,,0,,0,,0,,0,,0,,0,,0,,0
Signal-Android,2019-1,2020-1,org.thoughtcrime.securesms.mms.QuoteId,top_level,1,1,0,29,0,1,32,0,1,0,1,,1,,0,0,1,,0,0,1,,0,0,1,,0,0,1,,0,1,1,,0,0,1
Signal-Android,2019-1,2020-1,org.thoughtcrime.securesms.mms.QuoteModel,top_level,2,2,0,22,0,2,22,0,2,1,1,1,1,1,1,1,1,0,1,0,1,0,1,0,1,0,1,0,1,0,1,0,1,0,1,0,1
Signal-Android,2019-1,2020-1,org.thoughtcrime.securesms.mms.SignalGlideModule,top_level,1,1,0,27,0,1,30,0,1,1,1,5,5,0,1,0,1,0,1,0,1,0,1,0,1,0,1,0,1,4,1,4,1,0,1,0,1
Signal-Android,2019-1,2020-1,org.thoughtcrime.securesms.mms.Slide,top_level,12,13,1,97,0,12,117,0,13,1,1,11,13,0,1,0,1,0,1,0,1,1,1,1,1,0,1,0,1,9,1,11,1,0,1,0,1
Signal-Android,2019-1,2020-1,org.thoughtcrime.securesms.mms.SlideClickListener,top_level,1,1,0,2,0,0,2,0,0,0,0,,,,0,,0,,0,,0,,0,,0,,0,,0,,0,,0,,0,,0
Signal-Android,2019-1,2020-1,org.thoughtcrime.securesms.mms.SlideDeck,top_level,8,9,1,52,0,3,62,0,3,1,1,4,4,0,1,0,1,0,1,0,1,0,1,0,1,0,1,0,1,4,1,4,1,0,1,0,1
Signal-Android,2019-1,2020-1,org.thoughtcrime.securesms.mms.SlidesClickedListener,top_level,1,1,0,2,0,0,2,0,0,0,0,,,,0,,0,,0,,0,,0,,0,,0,,0,,0,,0,,0,,0
Signal-Android,2019-1,2020-1,org.thoughtcrime.securesms.mms.VideoSlide,top_level,4,4,0,23,0,4,25,0,4,0,0,,,,0,,0,,0,,0,,0,,0,,0,,0,,0,,0,,0,,0
Signal-Android,2019-1,2020-1,org.thoughtcrime.securesms.notifications.AbstractNotificationBuilder,top_level,2,2,0,45,0,1,50,0,1,1,1,5,7,0,1,0,1,0,1,0,1,0,1,0,1,0,1,0,1,4,1,6,1,0,1,0,1
Signal-Android,2019-1,2020-1,org.thoughtcrime.securesms.notifications.AndroidAutoHeardReceiver,top_level,0,0,0,26,0,0,26,0,0,1,1,2,2,0,1,0,1,0,1,0,1,0,1,0,1,0,1,0,1,2,1,2,1,0,1,0,1
Signal-Android,2019-1,2020-1,org.thoughtcrime.securesms.notifications.AndroidAutoReplyReceiver,top_level,0,0,0,41,0,0,40,0,0,1,1,2,3,0,1,0,1,0,1,0,1,0,1,0,1,0,1,0,1,2,1,3,1,0,1,0,1
Signal-Android,2019-1,2020-1,org.thoughtcrime.securesms.notifications.DeleteNotificationReceiver,top_level,0,0,0,19,0,0,19,0,0,1,1,5,5,0,1,0,1,0,1,0,1,0,1,0,1,3,1,3,1,2,1,2,1,0,1,0,1
Signal-Android,2019-1,2020-1,org.thoughtcrime.securesms.notifications.FailedNotificationBuilder,top_level,0,0,0,13,0,0,13,0,0,0,0,,,,0,,0,,0,,0,,0,,0,,0,,0,,0,,0,,0,,0
Signal-Android,2019-1,2020-1,org.thoughtcrime.securesms.notifications.LocaleChangedReceiver,top_level,0,0,0,4,0,0,4,0,0,0,0,,,,0,,0,,0,,0,,0,,0,,0,,0,,0,,0,,0,,0
Signal-Android,2019-1,2020-1,org.thoughtcrime.securesms.notifications.MarkReadReceiver,top_level,0,0,0,48,0,0,44,0,0,1,1,10,10,0,1,0,1,0,1,0,1,0,1,0,1,0,1,0,1,10,1,10,1,0,1,0,1
Signal-Android,2019-1,2020-1,org.thoughtcrime.securesms.notifications.MessageNotifier,top_level,3,3,0,324,0,0,370,0,0,1,1,86,100,0,1,0,1,0,1,0,1,0,1,0,1,0,1,0,1,69,1,77,1,1,1,1,1
Signal-Android,2019-1,2020-1,org.thoughtcrime.securesms.notifications.MultipleRecipientNotificationBuilder,top_level,1,1,0,44,0,1,44,0,1,1,1,1,1,0,1,0,1,0,1,0,1,0,1,0,1,0,1,0,1,1,1,1,1,0,1,0,1
Signal-Android,2019-1,2020-1,org.thoughtcrime.securesms.notifications.NotificationChannels,top_level,1,1,0,278,0,0,316,0,0,1,1,24,39,0,1,0,1,0,1,0,1,0,1,0,1,0,1,0,1,21,1,33,1,1,1,1,1
Signal-Android,2019-1,2020-1,org.thoughtcrime.securesms.notifications.NotificationItem,top_level,4,4,0,50,0,4,50,0,4,1,1,4,4,1,1,1,1,0,1,0,1,0,1,0,1,0,1,0,1,3,1,3,1,0,1,0,1
Signal-Android,2019-1,2020-1,org.thoughtcrime.securesms.notifications.NotificationState,top_level,4,4,0,107,0,4,108,0,4,1,1,6,6,0,1,0,1,0,1,0,1,0,1,0,1,0,1,0,1,6,1,6,1,0,1,0,1
Signal-Android,2019-1,2020-1,org.thoughtcrime.securesms.notifications.PendingMessageNotificationBuilder,top_level,0,0,0,15,0,0,16,0,0,0,0,,,,0,,0,,0,,0,,0,,0,,0,,0,,0,,0,,0,,0
Signal-Android,2019-1,2020-1,org.thoughtcrime.securesms.notifications.RemoteReplyReceiver,top_level,0,0,0,34,0,0,44,0,0,1,1,7,7,0,1,0,1,0,1,0,1,0,1,0,1,0,1,0,1,7,1,5,1,0,1,0,1
Signal-Android,2019-1,2020-1,org.thoughtcrime.securesms.notifications.SingleRecipientNotificationBuilder,top_level,1,1,0,155,0,1,180,0,1,1,1,19,22,0,1,0,1,0,1,0,1,0,1,0,1,0,1,0,1,18,1,20,1,0,1,1,1
Signal-Android,2019-1,2020-1,org.thoughtcrime.securesms.permissions.Permissions,top_level,0,0,0,190,0,0,190,0,0,1,1,11,11,0,1,0,1,0,1,0,1,0,1,0,1,0,1,0,1,7,1,7,1,0,1,0,1
Signal-Android,2019-1,2020-1,org.thoughtcrime.securesms.permissions.PermissionsRequest,top_level,0,0,0,51,0,0,51,0,0,1,1,7,7,0,1,0,1,0,1,0,1,0,1,0,1,0,1,0,1,0,1,0,1,0,1,0,1
Signal-Android,2019-1,2020-1,org.thoughtcrime.securesms.permissions.RationaleDialog,top_level,0,0,0,21,0,0,24,0,0,1,1,6,5,0,1,0,1,0,1,0,1,0,1,0,1,0,1,0,1,5,1,4,1,0,1,0,1
Signal-Android,2019-1,2020-1,org.thoughtcrime.securesms.preferences.AdvancedPreferenceFragment,top_level,6,6,0,131,0,3,127,0,3,1,1,8,9,0,1,0,1,0,1,0,1,0,1,0,1,0,1,0,1,7,1,8,1,0,1,0,1
Signal-Android,2019-1,2020-1,org.thoughtcrime.securesms.preferences.AppProtectionPreferenceFragment,top_level,9,8,-1,202,0,4,198,0,4,1,1,22,20,0,1,0,1,0,1,0,1,0,1,0,1,0,1,0,1,21,1,20,1,0,1,0,1
Signal-Android,2019-1,2020-1,org.thoughtcrime.securesms.preferences.AppearancePreferenceFragment,top_level,3,3,0,35,0,3,35,0,3,1,1,6,6,0,1,0,1,0,1,0,1,0,1,0,1,0,1,0,1,6,1,6,1,0,1,0,1
Signal-Android,2019-1,2020-1,org.thoughtcrime.securesms.preferences.BlockedContactListItem,top_level,1,3,2,31,0,1,34,0,2,0,1,,2,,0,0,1,,0,0,1,,0,0,1,,0,0,1,,0,2,1,,0,0,1
Signal-Android,2019-1,2020-1,org.thoughtcrime.securesms.preferences.ChatsPreferenceFragment,top_level,4,4,0,142,0,4,101,0,4,1,1,22,19,0,1,0,1,0,1,0,1,0,1,0,1,0,1,0,1,21,1,19,1,0,1,0,1
Signal-Android,2019-1,2020-1,org.thoughtcrime.securesms.preferences.CorrectedPreferenceFragment,top_level,0,0,0,42,0,0,42,0,0,1,1,6,6,0,1,0,1,0,1,0,1,0,1,0,1,0,1,0,1,5,1,5,1,0,1,0,1
Signal-Android,2019-1,2020-1,org.thoughtcrime.securesms.preferences.ListSummaryPreferenceFragment,top_level,0,0,0,12,0,0,12,0,0,1,1,6,6,0,1,0,1,0,1,0,1,0,1,0,1,0,1,0,1,6,1,6,1,0,1,0,1
Signal-Android,2019-1,2020-1,org.thoughtcrime.securesms.preferences.MmsPreferencesActivity,top_level,3,3,0,31,0,3,31,0,3,1,1,4,4,0,1,0,1,0,1,0,1,0,1,0,1,0,1,0,1,3,1,3,1,0,1,0,1
Signal-Android,2019-1,2020-1,org.thoughtcrime.securesms.preferences.MmsPreferencesFragment,top_level,1,1,0,43,0,1,43,0,1,1,1,1,1,0,1,0,1,0,1,0,1,0,1,0,1,0,1,0,1,1,1,1,1,0,1,0,1
Signal-Android,2019-1,2020-1,org.thoughtcrime.securesms.preferences.NotificationsPreferenceFragment,top_level,1,1,0,149,0,1,149,0,1,1,1,12,12,0,1,0,1,0,1,0,1,0,1,0,1,0,1,0,1,10,1,10,1,0,1,0,1
Signal-Android,2019-1,2020-1,org.thoughtcrime.securesms.preferences.SmsMmsPreferenceFragment,top_level,13,13,0,72,0,3,66,0,3,1,1,6,6,0,1,0,1,0,1,0,1,0,1,0,1,0,1,0,1,6,1,6,1,0,1,0,1
Signal-Android,2019-1,2020-1,org.thoughtcrime.securesms.preferences.widgets.ColorPickerPreference,top_level,16,16,0,87,0,12,87,0,12,1,1,1,1,1,1,1,1,0,1,0,1,0,1,0,1,0,1,0,1,0,1,0,1,0,1,0,1
Signal-Android,2019-1,2020-1,org.thoughtcrime.securesms.preferences.widgets.ColorPickerPreferenceDialogFragmentCompat,top_level,3,3,0,34,0,2,34,0,2,1,1,7,7,0,1,0,1,0,1,0,1,0,1,0,1,0,1,0,1,7,1,7,1,0,1,0,1
Signal-Android,2019-1,2020-1,org.thoughtcrime.securesms.preferences.widgets.ContactPreference,top_level,14,18,4,49,0,3,55,0,3,1,1,4,11,0,1,0,1,0,1,0,1,0,1,0,1,0,1,0,1,4,1,4,1,0,1,0,1
Signal-Android,2019-1,2020-1,org.thoughtcrime.securesms.preferences.widgets.LEDColorListPreference,top_level,1,1,0,46,0,1,46,0,1,1,1,17,17,0,1,0,1,0,1,0,1,0,1,0,1,0,1,0,1,17,1,17,1,0,1,0,1
Signal-Android,2019-1,2020-1,org.thoughtcrime.securesms.preferences.widgets.NotificationPrivacyPreference,top_level,2,2,0,8,0,2,8,0,2,0,0,,,,0,,0,,0,,0,,0,,0,,0,,0,,0,,0,,0,,0
Signal-Android,2019-1,2020-1,org.thoughtcrime.securesms.preferences.widgets.ProfilePreference,top_level,4,4,0,39,0,2,39,0,2,1,1,4,8,0,1,0,1,0,1,0,1,0,1,0,1,0,1,0,1,4,1,8,1,0,1,0,1
Signal-Android,2019-1,2020-1,org.thoughtcrime.securesms.preferences.widgets.ProgressPreference,top_level,4,4,0,28,0,3,28,0,3,1,1,1,1,0,1,0,1,0,1,0,1,0,1,0,1,0,1,0,1,1,1,1,1,0,1,0,1
Signal-Android,2019-1,2020-1,org.thoughtcrime.securesms.preferences.widgets.SignalListPreference,top_level,4,4,0,38,0,2,38,0,2,0,0,,,,0,,0,,0,,0,,0,,0,,0,,0,,0,,0,,0,,0
Signal-Android,2019-1,2020-1,org.thoughtcrime.securesms.preferences.widgets.SignalPreference,top_level,1,1,0,28,0,1,28,0,1,0,0,,,,0,,0,,0,,0,,0,,0,,0,,0,,0,,0,,0,,0
Signal-Android,2019-1,2020-1,org.thoughtcrime.securesms.profiles.AvatarHelper,top_level,0,0,0,24,0,0,24,0,0,1,1,3,3,0,1,0,1,0,1,0,1,0,1,0,1,0,1,0,1,2,1,2,1,0,1,0,1
Signal-Android,2019-1,2020-1,org.thoughtcrime.securesms.profiles.GroupShareProfileView,top_level,2,2,0,33,0,1,33,0,1,1,1,1,1,0,1,0,1,0,1,0,1,0,1,0,1,0,1,0,1,0,1,0,1,0,1,0,1
Signal-Android,2019-1,2020-1,org.thoughtcrime.securesms.profiles.ProfileMediaConstraints,top_level,0,0,0,22,0,0,22,0,0,0,0,,,,0,,0,,0,,0,,0,,0,,0,,0,,0,,0,,0,,0
Signal-Android,2019-1,2020-1,org.thoughtcrime.securesms.profiles.SystemProfileUtil,top_level,0,0,0,55,0,0,53,0,0,1,1,16,11,0,1,0,1,0,1,0,1,0,1,0,1,0,1,0,1,9,1,9,1,0,1,0,1
Signal-Android,2019-1,2020-1,org.thoughtcrime.securesms.profiles.UnknownSenderView,top_level,7,4,-3,60,0,3,52,0,3,1,1,12,9,0,1,0,1,0,1,0,1,0,1,0,1,0,1,0,1,12,1,9,1,0,1,0,1
Signal-Android,2019-1,2020-1,org.thoughtcrime.securesms.providers.MmsBodyProvider,top_level,1,1,0,66,0,1,66,0,1,1,1,7,7,0,1,0,1,0,1,0,1,0,1,0,1,0,1,0,1,7,1,7,1,0,1,0,1
Signal-Android,2019-1,2020-1,org.thoughtcrime.securesms.providers.PartProvider,top_level,1,1,0,81,0,1,81,0,1,1,1,5,5,0,1,0,1,0,1,0,1,0,1,0,1,0,1,0,1,5,1,5,1,0,1,0,1
Signal-Android,2019-1,2020-1,org.thoughtcrime.securesms.push.AccountManagerFactory,top_level,0,0,0,20,0,0,27,0,0,1,1,1,3,0,1,0,1,0,1,0,1,0,1,0,1,0,1,0,1,0,1,2,1,0,1,0,1
Signal-Android,2019-1,2020-1,org.thoughtcrime.securesms.push.DomainFrontingTrustStore,top_level,0,0,0,10,0,0,10,0,0,1,1,1,1,0,1,0,1,0,1,0,1,0,1,0,1,0,1,0,1,1,1,1,1,0,1,0,1
Signal-Android,2019-1,2020-1,org.thoughtcrime.securesms.push.IasTrustStore,top_level,0,0,0,10,0,0,10,0,0,1,1,1,1,0,1,0,1,0,1,0,1,0,1,0,1,0,1,0,1,1,1,1,1,0,1,0,1
Signal-Android,2019-1,2020-1,org.thoughtcrime.securesms.push.SecurityEventListener,top_level,0,0,0,8,0,0,8,0,0,0,0,,,,0,,0,,0,,0,,0,,0,,0,,0,,0,,0,,0,,0
Signal-Android,2019-1,2020-1,org.thoughtcrime.securesms.push.SignalServiceNetworkAccess,top_level,0,0,0,58,0,0,135,0,0,0,0,,,,0,,0,,0,,0,,0,,0,,0,,0,,0,,0,,0,,0
Signal-Android,2019-1,2020-1,org.thoughtcrime.securesms.push.SignalServiceTrustStore,top_level,0,0,0,10,0,0,10,0,0,1,1,1,1,0,1,0,1,0,1,0,1,0,1,0,1,0,1,0,1,1,1,1,1,0,1,0,1
Signal-Android,2019-1,2020-1,org.thoughtcrime.securesms.qr.QrCode,top_level,0,0,0,14,0,0,14,0,0,1,1,2,2,0,1,0,1,0,1,0,1,0,1,0,1,0,1,0,1,1,1,1,1,0,1,0,1
Signal-Android,2019-1,2020-1,org.thoughtcrime.securesms.qr.ScanListener,top_level,1,1,0,2,0,0,2,0,0,0,0,,,,0,,0,,0,,0,,0,,0,,0,,0,,0,,0,,0,,0
Signal-Android,2019-1,2020-1,org.thoughtcrime.securesms.qr.ScanningThread,top_level,8,8,0,59,0,2,59,0,2,1,1,8,8,0,1,0,1,0,1,0,1,0,1,0,1,0,1,0,1,6,1,6,1,0,1,0,1
Signal-Android,2019-1,2020-1,org.thoughtcrime.securesms.recipients.Recipient,top_level,23,28,5,385,0,21,401,0,25,1,1,22,76,0,1,0,1,1,1,0,1,0,1,0,1,0,1,0,1,14,1,62,1,1,1,1,1
Signal-Android,2019-1,2020-1,org.thoughtcrime.securesms.recipients.RecipientFormattingException,top_level,1,1,0,9,0,1,9,0,1,0,0,,,,0,,0,,0,,0,,0,,0,,0,,0,,0,,0,,0,,0
Signal-Android,2019-1,2020-1,org.thoughtcrime.securesms.recipients.RecipientModifiedListener,top_level,1,1,0,2,0,0,2,0,0,0,0,,,,0,,0,,0,,0,,0,,0,,0,,0,,0,,0,,0,,0
Signal-Android,2019-1,2020-1,org.thoughtcrime.securesms.recipients.RecipientsFormatter,top_level,0,0,0,28,0,0,28,0,0,1,1,4,4,0,1,0,1,0,1,0,1,0,1,0,1,0,1,0,1,3,1,3,1,0,1,0,1
Signal-Android,2019-1,2020-1,org.thoughtcrime.securesms.scribbles.widget.ColorPaletteAdapter,top_level,3,3,0,30,0,3,30,0,3,1,1,1,1,0,1,0,1,0,1,0,1,0,1,0,1,0,1,0,1,1,1,1,1,0,1,0,1
Signal-Android,2019-1,2020-1,org.thoughtcrime.securesms.scribbles.widget.VerticalSlideColorPicker,top_level,11,13,2,119,0,8,123,0,8,1,1,2,2,1,1,1,1,0,1,0,1,0,1,0,1,0,1,0,1,0,1,0,1,0,1,0,1
Signal-Android,2019-1,2020-1,org.thoughtcrime.securesms.search.SearchRepository,top_level,0,1,1,95,0,0,124,0,1,1,1,3,7,0,1,0,1,0,1,0,1,0,1,0,1,0,1,0,1,3,1,6,1,0,1,0,1
Signal-Android,2019-1,2020-1,org.thoughtcrime.securesms.service.AccountAuthenticatorService,top_level,2,2,0,40,0,1,40,0,1,1,1,2,2,0,1,0,1,0,1,0,1,0,1,0,1,0,1,0,1,2,1,2,1,0,1,0,1
Signal-Android,2019-1,2020-1,org.thoughtcrime.securesms.service.AccountVerificationTimeoutException,top_level,1,1,0,8,0,1,8,0,1,0,0,,,,0,,0,,0,,0,,0,,0,,0,,0,,0,,0,,0,,0
Signal-Android,2019-1,2020-1,org.thoughtcrime.securesms.service.ApplicationMigrationService,top_level,12,12,0,119,0,8,119,0,8,1,1,9,9,1,1,1,1,0,1,0,1,0,1,0,1,0,1,0,1,8,1,8,1,0,1,0,1
Signal-Android,2019-1,2020-1,org.thoughtcrime.securesms.service.BootReceiver,top_level,0,0,0,4,0,0,4,0,0,0,0,,,,0,,0,,0,,0,,0,,0,,0,,0,,0,,0,,0,,0
Signal-Android,2019-1,2020-1,org.thoughtcrime.securesms.service.ContactsSyncAdapterService,top_level,2,2,0,10,0,1,10,0,1,0,0,,,,0,,0,,0,,0,,0,,0,,0,,0,,0,,0,,0,,0
Signal-Android,2019-1,2020-1,org.thoughtcrime.securesms.service.DirectShareService,top_level,0,0,0,47,0,0,45,0,0,1,1,21,19,0,1,0,1,0,1,0,1,0,1,0,1,0,1,0,1,21,1,19,1,0,1,0,1
Signal-Android,2019-1,2020-1,org.thoughtcrime.securesms.service.DirectoryRefreshListener,top_level,0,0,0,16,0,0,14,0,0,0,0,,,,0,,0,,0,,0,,0,,0,,0,,0,,0,,0,,0,,0
Signal-Android,2019-1,2020-1,org.thoughtcrime.securesms.service.ExpirationListener,top_level,0,0,0,10,0,0,10,0,0,1,1,4,4,0,1,0,1,0,1,0,1,0,1,0,1,0,1,0,1,4,1,4,1,0,1,0,1
Signal-Android,2019-1,2020-1,org.thoughtcrime.securesms.service.ExpiringMessageManager,top_level,3,3,0,86,0,3,86,0,3,1,1,4,4,0,1,0,1,0,1,0,1,0,1,0,1,0,1,0,1,4,1,4,1,0,1,0,1
Signal-Android,2019-1,2020-1,org.thoughtcrime.securesms.service.GenericForegroundService,top_level,3,7,4,66,0,2,150,0,3,0,1,,3,,0,0,1,,0,0,1,,0,0,1,,0,0,1,,0,2,1,,0,0,1
Signal-Android,2019-1,2020-1,org.thoughtcrime.securesms.service.IncomingMessageObserver,top_level,7,6,-1,113,0,5,114,0,4,1,1,3,5,0,1,0,1,0,1,0,1,0,1,0,1,0,1,0,1,3,1,5,1,0,1,0,1
Signal-Android,2019-1,2020-1,org.thoughtcrime.securesms.service.KeyCachingService,top_level,22,17,-5,183,0,12,157,0,9,1,1,12,10,0,1,0,1,0,1,0,1,0,1,0,1,0,1,0,1,8,1,8,1,1,1,0,1
Signal-Android,2019-1,2020-1,org.thoughtcrime.securesms.service.LocalBackupListener,top_level,0,0,0,15,0,0,17,0,0,0,0,,,,0,,0,,0,,0,,0,,0,,0,,0,,0,,0,,0,,0
Signal-Android,2019-1,2020-1,org.thoughtcrime.securesms.service.MmsListener,top_level,0,0,0,26,0,0,19,0,0,1,1,5,5,0,1,0,1,0,1,0,1,0,1,0,1,0,1,0,1,4,1,4,1,0,1,0,1
Signal-Android,2019-1,2020-1,org.thoughtcrime.securesms.service.PanicResponderListener,top_level,0,0,0,8,0,0,8,0,0,0,0,,,,0,,0,,0,,0,,0,,0,,0,,0,,0,,0,,0,,0
Signal-Android,2019-1,2020-1,org.thoughtcrime.securesms.service.PersistentAlarmManagerListener,top_level,0,0,0,15,0,0,15,0,0,1,1,2,2,0,1,0,1,0,1,0,1,0,1,0,1,0,1,0,1,2,1,2,1,0,1,0,1
Signal-Android,2019-1,2020-1,org.thoughtcrime.securesms.service.PersistentConnectionBootListener,top_level,0,0,0,6,0,0,6,0,0,1,1,1,1,0,1,0,1,0,1,0,1,0,1,0,1,0,1,0,1,1,1,1,1,0,1,0,1
Signal-Android,2019-1,2020-1,org.thoughtcrime.securesms.service.QuickResponseService,top_level,1,1,0,28,0,1,27,0,1,1,1,7,7,0,1,0,1,0,1,0,1,0,1,0,1,0,1,0,1,7,1,7,1,0,1,0,1
Signal-Android,2019-1,2020-1,org.thoughtcrime.securesms.service.RotateSenderCertificateListener,top_level,0,0,0,15,0,0,13,0,0,0,0,,,,0,,0,,0,,0,,0,,0,,0,,0,,0,,0,,0,,0
Signal-Android,2019-1,2020-1,org.thoughtcrime.securesms.service.RotateSignedPreKeyListener,top_level,0,0,0,16,0,0,14,0,0,0,0,,,,0,,0,,0,,0,,0,,0,,0,,0,,0,,0,,0,,0
Signal-Android,2019-1,2020-1,org.thoughtcrime.securesms.service.SmsDeliveryListener,top_level,0,0,0,34,0,0,34,0,0,1,1,3,2,0,1,0,1,0,1,0,1,0,1,0,1,0,1,0,1,2,1,1,1,0,1,0,1
Signal-Android,2019-1,2020-1,org.thoughtcrime.securesms.service.SmsListener,top_level,0,0,0,76,0,0,49,0,0,1,1,16,9,0,1,0,1,0,1,0,1,0,1,0,1,0,1,0,1,12,1,8,1,0,1,0,1
Signal-Android,2019-1,2020-1,org.thoughtcrime.securesms.service.UpdateApkReadyListener,top_level,0,0,0,59,0,0,59,0,0,1,1,8,8,0,1,0,1,0,1,0,1,0,1,0,1,0,1,0,1,7,1,7,1,0,1,0,1
Signal-Android,2019-1,2020-1,org.thoughtcrime.securesms.service.UpdateApkRefreshListener,top_level,0,0,0,19,0,0,17,0,0,0,0,,,,0,,0,,0,,0,,0,,0,,0,,0,,0,,0,,0,,0
Signal-Android,2019-1,2020-1,org.thoughtcrime.securesms.service.WebRtcCallService,top_level,30,36,6,816,0,18,870,0,16,1,1,94,55,0,1,0,1,0,1,0,1,0,1,0,1,2,1,0,1,71,1,39,1,0,1,0,1
Signal-Android,2019-1,2020-1,org.thoughtcrime.securesms.sms.IncomingEncryptedMessage,top_level,1,1,0,9,0,1,9,0,1,0,0,,,,0,,0,,0,,0,,0,,0,,0,,0,,0,,0,,0,,0
Signal-Android,2019-1,2020-1,org.thoughtcrime.securesms.sms.IncomingEndSessionMessage,top_level,1,1,0,11,0,1,11,0,1,0,0,,,,0,,0,,0,,0,,0,,0,,0,,0,,0,,0,,0,,0
Signal-Android,2019-1,2020-1,org.thoughtcrime.securesms.sms.IncomingGroupMessage,top_level,3,3,0,15,0,3,15,0,3,1,1,2,2,0,1,0,1,0,1,0,1,0,1,0,1,0,1,0,1,2,1,2,1,0,1,0,1
Signal-Android,2019-1,2020-1,org.thoughtcrime.securesms.sms.IncomingIdentityDefaultMessage,top_level,1,1,0,6,0,1,6,0,1,0,0,,,,0,,0,,0,,0,,0,,0,,0,,0,,0,,0,,0,,0
Signal-Android,2019-1,2020-1,org.thoughtcrime.securesms.sms.IncomingIdentityUpdateMessage,top_level,1,1,0,6,0,1,6,0,1,0,0,,,,0,,0,,0,,0,,0,,0,,0,,0,,0,,0,,0,,0
Signal-Android,2019-1,2020-1,org.thoughtcrime.securesms.sms.IncomingIdentityVerifiedMessage,top_level,1,1,0,6,0,1,6,0,1,0,0,,,,0,,0,,0,,0,,0,,0,,0,,0,,0,,0,,0,,0
Signal-Android,2019-1,2020-1,org.thoughtcrime.securesms.sms.IncomingJoinedMessage,top_level,2,2,0,9,0,2,9,0,2,0,0,,,,0,,0,,0,,0,,0,,0,,0,,0,,0,,0,,0,,0
Signal-Android,2019-1,2020-1,org.thoughtcrime.securesms.sms.IncomingPreKeyBundleMessage,top_level,2,2,0,14,0,2,14,0,2,0,0,,,,0,,0,,0,,0,,0,,0,,0,,0,,0,,0,,0,,0
Signal-Android,2019-1,2020-1,org.thoughtcrime.securesms.sms.IncomingTextMessage,top_level,19,19,0,180,0,19,181,0,19,1,1,1,1,0,1,0,1,0,1,0,1,0,1,0,1,0,1,0,1,0,1,0,1,0,1,0,1
Signal-Android,2019-1,2020-1,org.thoughtcrime.securesms.sms.MessageSender,top_level,0,0,0,152,0,0,240,0,0,1,1,22,61,0,1,0,1,0,1,1,1,0,1,0,1,0,1,0,1,18,1,48,1,1,1,1,1
Signal-Android,2019-1,2020-1,org.thoughtcrime.securesms.sms.OutgoingEncryptedMessage,top_level,1,1,0,11,0,1,11,0,1,0,0,,,,0,,0,,0,,0,,0,,0,,0,,0,,0,,0,,0,,0
Signal-Android,2019-1,2020-1,org.thoughtcrime.securesms.sms.OutgoingEndSessionMessage,top_level,1,1,0,11,0,1,11,0,1,0,0,,,,0,,0,,0,,0,,0,,0,,0,,0,,0,,0,,0,,0
Signal-Android,2019-1,2020-1,org.thoughtcrime.securesms.sms.OutgoingIdentityDefaultMessage,top_level,1,1,0,10,0,1,10,0,1,0,0,,,,0,,0,,0,,0,,0,,0,,0,,0,,0,,0,,0,,0
Signal-Android,2019-1,2020-1,org.thoughtcrime.securesms.sms.OutgoingIdentityVerifiedMessage,top_level,1,1,0,11,0,1,11,0,1,0,0,,,,0,,0,,0,,0,,0,,0,,0,,0,,0,,0,,0,,0
Signal-Android,2019-1,2020-1,org.thoughtcrime.securesms.sms.OutgoingKeyExchangeMessage,top_level,1,1,0,11,0,1,11,0,1,0,0,,,,0,,0,,0,,0,,0,,0,,0,,0,,0,,0,,0,,0
Signal-Android,2019-1,2020-1,org.thoughtcrime.securesms.sms.OutgoingPrekeyBundleMessage,top_level,1,1,0,9,0,1,9,0,1,0,0,,,,0,,0,,0,,0,,0,,0,,0,,0,,0,,0,,0,,0
Signal-Android,2019-1,2020-1,org.thoughtcrime.securesms.sms.OutgoingTextMessage,top_level,8,8,0,48,0,8,48,0,8,0,0,,,,0,,0,,0,,0,,0,,0,,0,,0,,0,,0,,0,,0
Signal-Android,2019-1,2020-1,org.thoughtcrime.securesms.sms.TelephonyServiceState,top_level,0,0,0,47,0,0,47,0,0,1,1,2,2,0,1,0,1,0,1,0,1,0,1,0,1,0,1,0,1,2,1,2,1,0,1,0,1
Signal-Android,2019-1,2020-1,org.thoughtcrime.securesms.transport.InsecureFallbackApprovalException,top_level,0,0,0,5,0,0,5,0,0,0,0,,,,0,,0,,0,,0,,0,,0,,0,,0,,0,,0,,0,,0
Signal-Android,2019-1,2020-1,org.thoughtcrime.securesms.transport.RetryLaterException,top_level,1,1,0,4,0,1,4,0,1,0,0,,,,0,,0,,0,,0,,0,,0,,0,,0,,0,,0,,0,,0
Signal-Android,2019-1,2020-1,org.thoughtcrime.securesms.transport.UndeliverableMessageException,top_level,1,1,0,8,0,1,8,0,1,0,0,,,,0,,0,,0,,0,,0,,0,,0,,0,,0,,0,,0,,0
Signal-Android,2019-1,2020-1,org.thoughtcrime.securesms.util.AbstractCursorLoader,top_level,8,8,0,51,0,3,53,0,3,1,1,1,2,0,1,0,1,0,1,0,1,0,1,0,1,0,1,0,1,1,1,2,1,0,1,0,1
Signal-Android,2019-1,2020-1,org.thoughtcrime.securesms.util.AsyncLoader<D>,top_level,8,8,0,24,1,4,24,1,4,0,0,,,,0,,0,,0,,0,,0,,0,,0,,0,,0,,0,,0,,0
Signal-Android,2019-1,2020-1,org.thoughtcrime.securesms.util.AttachmentUtil,top_level,0,0,0,57,0,0,60,0,0,1,1,18,18,0,1,0,1,0,1,0,1,0,1,0,1,0,1,0,1,17,1,17,1,0,1,0,1
Signal-Android,2019-1,2020-1,org.thoughtcrime.securesms.util.BackupUtil,top_level,19,8,-11,87,0,0,84,0,0,1,1,14,18,0,1,0,1,0,1,0,1,0,1,0,1,0,1,0,1,13,1,17,1,0,1,0,1
Signal-Android,2019-1,2020-1,org.thoughtcrime.securesms.util.Base64,top_level,59,1,-58,737,0,1,6,0,1,1,1,74,2,0,1,0,1,1,1,0,1,0,1,0,1,0,1,0,1,8,1,2,1,1,1,0,1
Signal-Android,2019-1,2020-1,org.thoughtcrime.securesms.util.BitmapDecodingException,top_level,0,0,0,5,0,0,5,0,0,0,0,,,,0,,0,,0,,0,,0,,0,,0,,0,,0,,0,,0,,0
Signal-Android,2019-1,2020-1,org.thoughtcrime.securesms.util.BitmapUtil,top_level,18,18,0,238,0,0,278,0,0,1,1,34,40,0,1,0,1,0,1,0,1,0,1,0,1,0,1,0,1,22,1,24,1,1,1,1,1
Signal-Android,2019-1,2020-1,org.thoughtcrime.securesms.util.CharacterCalculator,top_level,0,0,0,25,0,0,27,0,0,0,1,,1,,0,1,1,,0,0,1,,0,0,1,,0,0,1,,0,0,1,,0,0,1
Signal-Android,2019-1,2020-1,org.thoughtcrime.securesms.util.CommunicationActions,top_level,0,0,0,54,0,0,95,0,0,1,1,9,11,0,1,0,1,0,1,0,1,0,1,0,1,0,1,0,1,8,1,10,1,0,1,0,1
Signal-Android,2019-1,2020-1,org.thoughtcrime.securesms.util.Conversions,top_level,25,25,0,110,0,0,110,0,0,1,1,2,2,0,1,0,1,0,1,0,1,0,1,0,1,0,1,0,1,0,1,0,1,0,1,0,1
Signal-Android,2019-1,2020-1,org.thoughtcrime.securesms.util.DateUtils,top_level,2,2,0,77,0,0,78,0,0,1,1,7,7,0,1,0,1,0,1,0,1,0,1,0,1,0,1,0,1,7,1,7,1,0,1,0,1
Signal-Android,2019-1,2020-1,org.thoughtcrime.securesms.util.Debouncer,top_level,2,2,0,11,0,2,11,0,2,0,0,,,,0,,0,,0,,0,,0,,0,,0,,0,,0,,0,,0,,0
Signal-Android,2019-1,2020-1,org.thoughtcrime.securesms.util.DelimiterUtil,top_level,0,0,0,8,0,0,11,0,0,1,1,1,1,0,1,0,1,0,1,0,1,0,1,0,1,0,1,0,1,0,1,0,1,0,1,0,1
Signal-Android,2019-1,2020-1,org.thoughtcrime.securesms.util.Dialogs,top_level,0,0,0,15,0,0,15,0,0,1,1,1,1,0,1,0,1,0,1,0,1,0,1,0,1,0,1,0,1,0,1,0,1,0,1,0,1
Signal-Android,2019-1,2020-1,org.thoughtcrime.securesms.util.DynamicIntroTheme,top_level,0,0,0,6,0,0,6,0,0,1,1,1,1,0,1,0,1,0,1,0,1,0,1,0,1,0,1,0,1,1,1,1,1,0,1,0,1
Signal-Android,2019-1,2020-1,org.thoughtcrime.securesms.util.DynamicLanguage,top_level,0,0,0,43,0,0,23,0,0,1,1,9,6,0,1,0,1,0,1,0,1,0,1,0,1,0,1,0,1,8,1,6,1,0,1,0,1
Signal-Android,2019-1,2020-1,org.thoughtcrime.securesms.util.DynamicNoActionBarTheme,top_level,0,0,0,6,0,0,6,0,0,1,1,1,1,0,1,0,1,0,1,0,1,0,1,0,1,0,1,0,1,1,1,1,1,0,1,0,1
Signal-Android,2019-1,2020-1,org.thoughtcrime.securesms.util.DynamicTheme,top_level,0,0,0,21,0,0,22,0,0,1,1,2,2,0,1,0,1,0,1,0,1,0,1,0,1,0,1,0,1,1,1,1,1,0,1,0,1
Signal-Android,2019-1,2020-1,org.thoughtcrime.securesms.util.ExpirationUtil,top_level,0,0,0,33,0,0,33,0,0,1,1,27,27,0,1,0,1,0,1,0,1,0,1,0,1,0,1,0,1,26,1,26,1,0,1,0,1
Signal-Android,2019-1,2020-1,org.thoughtcrime.securesms.util.FileProviderUtil,top_level,0,0,0,11,0,0,11,0,0,1,1,2,2,0,1,0,1,0,1,0,1,0,1,0,1,0,1,0,1,1,1,1,1,0,1,0,1
Signal-Android,2019-1,2020-1,org.thoughtcrime.securesms.util.FileUtils,top_level,0,0,0,26,0,0,27,0,0,1,1,3,3,0,1,0,1,0,1,0,1,0,1,0,1,0,1,0,1,2,1,2,1,0,1,0,1
Signal-Android,2019-1,2020-1,org.thoughtcrime.securesms.util.FutureTaskListener<V>,top_level,2,2,0,3,0,1,3,0,1,0,0,,,,0,,0,,0,,0,,0,,0,,0,,0,,0,,0,,0,,0
Signal-Android,2019-1,2020-1,org.thoughtcrime.securesms.util.GroupUtil,top_level,0,0,0,80,0,0,84,0,0,1,1,6,7,0,1,0,1,0,1,0,1,0,1,0,1,0,1,0,1,5,1,6,1,0,1,0,1
Signal-Android,2019-1,2020-1,org.thoughtcrime.securesms.util.Hex,top_level,0,0,0,75,0,0,75,0,0,1,1,1,1,0,1,0,1,0,1,0,1,0,1,0,1,0,1,0,1,0,1,0,1,0,1,0,1
Signal-Android,2019-1,2020-1,org.thoughtcrime.securesms.util.IdentityUtil,top_level,0,0,0,136,0,0,132,0,0,1,1,43,44,0,1,0,1,0,1,0,1,0,1,0,1,0,1,0,1,37,1,38,1,0,1,0,1
Signal-Android,2019-1,2020-1,org.thoughtcrime.securesms.util.IntentUtils,top_level,0,0,0,4,0,0,4,0,0,1,1,3,3,0,1,0,1,0,1,0,1,0,1,0,1,0,1,0,1,2,1,2,1,0,1,0,1
Signal-Android,2019-1,2020-1,org.thoughtcrime.securesms.util.JsonUtils,top_level,0,0,0,31,0,0,31,0,0,1,1,1,1,0,1,0,1,0,1,0,1,0,1,0,1,0,1,0,1,0,1,0,1,0,1,0,1
Signal-Android,2019-1,2020-1,"org.thoughtcrime.securesms.util.LRUCache<K,V>",top_level,1,1,0,7,0,1,7,0,1,0,0,,,,0,,0,,0,,0,,0,,0,,0,,0,,0,,0,,0,,0
Signal-Android,2019-1,2020-1,org.thoughtcrime.securesms.util.LimitedInputStream,top_level,6,6,0,20,0,2,20,0,2,1,1,1,1,0,1,0,1,0,1,0,1,0,1,0,1,0,1,0,1,0,1,0,1,0,1,0,1
Signal-Android,2019-1,2020-1,org.thoughtcrime.securesms.util.LinkedBlockingLifoQueue<E>,top_level,3,3,0,12,0,3,12,0,3,0,0,,,,0,,0,,0,,0,,0,,0,,0,,0,,0,,0,,0,,0
Signal-Android,2019-1,2020-1,org.thoughtcrime.securesms.util.ListenableFutureTask<V>,top_level,6,6,0,62,0,4,62,0,4,0,0,,,,0,,0,,0,,0,,0,,0,,0,,0,,0,,0,,0,,0
Signal-Android,2019-1,2020-1,org.thoughtcrime.securesms.util.LongClickCopySpan,top_level,1,1,0,42,0,1,42,0,1,1,1,4,4,0,1,0,1,0,1,0,1,0,1,0,1,0,1,0,1,4,1,4,1,0,1,0,1
Signal-Android,2019-1,2020-1,org.thoughtcrime.securesms.util.LongClickMovementMethod,top_level,0,0,0,62,0,0,62,0,0,1,1,5,5,0,1,0,1,0,1,0,1,0,1,0,1,0,1,0,1,4,1,4,1,0,1,0,1
Signal-Android,2019-1,2020-1,org.thoughtcrime.securesms.util.MathUtils,top_level,1,1,0,11,0,0,11,0,0,1,1,1,1,0,1,0,1,0,1,0,1,0,1,0,1,0,1,0,1,0,1,0,1,0,1,0,1
Signal-Android,2019-1,2020-1,org.thoughtcrime.securesms.util.MediaUtil,top_level,0,0,0,158,0,0,223,0,0,1,1,26,41,0,1,0,1,0,1,0,1,0,1,0,1,0,1,0,1,17,1,28,1,1,1,1,1
Signal-Android,2019-1,2020-1,org.thoughtcrime.securesms.util.MemoryFileUtil,top_level,0,0,0,20,0,0,17,0,0,1,1,7,6,0,1,0,1,0,1,0,1,0,1,0,1,0,1,0,1,5,1,5,1,0,1,0,1
Signal-Android,2019-1,2020-1,org.thoughtcrime.securesms.util.MmsCharacterCalculator,top_level,0,0,0,5,0,0,5,0,0,0,0,,,,0,,0,,0,,0,,0,,0,,0,,0,,0,,0,,0,,0
Signal-Android,2019-1,2020-1,org.thoughtcrime.securesms.util.ParcelUtil,top_level,0,0,0,15,0,0,15,0,0,1,1,5,5,0,1,0,1,0,1,0,1,0,1,0,1,0,1,0,1,4,1,4,1,0,1,0,1
Signal-Android,2019-1,2020-1,org.thoughtcrime.securesms.util.PlayServicesUtil,top_level,0,0,0,34,0,0,34,0,0,1,1,4,4,0,1,0,1,0,1,0,1,0,1,0,1,0,1,0,1,2,1,2,1,0,1,0,1
Signal-Android,2019-1,2020-1,org.thoughtcrime.securesms.util.PowerManagerCompat,top_level,0,0,0,5,0,0,5,0,0,1,1,1,1,0,1,0,1,0,1,0,1,0,1,0,1,0,1,0,1,0,1,0,1,0,1,0,1
Signal-Android,2019-1,2020-1,org.thoughtcrime.securesms.util.PushCharacterCalculator,top_level,0,0,0,5,0,0,6,0,0,0,0,,,,0,,0,,0,,0,,0,,0,,0,,0,,0,,0,,0,,0
Signal-Android,2019-1,2020-1,org.thoughtcrime.securesms.util.RedPhoneCallTypes,top_level,0,0,0,4,0,0,4,0,0,0,0,,,,0,,0,,0,,0,,0,,0,,0,,0,,0,,0,,0,,0
Signal-Android,2019-1,2020-1,org.thoughtcrime.securesms.util.ResUtil,top_level,0,0,0,21,0,0,25,0,0,1,1,4,5,0,1,0,1,0,1,0,1,0,1,0,1,0,1,0,1,3,1,4,1,0,1,0,1
Signal-Android,2019-1,2020-1,org.thoughtcrime.securesms.util.Rfc5724Uri,top_level,0,0,0,33,0,0,33,0,0,1,1,3,3,0,1,0,1,0,1,0,1,0,1,0,1,0,1,0,1,3,1,3,1,0,1,0,1
Signal-Android,2019-1,2020-1,org.thoughtcrime.securesms.util.SaveAttachmentTask,top_level,0,0,0,138,0,0,138,0,0,1,1,13,13,1,1,1,1,0,1,0,1,0,1,0,1,0,1,0,1,11,1,11,1,0,1,0,1
Signal-Android,2019-1,2020-1,org.thoughtcrime.securesms.util.SelectedRecipientsAdapter,top_level,6,6,0,88,0,4,88,0,4,1,1,16,17,0,1,0,1,0,1,0,1,0,1,0,1,0,1,0,1,16,1,17,1,0,1,0,1
Signal-Android,2019-1,2020-1,org.thoughtcrime.securesms.util.ServiceUtil,top_level,0,0,0,19,0,0,33,0,0,1,1,1,1,0,1,0,1,0,1,0,1,0,1,0,1,0,1,0,1,0,1,0,1,0,1,0,1
Signal-Android,2019-1,2020-1,org.thoughtcrime.securesms.util.ShortCodeUtil,top_level,0,0,0,21,0,0,21,0,0,1,1,6,6,0,1,0,1,0,1,0,1,0,1,0,1,0,1,0,1,5,1,5,1,0,1,0,1
Signal-Android,2019-1,2020-1,org.thoughtcrime.securesms.util.SingleLiveEvent<T>,top_level,2,2,0,18,0,2,18,0,2,0,0,,,,0,,0,,0,,0,,0,,0,,0,,0,,0,,0,,0,,0
Signal-Android,2019-1,2020-1,org.thoughtcrime.securesms.util.SmsCharacterCalculator,top_level,0,0,0,24,0,0,24,0,0,1,1,1,1,0,1,0,1,0,1,0,1,0,1,0,1,0,1,0,1,0,1,0,1,0,1,0,1
Signal-Android,2019-1,2020-1,"org.thoughtcrime.securesms.util.SoftHashMap<K,V>",top_level,12,12,0,115,0,9,115,0,9,0,0,,,,0,,0,,0,,0,,0,,0,,0,,0,,0,,0,,0,,0
Signal-Android,2019-1,2020-1,org.thoughtcrime.securesms.util.SpanUtil,top_level,0,0,0,19,0,0,23,0,0,1,1,1,1,0,1,0,1,0,1,0,1,0,1,0,1,0,1,0,1,0,1,0,1,0,1,0,1
Signal-Android,2019-1,2020-1,org.thoughtcrime.securesms.util.StickyHeaderDecoration,top_level,2,1,-1,103,0,2,107,0,1,1,1,18,19,0,1,0,1,0,1,0,1,0,1,0,1,0,1,0,1,16,1,17,1,0,1,0,1
Signal-Android,2019-1,2020-1,org.thoughtcrime.securesms.util.Stopwatch,top_level,0,0,0,30,0,0,30,0,0,1,1,6,6,0,1,0,1,0,1,0,1,0,1,0,1,0,1,0,1,6,1,6,1,0,1,0,1
Signal-Android,2019-1,2020-1,org.thoughtcrime.securesms.util.StorageUtil,top_level,2,2,0,40,0,0,40,0,0,1,1,7,7,0,1,0,1,0,1,0,1,0,1,0,1,0,1,0,1,5,1,5,1,0,1,0,1
Signal-Android,2019-1,2020-1,org.thoughtcrime.securesms.util.TaggedFutureTask<V>,top_level,0,0,0,10,0,0,10,0,0,0,0,,,,0,,0,,0,,0,,0,,0,,0,,0,,0,,0,,0,,0
Signal-Android,2019-1,2020-1,org.thoughtcrime.securesms.util.TelephonyUtil,top_level,0,0,0,24,0,0,26,0,0,1,1,9,10,0,1,0,1,0,1,0,1,0,1,0,1,0,1,0,1,8,1,9,1,0,1,0,1
Signal-Android,2019-1,2020-1,org.thoughtcrime.securesms.util.TextSecurePreferences,top_level,0,0,0,599,0,0,762,0,0,1,1,36,61,0,1,0,1,0,1,0,1,0,1,0,1,0,1,0,1,31,1,54,1,1,1,1,1
Signal-Android,2019-1,2020-1,org.thoughtcrime.securesms.util.ThemeUtil,top_level,0,0,0,15,0,0,37,0,0,1,1,5,9,0,1,0,1,0,1,0,1,0,1,0,1,0,1,0,1,4,1,8,1,0,1,0,1
Signal-Android,2019-1,2020-1,org.thoughtcrime.securesms.util.Trimmer,top_level,0,0,0,36,0,0,36,0,0,1,1,4,4,0,1,0,1,0,1,0,1,0,1,0,1,0,1,0,1,2,1,2,1,0,1,0,1
Signal-Android,2019-1,2020-1,org.thoughtcrime.securesms.util.Util,top_level,16,18,2,254,0,0,282,0,0,1,1,29,30,0,1,0,1,0,1,0,1,0,1,0,1,1,1,0,1,22,1,24,1,1,1,1,1
Signal-Android,2019-1,2020-1,org.thoughtcrime.securesms.util.VerifySpan,top_level,0,0,0,19,0,0,19,0,0,0,0,,,,0,,0,,0,,0,,0,,0,,0,,0,,0,,0,,0,,0
Signal-Android,2019-1,2020-1,org.thoughtcrime.securesms.util.VersionTracker,top_level,0,0,0,9,0,0,9,0,0,1,1,1,1,0,1,0,1,0,1,0,1,0,1,0,1,0,1,0,1,0,1,0,1,0,1,0,1
Signal-Android,2019-1,2020-1,org.thoughtcrime.securesms.util.ViewUtil,top_level,0,0,0,128,0,0,141,0,0,1,1,6,8,0,1,0,1,0,1,0,1,0,1,0,1,0,1,0,1,4,1,6,1,0,1,0,1
Signal-Android,2019-1,2020-1,org.thoughtcrime.securesms.util.WorkerThread,top_level,2,2,0,17,0,1,17,0,1,1,1,1,1,0,1,0,1,0,1,0,1,0,1,0,1,0,1,0,1,1,1,1,1,0,1,0,1
Signal-Android,2019-1,2020-1,org.thoughtcrime.securesms.util.concurrent.AssertedSuccessListener<T>,top_level,0,0,0,4,0,0,4,0,0,0,0,,,,0,,0,,0,,0,,0,,0,,0,,0,,0,,0,,0,,0
Signal-Android,2019-1,2020-1,org.thoughtcrime.securesms.util.concurrent.ListenableFuture<T>,top_level,1,1,0,5,0,1,5,0,1,0,0,,,,0,,0,,0,,0,,0,,0,,0,,0,,0,,0,,0,,0
Signal-Android,2019-1,2020-1,org.thoughtcrime.securesms.util.concurrent.SettableFuture<T>,top_level,15,15,0,75,1,8,75,1,8,0,0,,,,0,,0,,0,,0,,0,,0,,0,,0,,0,,0,,0,,0
Signal-Android,2019-1,2020-1,org.thoughtcrime.securesms.util.concurrent.SignalExecutors,top_level,0,0,0,11,0,0,17,0,0,1,1,1,1,0,1,0,1,0,1,0,1,0,1,0,1,0,1,0,1,0,1,0,1,0,1,0,1
Signal-Android,2019-1,2020-1,org.thoughtcrime.securesms.util.dualsim.SubscriptionInfoCompat,top_level,3,3,0,18,0,3,18,0,3,1,1,1,1,1,1,1,1,0,1,0,1,0,1,0,1,0,1,0,1,0,1,0,1,0,1,0,1
Signal-Android,2019-1,2020-1,org.thoughtcrime.securesms.util.dualsim.SubscriptionManagerCompat,top_level,0,2,2,30,0,0,70,0,1,1,1,3,8,0,1,0,1,0,1,0,1,0,1,0,1,0,1,0,1,3,1,8,1,0,1,0,1
Signal-Android,2019-1,2020-1,org.thoughtcrime.securesms.util.spans.CenterAlignedRelativeSizeSpan,top_level,1,1,0,11,0,1,11,0,1,0,0,,,,0,,0,,0,,0,,0,,0,,0,,0,,0,,0,,0,,0
Signal-Android,2019-1,2020-1,"org.thoughtcrime.securesms.util.task.ProgressDialogAsyncTask<Params,Progress,Result>",top_level,4,4,0,21,0,2,21,0,2,0,0,,,,0,,0,,0,,0,,0,,0,,0,,0,,0,,0,,0,,0
Signal-Android,2019-1,2020-1,org.thoughtcrime.securesms.util.task.SnackbarAsyncTask<Params>,top_level,4,4,0,61,1,3,61,1,3,0,0,,,,0,,0,,0,,0,,0,,0,,0,,0,,0,,0,,0,,0
Signal-Android,2019-1,2020-1,org.thoughtcrime.securesms.util.views.Stub<T>,top_level,3,3,0,12,1,2,12,1,2,0,0,,,,0,,0,,0,,0,,0,,0,,0,,0,,0,,0,,0,,0
Signal-Android,2019-1,2020-1,org.thoughtcrime.securesms.video.EncryptedMediaDataSource,top_level,8,0,-8,37,0,5,9,0,0,1,1,4,1,0,1,0,1,0,1,0,1,0,1,0,1,0,1,0,1,4,1,0,1,0,1,0,1
Signal-Android,2019-1,2020-1,org.thoughtcrime.securesms.video.VideoPlayer,top_level,9,10,1,104,0,3,82,0,6,1,1,3,1,0,1,0,1,0,1,0,1,0,1,0,1,0,1,0,1,2,1,0,1,0,1,0,1
Signal-Android,2019-1,2020-1,org.thoughtcrime.securesms.video.exo.AttachmentDataSource,top_level,2,2,0,26,0,2,31,0,2,0,0,,,,0,,0,,0,,0,,0,,0,,0,,0,,0,,0,,0,,0
Signal-Android,2019-1,2020-1,org.thoughtcrime.securesms.video.exo.AttachmentDataSourceFactory,top_level,0,0,0,14,0,0,15,0,0,0,0,,,,0,,0,,0,,0,,0,,0,,0,,0,,0,,0,,0,,0
Signal-Android,2019-1,2020-1,org.thoughtcrime.securesms.video.exo.PartDataSource,top_level,4,4,0,37,0,2,37,0,2,1,1,2,2,0,1,0,1,0,1,0,1,0,1,0,1,0,1,0,1,2,1,2,1,0,1,0,1
Signal-Android,2019-1,2020-1,org.thoughtcrime.securesms.webrtc.CallNotificationBuilder,top_level,0,1,1,40,0,0,60,0,0,1,1,1,2,0,1,0,1,0,1,0,1,0,1,0,1,0,1,0,1,0,1,1,1,0,1,0,1
Signal-Android,2019-1,2020-1,org.thoughtcrime.securesms.webrtc.IncomingPstnCallReceiver,top_level,0,0,0,35,0,0,35,0,0,1,1,8,8,0,1,0,1,0,1,0,1,0,1,0,1,0,1,0,1,8,1,8,1,0,1,0,1
Signal-Android,2019-1,2020-1,org.thoughtcrime.securesms.webrtc.UncaughtExceptionHandlerManager,top_level,2,2,0,18,0,2,18,0,2,1,1,1,1,0,1,0,1,0,1,0,1,0,1,0,1,0,1,0,1,1,1,1,1,0,1,0,1
Signal-Android,2019-1,2020-1,org.thoughtcrime.securesms.webrtc.VoiceCallShare,top_level,0,0,0,23,0,0,24,0,0,1,1,10,10,0,1,0,1,0,1,0,1,0,1,0,1,0,1,0,1,9,1,9,1,0,1,0,1
Signal-Android,2019-1,2020-1,org.thoughtcrime.securesms.webrtc.audio.BluetoothStateManager,top_level,22,22,0,128,0,5,125,0,5,1,1,17,17,0,1,0,1,0,1,0,1,0,1,0,1,0,1,0,1,10,1,10,1,0,1,0,1
Signal-Android,2019-1,2020-1,org.thoughtcrime.securesms.webrtc.audio.IncomingRinger,top_level,2,2,0,73,0,1,70,0,1,1,1,3,3,0,1,0,1,0,1,0,1,0,1,0,1,0,1,0,1,3,1,3,1,0,1,0,1
Signal-Android,2019-1,2020-1,org.thoughtcrime.securesms.webrtc.audio.OutgoingRinger,top_level,8,7,-1,33,0,2,31,0,2,0,0,,,,0,,0,,0,,0,,0,,0,,0,,0,,0,,0,,0,,0
Signal-Android,2019-1,2020-1,org.thoughtcrime.securesms.webrtc.audio.SignalAudioManager,top_level,8,7,-1,59,0,4,54,0,4,1,1,13,14,0,1,0,1,0,1,0,1,0,1,0,1,0,1,0,1,13,1,14,1,0,1,0,1
Signal-Android,2019-1,2020-1,org.thoughtcrime.securesms.webrtc.locks.AccelerometerListener,top_level,14,14,0,74,0,3,74,0,3,1,1,3,3,0,1,0,1,0,1,0,1,0,1,0,1,0,1,0,1,0,1,0,1,0,1,0,1
Signal-Android,2019-1,2020-1,org.thoughtcrime.securesms.webrtc.locks.LockManager,top_level,15,16,1,103,0,3,109,0,3,1,1,2,2,0,1,0,1,0,1,0,1,0,1,0,1,0,1,0,1,1,1,1,1,0,1,0,1
Signal-Android,2019-1,2020-1,org.thoughtcrime.securesms.webrtc.locks.ProximityLock,top_level,11,11,0,49,0,2,48,0,2,1,1,6,6,0,1,0,1,0,1,0,1,0,1,0,1,0,1,0,1,6,1,6,1,0,1,0,1
Signal-Android,2020-1,2021-1,org.signal.signing.ApkSignerUtil,top_level,0,0,0,67,0,0,67,0,0,1,1,12,12,0,1,0,1,0,1,0,1,0,1,0,1,0,1,0,1,11,1,11,1,0,1,0,1
Signal-Android,2020-1,2021-1,org.thoughtcrime.securesms.ApplicationContext,top_level,41,43,2,197,0,22,210,0,22,1,1,18,19,0,1,0,1,0,1,0,1,0,1,0,1,0,1,0,1,14,1,16,1,1,1,1,1
Signal-Android,2020-1,2021-1,org.thoughtcrime.securesms.ApplicationPreferencesActivity,top_level,4,6,2,163,0,3,218,0,4,1,1,21,28,0,1,0,1,0,1,0,1,0,1,0,1,0,1,0,1,17,1,23,1,0,1,0,1
Signal-Android,2020-1,2021-1,org.thoughtcrime.securesms.BaseActivity,top_level,2,6,4,21,0,1,53,0,5,0,1,,7,,0,0,1,,0,0,1,,0,0,1,,0,0,1,,0,6,1,,0,0,1
Signal-Android,2020-1,2021-1,org.thoughtcrime.securesms.BindableConversationItem,top_level,3,3,0,23,0,1,34,0,1,0,1,,2,,0,0,1,,0,0,1,,0,1,1,,0,0,1,,0,0,1,,0,0,1
Signal-Android,2020-1,2021-1,org.thoughtcrime.securesms.BindableConversationListItem,top_level,1,3,2,5,0,0,7,0,1,0,0,,,,0,,0,,0,,0,,0,,0,,0,,0,,0,,0,,0,,0
Signal-Android,2020-1,2021-1,org.thoughtcrime.securesms.ConfirmIdentityDialog,top_level,1,1,0,105,0,1,93,0,1,1,1,10,8,0,1,0,1,0,1,0,1,0,1,0,1,0,1,0,1,3,1,3,1,0,1,0,1
Signal-Android,2020-1,2021-1,org.thoughtcrime.securesms.ContactSelectionActivity,top_level,6,8,2,67,0,6,73,0,8,1,1,10,13,0,1,0,1,0,1,0,1,0,1,0,1,0,1,0,1,10,1,12,1,0,1,0,1
Signal-Android,2020-1,2021-1,org.thoughtcrime.securesms.ContactSelectionListFragment,top_level,17,32,15,223,0,9,385,0,18,1,1,28,55,0,1,0,1,0,1,0,1,0,1,0,1,0,1,0,1,25,1,44,1,0,1,1,1
Signal-Android,2020-1,2021-1,org.thoughtcrime.securesms.DatabaseMigrationActivity,top_level,13,13,0,112,0,11,112,0,11,1,1,7,7,0,1,0,1,0,1,0,1,0,1,0,1,0,1,0,1,4,1,4,1,0,1,0,1
Signal-Android,2020-1,2021-1,org.thoughtcrime.securesms.DeviceActivity,top_level,4,4,0,156,0,3,156,0,3,1,1,23,23,0,1,0,1,0,1,0,1,0,1,0,1,0,1,0,1,19,1,19,1,0,1,0,1
Signal-Android,2020-1,2021-1,org.thoughtcrime.securesms.DeviceAddFragment,top_level,2,2,0,59,0,2,59,0,2,1,1,5,5,0,1,0,1,0,1,0,1,0,1,0,1,0,1,0,1,4,1,4,1,0,1,0,1
Signal-Android,2020-1,2021-1,org.thoughtcrime.securesms.DeviceLinkFragment,top_level,0,0,0,29,0,0,29,0,0,1,1,2,2,0,1,0,1,0,1,0,1,0,1,0,1,0,1,0,1,2,1,2,1,0,1,0,1
Signal-Android,2020-1,2021-1,org.thoughtcrime.securesms.DeviceListFragment,top_level,2,2,0,121,0,2,124,0,2,1,1,18,19,0,1,0,1,0,1,0,1,0,1,0,1,0,1,0,1,15,1,16,1,0,1,0,1
Signal-Android,2020-1,2021-1,org.thoughtcrime.securesms.DeviceListItem,top_level,2,2,0,31,0,2,31,0,2,1,1,3,3,0,1,0,1,0,1,0,1,0,1,0,1,0,1,0,1,3,1,3,1,0,1,0,1
Signal-Android,2020-1,2021-1,org.thoughtcrime.securesms.DeviceProvisioningActivity,top_level,1,1,0,27,0,1,25,0,1,1,1,2,1,0,1,0,1,0,1,0,1,0,1,0,1,0,1,0,1,2,1,1,1,0,1,0,1
Signal-Android,2020-1,2021-1,org.thoughtcrime.securesms.DummyActivity,top_level,0,0,0,5,0,0,5,0,0,0,0,,,,0,,0,,0,,0,,0,,0,,0,,0,,0,,0,,0,,0
Signal-Android,2020-1,2021-1,org.thoughtcrime.securesms.ExpirationDialog,top_level,0,0,0,48,0,0,57,0,0,1,1,10,10,0,1,0,1,0,1,0,1,0,1,0,1,0,1,0,1,10,1,10,1,0,1,0,1
Signal-Android,2020-1,2021-1,org.thoughtcrime.securesms.GroupMembersDialog,top_level,2,1,-1,65,0,2,27,0,1,1,1,3,3,0,1,0,1,0,1,0,1,0,1,0,1,0,1,0,1,3,1,3,1,0,1,0,1
Signal-Android,2020-1,2021-1,org.thoughtcrime.securesms.InviteActivity,top_level,14,14,0,166,0,10,168,0,10,1,1,34,33,0,1,0,1,0,1,0,1,0,1,0,1,0,1,0,1,31,1,30,1,0,1,0,1
Signal-Android,2020-1,2021-1,org.thoughtcrime.securesms.MainActivity,top_level,4,4,0,22,0,3,39,0,3,0,1,,1,,0,0,1,,0,0,1,,0,0,1,,0,0,1,,0,1,1,,0,0,1
Signal-Android,2020-1,2021-1,org.thoughtcrime.securesms.MainFragment,top_level,0,0,0,8,0,0,8,0,0,0,0,,,,0,,0,,0,,0,,0,,0,,0,,0,,0,,0,,0,,0
Signal-Android,2020-1,2021-1,org.thoughtcrime.securesms.MainNavigator,top_level,7,7,0,44,0,6,47,0,6,1,1,9,9,0,1,0,1,0,1,0,1,0,1,0,1,0,1,0,1,9,1,9,1,0,1,0,1
Signal-Android,2020-1,2021-1,org.thoughtcrime.securesms.MasterSecretListener,top_level,1,1,0,2,0,1,2,0,1,0,0,,,,0,,0,,0,,0,,0,,0,,0,,0,,0,,0,,0,,0
Signal-Android,2020-1,2021-1,org.thoughtcrime.securesms.MediaPreviewActivity,top_level,41,47,6,479,0,20,520,0,22,1,1,62,62,0,1,0,1,0,1,0,1,0,1,0,1,0,1,0,1,55,1,55,1,1,1,1,1
Signal-Android,2020-1,2021-1,org.thoughtcrime.securesms.MuteDialog,top_level,0,0,0,26,0,0,33,0,0,1,1,6,6,0,1,0,1,0,1,0,1,0,1,0,1,0,1,0,1,6,1,6,1,0,1,0,1
Signal-Android,2020-1,2021-1,org.thoughtcrime.securesms.NewConversationActivity,top_level,4,5,1,54,0,4,74,0,5,1,1,6,7,0,1,0,1,0,1,0,1,0,1,0,1,0,1,0,1,6,1,6,1,0,1,0,1
Signal-Android,2020-1,2021-1,org.thoughtcrime.securesms.PassphraseActivity,top_level,1,1,0,29,0,1,29,0,1,1,1,4,4,0,1,0,1,0,1,0,1,0,1,0,1,0,1,0,1,3,1,3,1,0,1,0,1
Signal-Android,2020-1,2021-1,org.thoughtcrime.securesms.PassphraseChangeActivity,top_level,11,11,0,88,0,4,89,0,4,1,1,8,8,0,1,0,1,0,1,0,1,0,1,0,1,0,1,0,1,5,1,5,1,0,1,0,1
Signal-Android,2020-1,2021-1,org.thoughtcrime.securesms.PassphraseCreateActivity,top_level,3,3,0,33,0,3,28,0,3,0,0,,,,0,,0,,0,,0,,0,,0,,0,,0,,0,,0,,0,,0
Signal-Android,2020-1,2021-1,org.thoughtcrime.securesms.PassphrasePromptActivity,top_level,27,27,0,224,0,11,224,0,11,1,1,20,20,0,1,0,1,0,1,0,1,0,1,0,1,0,1,0,1,16,1,16,1,0,1,0,1
Signal-Android,2020-1,2021-1,org.thoughtcrime.securesms.PlayServicesProblemActivity,top_level,0,0,0,6,0,0,6,0,0,0,0,,,,0,,0,,0,,0,,0,,0,,0,,0,,0,,0,,0,,0
Signal-Android,2020-1,2021-1,org.thoughtcrime.securesms.PlayServicesProblemFragment,top_level,2,2,0,23,0,1,23,0,1,1,1,3,3,0,1,0,1,0,1,0,1,0,1,0,1,0,1,0,1,3,1,3,1,0,1,0,1
Signal-Android,2020-1,2021-1,org.thoughtcrime.securesms.PromptMmsActivity,top_level,1,1,0,15,0,1,15,0,1,1,1,2,2,0,1,0,1,0,1,0,1,0,1,0,1,0,1,0,1,2,1,2,1,0,1,0,1
Signal-Android,2020-1,2021-1,org.thoughtcrime.securesms.PushContactSelectionActivity,top_level,0,2,2,17,0,0,20,0,2,1,1,3,4,0,1,0,1,0,1,0,1,0,1,0,1,0,1,0,1,3,1,4,1,0,1,0,1
Signal-Android,2020-1,2021-1,org.thoughtcrime.securesms.ShortcutLauncherActivity,top_level,0,0,0,21,0,0,21,0,0,1,1,3,3,0,1,0,1,0,1,0,1,0,1,0,1,0,1,0,1,3,1,3,1,0,1,0,1
Signal-Android,2020-1,2021-1,org.thoughtcrime.securesms.SmsSendtoActivity,top_level,0,0,0,57,0,0,56,0,0,1,1,9,10,0,1,0,1,0,1,0,1,0,1,0,1,0,1,0,1,9,1,10,1,0,1,0,1
Signal-Android,2020-1,2021-1,org.thoughtcrime.securesms.TextSecureExpiredException,top_level,0,0,0,3,0,0,3,0,0,0,0,,,,0,,0,,0,,0,,0,,0,,0,,0,,0,,0,,0,,0
Signal-Android,2020-1,2021-1,org.thoughtcrime.securesms.TransportOption,top_level,6,6,0,92,0,6,92,0,6,0,0,,,,0,,0,,0,,0,,0,,0,,0,,0,,0,,0,,0,,0
Signal-Android,2020-1,2021-1,org.thoughtcrime.securesms.TransportOptions,top_level,7,7,0,119,0,4,119,0,4,1,1,6,6,0,1,0,1,0,1,0,1,0,1,0,1,0,1,0,1,6,1,6,1,0,1,0,1
Signal-Android,2020-1,2021-1,org.thoughtcrime.securesms.TransportOptionsAdapter,top_level,2,2,0,36,0,2,36,0,2,1,1,10,13,0,1,0,1,0,1,0,1,0,1,0,1,0,1,0,1,10,1,13,1,0,1,0,1
Signal-Android,2020-1,2021-1,org.thoughtcrime.securesms.TransportOptionsPopup,top_level,0,0,0,24,0,0,24,0,0,0,0,,,,0,,0,,0,,0,,0,,0,,0,,0,,0,,0,,0,,0
Signal-Android,2020-1,2021-1,org.thoughtcrime.securesms.Unbindable,top_level,1,1,0,2,0,1,2,0,1,0,0,,,,0,,0,,0,,0,,0,,0,,0,,0,,0,,0,,0,,0
Signal-Android,2020-1,2021-1,org.thoughtcrime.securesms.VerifyIdentityActivity,top_level,1,1,0,385,0,1,414,0,1,1,1,62,62,0,1,0,1,0,1,0,1,0,1,0,1,0,1,0,1,57,1,58,1,1,1,1,1
Signal-Android,2020-1,2021-1,org.thoughtcrime.securesms.WebRtcCallActivity,top_level,17,57,40,238,0,14,429,0,33,1,1,48,100,0,1,0,1,0,1,0,1,0,1,0,1,0,1,0,1,41,1,91,1,1,1,1,1
Signal-Android,2020-1,2021-1,org.thoughtcrime.securesms.animation.AnimationCompleteListener,top_level,0,0,0,9,0,0,9,0,0,0,0,,,,0,,0,,0,,0,,0,,0,,0,,0,,0,,0,,0,,0
Signal-Android,2020-1,2021-1,org.thoughtcrime.securesms.animation.DepthPageTransformer,top_level,0,0,0,19,0,0,19,0,0,0,0,,,,0,,0,,0,,0,,0,,0,,0,,0,,0,,0,,0,,0
Signal-Android,2020-1,2021-1,org.thoughtcrime.securesms.attachments.Attachment,top_level,9,12,3,101,0,9,132,0,12,1,1,3,3,1,1,1,1,0,1,0,1,1,1,1,1,0,1,0,1,0,1,0,1,0,1,0,1
Signal-Android,2020-1,2021-1,org.thoughtcrime.securesms.attachments.AttachmentId,top_level,5,6,1,28,0,5,46,0,6,0,0,,,,0,,0,,0,,0,,0,,0,,0,,0,,0,,0,,0,,0
Signal-Android,2020-1,2021-1,org.thoughtcrime.securesms.attachments.DatabaseAttachment,top_level,4,5,1,48,0,4,67,0,5,1,1,1,1,0,1,0,1,0,1,0,1,1,1,1,1,0,1,0,1,0,1,0,1,0,1,0,1
Signal-Android,2020-1,2021-1,org.thoughtcrime.securesms.attachments.MmsNotificationAttachment,top_level,5,5,0,19,0,1,15,0,1,0,0,,,,0,,0,,0,,0,,0,,0,,0,,0,,0,,0,,0,,0
Signal-Android,2020-1,2021-1,org.thoughtcrime.securesms.attachments.PointerAttachment,top_level,0,0,0,72,0,0,86,0,0,1,1,53,71,0,1,0,1,0,1,0,1,0,1,0,1,0,1,0,1,52,1,64,1,0,1,0,1
Signal-Android,2020-1,2021-1,org.thoughtcrime.securesms.attachments.TombstoneAttachment,top_level,0,0,0,9,0,0,6,0,0,0,0,,,,0,,0,,0,,0,,0,,0,,0,,0,,0,,0,,0,,0
Signal-Android,2020-1,2021-1,org.thoughtcrime.securesms.attachments.UriAttachment,top_level,1,1,0,29,0,1,44,0,1,1,1,2,2,0,1,0,1,0,1,0,1,2,1,2,1,0,1,0,1,0,1,0,1,0,1,0,1
Signal-Android,2020-1,2021-1,org.thoughtcrime.securesms.audio.AudioCodec,top_level,7,7,0,120,0,5,120,0,5,1,1,9,9,0,1,0,1,0,1,0,1,0,1,0,1,0,1,0,1,7,1,7,1,0,1,0,1
Signal-Android,2020-1,2021-1,org.thoughtcrime.securesms.audio.AudioRecorder,top_level,3,3,0,48,0,1,48,0,1,0,0,,,,0,,0,,0,,0,,0,,0,,0,,0,,0,,0,,0,,0
Signal-Android,2020-1,2021-1,org.thoughtcrime.securesms.backup.BackupDialog,top_level,0,0,0,50,0,0,108,0,0,1,1,3,8,0,1,0,1,0,1,0,1,0,1,0,1,0,1,0,1,2,1,6,1,0,1,0,1
Signal-Android,2020-1,2021-1,org.thoughtcrime.securesms.backup.BackupPassphrase,top_level,0,1,1,21,0,0,25,0,1,1,1,3,2,0,1,0,1,0,1,0,1,0,1,0,1,0,1,0,1,2,1,2,1,0,1,0,1
Signal-Android,2020-1,2021-1,org.thoughtcrime.securesms.backup.FullBackupBase,top_level,0,0,0,31,0,0,31,0,0,1,1,6,6,0,1,0,1,0,1,0,1,0,1,0,1,0,1,0,1,4,1,4,1,0,1,0,1
Signal-Android,2020-1,2021-1,org.thoughtcrime.securesms.backup.FullBackupExporter,top_level,0,0,0,256,0,0,281,0,0,1,1,32,35,0,1,0,1,0,1,0,1,0,1,0,1,0,1,0,1,23,1,24,1,1,1,1,1
Signal-Android,2020-1,2021-1,org.thoughtcrime.securesms.backup.FullBackupImporter,top_level,0,0,0,187,0,0,191,0,0,1,1,27,28,0,1,0,1,0,1,0,1,0,1,0,1,0,1,0,1,22,1,23,1,0,1,0,1
Signal-Android,2020-1,2021-1,org.thoughtcrime.securesms.blurhash.Base83,top_level,6,6,0,27,0,1,27,0,1,0,0,,,,0,,0,,0,,0,,0,,0,,0,,0,,0,,0,,0,,0
Signal-Android,2020-1,2021-1,org.thoughtcrime.securesms.blurhash.BlurHash,top_level,1,1,0,19,0,1,19,0,1,1,1,1,1,0,1,0,1,0,1,0,1,0,1,0,1,0,1,0,1,0,1,0,1,0,1,0,1
Signal-Android,2020-1,2021-1,org.thoughtcrime.securesms.blurhash.BlurHashDecoder,top_level,2,2,0,55,0,0,55,0,0,1,1,1,1,0,1,0,1,0,1,0,1,0,1,0,1,0,1,0,1,0,1,0,1,0,1,0,1
Signal-Android,2020-1,2021-1,org.thoughtcrime.securesms.blurhash.BlurHashEncoder,top_level,6,6,0,74,0,1,74,0,1,1,1,2,2,0,1,0,1,0,1,0,1,0,1,0,1,0,1,0,1,0,1,0,1,0,1,0,1
Signal-Android,2020-1,2021-1,org.thoughtcrime.securesms.blurhash.BlurHashModelLoader,top_level,1,1,0,34,0,1,34,0,1,0,0,,,,0,,0,,0,,0,,0,,0,,0,,0,,0,,0,,0,,0
Signal-Android,2020-1,2021-1,org.thoughtcrime.securesms.blurhash.BlurHashResourceDecoder,top_level,0,0,0,16,0,0,16,0,0,0,0,,,,0,,0,,0,,0,,0,,0,,0,,0,,0,,0,,0,,0
Signal-Android,2020-1,2021-1,org.thoughtcrime.securesms.blurhash.BlurHashUtil,top_level,10,10,0,24,0,1,24,0,1,0,0,,,,0,,0,,0,,0,,0,,0,,0,,0,,0,,0,,0,,0
Signal-Android,2020-1,2021-1,org.thoughtcrime.securesms.color.MaterialColor,top_level,0,0,0,84,0,0,89,0,0,1,1,9,10,0,1,0,1,0,1,0,1,0,1,0,1,0,1,0,1,9,1,10,1,0,1,0,1
Signal-Android,2020-1,2021-1,org.thoughtcrime.securesms.color.MaterialColors,top_level,0,0,0,34,0,0,35,0,0,0,0,,,,0,,0,,0,,0,,0,,0,,0,,0,,0,,0,,0,,0
Signal-Android,2020-1,2021-1,org.thoughtcrime.securesms.components.AccessibleToggleButton,top_level,3,3,0,23,0,1,20,0,1,0,0,,,,0,,0,,0,,0,,0,,0,,0,,0,,0,,0,,0,,0
Signal-Android,2020-1,2021-1,org.thoughtcrime.securesms.components.AlbumThumbnailView,top_level,10,10,0,85,0,4,85,0,4,1,1,10,10,0,1,0,1,0,1,0,1,0,1,0,1,0,1,0,1,10,1,10,1,0,1,0,1
Signal-Android,2020-1,2021-1,org.thoughtcrime.securesms.components.AlertView,top_level,3,3,0,36,0,3,36,0,3,1,1,7,7,0,1,0,1,0,1,0,1,0,1,0,1,0,1,0,1,7,1,7,1,0,1,0,1
Signal-Android,2020-1,2021-1,org.thoughtcrime.securesms.components.AnimatingToggle,top_level,0,0,0,34,0,0,34,0,0,0,0,,,,0,,0,,0,,0,,0,,0,,0,,0,,0,,0,,0,,0
Signal-Android,2020-1,2021-1,org.thoughtcrime.securesms.components.ArcProgressBar,top_level,2,2,0,69,0,1,69,0,1,1,1,2,2,0,1,0,1,0,1,0,1,0,1,0,1,0,1,0,1,2,1,2,1,0,1,0,1
Signal-Android,2020-1,2021-1,org.thoughtcrime.securesms.components.AudioView,top_level,37,31,-6,219,0,18,278,0,15,1,1,10,23,0,1,0,1,0,1,0,1,0,1,0,1,0,1,0,1,7,1,9,1,0,1,1,1
Signal-Android,2020-1,2021-1,org.thoughtcrime.securesms.components.AvatarImageView,top_level,0,0,0,99,0,0,144,0,0,1,1,15,27,0,1,0,1,0,1,0,1,0,1,0,1,0,1,0,1,15,1,26,1,0,1,0,1
Signal-Android,2020-1,2021-1,org.thoughtcrime.securesms.components.BubbleDrawableBuilder,top_level,10,10,0,43,0,6,43,0,6,1,1,2,2,0,1,0,1,0,1,0,1,0,1,0,1,0,1,0,1,2,1,2,1,0,1,0,1
Signal-Android,2020-1,2021-1,org.thoughtcrime.securesms.components.CircleColorImageView,top_level,0,0,0,15,0,0,15,0,0,0,0,,,,0,,0,,0,,0,,0,,0,,0,,0,,0,,0,,0,,0
Signal-Android,2020-1,2021-1,org.thoughtcrime.securesms.components.ComposeText,top_level,9,15,6,109,0,5,220,0,7,1,1,13,20,0,1,0,1,0,1,0,1,0,1,0,1,0,1,0,1,12,1,15,1,0,1,1,1
Signal-Android,2020-1,2021-1,org.thoughtcrime.securesms.components.ContactFilterToolbar,top_level,4,6,2,103,0,3,109,0,5,1,1,12,13,0,1,0,1,0,1,0,1,0,1,0,1,0,1,0,1,7,1,8,1,0,1,0,1
Signal-Android,2020-1,2021-1,org.thoughtcrime.securesms.components.ControllableTabLayout,top_level,4,4,0,15,0,1,15,0,1,0,0,,,,0,,0,,0,,0,,0,,0,,0,,0,,0,,0,,0,,0
Signal-Android,2020-1,2021-1,org.thoughtcrime.securesms.components.ControllableViewPager,top_level,0,0,0,11,0,0,11,0,0,0,0,,,,0,,0,,0,,0,,0,,0,,0,,0,,0,,0,,0,,0
Signal-Android,2020-1,2021-1,org.thoughtcrime.securesms.components.ConversationItemFooter,top_level,3,12,9,102,0,3,180,0,9,1,1,22,30,0,1,0,1,0,1,0,1,0,1,0,1,0,1,0,1,21,1,25,1,0,1,1,1
Signal-Android,2020-1,2021-1,org.thoughtcrime.securesms.components.ConversationItemThumbnail,top_level,8,9,1,86,0,6,93,0,7,1,1,10,10,0,1,0,1,0,1,0,1,0,1,0,1,0,1,0,1,10,1,10,1,0,1,0,1
Signal-Android,2020-1,2021-1,org.thoughtcrime.securesms.components.ConversationSearchBottomBar,top_level,7,7,0,43,0,4,43,0,4,1,1,1,1,0,1,0,1,0,1,0,1,0,1,0,1,0,1,0,1,1,1,1,1,0,1,0,1
Signal-Android,2020-1,2021-1,org.thoughtcrime.securesms.components.ConversationTypingView,top_level,1,1,0,24,0,1,24,0,1,1,1,3,3,0,1,0,1,0,1,0,1,0,1,0,1,0,1,0,1,3,1,3,1,0,1,0,1
Signal-Android,2020-1,2021-1,org.thoughtcrime.securesms.components.CornerMask,top_level,6,6,0,38,0,6,38,0,6,0,0,,,,0,,0,,0,,0,,0,,0,,0,,0,,0,,0,,0,,0
Signal-Android,2020-1,2021-1,org.thoughtcrime.securesms.components.CustomDefaultPreference,top_level,2,2,0,139,0,2,139,0,2,1,1,12,12,0,1,0,1,0,1,0,1,0,1,0,1,0,1,0,1,12,1,12,1,0,1,0,1
Signal-Android,2020-1,2021-1,org.thoughtcrime.securesms.components.DarkSearchView,top_level,0,0,0,9,0,0,9,0,0,0,0,,,,0,,0,,0,,0,,0,,0,,0,,0,,0,,0,,0,,0
Signal-Android,2020-1,2021-1,org.thoughtcrime.securesms.components.DeliveryStatusView,top_level,6,6,0,63,0,6,63,0,6,0,0,,,,0,,0,,0,,0,,0,,0,,0,,0,,0,,0,,0,,0
Signal-Android,2020-1,2021-1,org.thoughtcrime.securesms.components.DocumentView,top_level,3,3,0,92,0,3,92,0,3,1,1,7,7,0,1,0,1,0,1,0,1,0,1,0,1,0,1,0,1,6,1,6,1,0,1,0,1
Signal-Android,2020-1,2021-1,org.thoughtcrime.securesms.components.ExpirationTimerView,top_level,8,8,0,67,0,6,67,0,6,1,1,3,3,0,1,0,1,0,1,0,1,0,1,0,1,0,1,0,1,3,1,3,1,0,1,0,1
Signal-Android,2020-1,2021-1,org.thoughtcrime.securesms.components.FromTextView,top_level,0,0,0,42,0,0,31,0,0,1,1,2,1,0,1,0,1,0,1,0,1,0,1,0,1,0,1,0,1,1,1,1,1,0,1,0,1
Signal-Android,2020-1,2021-1,org.thoughtcrime.securesms.components.GlideBitmapListeningTarget,top_level,0,0,0,13,0,0,13,0,0,0,0,,,,0,,0,,0,,0,,0,,0,,0,,0,,0,,0,,0,,0
Signal-Android,2020-1,2021-1,org.thoughtcrime.securesms.components.GlideDrawableListeningTarget,top_level,0,0,0,13,0,0,13,0,0,0,0,,,,0,,0,,0,,0,,0,,0,,0,,0,,0,,0,,0,,0
Signal-Android,2020-1,2021-1,org.thoughtcrime.securesms.components.HidingLinearLayout,top_level,7,7,0,39,0,3,39,0,3,0,0,,,,0,,0,,0,,0,,0,,0,,0,,0,,0,,0,,0,,0
Signal-Android,2020-1,2021-1,org.thoughtcrime.securesms.components.HourglassView,top_level,2,2,0,43,0,2,43,0,2,0,0,,,,0,,0,,0,,0,,0,,0,,0,,0,,0,,0,,0,,0
Signal-Android,2020-1,2021-1,org.thoughtcrime.securesms.components.InputAwareLayout,top_level,5,5,0,51,0,4,51,0,4,1,1,2,2,0,1,0,1,0,1,0,1,0,1,0,1,0,1,0,1,2,1,2,1,0,1,0,1
Signal-Android,2020-1,2021-1,org.thoughtcrime.securesms.components.InputPanel,top_level,37,37,0,294,0,22,325,0,22,1,1,21,25,0,1,0,1,0,1,0,1,0,1,0,1,0,1,0,1,17,1,20,1,1,1,1,1
Signal-Android,2020-1,2021-1,org.thoughtcrime.securesms.components.KeyboardAwareLinearLayout,top_level,40,38,-2,147,0,22,145,0,22,1,1,20,20,0,1,0,1,0,1,0,1,0,1,0,1,0,1,0,1,18,1,18,1,1,1,0,1
Signal-Android,2020-1,2021-1,org.thoughtcrime.securesms.components.LabeledEditText,top_level,1,1,0,46,0,1,46,0,1,1,1,8,8,0,1,0,1,0,1,0,1,0,1,0,1,0,1,0,1,6,1,6,1,0,1,0,1
Signal-Android,2020-1,2021-1,org.thoughtcrime.securesms.components.LinkPreviewView,top_level,3,3,0,85,0,3,126,0,3,1,1,10,14,0,1,0,1,0,1,0,1,0,1,0,1,0,1,0,1,7,1,9,1,0,1,0,1
Signal-Android,2020-1,2021-1,org.thoughtcrime.securesms.components.MaskView,top_level,2,3,1,39,0,2,46,0,3,1,1,3,2,0,1,0,1,0,1,0,1,0,1,0,1,0,1,0,1,2,1,2,1,0,1,0,1
Signal-Android,2020-1,2021-1,org.thoughtcrime.securesms.components.MaxHeightFrameLayout,top_level,1,1,0,17,0,1,17,0,1,0,0,,,,0,,0,,0,,0,,0,,0,,0,,0,,0,,0,,0,,0
Signal-Android,2020-1,2021-1,org.thoughtcrime.securesms.components.MaxHeightScrollView,top_level,2,2,0,18,0,1,18,0,1,1,1,4,4,0,1,0,1,0,1,0,1,0,1,0,1,0,1,0,1,4,1,4,1,0,1,0,1
Signal-Android,2020-1,2021-1,org.thoughtcrime.securesms.components.MicrophoneRecorderView,top_level,13,13,0,165,0,7,165,0,7,1,1,8,8,0,1,0,1,0,1,0,1,0,1,0,1,0,1,0,1,2,1,2,1,0,1,0,1
Signal-Android,2020-1,2021-1,org.thoughtcrime.securesms.components.OutlinedThumbnailView,top_level,2,1,-1,24,0,2,29,0,1,0,1,,3,,0,0,1,,0,0,1,,0,0,1,,0,0,1,,0,3,1,,0,0,1
Signal-Android,2020-1,2021-1,org.thoughtcrime.securesms.components.Outliner,top_level,3,5,2,28,0,3,32,0,5,0,0,,,,0,,0,,0,,0,,0,,0,,0,,0,,0,,0,,0,,0
Signal-Android,2020-1,2021-1,org.thoughtcrime.securesms.components.PushRecipientsPanel,top_level,5,5,0,75,0,5,75,0,5,1,1,9,9,0,1,0,1,0,1,0,1,0,1,0,1,0,1,0,1,9,1,9,1,0,1,0,1
Signal-Android,2020-1,2021-1,org.thoughtcrime.securesms.components.QuoteView,top_level,10,10,0,176,0,5,183,0,5,1,1,51,62,0,1,0,1,0,1,0,1,0,1,0,1,0,1,0,1,48,1,58,1,0,1,0,1
Signal-Android,2020-1,2021-1,org.thoughtcrime.securesms.components.RatingManager,top_level,0,0,0,49,0,0,40,0,0,1,1,6,3,0,1,0,1,0,1,0,1,0,1,0,1,0,1,0,1,5,1,2,1,0,1,0,1
Signal-Android,2020-1,2021-1,org.thoughtcrime.securesms.components.RecentPhotoViewRail,top_level,2,2,0,82,0,1,82,0,1,1,1,9,9,0,1,0,1,0,1,0,1,0,1,0,1,0,1,0,1,9,1,9,1,0,1,0,1
Signal-Android,2020-1,2021-1,org.thoughtcrime.securesms.components.RecyclerViewFastScroller,top_level,12,12,0,124,0,6,124,0,6,1,1,5,5,0,1,0,1,0,1,0,1,0,1,0,1,0,1,0,1,4,1,4,1,0,1,0,1
Signal-Android,2020-1,2021-1,org.thoughtcrime.securesms.components.RemovableEditableMediaView,top_level,1,1,0,40,0,1,40,0,1,1,1,1,1,0,1,0,1,0,1,0,1,0,1,0,1,0,1,0,1,0,1,0,1,0,1,0,1
Signal-Android,2020-1,2021-1,org.thoughtcrime.securesms.components.RepeatableImageKey,top_level,4,4,0,45,0,3,45,0,3,0,0,,,,0,,0,,0,,0,,0,,0,,0,,0,,0,,0,,0,,0
Signal-Android,2020-1,2021-1,org.thoughtcrime.securesms.components.SearchToolbar,top_level,12,12,0,84,0,6,84,0,6,1,1,15,15,0,1,0,1,0,1,0,1,0,1,0,1,0,1,0,1,15,1,15,1,0,1,0,1
Signal-Android,2020-1,2021-1,org.thoughtcrime.securesms.components.SearchView,top_level,0,0,0,7,0,0,7,0,0,0,0,,,,0,,0,,0,,0,,0,,0,,0,,0,,0,,0,,0,,0
Signal-Android,2020-1,2021-1,org.thoughtcrime.securesms.components.SendButton,top_level,2,2,0,61,0,2,61,0,2,1,1,3,3,0,1,0,1,0,1,0,1,0,1,0,1,0,1,0,1,3,1,3,1,0,1,0,1
Signal-Android,2020-1,2021-1,org.thoughtcrime.securesms.components.ShapeScrim,top_level,3,3,0,56,0,1,56,0,1,0,0,,,,0,,0,,0,,0,,0,,0,,0,,0,,0,,0,,0,,0
Signal-Android,2020-1,2021-1,org.thoughtcrime.securesms.components.SharedContactView,top_level,4,4,0,134,0,4,134,0,4,1,1,22,22,0,1,0,1,0,1,0,1,0,1,0,1,0,1,0,1,16,1,16,1,0,1,0,1
Signal-Android,2020-1,2021-1,org.thoughtcrime.securesms.components.SquareFrameLayout,top_level,2,2,0,21,0,1,21,0,1,0,0,,,,0,,0,,0,,0,,0,,0,,0,,0,,0,,0,,0,,0
Signal-Android,2020-1,2021-1,org.thoughtcrime.securesms.components.SquareImageView,top_level,1,1,0,10,0,1,10,0,1,0,0,,,,0,,0,,0,,0,,0,,0,,0,,0,,0,,0,,0,,0
Signal-Android,2020-1,2021-1,org.thoughtcrime.securesms.components.SquareLinearLayout,top_level,1,1,0,16,0,1,16,0,1,0,0,,,,0,,0,,0,,0,,0,,0,,0,,0,,0,,0,,0,,0
Signal-Android,2020-1,2021-1,org.thoughtcrime.securesms.components.SwitchPreferenceCompat,top_level,4,4,0,24,0,2,24,0,2,0,0,,,,0,,0,,0,,0,,0,,0,,0,,0,,0,,0,,0,,0
Signal-Android,2020-1,2021-1,org.thoughtcrime.securesms.components.ThreadPhotoRailView,top_level,2,2,0,56,0,1,56,0,1,1,1,4,4,0,1,0,1,0,1,0,1,0,1,0,1,0,1,0,1,4,1,4,1,0,1,0,1
Signal-Android,2020-1,2021-1,org.thoughtcrime.securesms.components.ThumbnailView,top_level,35,36,1,294,0,12,305,0,13,1,1,30,30,0,1,0,1,0,1,0,1,0,1,0,1,0,1,0,1,17,1,17,1,1,1,1,1
Signal-Android,2020-1,2021-1,org.thoughtcrime.securesms.components.TooltipPopup,top_level,7,7,0,140,0,1,140,0,1,1,1,15,15,0,1,0,1,0,1,0,1,0,1,0,1,0,1,0,1,14,1,14,1,0,1,0,1
Signal-Android,2020-1,2021-1,org.thoughtcrime.securesms.components.TransferControlView,top_level,12,12,0,137,0,8,139,0,8,1,1,9,9,0,1,0,1,0,1,0,1,0,1,0,1,0,1,0,1,9,1,9,1,0,1,0,1
Signal-Android,2020-1,2021-1,org.thoughtcrime.securesms.components.TypingIndicatorView,top_level,2,2,0,72,0,2,72,0,2,1,1,7,7,0,1,0,1,0,1,0,1,0,1,0,1,0,1,0,1,7,1,7,1,0,1,0,1
Signal-Android,2020-1,2021-1,org.thoughtcrime.securesms.components.TypingStatusRepository,top_level,3,3,0,104,0,2,104,0,2,1,1,2,2,0,1,0,1,0,1,0,1,0,1,0,1,0,1,0,1,2,1,2,1,0,1,0,1
Signal-Android,2020-1,2021-1,org.thoughtcrime.securesms.components.TypingStatusSender,top_level,9,10,1,57,0,4,59,0,5,1,1,2,2,1,1,1,1,0,1,0,1,0,1,0,1,0,1,0,1,0,1,0,1,0,1,0,1
Signal-Android,2020-1,2021-1,org.thoughtcrime.securesms.components.ZoomingImageView,top_level,1,1,0,65,0,1,71,0,1,0,0,,,,0,,0,,0,,0,,0,,0,,0,,0,,0,,0,,0,,0
Signal-Android,2020-1,2021-1,org.thoughtcrime.securesms.components.camera.CameraSurfaceView,top_level,1,1,0,17,0,1,17,0,1,0,0,,,,0,,0,,0,,0,,0,,0,,0,,0,,0,,0,,0,,0
Signal-Android,2020-1,2021-1,org.thoughtcrime.securesms.components.camera.CameraUtils,top_level,0,0,0,58,0,0,58,0,0,1,1,6,6,0,1,0,1,0,1,0,1,0,1,0,1,0,1,0,1,4,1,4,1,0,1,0,1
Signal-Android,2020-1,2021-1,org.thoughtcrime.securesms.components.camera.CameraView,top_level,33,33,0,374,0,15,374,0,15,1,1,40,40,1,1,1,1,0,1,0,1,0,1,0,1,0,1,0,1,30,1,30,1,1,1,1,1
Signal-Android,2020-1,2021-1,org.thoughtcrime.securesms.components.emoji.AnimatingImageSpan,top_level,0,0,0,4,0,0,4,0,0,0,0,,,,0,,0,,0,,0,,0,,0,,0,,0,,0,,0,,0,,0
Signal-Android,2020-1,2021-1,org.thoughtcrime.securesms.components.emoji.AsciiEmojiView,top_level,1,1,0,27,0,1,27,0,1,0,0,,,,0,,0,,0,,0,,0,,0,,0,,0,,0,,0,,0,,0
Signal-Android,2020-1,2021-1,org.thoughtcrime.securesms.components.emoji.CompositeEmojiPageModel,top_level,3,3,0,29,0,3,29,0,3,0,0,,,,0,,0,,0,,0,,0,,0,,0,,0,,0,,0,,0,,0
Signal-Android,2020-1,2021-1,org.thoughtcrime.securesms.components.emoji.Emoji,top_level,0,0,0,8,0,0,8,0,0,0,0,,,,0,,0,,0,,0,,0,,0,,0,,0,,0,,0,,0,,0
Signal-Android,2020-1,2021-1,org.thoughtcrime.securesms.components.emoji.EmojiEditText,top_level,0,0,0,28,0,0,28,0,0,1,1,1,1,0,1,0,1,0,1,0,1,0,1,0,1,0,1,0,1,1,1,1,1,0,1,0,1
Signal-Android,2020-1,2021-1,org.thoughtcrime.securesms.components.emoji.EmojiFilter,top_level,0,0,0,12,0,0,12,0,0,1,1,1,1,0,1,0,1,0,1,0,1,0,1,0,1,0,1,0,1,0,1,0,1,0,1,0,1
Signal-Android,2020-1,2021-1,org.thoughtcrime.securesms.components.emoji.EmojiImageView,top_level,0,0,0,7,0,0,7,0,0,1,1,1,1,0,1,0,1,0,1,0,1,0,1,0,1,0,1,0,1,1,1,1,1,0,1,0,1
Signal-Android,2020-1,2021-1,org.thoughtcrime.securesms.components.emoji.EmojiKeyboardProvider,top_level,8,7,-1,93,0,3,100,0,4,1,1,7,7,0,1,0,1,0,1,0,1,0,1,0,1,0,1,0,1,3,1,3,1,0,1,0,1
Signal-Android,2020-1,2021-1,org.thoughtcrime.securesms.components.emoji.EmojiPageModel,top_level,6,6,0,7,0,3,7,0,3,0,0,,,,0,,0,,0,,0,,0,,0,,0,,0,,0,,0,,0,,0
Signal-Android,2020-1,2021-1,org.thoughtcrime.securesms.components.emoji.EmojiPageView,top_level,7,8,1,55,0,3,59,0,4,1,1,8,8,0,1,0,1,0,1,0,1,0,1,0,1,0,1,0,1,2,1,2,1,0,1,0,1
Signal-Android,2020-1,2021-1,org.thoughtcrime.securesms.components.emoji.EmojiPageViewGridAdapter,top_level,5,6,1,68,0,3,71,0,3,1,1,15,15,0,1,0,1,0,1,0,1,0,1,0,1,0,1,0,1,15,1,15,1,0,1,0,1
Signal-Android,2020-1,2021-1,org.thoughtcrime.securesms.components.emoji.EmojiPages,top_level,0,0,0,279,0,0,276,0,0,0,0,,,,0,,0,,0,,0,,0,,0,,0,,0,,0,,0,,0,,0
Signal-Android,2020-1,2021-1,org.thoughtcrime.securesms.components.emoji.EmojiProvider,top_level,0,0,0,99,0,0,99,0,0,1,1,2,2,0,1,0,1,0,1,0,1,0,1,0,1,0,1,0,1,0,1,0,1,0,1,0,1
Signal-Android,2020-1,2021-1,org.thoughtcrime.securesms.components.emoji.EmojiSpan,top_level,0,0,0,27,0,0,27,0,0,1,1,1,1,0,1,0,1,0,1,0,1,0,1,0,1,0,1,0,1,0,1,0,1,0,1,0,1
Signal-Android,2020-1,2021-1,org.thoughtcrime.securesms.components.emoji.EmojiStrings,top_level,0,0,0,2,0,0,8,0,0,0,0,,,,0,,0,,0,,0,,0,,0,,0,,0,,0,,0,,0,,0
Signal-Android,2020-1,2021-1,org.thoughtcrime.securesms.components.emoji.EmojiTextView,top_level,16,20,4,115,0,6,143,0,7,1,1,21,24,0,1,0,1,0,1,0,1,0,1,0,1,0,1,0,1,14,1,17,1,0,1,0,1
Signal-Android,2020-1,2021-1,org.thoughtcrime.securesms.components.emoji.EmojiToggle,top_level,9,9,0,41,0,7,41,0,7,0,0,,,,0,,0,,0,,0,,0,,0,,0,,0,,0,,0,,0,,0
Signal-Android,2020-1,2021-1,org.thoughtcrime.securesms.components.emoji.EmojiVariationSelectorPopup,top_level,0,0,0,25,0,0,25,0,0,1,1,4,4,0,1,0,1,0,1,0,1,0,1,0,1,0,1,0,1,4,1,4,1,0,1,0,1
Signal-Android,2020-1,2021-1,org.thoughtcrime.securesms.components.emoji.MediaKeyboard,top_level,22,22,0,179,0,12,180,0,12,1,1,13,13,0,1,0,1,0,1,0,1,0,1,0,1,0,1,0,1,12,1,12,1,0,1,0,1
Signal-Android,2020-1,2021-1,org.thoughtcrime.securesms.components.emoji.MediaKeyboardBottomTabAdapter,top_level,4,4,0,55,0,4,55,0,4,1,1,1,1,0,1,0,1,0,1,0,1,0,1,0,1,0,1,0,1,1,1,1,1,0,1,0,1
Signal-Android,2020-1,2021-1,org.thoughtcrime.securesms.components.emoji.MediaKeyboardProvider,top_level,3,4,1,27,0,3,28,0,4,0,0,,,,0,,0,,0,,0,,0,,0,,0,,0,,0,,0,,0,,0
Signal-Android,2020-1,2021-1,org.thoughtcrime.securesms.components.emoji.RecentEmojiPageModel,top_level,3,3,0,58,0,3,57,0,3,1,1,6,5,0,1,0,1,0,1,0,1,0,1,0,1,0,1,0,1,6,1,5,1,0,1,0,1
Signal-Android,2020-1,2021-1,org.thoughtcrime.securesms.components.emoji.StaticEmojiPageModel,top_level,3,3,0,35,0,3,35,0,3,0,0,,,,0,,0,,0,,0,,0,,0,,0,,0,,0,,0,,0,,0
Signal-Android,2020-1,2021-1,org.thoughtcrime.securesms.components.emoji.parsing.EmojiDrawInfo,top_level,1,1,0,16,0,1,16,0,1,0,0,,,,0,,0,,0,,0,,0,,0,,0,,0,,0,,0,,0,,0
Signal-Android,2020-1,2021-1,org.thoughtcrime.securesms.components.emoji.parsing.EmojiPageBitmap,top_level,0,0,0,60,0,0,58,0,0,1,1,4,4,0,1,0,1,0,1,0,1,0,1,0,1,0,1,0,1,4,1,4,1,0,1,0,1
Signal-Android,2020-1,2021-1,org.thoughtcrime.securesms.components.emoji.parsing.EmojiParser,top_level,0,0,0,56,0,0,56,0,0,1,1,3,3,0,1,0,1,0,1,0,1,0,1,0,1,0,1,0,1,2,1,2,1,0,1,0,1
Signal-Android,2020-1,2021-1,org.thoughtcrime.securesms.components.emoji.parsing.EmojiTree,top_level,0,0,0,56,0,0,56,0,0,1,1,11,11,0,1,0,1,0,1,0,1,0,1,0,1,0,1,0,1,10,1,10,1,0,1,0,1
Signal-Android,2020-1,2021-1,org.thoughtcrime.securesms.components.emoji.parsing.Fitzpatrick,top_level,0,0,0,22,0,0,22,0,0,1,1,3,3,0,1,0,1,0,1,0,1,0,1,0,1,0,1,0,1,3,1,3,1,0,1,0,1
Signal-Android,2020-1,2021-1,org.thoughtcrime.securesms.components.identity.UntrustedSendDialog,top_level,0,0,0,31,0,0,26,0,0,0,0,,,,0,,0,,0,,0,,0,,0,,0,,0,,0,,0,,0,,0
Signal-Android,2020-1,2021-1,org.thoughtcrime.securesms.components.identity.UnverifiedBannerView,top_level,2,2,0,48,0,2,48,0,2,1,1,1,1,0,1,0,1,0,1,0,1,0,1,0,1,0,1,0,1,1,1,1,1,0,1,0,1
Signal-Android,2020-1,2021-1,org.thoughtcrime.securesms.components.identity.UnverifiedSendDialog,top_level,0,0,0,33,0,0,33,0,0,0,0,,,,0,,0,,0,,0,,0,,0,,0,,0,,0,,0,,0,,0
Signal-Android,2020-1,2021-1,org.thoughtcrime.securesms.components.location.SignalMapView,top_level,0,0,0,50,0,0,50,0,0,1,1,2,2,0,1,0,1,0,1,0,1,0,1,0,1,0,1,0,1,2,1,2,1,0,1,0,1
Signal-Android,2020-1,2021-1,org.thoughtcrime.securesms.components.location.SignalPlace,top_level,1,1,0,42,0,1,42,0,1,1,1,4,4,0,1,0,1,0,1,0,1,0,1,0,1,0,1,0,1,4,1,4,1,0,1,0,1
Signal-Android,2020-1,2021-1,org.thoughtcrime.securesms.components.recyclerview.DeleteItemAnimator,top_level,1,1,0,11,0,1,11,0,1,0,0,,,,0,,0,,0,,0,,0,,0,,0,,0,,0,,0,,0,,0
Signal-Android,2020-1,2021-1,org.thoughtcrime.securesms.components.recyclerview.SmoothScrollingLinearLayoutManager,top_level,0,0,0,14,0,0,14,0,0,0,0,,,,0,,0,,0,,0,,0,,0,,0,,0,,0,,0,,0,,0
Signal-Android,2020-1,2021-1,org.thoughtcrime.securesms.components.registration.CallMeCountDownView,top_level,7,7,0,34,0,4,36,0,4,1,1,1,2,0,1,0,1,0,1,0,1,0,1,0,1,0,1,0,1,1,1,2,1,0,1,0,1
Signal-Android,2020-1,2021-1,org.thoughtcrime.securesms.components.registration.PulsingFloatingActionButton,top_level,5,5,0,26,0,3,26,0,3,1,1,2,2,0,1,0,1,0,1,0,1,0,1,0,1,0,1,0,1,2,1,2,1,0,1,0,1
Signal-Android,2020-1,2021-1,org.thoughtcrime.securesms.components.registration.VerificationCodeView,top_level,9,9,0,74,0,4,74,0,4,1,1,9,9,0,1,0,1,0,1,0,1,0,1,0,1,0,1,0,1,9,1,9,1,0,1,0,1
Signal-Android,2020-1,2021-1,org.thoughtcrime.securesms.components.registration.VerificationPinKeyboard,top_level,4,4,0,133,0,4,133,0,4,1,1,7,7,0,1,0,1,0,1,0,1,0,1,0,1,0,1,0,1,3,1,3,1,0,1,0,1
Signal-Android,2020-1,2021-1,org.thoughtcrime.securesms.components.reminder.DefaultSmsReminder,top_level,0,0,0,25,0,0,22,0,0,0,0,,,,0,,0,,0,,0,,0,,0,,0,,0,,0,,0,,0,,0
Signal-Android,2020-1,2021-1,org.thoughtcrime.securesms.components.reminder.DozeReminder,top_level,0,0,0,22,0,0,22,0,0,0,0,,,,0,,0,,0,,0,,0,,0,,0,,0,,0,,0,,0,,0
Signal-Android,2020-1,2021-1,org.thoughtcrime.securesms.components.reminder.ExpiredBuildReminder,top_level,2,2,0,21,0,1,16,0,1,0,1,,2,,0,0,1,,0,0,1,,0,0,1,,0,0,1,,0,1,1,,0,0,1
Signal-Android,2020-1,2021-1,org.thoughtcrime.securesms.components.reminder.FirstInviteReminder,top_level,0,0,0,8,0,0,8,0,0,0,0,,,,0,,0,,0,,0,,0,,0,,0,,0,,0,,0,,0,,0
Signal-Android,2020-1,2021-1,org.thoughtcrime.securesms.components.reminder.OutdatedBuildReminder,top_level,2,3,1,25,0,1,18,0,1,1,1,1,2,0,1,0,1,0,1,0,1,0,1,0,1,0,1,0,1,1,1,2,1,0,1,0,1
Signal-Android,2020-1,2021-1,org.thoughtcrime.securesms.components.reminder.PushRegistrationReminder,top_level,1,1,0,10,0,1,10,0,1,0,0,,,,0,,0,,0,,0,,0,,0,,0,,0,,0,,0,,0,,0
Signal-Android,2020-1,2021-1,org.thoughtcrime.securesms.components.reminder.Reminder,top_level,4,4,0,44,0,4,44,0,4,1,1,2,3,0,1,1,1,0,1,0,1,0,1,0,1,0,1,0,1,0,1,0,1,0,1,0,1
Signal-Android,2020-1,2021-1,org.thoughtcrime.securesms.components.reminder.ReminderActionsAdapter,top_level,3,3,0,24,0,2,24,0,2,1,1,3,3,0,1,0,1,0,1,0,1,0,1,0,1,0,1,0,1,3,1,3,1,0,1,0,1
Signal-Android,2020-1,2021-1,org.thoughtcrime.securesms.components.reminder.ReminderView,top_level,7,7,0,82,0,6,93,0,6,1,1,4,10,0,1,0,1,0,1,0,1,0,1,0,1,0,1,0,1,4,1,4,1,0,1,0,1
Signal-Android,2020-1,2021-1,org.thoughtcrime.securesms.components.reminder.SecondInviteReminder,top_level,1,1,0,13,0,1,13,0,1,0,0,,,,0,,0,,0,,0,,0,,0,,0,,0,,0,,0,,0,,0
Signal-Android,2020-1,2021-1,org.thoughtcrime.securesms.components.reminder.ServiceOutageReminder,top_level,1,1,0,13,0,1,13,0,1,0,0,,,,0,,0,,0,,0,,0,,0,,0,,0,,0,,0,,0,,0
Signal-Android,2020-1,2021-1,org.thoughtcrime.securesms.components.reminder.ShareReminder,top_level,0,0,0,23,0,0,23,0,0,1,1,1,1,0,1,0,1,0,1,0,1,0,1,0,1,0,1,0,1,1,1,1,1,0,1,0,1
Signal-Android,2020-1,2021-1,org.thoughtcrime.securesms.components.reminder.SystemSmsImportReminder,top_level,0,0,0,22,0,0,22,0,0,0,0,,,,0,,0,,0,,0,,0,,0,,0,,0,,0,,0,,0,,0
Signal-Android,2020-1,2021-1,org.thoughtcrime.securesms.components.reminder.UnauthorizedReminder,top_level,1,1,0,12,0,1,12,0,1,0,0,,,,0,,0,,0,,0,,0,,0,,0,,0,,0,,0,,0,,0
Signal-Android,2020-1,2021-1,org.thoughtcrime.securesms.components.subsampling.AttachmentBitmapDecoder,top_level,1,1,0,16,0,1,16,0,1,1,1,1,1,0,1,0,1,0,1,0,1,0,1,0,1,0,1,0,1,0,1,0,1,0,1,0,1
Signal-Android,2020-1,2021-1,org.thoughtcrime.securesms.components.subsampling.AttachmentRegionDecoder,top_level,3,3,0,37,0,2,37,0,2,1,1,2,2,0,1,0,1,0,1,0,1,0,1,0,1,0,1,0,1,1,1,1,1,0,1,0,1
Signal-Android,2020-1,2021-1,org.thoughtcrime.securesms.components.viewpager.ExtendedOnPageChangedListener,top_level,6,6,0,11,0,4,11,0,4,0,0,,,,0,,0,,0,,0,,0,,0,,0,,0,,0,,0,,0,,0
Signal-Android,2020-1,2021-1,org.thoughtcrime.securesms.components.viewpager.HackyViewPager,top_level,0,0,0,13,0,0,13,0,0,0,0,,,,0,,0,,0,,0,,0,,0,,0,,0,,0,,0,,0,,0
Signal-Android,2020-1,2021-1,org.thoughtcrime.securesms.components.webrtc.PercentFrameLayout,top_level,15,15,0,66,0,7,66,0,7,1,1,6,6,0,1,0,1,0,1,0,1,0,1,0,1,0,1,0,1,6,1,6,1,0,1,0,1
Signal-Android,2020-1,2021-1,org.thoughtcrime.securesms.components.webrtc.WebRtcAnswerDeclineButton,top_level,12,12,0,224,0,8,224,0,8,1,1,41,41,0,1,0,1,0,1,0,1,0,1,0,1,0,1,0,1,33,1,33,1,0,1,0,1
Signal-Android,2020-1,2021-1,org.thoughtcrime.securesms.contacts.ArrayListCursor,top_level,9,9,0,94,0,9,94,0,9,1,1,13,13,0,1,0,1,0,1,0,1,0,1,0,1,0,1,0,1,7,1,7,1,0,1,0,1
Signal-Android,2020-1,2021-1,org.thoughtcrime.securesms.contacts.ContactAccessor,top_level,1,1,0,194,0,0,194,0,0,1,1,17,18,0,1,0,1,0,1,0,1,0,1,0,1,0,1,0,1,17,1,18,1,0,1,0,1
Signal-Android,2020-1,2021-1,org.thoughtcrime.securesms.contacts.ContactIdentityManager,top_level,1,1,0,9,0,1,9,0,1,0,0,,,,0,,0,,0,,0,,0,,0,,0,,0,,0,,0,,0,,0
Signal-Android,2020-1,2021-1,org.thoughtcrime.securesms.contacts.ContactIdentityManagerICS,top_level,1,1,0,41,0,1,41,0,1,1,1,2,2,0,1,0,1,0,1,0,1,0,1,0,1,0,1,0,1,2,1,2,1,0,1,0,1
Signal-Android,2020-1,2021-1,org.thoughtcrime.securesms.contacts.ContactRepository,top_level,0,0,0,97,0,0,102,0,0,1,1,22,22,0,1,0,1,0,1,0,1,0,1,0,1,0,1,0,1,21,1,21,1,0,1,0,1
Signal-Android,2020-1,2021-1,org.thoughtcrime.securesms.contacts.ContactSelectionListAdapter,top_level,7,10,3,143,0,5,186,0,7,1,1,13,15,0,1,0,1,0,1,0,1,0,1,0,1,0,1,0,1,13,1,15,1,0,1,0,1
Signal-Android,2020-1,2021-1,org.thoughtcrime.securesms.contacts.ContactSelectionListItem,top_level,3,4,1,90,0,3,111,0,4,0,1,,5,,0,0,1,,0,0,1,,0,0,1,,0,0,1,,0,3,1,,0,0,1
Signal-Android,2020-1,2021-1,org.thoughtcrime.securesms.contacts.ContactsCursorLoader,top_level,4,9,5,209,0,0,249,0,0,1,1,29,33,0,1,0,1,0,1,0,1,0,1,0,1,0,1,0,1,28,1,32,1,0,1,0,1
Signal-Android,2020-1,2021-1,org.thoughtcrime.securesms.contacts.ContactsDatabase,top_level,0,0,0,325,0,0,325,0,0,1,1,100,100,0,1,0,1,0,1,0,1,0,1,0,1,0,1,0,1,94,1,94,1,0,1,0,1
Signal-Android,2020-1,2021-1,org.thoughtcrime.securesms.contacts.ContactsSyncAdapter,top_level,1,1,0,19,0,1,19,0,1,0,0,,,,0,,0,,0,,0,,0,,0,,0,,0,,0,,0,,0,,0
Signal-Android,2020-1,2021-1,org.thoughtcrime.securesms.contacts.NameAndNumber,top_level,1,1,0,7,0,1,7,0,1,0,0,,,,0,,0,,0,,0,,0,,0,,0,,0,,0,,0,,0,,0
Signal-Android,2020-1,2021-1,org.thoughtcrime.securesms.contacts.RecipientsAdapter,top_level,0,0,0,72,0,0,72,0,0,1,1,10,10,0,1,0,1,0,1,0,1,0,1,0,1,0,1,0,1,7,1,7,1,0,1,0,1
Signal-Android,2020-1,2021-1,org.thoughtcrime.securesms.contacts.RecipientsEditor,top_level,8,8,0,178,0,4,178,0,4,1,1,12,12,0,1,0,1,0,1,0,1,0,1,0,1,0,1,0,1,10,1,10,1,0,1,0,1
Signal-Android,2020-1,2021-1,org.thoughtcrime.securesms.contacts.SelectedContact,top_level,1,4,3,30,0,1,25,0,1,1,1,2,1,0,1,0,1,0,1,0,1,0,1,0,1,0,1,0,1,1,1,1,1,0,1,0,1
Signal-Android,2020-1,2021-1,org.thoughtcrime.securesms.contacts.avatars.ContactColors,top_level,0,0,0,17,0,0,18,0,0,1,1,1,1,0,1,0,1,0,1,0,1,0,1,0,1,0,1,0,1,0,1,0,1,0,1,0,1
Signal-Android,2020-1,2021-1,org.thoughtcrime.securesms.contacts.avatars.ContactColorsLegacy,top_level,0,0,0,24,0,0,43,0,0,1,1,1,1,0,1,0,1,0,1,0,1,0,1,0,1,0,1,0,1,0,1,0,1,0,1,0,1
Signal-Android,2020-1,2021-1,org.thoughtcrime.securesms.contacts.avatars.ContactPhoto,top_level,3,3,0,4,0,1,4,0,1,0,0,,,,0,,0,,0,,0,,0,,0,,0,,0,,0,,0,,0,,0
Signal-Android,2020-1,2021-1,org.thoughtcrime.securesms.contacts.avatars.FallbackContactPhoto,top_level,4,4,0,5,0,0,5,0,0,0,0,,,,0,,0,,0,,0,,0,,0,,0,,0,,0,,0,,0,,0
Signal-Android,2020-1,2021-1,org.thoughtcrime.securesms.contacts.avatars.GeneratedContactPhoto,top_level,0,1,1,48,0,0,59,0,1,1,1,12,11,0,1,0,1,0,1,0,1,0,1,0,1,0,1,0,1,12,1,11,1,0,1,0,1
Signal-Android,2020-1,2021-1,org.thoughtcrime.securesms.contacts.avatars.GroupRecordContactPhoto,top_level,2,2,0,31,0,2,31,0,2,1,1,5,6,0,1,0,1,0,1,0,1,0,1,0,1,0,1,0,1,4,1,6,1,0,1,0,1
Signal-Android,2020-1,2021-1,org.thoughtcrime.securesms.contacts.avatars.ProfileContactPhoto,top_level,2,4,2,28,0,2,35,0,3,1,1,3,3,0,1,0,1,0,1,0,1,0,1,0,1,0,1,0,1,2,1,3,1,0,1,0,1
Signal-Android,2020-1,2021-1,org.thoughtcrime.securesms.contacts.avatars.ResourceContactPhoto,top_level,3,3,0,42,0,3,44,0,3,1,1,3,2,0,1,0,1,0,1,0,1,0,1,0,1,0,1,0,1,3,1,2,1,0,1,0,1
Signal-Android,2020-1,2021-1,org.thoughtcrime.securesms.contacts.avatars.SystemContactPhoto,top_level,2,2,0,30,0,2,30,0,2,1,1,4,4,0,1,0,1,0,1,0,1,0,1,0,1,0,1,0,1,3,1,3,1,0,1,0,1
Signal-Android,2020-1,2021-1,org.thoughtcrime.securesms.contacts.avatars.TransparentContactPhoto,top_level,1,1,0,14,0,1,14,0,1,1,1,1,1,0,1,0,1,0,1,0,1,0,1,0,1,0,1,0,1,1,1,1,1,0,1,0,1
Signal-Android,2020-1,2021-1,org.thoughtcrime.securesms.contacts.sync.DirectoryHelper,top_level,0,0,0,20,0,0,295,0,0,1,1,2,96,0,1,0,1,0,1,0,1,0,1,0,1,0,1,0,1,1,1,86,1,0,1,1,1
Signal-Android,2020-1,2021-1,org.thoughtcrime.securesms.contactshare.Contact,top_level,4,4,0,407,0,4,407,0,4,1,1,5,5,3,1,3,1,0,1,0,1,0,1,0,1,0,1,0,1,0,1,0,1,0,1,0,1
Signal-Android,2020-1,2021-1,org.thoughtcrime.securesms.contactshare.ContactFieldAdapter,top_level,3,3,0,150,0,3,150,0,3,1,1,11,11,0,1,0,1,0,1,0,1,0,1,0,1,0,1,0,1,11,1,11,1,0,1,0,1
Signal-Android,2020-1,2021-1,org.thoughtcrime.securesms.contactshare.ContactModelMapper,top_level,0,0,0,109,0,0,109,0,0,1,1,46,46,0,1,0,1,0,1,0,1,0,1,0,1,0,1,0,1,45,1,45,1,0,1,0,1
Signal-Android,2020-1,2021-1,org.thoughtcrime.securesms.contactshare.ContactNameEditActivity,top_level,3,3,0,83,0,3,83,0,3,1,1,10,10,0,1,0,1,0,1,0,1,0,1,0,1,0,1,0,1,10,1,10,1,0,1,0,1
Signal-Android,2020-1,2021-1,org.thoughtcrime.securesms.contactshare.ContactNameEditViewModel,top_level,3,1,-2,77,0,2,50,0,1,1,0,19,,0,1,,0,0,1,,0,0,1,,0,0,1,,0,19,1,,0,0,1,,0
Signal-Android,2020-1,2021-1,org.thoughtcrime.securesms.contactshare.ContactShareEditActivity,top_level,2,2,0,70,0,2,70,0,2,1,1,8,8,0,1,0,1,0,1,0,1,0,1,0,1,0,1,0,1,8,1,8,1,0,1,0,1
Signal-Android,2020-1,2021-1,org.thoughtcrime.securesms.contactshare.ContactShareEditAdapter,top_level,2,2,0,46,0,2,46,0,2,1,1,1,1,0,1,0,1,0,1,0,1,0,1,0,1,0,1,0,1,1,1,1,1,0,1,0,1
Signal-Android,2020-1,2021-1,org.thoughtcrime.securesms.contactshare.ContactShareEditViewModel,top_level,0,0,0,61,0,0,61,0,0,1,1,11,11,0,1,0,1,0,1,0,1,0,1,0,1,0,1,0,1,10,1,10,1,0,1,0,1
Signal-Android,2020-1,2021-1,org.thoughtcrime.securesms.contactshare.ContactUtil,top_level,0,0,0,119,0,0,119,0,0,1,1,62,62,0,1,0,1,0,1,0,1,0,1,0,1,0,1,0,1,54,1,54,1,0,1,0,1
Signal-Android,2020-1,2021-1,org.thoughtcrime.securesms.contactshare.Selectable,top_level,2,2,0,3,0,2,3,0,2,0,0,,,,0,,0,,0,,0,,0,,0,,0,,0,,0,,0,,0,,0
Signal-Android,2020-1,2021-1,org.thoughtcrime.securesms.contactshare.SharedContactDetailsActivity,top_level,6,5,-1,146,0,5,141,0,5,1,1,17,13,0,1,0,1,0,1,0,1,0,1,0,1,0,1,0,1,16,1,12,1,0,1,0,1
Signal-Android,2020-1,2021-1,org.thoughtcrime.securesms.contactshare.SharedContactRepository,top_level,2,2,0,231,0,1,149,0,1,1,1,55,8,0,1,0,1,0,1,0,1,0,1,0,1,0,1,0,1,45,1,7,1,1,1,0,1
Signal-Android,2020-1,2021-1,org.thoughtcrime.securesms.contactshare.SimpleTextWatcher,top_level,0,0,0,9,0,0,9,0,0,0,0,,,,0,,0,,0,,0,,0,,0,,0,,0,,0,,0,,0,,0
Signal-Android,2020-1,2021-1,org.thoughtcrime.securesms.conversation.ConversationActivity,top_level,192,242,50,1898,0,80,2362,0,97,1,1,323,444,0,1,0,1,2,1,2,1,1,1,1,1,0,1,0,1,280,1,390,1,1,1,1,1
Signal-Android,2020-1,2021-1,org.thoughtcrime.securesms.conversation.ConversationFragment,top_level,48,65,17,784,0,17,1006,0,21,1,1,144,196,0,1,0,1,0,1,0,1,0,1,0,1,0,1,0,1,122,1,172,1,1,1,2,1
Signal-Android,2020-1,2021-1,org.thoughtcrime.securesms.conversation.ConversationItem,top_level,23,32,9,893,0,9,1020,0,11,1,1,223,250,0,1,0,1,1,1,1,1,0,1,1,1,0,1,0,1,194,1,211,1,0,1,0,1
Signal-Android,2020-1,2021-1,org.thoughtcrime.securesms.conversation.ConversationItemBodyBubble,top_level,0,4,4,15,0,0,28,0,2,0,0,,,,0,,0,,0,,0,,0,,0,,0,,0,,0,,0,,0,,0
Signal-Android,2020-1,2021-1,org.thoughtcrime.securesms.conversation.ConversationItemSwipeCallback,top_level,5,5,0,113,0,3,121,0,3,1,1,7,7,0,1,0,1,0,1,0,1,0,1,0,1,0,1,0,1,6,1,6,1,0,1,0,1
Signal-Android,2020-1,2021-1,org.thoughtcrime.securesms.conversation.ConversationItemTouchListener,top_level,1,1,0,11,0,1,11,0,1,0,0,,,,0,,0,,0,,0,,0,,0,,0,,0,,0,,0,,0,,0
Signal-Android,2020-1,2021-1,org.thoughtcrime.securesms.conversation.ConversationPopupActivity,top_level,8,8,0,68,0,6,67,0,6,1,1,16,16,0,1,0,1,0,1,0,1,0,1,0,1,0,1,0,1,16,1,16,1,0,1,0,1
Signal-Android,2020-1,2021-1,org.thoughtcrime.securesms.conversation.ConversationReactionOverlay,top_level,21,24,3,347,0,13,424,0,13,1,1,85,110,0,1,0,1,0,1,0,1,0,1,0,1,0,1,0,1,71,1,92,1,1,1,1,1
Signal-Android,2020-1,2021-1,org.thoughtcrime.securesms.conversation.ConversationSearchViewModel,top_level,8,8,0,67,0,5,67,0,5,1,1,5,5,0,1,0,1,0,1,0,1,0,1,0,1,0,1,0,1,5,1,5,1,0,1,0,1
Signal-Android,2020-1,2021-1,org.thoughtcrime.securesms.conversation.ConversationStickerSuggestionAdapter,top_level,3,3,0,40,0,3,40,0,3,1,1,1,1,0,1,0,1,0,1,0,1,0,1,0,1,0,1,0,1,1,1,1,1,0,1,0,1
Signal-Android,2020-1,2021-1,org.thoughtcrime.securesms.conversation.ConversationStickerViewModel,top_level,1,1,0,43,0,1,41,0,1,1,1,1,1,0,1,0,1,0,1,0,1,0,1,0,1,0,1,0,1,1,1,1,1,0,1,0,1
Signal-Android,2020-1,2021-1,org.thoughtcrime.securesms.conversation.ConversationSwipeAnimationHelper,top_level,2,2,0,85,0,1,85,0,1,1,1,5,5,0,1,0,1,0,1,0,1,0,1,0,1,0,1,0,1,5,1,5,1,0,1,0,1
Signal-Android,2020-1,2021-1,org.thoughtcrime.securesms.conversation.ConversationTitleView,top_level,12,12,0,114,0,7,83,0,7,1,1,7,5,0,1,0,1,0,1,0,1,0,1,0,1,0,1,0,1,7,1,4,1,0,1,0,1
Signal-Android,2020-1,2021-1,org.thoughtcrime.securesms.conversation.ConversationUpdateItem,top_level,5,2,-3,160,0,2,162,0,2,1,1,12,22,0,1,0,1,0,1,0,1,0,1,1,1,0,1,0,1,10,1,14,1,0,1,0,1
Signal-Android,2020-1,2021-1,org.thoughtcrime.securesms.conversationlist.ConversationListAdapter,top_level,10,12,2,106,0,6,158,0,4,1,1,14,23,0,1,0,1,0,1,0,1,0,1,0,1,0,1,0,1,13,1,22,1,0,1,0,1
Signal-Android,2020-1,2021-1,org.thoughtcrime.securesms.conversationlist.ConversationListArchiveFragment,top_level,8,8,0,66,0,7,69,0,7,1,1,10,11,0,1,0,1,0,1,0,1,0,1,0,1,0,1,0,1,8,1,9,1,0,1,0,1
Signal-Android,2020-1,2021-1,org.thoughtcrime.securesms.conversationlist.ConversationListFragment,top_level,52,65,13,500,0,26,666,0,35,1,1,95,127,0,1,0,1,0,1,0,1,0,1,0,1,0,1,0,1,86,1,117,1,1,1,1,1
Signal-Android,2020-1,2021-1,org.thoughtcrime.securesms.conversationlist.ConversationListItem,top_level,8,7,-1,237,0,7,373,0,6,1,1,21,57,0,1,0,1,0,1,0,1,0,1,0,1,0,1,0,1,11,1,39,1,1,1,1,1
Signal-Android,2020-1,2021-1,org.thoughtcrime.securesms.conversationlist.ConversationListItemAction,top_level,2,3,1,23,0,2,27,0,3,1,1,1,1,0,1,0,1,0,1,0,1,0,1,0,1,0,1,0,1,1,1,1,1,0,1,0,1
Signal-Android,2020-1,2021-1,org.thoughtcrime.securesms.conversationlist.ConversationListItemInboxZero,top_level,1,2,1,19,0,1,23,0,2,0,0,,,,0,,0,,0,,0,,0,,0,,0,,0,,0,,0,,0,,0
Signal-Android,2020-1,2021-1,org.thoughtcrime.securesms.conversationlist.ConversationListSearchAdapter,top_level,12,12,0,125,0,7,125,0,7,1,1,9,9,0,1,0,1,0,1,0,1,0,1,0,1,0,1,0,1,8,1,8,1,0,1,0,1
Signal-Android,2020-1,2021-1,org.thoughtcrime.securesms.conversationlist.ConversationListViewModel,top_level,1,3,2,39,0,1,106,0,3,1,1,1,4,0,1,0,1,0,1,0,1,0,1,0,1,0,1,0,1,1,1,4,1,0,1,0,1
Signal-Android,2020-1,2021-1,org.thoughtcrime.securesms.conversationlist.model.MessageResult,top_level,0,0,0,16,0,0,25,0,0,1,1,1,1,1,1,1,1,0,1,0,1,0,1,0,1,0,1,0,1,0,1,0,1,0,1,0,1
Signal-Android,2020-1,2021-1,org.thoughtcrime.securesms.conversationlist.model.SearchResult,top_level,2,2,0,26,0,2,26,0,2,1,1,1,1,1,1,1,1,0,1,0,1,0,1,0,1,0,1,0,1,0,1,0,1,0,1,0,1
Signal-Android,2020-1,2021-1,org.thoughtcrime.securesms.crypto.AsymmetricMasterCipher,top_level,6,6,0,53,0,3,53,0,3,1,1,5,5,0,1,0,1,0,1,0,1,0,1,0,1,0,1,0,1,5,1,5,1,0,1,0,1
Signal-Android,2020-1,2021-1,org.thoughtcrime.securesms.crypto.AsymmetricMasterSecret,top_level,0,0,0,10,0,0,10,0,0,0,0,,,,0,,0,,0,,0,,0,,0,,0,,0,,0,,0,,0,,0
Signal-Android,2020-1,2021-1,org.thoughtcrime.securesms.crypto.AttachmentSecret,top_level,7,7,0,52,0,7,52,0,7,0,0,,,,0,,0,,0,,0,,0,,0,,0,,0,,0,,0,,0,,0
Signal-Android,2020-1,2021-1,org.thoughtcrime.securesms.crypto.AttachmentSecretProvider,top_level,0,0,0,51,0,0,51,0,0,1,1,8,8,0,1,0,1,0,1,0,1,0,1,0,1,0,1,0,1,7,1,7,1,0,1,0,1
Signal-Android,2020-1,2021-1,org.thoughtcrime.securesms.crypto.ClassicDecryptingPartInputStream,top_level,0,0,0,71,0,0,71,0,0,1,1,2,2,0,1,0,1,0,1,0,1,0,1,0,1,0,1,0,1,1,1,1,1,0,1,0,1
Signal-Android,2020-1,2021-1,org.thoughtcrime.securesms.crypto.DatabaseSecret,top_level,2,2,0,13,0,2,13,0,2,0,0,,,,0,,0,,0,,0,,0,,0,,0,,0,,0,,0,,0,,0
Signal-Android,2020-1,2021-1,org.thoughtcrime.securesms.crypto.DatabaseSecretProvider,top_level,0,0,0,41,0,0,41,0,0,1,1,3,3,0,1,0,1,0,1,0,1,0,1,0,1,0,1,0,1,3,1,3,1,0,1,0,1
Signal-Android,2020-1,2021-1,org.thoughtcrime.securesms.crypto.IdentityKeyParcelable,top_level,1,1,0,27,0,1,27,0,1,1,1,1,1,0,1,0,1,0,1,0,1,0,1,0,1,0,1,0,1,1,1,1,1,0,1,0,1
Signal-Android,2020-1,2021-1,org.thoughtcrime.securesms.crypto.IdentityKeyUtil,top_level,0,0,0,82,0,0,82,0,0,1,1,17,17,0,1,0,1,0,1,0,1,0,1,0,1,0,1,0,1,16,1,16,1,0,1,0,1
Signal-Android,2020-1,2021-1,org.thoughtcrime.securesms.crypto.InvalidPassphraseException,top_level,1,1,0,9,0,1,9,0,1,0,0,,,,0,,0,,0,,0,,0,,0,,0,,0,,0,,0,,0,,0
Signal-Android,2020-1,2021-1,org.thoughtcrime.securesms.crypto.KeyStoreHelper,top_level,6,6,0,89,0,0,106,0,0,1,1,13,14,0,1,0,1,0,1,0,1,0,1,0,1,0,1,0,1,11,1,11,1,0,1,0,1
Signal-Android,2020-1,2021-1,org.thoughtcrime.securesms.crypto.MasterCipher,top_level,4,4,0,102,0,2,102,0,2,1,1,1,1,0,1,0,1,0,1,0,1,0,1,0,1,0,1,0,1,1,1,1,1,0,1,0,1
Signal-Android,2020-1,2021-1,org.thoughtcrime.securesms.crypto.MasterSecret,top_level,2,2,0,48,0,2,48,0,2,1,1,9,9,0,1,0,1,0,1,0,1,0,1,0,1,0,1,0,1,9,1,9,1,0,1,0,1
Signal-Android,2020-1,2021-1,org.thoughtcrime.securesms.crypto.MasterSecretUtil,top_level,5,5,0,208,0,0,209,0,0,1,1,38,38,0,1,0,1,0,1,0,1,0,1,0,1,0,1,0,1,35,1,35,1,1,1,1,1
Signal-Android,2020-1,2021-1,org.thoughtcrime.securesms.crypto.ModernDecryptingPartInputStream,top_level,0,0,0,36,0,0,36,0,0,1,1,2,2,0,1,0,1,0,1,0,1,0,1,0,1,0,1,0,1,1,1,1,1,0,1,0,1
Signal-Android,2020-1,2021-1,org.thoughtcrime.securesms.crypto.ModernEncryptingPartOutputStream,top_level,0,1,1,18,0,0,20,0,0,1,1,2,2,0,1,0,1,0,1,0,1,0,1,0,1,0,1,0,1,1,1,1,1,0,1,0,1
Signal-Android,2020-1,2021-1,org.thoughtcrime.securesms.crypto.PreKeyUtil,top_level,0,0,0,34,0,0,34,0,0,1,1,3,3,0,1,0,1,0,1,0,1,0,1,0,1,0,1,0,1,2,1,2,1,0,1,0,1
Signal-Android,2020-1,2021-1,org.thoughtcrime.securesms.crypto.ProfileKeyUtil,top_level,0,1,1,15,0,0,44,0,1,1,1,1,2,0,1,0,1,0,1,0,1,0,1,0,1,0,1,0,1,0,1,2,1,0,1,0,1
Signal-Android,2020-1,2021-1,org.thoughtcrime.securesms.crypto.PublicKey,top_level,10,10,0,41,0,8,41,0,8,1,1,1,1,0,1,0,1,0,1,0,1,0,1,0,1,0,1,0,1,1,1,1,1,0,1,0,1
Signal-Android,2020-1,2021-1,org.thoughtcrime.securesms.crypto.SecurityEvent,top_level,0,0,0,6,0,0,6,0,0,1,1,1,1,0,1,0,1,0,1,0,1,0,1,0,1,0,1,0,1,0,1,0,1,0,1,0,1
Signal-Android,2020-1,2021-1,org.thoughtcrime.securesms.crypto.SessionUtil,top_level,0,0,0,10,0,0,10,0,0,1,1,2,2,0,1,0,1,0,1,0,1,0,1,0,1,0,1,0,1,1,1,1,1,0,1,0,1
Signal-Android,2020-1,2021-1,org.thoughtcrime.securesms.crypto.UnidentifiedAccessUtil,top_level,0,0,0,67,0,0,87,0,0,1,1,7,11,0,1,0,1,0,1,0,1,0,1,0,1,0,1,0,1,6,1,10,1,0,1,0,1
Signal-Android,2020-1,2021-1,org.thoughtcrime.securesms.crypto.storage.SignalProtocolStoreImpl,top_level,5,5,0,70,0,5,70,0,5,1,1,1,1,0,1,0,1,0,1,0,1,0,1,0,1,0,1,0,1,0,1,0,1,0,1,0,1
Signal-Android,2020-1,2021-1,org.thoughtcrime.securesms.crypto.storage.TextSecureIdentityKeyStore,top_level,1,1,0,91,0,1,91,0,1,1,1,24,25,0,1,0,1,0,1,0,1,0,1,0,1,0,1,0,1,24,1,25,1,0,1,0,1
Signal-Android,2020-1,2021-1,org.thoughtcrime.securesms.crypto.storage.TextSecurePreKeyStore,top_level,4,4,0,44,0,4,44,0,4,1,1,9,9,0,1,0,1,0,1,0,1,0,1,0,1,0,1,0,1,9,1,9,1,0,1,0,1
Signal-Android,2020-1,2021-1,org.thoughtcrime.securesms.crypto.storage.TextSecureSessionStore,top_level,2,2,0,71,0,1,71,0,1,1,1,26,26,0,1,0,1,0,1,0,1,0,1,0,1,0,1,0,1,26,1,26,1,0,1,0,1
Signal-Android,2020-1,2021-1,org.thoughtcrime.securesms.database.ApnDatabase,top_level,0,0,0,98,0,0,98,0,0,1,1,3,3,0,1,0,1,0,1,0,1,0,1,0,1,0,1,0,1,2,1,2,1,0,1,0,1
Signal-Android,2020-1,2021-1,org.thoughtcrime.securesms.database.AttachmentDatabase,top_level,13,21,8,775,0,5,925,0,8,1,1,85,118,0,1,0,1,0,1,0,1,0,1,0,1,0,1,0,1,72,1,100,1,0,1,0,1
Signal-Android,2020-1,2021-1,org.thoughtcrime.securesms.database.ContentValuesBuilder,top_level,0,0,0,19,0,0,19,0,0,0,0,,,,0,,0,,0,,0,,0,,0,,0,,0,,0,,0,,0,,0
Signal-Android,2020-1,2021-1,org.thoughtcrime.securesms.database.CursorList<T>,top_level,12,12,0,108,0,10,108,0,10,0,0,,,,0,,0,,0,,0,,0,,0,,0,,0,,0,,0,,0,,0
Signal-Android,2020-1,2021-1,org.thoughtcrime.securesms.database.CursorRecyclerViewAdapter<VH>,top_level,27,27,0,130,0,16,157,0,16,0,0,,,,0,,0,,0,,0,,0,,0,,0,,0,,0,,0,,0,,0
Signal-Android,2020-1,2021-1,org.thoughtcrime.securesms.database.Database,top_level,5,6,1,34,0,5,51,0,6,1,1,8,16,0,1,0,1,0,1,0,1,0,1,0,1,0,1,0,1,8,1,16,1,0,1,0,1
Signal-Android,2020-1,2021-1,org.thoughtcrime.securesms.database.DatabaseContentProviders,top_level,0,0,0,35,0,0,48,0,0,0,0,,,,0,,0,,0,,0,,0,,0,,0,,0,,0,,0,,0,,0
Signal-Android,2020-1,2021-1,org.thoughtcrime.securesms.database.DatabaseFactory,top_level,1,1,0,116,0,1,137,0,1,1,1,31,41,0,1,0,1,0,1,0,1,0,1,0,1,0,1,0,1,28,1,38,1,0,1,0,1
Signal-Android,2020-1,2021-1,org.thoughtcrime.securesms.database.DraftDatabase,top_level,2,5,3,95,0,2,92,0,3,1,1,4,4,1,1,1,1,0,1,0,1,0,1,0,1,0,1,0,1,3,1,3,1,0,1,0,1
Signal-Android,2020-1,2021-1,org.thoughtcrime.securesms.database.EarlyReceiptCache,top_level,0,0,0,22,0,0,19,0,0,1,1,1,1,0,1,0,1,0,1,0,1,0,1,0,1,0,1,0,1,1,1,0,1,0,1,0,1
Signal-Android,2020-1,2021-1,org.thoughtcrime.securesms.database.GroupDatabase,top_level,2,4,2,296,0,2,692,0,2,1,1,28,130,1,1,0,1,0,1,0,1,1,1,1,1,0,1,0,1,26,1,121,1,0,1,0,1
Signal-Android,2020-1,2021-1,org.thoughtcrime.securesms.database.GroupReceiptDatabase,top_level,2,3,1,75,0,2,91,0,3,1,1,2,6,1,1,1,1,0,1,0,1,0,1,0,1,0,1,0,1,1,1,5,1,0,1,0,1
Signal-Android,2020-1,2021-1,org.thoughtcrime.securesms.database.IdentityDatabase,top_level,0,0,0,150,0,0,178,0,0,1,1,12,15,1,1,1,1,0,1,0,1,0,1,0,1,0,1,0,1,11,1,14,1,0,1,0,1
Signal-Android,2020-1,2021-1,org.thoughtcrime.securesms.database.JobDatabase,top_level,1,1,0,186,0,1,210,0,1,1,1,13,22,0,1,0,1,0,1,0,1,0,1,0,1,3,1,3,1,9,1,18,1,0,1,0,1
Signal-Android,2020-1,2021-1,org.thoughtcrime.securesms.database.MediaDatabase,top_level,9,9,0,197,0,1,207,0,1,1,1,11,11,2,1,2,1,0,1,0,1,0,1,0,1,0,1,0,1,9,1,9,1,0,1,0,1
Signal-Android,2020-1,2021-1,org.thoughtcrime.securesms.database.MmsDatabase,top_level,52,66,14,1052,0,31,1362,0,46,1,1,201,199,1,1,0,1,0,1,0,1,0,1,0,1,0,1,0,1,175,1,175,1,1,1,1,1
Signal-Android,2020-1,2021-1,org.thoughtcrime.securesms.database.MmsSmsColumns,top_level,0,0,0,164,0,0,195,0,0,1,1,1,2,0,1,0,1,0,1,0,1,0,1,0,1,0,1,0,1,0,1,0,1,0,1,0,1
Signal-Android,2020-1,2021-1,org.thoughtcrime.securesms.database.MmsSmsDatabase,top_level,11,30,19,357,0,7,508,0,17,1,1,34,59,0,1,0,1,1,1,1,1,0,1,0,1,0,1,0,1,31,1,55,1,0,1,1,1
Signal-Android,2020-1,2021-1,org.thoughtcrime.securesms.database.NoExternalStorageException,top_level,1,1,0,8,0,1,8,0,1,0,0,,,,0,,0,,0,,0,,0,,0,,0,,0,,0,,0,,0,,0
Signal-Android,2020-1,2021-1,org.thoughtcrime.securesms.database.NoSuchMessageException,top_level,0,0,0,3,0,0,3,0,0,0,0,,,,0,,0,,0,,0,,0,,0,,0,,0,,0,,0,,0,,0
Signal-Android,2020-1,2021-1,org.thoughtcrime.securesms.database.NotInDirectoryException,top_level,0,0,0,1,0,0,1,0,0,0,0,,,,0,,0,,0,,0,,0,,0,,0,,0,,0,,0,,0,,0
Signal-Android,2020-1,2021-1,org.thoughtcrime.securesms.database.ObservableContent,top_level,2,2,0,3,0,0,3,0,0,0,0,,,,0,,0,,0,,0,,0,,0,,0,,0,,0,,0,,0,,0
Signal-Android,2020-1,2021-1,org.thoughtcrime.securesms.database.OneTimePreKeyDatabase,top_level,1,1,0,37,0,1,37,0,1,1,1,5,5,0,1,0,1,0,1,0,1,0,1,0,1,0,1,0,1,5,1,5,1,0,1,0,1
Signal-Android,2020-1,2021-1,org.thoughtcrime.securesms.database.PushDatabase,top_level,1,1,0,118,0,1,132,0,1,1,1,7,7,0,1,0,1,0,1,0,1,0,1,0,1,0,1,0,1,7,1,7,1,0,1,0,1
Signal-Android,2020-1,2021-1,org.thoughtcrime.securesms.database.RecipientDatabase,top_level,7,9,2,1015,0,4,1943,0,5,1,1,146,503,1,1,2,1,0,1,4,1,1,1,1,1,0,1,0,1,128,1,459,1,1,1,1,1
Signal-Android,2020-1,2021-1,org.thoughtcrime.securesms.database.SearchDatabase,top_level,0,0,0,112,0,0,128,0,0,1,1,5,5,0,1,0,1,0,1,0,1,0,1,0,1,0,1,0,1,5,1,5,1,0,1,0,1
Signal-Android,2020-1,2021-1,org.thoughtcrime.securesms.database.SessionDatabase,top_level,0,0,0,92,0,0,99,0,0,1,1,1,1,0,1,0,1,0,1,0,1,0,1,0,1,0,1,0,1,1,1,1,1,0,1,0,1
Signal-Android,2020-1,2021-1,org.thoughtcrime.securesms.database.SignedPreKeyDatabase,top_level,1,1,0,60,0,1,61,0,1,1,1,5,5,0,1,0,1,0,1,0,1,0,1,0,1,0,1,0,1,5,1,5,1,0,1,0,1
Signal-Android,2020-1,2021-1,org.thoughtcrime.securesms.database.SmsDatabase,top_level,46,58,12,600,0,34,997,0,45,1,1,82,107,0,1,0,1,0,1,0,1,0,1,0,1,0,1,0,1,64,1,89,1,1,1,1,1
Signal-Android,2020-1,2021-1,org.thoughtcrime.securesms.database.SmsMigrator,top_level,0,0,0,163,0,0,163,0,0,1,1,22,22,0,1,0,1,0,1,0,1,0,1,0,1,0,1,0,1,21,1,21,1,0,1,0,1
Signal-Android,2020-1,2021-1,org.thoughtcrime.securesms.database.StickerDatabase,top_level,6,6,0,281,0,2,313,0,2,1,1,21,25,0,1,0,1,0,1,0,1,0,1,0,1,0,1,0,1,19,1,22,1,0,1,0,1
Signal-Android,2020-1,2021-1,org.thoughtcrime.securesms.database.StorageKeyDatabase,top_level,2,2,0,55,0,2,57,0,2,1,1,5,7,0,1,0,1,0,1,0,1,0,1,0,1,0,1,0,1,5,1,7,1,0,1,0,1
Signal-Android,2020-1,2021-1,org.thoughtcrime.securesms.database.ThreadDatabase,top_level,35,62,27,527,0,16,1007,0,25,1,1,57,136,0,1,0,1,0,1,0,1,1,1,1,1,0,1,0,1,52,1,120,1,1,1,1,1
Signal-Android,2020-1,2021-1,org.thoughtcrime.securesms.database.XmlBackup,top_level,17,17,0,154,0,1,154,0,1,1,1,27,27,1,1,1,1,0,1,0,1,1,1,1,1,0,1,0,1,19,1,19,1,0,1,0,1
Signal-Android,2020-1,2021-1,org.thoughtcrime.securesms.database.documents.Document<T>,top_level,2,2,0,3,0,1,3,0,1,0,0,,,,0,,0,,0,,0,,0,,0,,0,,0,,0,,0,,0,,0
Signal-Android,2020-1,2021-1,org.thoughtcrime.securesms.database.documents.IdentityKeyMismatch,top_level,2,2,0,48,0,2,48,0,2,1,1,1,1,0,1,0,1,0,1,0,1,0,1,0,1,0,1,0,1,1,1,1,1,0,1,0,1
Signal-Android,2020-1,2021-1,org.thoughtcrime.securesms.database.documents.IdentityKeyMismatchList,top_level,3,3,0,15,0,2,15,0,2,1,1,1,1,0,1,0,1,0,1,0,1,0,1,0,1,0,1,0,1,0,1,0,1,0,1,0,1
Signal-Android,2020-1,2021-1,org.thoughtcrime.securesms.database.documents.NetworkFailure,top_level,2,2,0,25,0,2,25,0,2,1,1,1,1,0,1,0,1,0,1,0,1,0,1,0,1,0,1,0,1,1,1,1,1,0,1,0,1
Signal-Android,2020-1,2021-1,org.thoughtcrime.securesms.database.documents.NetworkFailureList,top_level,3,3,0,15,0,2,15,0,2,1,1,1,1,0,1,0,1,0,1,0,1,0,1,0,1,0,1,0,1,0,1,0,1,0,1,0,1
Signal-Android,2020-1,2021-1,org.thoughtcrime.securesms.database.helpers.ClassicOpenHelper,top_level,0,0,0,961,0,0,961,0,0,1,1,94,95,0,1,0,1,2,1,2,1,0,1,0,1,0,1,0,1,62,1,63,1,1,1,1,1
Signal-Android,2020-1,2021-1,org.thoughtcrime.securesms.database.helpers.PreKeyMigrationHelper,top_level,0,0,0,122,0,0,122,0,0,1,1,22,22,0,1,0,1,0,1,0,1,0,1,0,1,0,1,0,1,12,1,12,1,0,1,0,1
Signal-Android,2020-1,2021-1,org.thoughtcrime.securesms.database.helpers.RecipientIdCleanupHelper,top_level,0,0,0,46,0,0,46,0,0,1,1,3,3,0,1,0,1,0,1,0,1,0,1,0,1,0,1,0,1,1,1,1,1,0,1,0,1
Signal-Android,2020-1,2021-1,org.thoughtcrime.securesms.database.helpers.RecipientIdMigrationHelper,top_level,0,0,0,187,0,0,187,0,0,1,1,13,13,0,1,0,1,1,1,1,1,0,1,0,1,0,1,0,1,0,1,0,1,0,1,0,1
Signal-Android,2020-1,2021-1,org.thoughtcrime.securesms.database.helpers.SQLCipherMigrationHelper,top_level,1,1,0,144,0,0,144,0,0,1,1,15,15,0,1,0,1,1,1,1,1,0,1,0,1,0,1,0,1,5,1,5,1,0,1,0,1
Signal-Android,2020-1,2021-1,org.thoughtcrime.securesms.database.helpers.SQLCipherOpenHelper,top_level,0,0,0,446,0,0,814,0,0,1,1,29,47,0,1,0,1,1,1,1,1,0,1,0,1,0,1,0,1,14,1,31,1,1,1,1,1
Signal-Android,2020-1,2021-1,org.thoughtcrime.securesms.database.helpers.SessionStoreMigrationHelper,top_level,0,0,0,55,0,0,54,0,0,1,1,8,8,0,1,0,1,0,1,0,1,0,1,0,1,0,1,0,1,1,1,1,1,0,1,0,1
Signal-Android,2020-1,2021-1,org.thoughtcrime.securesms.database.identity.IdentityRecordList,top_level,10,12,2,51,0,4,65,0,4,1,1,1,1,0,1,0,1,0,1,0,1,0,1,0,1,0,1,0,1,1,1,1,1,0,1,0,1
Signal-Android,2020-1,2021-1,org.thoughtcrime.securesms.database.loaders.CountryListLoader,top_level,0,0,0,24,0,0,24,0,0,1,1,3,3,0,1,0,1,0,1,0,1,0,1,0,1,0,1,0,1,3,1,3,1,0,1,0,1
Signal-Android,2020-1,2021-1,org.thoughtcrime.securesms.database.loaders.DeviceListLoader,top_level,0,0,0,57,0,0,57,0,0,1,1,20,20,0,1,0,1,0,1,0,1,0,1,0,1,0,1,0,1,19,1,19,1,0,1,0,1
Signal-Android,2020-1,2021-1,org.thoughtcrime.securesms.database.loaders.GroupedThreadMediaLoader,top_level,10,10,0,182,0,4,182,0,4,1,1,14,14,0,1,0,1,0,1,0,1,0,1,0,1,0,1,0,1,14,1,14,1,0,1,0,1
Signal-Android,2020-1,2021-1,org.thoughtcrime.securesms.database.loaders.MediaLoader,top_level,0,0,0,8,0,0,8,0,0,0,0,,,,0,,0,,0,,0,,0,,0,,0,,0,,0,,0,,0,,0
Signal-Android,2020-1,2021-1,org.thoughtcrime.securesms.database.loaders.MessageDetailsLoader,top_level,0,0,0,16,0,0,16,0,0,1,1,2,2,0,1,0,1,0,1,0,1,0,1,0,1,0,1,0,1,2,1,2,1,0,1,0,1
Signal-Android,2020-1,2021-1,org.thoughtcrime.securesms.database.loaders.PagingMediaLoader,top_level,0,0,0,22,0,0,22,0,0,1,1,2,2,0,1,0,1,0,1,0,1,0,1,0,1,0,1,0,1,2,1,2,1,0,1,0,1
Signal-Android,2020-1,2021-1,org.thoughtcrime.securesms.database.loaders.RecentPhotosLoader,top_level,0,0,0,26,0,0,27,0,0,1,1,2,2,0,1,0,1,0,1,0,1,0,1,0,1,1,1,1,1,1,1,1,1,0,1,0,1
Signal-Android,2020-1,2021-1,org.thoughtcrime.securesms.database.loaders.RecipientMediaLoader,top_level,0,0,0,18,0,0,18,0,0,1,1,1,1,0,1,0,1,0,1,0,1,0,1,0,1,0,1,0,1,1,1,1,1,0,1,0,1
Signal-Android,2020-1,2021-1,org.thoughtcrime.securesms.database.loaders.ThreadMediaLoader,top_level,0,0,0,26,0,0,26,0,0,0,0,,,,0,,0,,0,,0,,0,,0,,0,,0,,0,,0,,0,,0
Signal-Android,2020-1,2021-1,org.thoughtcrime.securesms.database.model.DisplayRecord,top_level,24,32,8,81,0,24,99,0,32,1,1,20,28,0,1,0,1,0,1,0,1,0,1,1,1,0,1,0,1,20,1,27,1,0,1,0,1
Signal-Android,2020-1,2021-1,org.thoughtcrime.securesms.database.model.IncomingSticker,top_level,3,3,0,41,0,3,46,0,3,1,1,1,1,1,1,1,1,0,1,0,1,0,1,0,1,0,1,0,1,0,1,0,1,0,1,0,1
Signal-Android,2020-1,2021-1,org.thoughtcrime.securesms.database.model.MediaMmsMessageRecord,top_level,2,3,1,37,0,2,58,0,3,1,1,4,4,0,1,0,1,0,1,0,1,1,1,1,1,0,1,0,1,3,1,3,1,0,1,0,1
Signal-Android,2020-1,2021-1,org.thoughtcrime.securesms.database.model.MessageRecord,top_level,29,40,11,140,0,27,290,0,34,1,1,32,78,0,1,0,1,0,1,0,1,1,1,1,1,0,1,0,1,24,1,66,1,1,1,1,1
Signal-Android,2020-1,2021-1,org.thoughtcrime.securesms.database.model.MmsMessageRecord,top_level,7,7,0,45,0,4,46,0,4,1,1,2,2,0,1,0,1,0,1,0,1,1,1,1,1,0,1,0,1,1,1,1,1,0,1,0,1
Signal-Android,2020-1,2021-1,org.thoughtcrime.securesms.database.model.NotificationMmsMessageRecord,top_level,10,10,0,55,0,10,56,0,10,1,1,1,1,0,1,0,1,0,1,0,1,1,1,1,1,0,1,0,1,0,1,0,1,0,1,0,1
Signal-Android,2020-1,2021-1,org.thoughtcrime.securesms.database.model.Quote,top_level,2,2,0,22,0,2,31,0,2,1,1,1,1,1,1,0,1,0,1,0,1,0,1,0,1,0,1,0,1,0,1,0,1,0,1,0,1
Signal-Android,2020-1,2021-1,org.thoughtcrime.securesms.database.model.ReactionRecord,top_level,2,3,1,21,0,2,33,0,3,1,1,1,1,1,1,1,1,0,1,0,1,0,1,0,1,0,1,0,1,0,1,0,1,0,1,0,1
Signal-Android,2020-1,2021-1,org.thoughtcrime.securesms.database.model.SmsMessageRecord,top_level,3,3,0,54,0,3,55,0,3,1,1,14,14,0,1,0,1,0,1,0,1,1,1,1,1,0,1,0,1,7,1,7,1,0,1,0,1
Signal-Android,2020-1,2021-1,org.thoughtcrime.securesms.database.model.Sticker,top_level,1,1,0,21,0,1,21,0,1,1,1,1,1,1,1,1,1,0,1,0,1,0,1,0,1,0,1,0,1,0,1,0,1,0,1,0,1
Signal-Android,2020-1,2021-1,org.thoughtcrime.securesms.database.model.StickerPackRecord,top_level,2,2,0,45,0,2,45,0,2,1,1,1,1,1,1,1,1,0,1,0,1,0,1,0,1,0,1,0,1,0,1,0,1,0,1,0,1
Signal-Android,2020-1,2021-1,org.thoughtcrime.securesms.database.model.StickerRecord,top_level,5,5,0,53,0,5,59,0,5,0,0,,,,0,,0,,0,,0,,0,,0,,0,,0,,0,,0,,0,,0
Signal-Android,2020-1,2021-1,org.thoughtcrime.securesms.database.model.ThreadRecord,top_level,7,26,19,106,0,7,231,0,25,1,1,27,7,1,1,0,1,0,1,0,1,1,1,0,1,0,1,0,1,18,1,4,1,0,1,0,1
Signal-Android,2020-1,2021-1,org.thoughtcrime.securesms.dependencies.ApplicationDependencies,top_level,4,1,-3,90,0,0,172,0,0,1,1,2,7,0,1,0,1,0,1,0,1,0,1,0,1,0,1,0,1,1,1,2,1,0,1,0,1
Signal-Android,2020-1,2021-1,org.thoughtcrime.securesms.dependencies.ApplicationDependencyProvider,top_level,0,0,0,88,0,0,123,0,0,1,1,1,6,0,1,0,1,0,1,0,1,0,1,0,1,0,1,0,1,0,1,3,1,0,1,0,1
Signal-Android,2020-1,2021-1,org.thoughtcrime.securesms.devicelist.Device,top_level,3,3,0,18,0,3,18,0,3,1,1,1,1,1,1,1,1,0,1,0,1,0,1,0,1,0,1,0,1,0,1,0,1,0,1,0,1
Signal-Android,2020-1,2021-1,org.thoughtcrime.securesms.events.PartProgressEvent,top_level,0,0,0,13,0,0,13,0,0,1,1,1,1,1,1,1,1,0,1,0,1,0,1,0,1,0,1,0,1,0,1,0,1,0,1,0,1
Signal-Android,2020-1,2021-1,org.thoughtcrime.securesms.events.RedPhoneEvent,top_level,1,1,0,32,0,1,32,0,1,0,0,,,,0,,0,,0,,0,,0,,0,,0,,0,,0,,0,,0,,0
Signal-Android,2020-1,2021-1,org.thoughtcrime.securesms.events.ReminderUpdateEvent,top_level,0,0,0,1,0,0,1,0,0,0,0,,,,0,,0,,0,,0,,0,,0,,0,,0,,0,,0,,0,,0
Signal-Android,2020-1,2021-1,org.thoughtcrime.securesms.events.WebRtcViewModel,top_level,4,7,3,76,0,4,111,0,7,1,1,2,1,1,1,0,1,0,1,0,1,0,1,0,1,0,1,0,1,1,1,1,1,0,1,0,1
Signal-Android,2020-1,2021-1,org.thoughtcrime.securesms.gcm.FcmJobService,top_level,0,0,0,33,0,0,33,0,0,1,1,2,2,0,1,0,1,0,1,0,1,0,1,0,1,0,1,0,1,2,1,2,1,0,1,0,1
Signal-Android,2020-1,2021-1,org.thoughtcrime.securesms.gcm.FcmUtil,top_level,0,0,0,18,0,0,18,0,0,1,1,3,3,0,1,0,1,0,1,0,1,0,1,0,1,0,1,0,1,2,1,2,1,0,1,0,1
Signal-Android,2020-1,2021-1,org.thoughtcrime.securesms.giph.model.ChunkedImageUrl,top_level,2,2,0,26,0,2,26,0,2,1,1,2,2,0,1,0,1,0,1,0,1,0,1,0,1,0,1,0,1,0,1,0,1,0,1,0,1
Signal-Android,2020-1,2021-1,org.thoughtcrime.securesms.giph.model.GiphyImage,top_level,17,18,1,74,0,9,78,0,10,0,0,,,,0,,0,,0,,0,,0,,0,,0,,0,,0,,0,,0,,0
Signal-Android,2020-1,2021-1,org.thoughtcrime.securesms.giph.model.GiphyResponse,top_level,0,0,0,5,0,0,5,0,0,0,0,,,,0,,0,,0,,0,,0,,0,,0,,0,,0,,0,,0,,0
Signal-Android,2020-1,2021-1,org.thoughtcrime.securesms.giph.net.GiphyGifLoader,top_level,0,0,0,9,0,0,9,0,0,0,0,,,,0,,0,,0,,0,,0,,0,,0,,0,,0,,0,,0,,0
Signal-Android,2020-1,2021-1,org.thoughtcrime.securesms.giph.net.GiphyLoader,top_level,0,0,0,34,0,0,38,0,0,1,1,11,11,0,1,0,1,0,1,0,1,0,1,0,1,1,1,1,1,9,1,9,1,0,1,0,1
Signal-Android,2020-1,2021-1,org.thoughtcrime.securesms.giph.net.GiphyStickerLoader,top_level,0,0,0,9,0,0,9,0,0,0,0,,,,0,,0,,0,,0,,0,,0,,0,,0,,0,,0,,0,,0
Signal-Android,2020-1,2021-1,org.thoughtcrime.securesms.giph.ui.AspectRatioImageView,top_level,11,11,0,39,0,7,39,0,7,0,0,,,,0,,0,,0,,0,,0,,0,,0,,0,,0,,0,,0,,0
Signal-Android,2020-1,2021-1,org.thoughtcrime.securesms.giph.ui.GiphyActivity,top_level,5,5,0,111,0,5,113,0,5,1,1,19,19,0,1,0,1,0,1,0,1,0,1,0,1,0,1,0,1,18,1,19,1,0,1,0,1
Signal-Android,2020-1,2021-1,org.thoughtcrime.securesms.giph.ui.GiphyActivityToolbar,top_level,9,9,0,112,0,7,112,0,7,1,1,6,6,0,1,0,1,0,1,0,1,0,1,0,1,0,1,0,1,5,1,5,1,0,1,0,1
Signal-Android,2020-1,2021-1,org.thoughtcrime.securesms.giph.ui.GiphyActivityToolbarTextSecurePreferencesPersistence,top_level,2,2,0,12,0,2,12,0,2,1,1,1,1,0,1,0,1,0,1,0,1,0,1,0,1,0,1,0,1,0,1,0,1,0,1,0,1
Signal-Android,2020-1,2021-1,org.thoughtcrime.securesms.giph.ui.GiphyAdapter,top_level,5,5,0,100,0,4,100,0,4,1,1,9,8,0,1,0,1,0,1,0,1,0,1,0,1,0,1,0,1,8,1,8,1,0,1,0,1
Signal-Android,2020-1,2021-1,org.thoughtcrime.securesms.giph.ui.GiphyFragment,top_level,1,1,0,61,0,1,61,0,1,1,1,2,5,0,1,0,1,0,1,0,1,0,1,0,1,0,1,0,1,2,1,5,1,0,1,0,1
Signal-Android,2020-1,2021-1,org.thoughtcrime.securesms.giph.ui.GiphyGifFragment,top_level,0,0,0,4,0,0,4,0,0,0,0,,,,0,,0,,0,,0,,0,,0,,0,,0,,0,,0,,0,,0
Signal-Android,2020-1,2021-1,org.thoughtcrime.securesms.giph.ui.GiphyStickerFragment,top_level,0,0,0,4,0,0,4,0,0,0,0,,,,0,,0,,0,,0,,0,,0,,0,,0,,0,,0,,0,,0
Signal-Android,2020-1,2021-1,org.thoughtcrime.securesms.giph.util.InfiniteScrollListener,top_level,1,1,0,24,0,1,24,0,1,1,1,5,5,0,1,0,1,0,1,0,1,0,1,0,1,1,1,1,1,2,1,2,1,0,1,0,1
Signal-Android,2020-1,2021-1,org.thoughtcrime.securesms.giph.util.RecyclerViewPositionHelper,top_level,10,10,0,48,0,5,48,0,5,1,1,5,5,0,1,0,1,0,1,0,1,0,1,0,1,0,1,0,1,2,1,2,1,0,1,0,1
Signal-Android,2020-1,2021-1,org.thoughtcrime.securesms.glide.ChunkedImageUrlFetcher,top_level,4,4,0,36,0,2,36,0,2,0,0,,,,0,,0,,0,,0,,0,,0,,0,,0,,0,,0,,0,,0
Signal-Android,2020-1,2021-1,org.thoughtcrime.securesms.glide.ChunkedImageUrlLoader,top_level,0,0,0,24,0,0,26,0,0,0,0,,,,0,,0,,0,,0,,0,,0,,0,,0,,0,,0,,0,,0
Signal-Android,2020-1,2021-1,org.thoughtcrime.securesms.glide.ContactPhotoFetcher,top_level,4,4,0,29,0,2,29,0,2,0,0,,,,0,,0,,0,,0,,0,,0,,0,,0,,0,,0,,0,,0
Signal-Android,2020-1,2021-1,org.thoughtcrime.securesms.glide.ContactPhotoLoader,top_level,0,0,0,19,0,0,19,0,0,0,0,,,,0,,0,,0,,0,,0,,0,,0,,0,,0,,0,,0,,0
Signal-Android,2020-1,2021-1,org.thoughtcrime.securesms.glide.OkHttpStreamFetcher,top_level,5,5,0,43,0,2,43,0,2,1,1,5,5,0,1,0,1,0,1,0,1,0,1,0,1,0,1,0,1,5,1,5,1,0,1,0,1
Signal-Android,2020-1,2021-1,org.thoughtcrime.securesms.glide.OkHttpUrlLoader,top_level,0,0,0,30,0,0,32,0,0,0,0,,,,0,,0,,0,,0,,0,,0,,0,,0,,0,,0,,0,,0
Signal-Android,2020-1,2021-1,org.thoughtcrime.securesms.glide.PaddedHeadersInterceptor,top_level,0,0,0,19,0,0,19,0,0,1,1,4,4,0,1,0,1,0,1,0,1,0,1,0,1,0,1,0,1,4,1,4,1,0,1,0,1
Signal-Android,2020-1,2021-1,org.thoughtcrime.securesms.glide.cache.EncryptedBitmapResourceEncoder,top_level,1,1,0,30,0,1,29,0,1,0,0,,,,0,,0,,0,,0,,0,,0,,0,,0,,0,,0,,0,,0
Signal-Android,2020-1,2021-1,org.thoughtcrime.securesms.glide.cache.EncryptedCacheEncoder,top_level,0,0,0,22,0,0,24,0,0,0,0,,,,0,,0,,0,,0,,0,,0,,0,,0,,0,,0,,0,,0
Signal-Android,2020-1,2021-1,org.thoughtcrime.securesms.glide.cache.EncryptedCoder,top_level,0,0,0,46,0,0,46,0,0,1,1,2,2,0,1,0,1,0,1,0,1,0,1,0,1,0,1,0,1,2,1,2,1,0,1,0,1
Signal-Android,2020-1,2021-1,org.thoughtcrime.securesms.glide.cache.EncryptedGifDrawableResourceEncoder,top_level,1,1,0,17,0,1,17,0,1,0,0,,,,0,,0,,0,,0,,0,,0,,0,,0,,0,,0,,0,,0
Signal-Android,2020-1,2021-1,org.thoughtcrime.securesms.groups.GroupManager,top_level,0,0,0,31,0,0,265,0,0,1,1,1,9,0,1,1,1,0,1,0,1,0,1,0,1,0,1,0,1,0,1,5,1,0,1,1,1
Signal-Android,2020-1,2021-1,org.thoughtcrime.securesms.imageeditor.Bounds,top_level,4,4,0,32,0,0,32,0,0,1,1,2,2,0,1,0,1,0,1,0,1,0,1,0,1,1,1,1,1,0,1,0,1,0,1,0,1
Signal-Android,2020-1,2021-1,org.thoughtcrime.securesms.imageeditor.CanvasMatrix,top_level,6,6,0,35,0,4,35,0,4,0,0,,,,0,,0,,0,,0,,0,,0,,0,,0,,0,,0,,0,,0
Signal-Android,2020-1,2021-1,org.thoughtcrime.securesms.imageeditor.ColorableRenderer,top_level,2,2,0,4,0,2,4,0,2,0,0,,,,0,,0,,0,,0,,0,,0,,0,,0,,0,,0,,0,,0
Signal-Android,2020-1,2021-1,org.thoughtcrime.securesms.imageeditor.DrawingSession,top_level,0,0,0,21,0,0,21,0,0,1,1,1,1,0,1,0,1,0,1,0,1,0,1,0,1,0,1,0,1,0,1,0,1,0,1,0,1
Signal-Android,2020-1,2021-1,org.thoughtcrime.securesms.imageeditor.EditSession,top_level,5,5,0,6,0,1,6,0,1,0,0,,,,0,,0,,0,,0,,0,,0,,0,,0,,0,,0,,0,,0
Signal-Android,2020-1,2021-1,org.thoughtcrime.securesms.imageeditor.ElementDragEditSession,top_level,0,0,0,20,0,0,20,0,0,1,1,2,2,0,1,0,1,0,1,0,1,0,1,0,1,0,1,0,1,2,1,2,1,0,1,0,1
Signal-Android,2020-1,2021-1,org.thoughtcrime.securesms.imageeditor.ElementEditSession,top_level,1,1,0,34,0,1,34,0,1,0,0,,,,0,,0,,0,,0,,0,,0,,0,,0,,0,,0,,0,,0
Signal-Android,2020-1,2021-1,org.thoughtcrime.securesms.imageeditor.ElementScaleEditSession,top_level,0,0,0,48,0,0,48,0,0,1,1,3,3,0,1,0,1,0,1,0,1,0,1,0,1,0,1,0,1,3,1,3,1,0,1,0,1
Signal-Android,2020-1,2021-1,org.thoughtcrime.securesms.imageeditor.HiddenEditText,top_level,15,15,0,98,0,7,98,0,7,1,1,7,7,0,1,0,1,0,1,0,1,0,1,0,1,0,1,0,1,7,1,7,1,0,1,0,1
Signal-Android,2020-1,2021-1,org.thoughtcrime.securesms.imageeditor.ImageEditorView,top_level,17,17,0,271,0,12,273,0,12,1,1,19,19,0,1,0,1,0,1,0,1,0,1,0,1,0,1,0,1,7,1,7,1,1,1,1,1
Signal-Android,2020-1,2021-1,org.thoughtcrime.securesms.imageeditor.Renderer,top_level,2,2,0,3,0,1,3,0,1,0,0,,,,0,,0,,0,,0,,0,,0,,0,,0,,0,,0,,0,,0
Signal-Android,2020-1,2021-1,org.thoughtcrime.securesms.imageeditor.RendererContext,top_level,8,8,0,48,0,8,58,0,8,0,0,,,,0,,0,,0,,0,,0,,0,,0,,0,,0,,0,,0,,0
Signal-Android,2020-1,2021-1,org.thoughtcrime.securesms.imageeditor.ThumbDragEditSession,top_level,0,0,0,44,0,0,44,0,0,1,1,6,6,0,1,0,1,0,1,0,1,0,1,0,1,0,1,0,1,5,1,5,1,0,1,0,1
Signal-Android,2020-1,2021-1,org.thoughtcrime.securesms.imageeditor.UndoRedoStackListener,top_level,1,1,0,2,0,1,2,0,1,0,0,,,,0,,0,,0,,0,,0,,0,,0,,0,,0,,0,,0,,0
Signal-Android,2020-1,2021-1,org.thoughtcrime.securesms.imageeditor.model.AlphaAnimation,top_level,6,6,0,37,0,3,37,0,3,1,1,4,4,0,1,0,1,0,1,0,1,0,1,0,1,0,1,0,1,4,1,4,1,0,1,0,1
Signal-Android,2020-1,2021-1,org.thoughtcrime.securesms.imageeditor.model.AnimationMatrix,top_level,3,3,0,70,0,2,70,0,2,1,1,3,3,0,1,0,1,0,1,0,1,0,1,0,1,1,1,1,1,1,1,1,1,0,1,0,1
Signal-Android,2020-1,2021-1,org.thoughtcrime.securesms.imageeditor.model.Bisect,top_level,0,0,0,53,0,0,53,0,0,1,1,1,1,0,1,0,1,0,1,0,1,0,1,0,1,0,1,0,1,0,1,0,1,0,1,0,1
Signal-Android,2020-1,2021-1,org.thoughtcrime.securesms.imageeditor.model.CropThumbRenderer,top_level,2,2,0,42,0,2,42,0,2,1,1,4,4,0,1,0,1,0,1,0,1,0,1,0,1,0,1,0,1,4,1,4,1,0,1,0,1
Signal-Android,2020-1,2021-1,org.thoughtcrime.securesms.imageeditor.model.EditorElement,top_level,13,14,1,172,0,8,184,0,9,1,1,5,5,0,1,0,1,0,1,0,1,0,1,0,1,0,1,0,1,3,1,3,1,1,1,1,1
Signal-Android,2020-1,2021-1,org.thoughtcrime.securesms.imageeditor.model.EditorElementHierarchy,top_level,1,2,1,182,0,0,187,0,0,1,1,25,27,0,1,0,1,0,1,0,1,0,1,0,1,0,1,0,1,24,1,26,1,0,1,0,1
Signal-Android,2020-1,2021-1,org.thoughtcrime.securesms.imageeditor.model.EditorFlags,top_level,25,25,0,69,0,24,69,0,24,0,0,,,,0,,0,,0,,0,,0,,0,,0,,0,,0,,0,,0,,0
Signal-Android,2020-1,2021-1,org.thoughtcrime.securesms.imageeditor.model.EditorModel,top_level,31,42,11,373,0,22,437,0,24,1,1,51,60,0,1,0,1,0,1,0,1,0,1,0,1,0,1,0,1,46,1,52,1,0,1,1,1
Signal-Android,2020-1,2021-1,org.thoughtcrime.securesms.imageeditor.model.ElementStack,top_level,3,3,0,70,0,3,70,0,3,0,0,,,,0,,0,,0,,0,,0,,0,,0,,0,,0,,0,,0,,0
Signal-Android,2020-1,2021-1,org.thoughtcrime.securesms.imageeditor.model.InBoundsMemory,top_level,0,0,0,17,0,0,17,0,0,0,0,,,,0,,0,,0,,0,,0,,0,,0,,0,,0,,0,,0,,0
Signal-Android,2020-1,2021-1,org.thoughtcrime.securesms.imageeditor.model.ParcelUtils,top_level,1,1,0,15,0,1,30,0,1,0,0,,,,0,,0,,0,,0,,0,,0,,0,,0,,0,,0,,0,,0
Signal-Android,2020-1,2021-1,org.thoughtcrime.securesms.imageeditor.model.ThumbRenderer,top_level,2,2,0,39,0,1,39,0,1,1,1,2,2,0,1,0,1,0,1,0,1,0,1,0,1,0,1,0,1,0,1,0,1,0,1,0,1
Signal-Android,2020-1,2021-1,org.thoughtcrime.securesms.imageeditor.model.UndoRedoStacks,top_level,2,2,0,48,0,2,48,0,2,0,0,,,,0,,0,,0,,0,,0,,0,,0,,0,,0,,0,,0,,0
Signal-Android,2020-1,2021-1,org.thoughtcrime.securesms.imageeditor.renderers.AutomaticControlPointBezierLine,top_level,25,25,0,112,0,10,112,0,10,0,0,,,,0,,0,,0,,0,,0,,0,,0,,0,,0,,0,,0,,0
Signal-Android,2020-1,2021-1,org.thoughtcrime.securesms.imageeditor.renderers.BezierDrawingRenderer,top_level,8,8,0,86,0,6,87,0,6,1,1,3,4,0,1,0,1,0,1,0,1,0,1,0,1,0,1,0,1,3,1,4,1,0,1,0,1
Signal-Android,2020-1,2021-1,org.thoughtcrime.securesms.imageeditor.renderers.CropAreaRenderer,top_level,3,3,0,73,0,3,75,0,3,1,1,23,23,0,1,0,1,0,1,0,1,0,1,0,1,0,1,0,1,23,1,23,1,0,1,0,1
Signal-Android,2020-1,2021-1,org.thoughtcrime.securesms.imageeditor.renderers.InvalidateableRenderer,top_level,2,2,0,12,0,1,12,0,1,0,0,,,,0,,0,,0,,0,,0,,0,,0,,0,,0,,0,,0,,0
Signal-Android,2020-1,2021-1,org.thoughtcrime.securesms.imageeditor.renderers.InverseFillRenderer,top_level,3,3,0,36,0,3,36,0,3,1,1,4,4,0,1,0,1,0,1,0,1,0,1,0,1,0,1,0,1,4,1,4,1,0,1,0,1
Signal-Android,2020-1,2021-1,org.thoughtcrime.securesms.imageeditor.renderers.MultiLineTextRenderer,top_level,17,17,0,233,0,7,233,0,7,1,1,8,8,0,1,0,1,0,1,0,1,0,1,0,1,0,1,0,1,8,1,8,1,0,1,0,1
Signal-Android,2020-1,2021-1,org.thoughtcrime.securesms.insights.InsightsAnimatorSetFactory,top_level,1,1,0,53,0,1,53,0,1,1,1,13,13,0,1,0,1,0,1,0,1,0,1,0,1,0,1,0,1,13,1,13,1,0,1,0,1
Signal-Android,2020-1,2021-1,org.thoughtcrime.securesms.insights.InsightsConstants,top_level,1,1,0,4,0,1,4,0,1,0,0,,,,0,,0,,0,,0,,0,,0,,0,,0,,0,,0,,0,,0
Signal-Android,2020-1,2021-1,org.thoughtcrime.securesms.insights.InsightsDashboardDialogFragment,top_level,20,20,0,166,0,14,166,0,14,1,1,9,9,0,1,0,1,0,1,0,1,0,1,0,1,0,1,0,1,7,1,7,1,0,1,0,1
Signal-Android,2020-1,2021-1,org.thoughtcrime.securesms.insights.InsightsDashboardState,top_level,3,3,0,34,0,2,34,0,2,1,1,3,3,0,1,0,1,0,1,0,1,0,1,0,1,0,1,0,1,3,1,3,1,0,1,0,1
Signal-Android,2020-1,2021-1,org.thoughtcrime.securesms.insights.InsightsDashboardViewModel,top_level,2,2,0,32,0,2,32,0,2,1,1,1,1,0,1,0,1,0,1,0,1,0,1,0,1,0,1,0,1,1,1,1,1,0,1,0,1
Signal-Android,2020-1,2021-1,org.thoughtcrime.securesms.insights.InsightsData,top_level,3,3,0,10,0,3,10,0,3,0,0,,,,0,,0,,0,,0,,0,,0,,0,,0,,0,,0,,0,,0
Signal-Android,2020-1,2021-1,org.thoughtcrime.securesms.insights.InsightsInsecureRecipientsAdapter,top_level,2,2,0,56,0,2,56,0,2,1,1,6,6,0,1,0,1,0,1,0,1,0,1,0,1,0,1,0,1,4,1,4,1,0,1,0,1
Signal-Android,2020-1,2021-1,org.thoughtcrime.securesms.insights.InsightsLauncher,top_level,0,0,0,8,0,0,8,0,0,1,1,1,1,0,1,0,1,0,1,0,1,0,1,0,1,0,1,0,1,0,1,0,1,0,1,0,1
Signal-Android,2020-1,2021-1,org.thoughtcrime.securesms.insights.InsightsModalDialogFragment,top_level,6,6,0,72,0,5,72,0,5,1,1,11,11,0,1,0,1,0,1,0,1,0,1,0,1,0,1,0,1,10,1,10,1,0,1,0,1
Signal-Android,2020-1,2021-1,org.thoughtcrime.securesms.insights.InsightsModalState,top_level,3,3,0,26,0,2,26,0,2,1,1,2,2,0,1,0,1,0,1,0,1,0,1,0,1,0,1,0,1,2,1,2,1,0,1,0,1
Signal-Android,2020-1,2021-1,org.thoughtcrime.securesms.insights.InsightsModalViewModel,top_level,1,1,0,23,0,1,23,0,1,1,1,1,1,0,1,0,1,0,1,0,1,0,1,0,1,0,1,0,1,1,1,1,1,0,1,0,1
Signal-Android,2020-1,2021-1,org.thoughtcrime.securesms.insights.InsightsOptOut,top_level,1,1,0,7,0,1,7,0,1,0,0,,,,0,,0,,0,,0,,0,,0,,0,,0,,0,,0,,0,,0
Signal-Android,2020-1,2021-1,org.thoughtcrime.securesms.insights.InsightsRepository,top_level,0,0,0,48,0,0,48,0,0,0,0,,,,0,,0,,0,,0,,0,,0,,0,,0,,0,,0,,0,,0
Signal-Android,2020-1,2021-1,org.thoughtcrime.securesms.insights.InsightsUserAvatar,top_level,0,0,0,17,0,0,17,0,0,1,1,5,5,0,1,0,1,0,1,0,1,0,1,0,1,0,1,0,1,5,1,5,1,0,1,0,1
Signal-Android,2020-1,2021-1,org.thoughtcrime.securesms.invites.InviteReminderModel,top_level,1,1,0,75,0,1,75,0,1,1,1,5,5,0,1,0,1,0,1,0,1,0,1,0,1,0,1,0,1,5,1,5,1,0,1,0,1
Signal-Android,2020-1,2021-1,org.thoughtcrime.securesms.invites.InviteReminderRepository,top_level,2,2,0,19,0,1,19,0,1,0,0,,,,0,,0,,0,,0,,0,,0,,0,,0,,0,,0,,0,,0
Signal-Android,2020-1,2021-1,org.thoughtcrime.securesms.jobmanager.AlarmManagerScheduler,top_level,0,0,0,20,0,0,20,0,0,1,1,4,4,0,1,0,1,0,1,0,1,0,1,0,1,0,1,0,1,4,1,4,1,0,1,0,1
Signal-Android,2020-1,2021-1,org.thoughtcrime.securesms.jobmanager.BootReceiver,top_level,0,0,0,5,0,0,5,0,0,0,0,,,,0,,0,,0,,0,,0,,0,,0,,0,,0,,0,,0,,0
Signal-Android,2020-1,2021-1,org.thoughtcrime.securesms.jobmanager.CompositeScheduler,top_level,0,0,0,8,0,0,8,0,0,0,0,,,,0,,0,,0,,0,,0,,0,,0,,0,,0,,0,,0,,0
Signal-Android,2020-1,2021-1,org.thoughtcrime.securesms.jobmanager.Constraint,top_level,3,3,0,7,0,1,7,0,1,0,0,,,,0,,0,,0,,0,,0,,0,,0,,0,,0,,0,,0,,0
Signal-Android,2020-1,2021-1,org.thoughtcrime.securesms.jobmanager.ConstraintInstantiator,top_level,0,0,0,9,0,0,9,0,0,1,1,1,1,0,1,0,1,0,1,0,1,0,1,0,1,0,1,0,1,1,1,1,1,0,1,0,1
Signal-Android,2020-1,2021-1,org.thoughtcrime.securesms.jobmanager.ConstraintObserver,top_level,1,1,0,4,0,1,4,0,1,0,0,,,,0,,0,,0,,0,,0,,0,,0,,0,,0,,0,,0,,0
Signal-Android,2020-1,2021-1,org.thoughtcrime.securesms.jobmanager.Data,top_level,0,1,1,184,0,0,219,0,1,1,1,4,4,0,1,0,1,0,1,0,1,1,1,1,1,0,1,0,1,0,1,0,1,0,1,0,1
Signal-Android,2020-1,2021-1,org.thoughtcrime.securesms.jobmanager.DependencyInjector,top_level,1,1,0,2,0,0,2,0,0,0,0,,,,0,,0,,0,,0,,0,,0,,0,,0,,0,,0,,0,,0
Signal-Android,2020-1,2021-1,org.thoughtcrime.securesms.jobmanager.ExecutorFactory,top_level,1,1,0,2,0,0,2,0,0,0,0,,,,0,,0,,0,,0,,0,,0,,0,,0,,0,,0,,0,,0
Signal-Android,2020-1,2021-1,org.thoughtcrime.securesms.jobmanager.InAppScheduler,top_level,0,0,0,17,0,0,17,0,0,1,1,1,1,0,1,0,1,0,1,0,1,0,1,0,1,0,1,0,1,1,1,1,1,0,1,0,1
Signal-Android,2020-1,2021-1,org.thoughtcrime.securesms.jobmanager.Job,top_level,11,13,2,179,0,11,227,0,13,0,0,,,,0,,0,,0,,0,,0,,0,,0,,0,,0,,0,,0,,0
Signal-Android,2020-1,2021-1,org.thoughtcrime.securesms.jobmanager.JobController,top_level,3,3,0,228,0,3,307,0,3,1,1,64,91,0,1,0,1,0,1,0,1,0,1,0,1,0,1,0,1,62,1,89,1,0,1,0,1
Signal-Android,2020-1,2021-1,org.thoughtcrime.securesms.jobmanager.JobInstantiator,top_level,0,0,0,9,0,0,9,0,0,1,1,1,1,0,1,0,1,0,1,0,1,0,1,0,1,0,1,0,1,1,1,1,1,0,1,0,1
Signal-Android,2020-1,2021-1,org.thoughtcrime.securesms.jobmanager.JobLogger,top_level,0,0,0,15,0,0,15,0,0,1,1,7,7,0,1,0,1,0,1,0,1,0,1,0,1,0,1,0,1,6,1,6,1,0,1,0,1
Signal-Android,2020-1,2021-1,org.thoughtcrime.securesms.jobmanager.JobManager,top_level,10,16,6,198,0,6,310,0,8,1,1,2,4,0,1,0,1,0,1,0,1,0,1,0,1,0,1,0,1,0,1,0,1,0,1,0,1
Signal-Android,2020-1,2021-1,org.thoughtcrime.securesms.jobmanager.JobMigration,top_level,3,3,0,27,0,3,27,0,3,0,0,,,,0,,0,,0,,0,,0,,0,,0,,0,,0,,0,,0,,0
Signal-Android,2020-1,2021-1,org.thoughtcrime.securesms.jobmanager.JobMigrator,top_level,0,0,0,44,0,0,46,0,0,1,1,16,18,0,1,0,1,0,1,0,1,0,1,0,1,0,1,0,1,16,1,18,1,0,1,0,1
Signal-Android,2020-1,2021-1,org.thoughtcrime.securesms.jobmanager.JobRunner,top_level,6,6,0,65,0,1,71,0,1,1,1,18,20,0,1,0,1,0,1,0,1,0,1,0,1,0,1,0,1,17,1,19,1,0,1,0,1
Signal-Android,2020-1,2021-1,org.thoughtcrime.securesms.jobmanager.JobSchedulerScheduler,top_level,2,3,1,45,0,1,48,0,2,1,1,6,8,0,1,0,1,0,1,0,1,0,1,0,1,0,1,0,1,6,1,8,1,0,1,0,1
Signal-Android,2020-1,2021-1,org.thoughtcrime.securesms.jobmanager.JobTracker,top_level,3,5,2,49,0,2,62,0,3,1,1,3,5,0,1,0,1,0,1,0,1,0,1,0,1,0,1,0,1,3,1,5,1,0,1,0,1
Signal-Android,2020-1,2021-1,org.thoughtcrime.securesms.jobmanager.KeepAliveService,top_level,0,0,0,7,0,0,7,0,0,0,0,,,,0,,0,,0,,0,,0,,0,,0,,0,,0,,0,,0,,0
Signal-Android,2020-1,2021-1,org.thoughtcrime.securesms.jobmanager.Scheduler,top_level,1,1,0,2,0,0,2,0,0,0,0,,,,0,,0,,0,,0,,0,,0,,0,,0,,0,,0,,0,,0
Signal-Android,2020-1,2021-1,org.thoughtcrime.securesms.jobmanager.impl.CellServiceConstraintObserver,top_level,1,1,0,24,0,1,24,0,1,0,0,,,,0,,0,,0,,0,,0,,0,,0,,0,,0,,0,,0,,0
Signal-Android,2020-1,2021-1,org.thoughtcrime.securesms.jobmanager.impl.DefaultExecutorFactory,top_level,0,0,0,4,0,0,4,0,0,0,0,,,,0,,0,,0,,0,,0,,0,,0,,0,,0,,0,,0,,0
Signal-Android,2020-1,2021-1,org.thoughtcrime.securesms.jobmanager.impl.JsonDataSerializer,top_level,0,0,0,16,0,0,16,0,0,0,0,,,,0,,0,,0,,0,,0,,0,,0,,0,,0,,0,,0,,0
Signal-Android,2020-1,2021-1,org.thoughtcrime.securesms.jobmanager.impl.NetworkConstraint,top_level,1,1,0,24,0,1,26,0,1,1,1,2,2,0,1,0,1,0,1,0,1,0,1,0,1,0,1,0,1,2,1,2,1,0,1,0,1
Signal-Android,2020-1,2021-1,org.thoughtcrime.securesms.jobmanager.impl.NetworkConstraintObserver,top_level,0,0,0,14,0,0,14,0,0,0,0,,,,0,,0,,0,,0,,0,,0,,0,,0,,0,,0,,0,,0
Signal-Android,2020-1,2021-1,org.thoughtcrime.securesms.jobmanager.impl.NetworkOrCellServiceConstraint,top_level,1,2,1,22,0,1,28,0,1,0,1,,1,,0,0,1,,0,0,1,,0,0,1,,0,0,1,,0,1,1,,0,0,1
Signal-Android,2020-1,2021-1,org.thoughtcrime.securesms.jobmanager.impl.SqlCipherMigrationConstraint,top_level,1,1,0,21,0,1,21,0,1,0,0,,,,0,,0,,0,,0,,0,,0,,0,,0,,0,,0,,0,,0
Signal-Android,2020-1,2021-1,org.thoughtcrime.securesms.jobmanager.impl.SqlCipherMigrationConstraintObserver,top_level,3,3,0,12,0,2,12,0,2,0,0,,,,0,,0,,0,,0,,0,,0,,0,,0,,0,,0,,0,,0
Signal-Android,2020-1,2021-1,org.thoughtcrime.securesms.jobmanager.migrations.RecipientIdFollowUpJobMigration,top_level,2,2,0,26,0,2,26,0,2,1,1,5,5,0,1,0,1,0,1,0,1,0,1,0,1,0,1,0,1,5,1,5,1,0,1,0,1
Signal-Android,2020-1,2021-1,org.thoughtcrime.securesms.jobmanager.migrations.RecipientIdFollowUpJobMigration2,top_level,1,1,0,3,0,1,3,0,1,0,0,,,,0,,0,,0,,0,,0,,0,,0,,0,,0,,0,,0,,0
Signal-Android,2020-1,2021-1,org.thoughtcrime.securesms.jobmanager.migrations.RecipientIdJobMigration,top_level,0,0,0,147,0,0,147,0,0,1,1,64,64,0,1,0,1,0,1,0,1,0,1,0,1,0,1,0,1,60,1,60,1,0,1,0,1
Signal-Android,2020-1,2021-1,org.thoughtcrime.securesms.jobmanager.persistence.ConstraintSpec,top_level,1,2,1,23,0,1,28,0,2,0,0,,,,0,,0,,0,,0,,0,,0,,0,,0,,0,,0,,0,,0
Signal-Android,2020-1,2021-1,org.thoughtcrime.securesms.jobmanager.persistence.DependencySpec,top_level,1,2,1,23,0,1,28,0,2,0,0,,,,0,,0,,0,,0,,0,,0,,0,,0,,0,,0,,0,,0
Signal-Android,2020-1,2021-1,org.thoughtcrime.securesms.jobmanager.persistence.FullSpec,top_level,1,2,1,27,0,1,29,0,2,0,0,,,,0,,0,,0,,0,,0,,0,,0,,0,,0,,0,,0,,0
Signal-Android,2020-1,2021-1,org.thoughtcrime.securesms.jobmanager.persistence.JobSpec,top_level,9,10,1,86,0,9,98,0,10,1,1,2,2,1,1,1,1,0,1,0,1,1,1,1,1,0,1,0,1,0,1,0,1,0,1,0,1
Signal-Android,2020-1,2021-1,org.thoughtcrime.securesms.jobmanager.persistence.JobStorage,top_level,16,18,2,33,0,2,37,0,2,0,0,,,,0,,0,,0,,0,,0,,0,,0,,0,,0,,0,,0,,0
Signal-Android,2020-1,2021-1,org.thoughtcrime.securesms.jobmanager.workmanager.DataMigrator,top_level,0,0,0,96,0,0,96,0,0,1,1,9,9,0,1,0,1,0,1,0,1,0,1,0,1,0,1,0,1,1,1,1,1,0,1,0,1
Signal-Android,2020-1,2021-1,org.thoughtcrime.securesms.jobmanager.workmanager.WorkManagerDatabase,top_level,0,0,0,47,0,0,49,0,0,1,1,3,3,0,1,0,1,0,1,0,1,0,1,0,1,0,1,0,1,3,1,3,1,0,1,0,1
Signal-Android,2020-1,2021-1,org.thoughtcrime.securesms.jobmanager.workmanager.WorkManagerFactoryMappings,top_level,0,0,0,48,0,0,50,0,0,1,1,3,2,0,1,0,1,0,1,0,1,0,1,0,1,0,1,0,1,0,1,0,1,0,1,0,1
Signal-Android,2020-1,2021-1,org.thoughtcrime.securesms.jobmanager.workmanager.WorkManagerMigrator,top_level,0,0,0,19,0,0,19,0,0,1,1,5,5,0,1,0,1,0,1,0,1,0,1,0,1,0,1,0,1,4,1,4,1,0,1,0,1
Signal-Android,2020-1,2021-1,org.thoughtcrime.securesms.jobs.AttachmentCompressionJob,top_level,5,5,0,140,0,2,164,0,2,1,1,3,11,0,1,0,1,0,1,0,1,0,1,0,1,0,1,0,1,2,1,2,1,0,1,1,1
Signal-Android,2020-1,2021-1,org.thoughtcrime.securesms.jobs.AttachmentCopyJob,top_level,3,3,0,57,0,2,57,0,2,0,0,,,,0,,0,,0,,0,,0,,0,,0,,0,,0,,0,,0,,0
Signal-Android,2020-1,2021-1,org.thoughtcrime.securesms.jobs.AttachmentDownloadJob,top_level,11,11,0,147,0,4,134,0,4,1,1,6,6,0,1,0,1,0,1,0,1,0,1,0,1,0,1,0,1,5,1,5,1,0,1,0,1
Signal-Android,2020-1,2021-1,org.thoughtcrime.securesms.jobs.AttachmentUploadJob,top_level,3,9,6,109,0,2,126,0,2,1,1,12,16,0,1,0,1,0,1,0,1,0,1,0,1,0,1,0,1,11,1,15,1,0,1,0,1
Signal-Android,2020-1,2021-1,org.thoughtcrime.securesms.jobs.BaseJob,top_level,1,1,0,29,0,1,38,0,1,1,1,3,3,0,1,0,1,0,1,0,1,0,1,0,1,0,1,0,1,0,1,0,1,0,1,0,1
Signal-Android,2020-1,2021-1,org.thoughtcrime.securesms.jobs.CleanPreKeysJob,top_level,8,8,0,66,0,3,66,0,3,1,1,2,2,0,1,0,1,0,1,0,1,0,1,0,1,0,1,0,1,1,1,1,1,0,1,0,1
Signal-Android,2020-1,2021-1,org.thoughtcrime.securesms.jobs.CreateSignedPreKeyJob,top_level,4,4,0,40,0,2,40,0,2,1,1,2,2,0,1,0,1,0,1,0,1,0,1,0,1,0,1,0,1,1,1,1,1,0,1,0,1
Signal-Android,2020-1,2021-1,org.thoughtcrime.securesms.jobs.DirectoryRefreshJob,top_level,4,4,0,50,0,3,50,0,3,1,1,2,2,0,1,0,1,0,1,0,1,0,1,0,1,0,1,0,1,1,1,1,1,0,1,0,1
Signal-Android,2020-1,2021-1,org.thoughtcrime.securesms.jobs.FailingJob,top_level,1,1,0,20,0,1,20,0,1,0,0,,,,0,,0,,0,,0,,0,,0,,0,,0,,0,,0,,0,,0
Signal-Android,2020-1,2021-1,org.thoughtcrime.securesms.jobs.FastJobStorage,top_level,5,5,0,197,0,2,239,0,2,1,1,79,105,0,1,0,1,0,1,0,1,0,1,0,1,0,1,0,1,79,1,99,1,0,1,0,1
Signal-Android,2020-1,2021-1,org.thoughtcrime.securesms.jobs.FcmRefreshJob,top_level,9,9,0,66,0,4,66,0,4,1,1,10,10,0,1,0,1,0,1,0,1,0,1,0,1,0,1,0,1,9,1,9,1,0,1,0,1
Signal-Android,2020-1,2021-1,org.thoughtcrime.securesms.jobs.JobManagerFactories,top_level,0,0,0,87,0,0,138,0,0,1,1,1,4,0,1,0,1,0,1,1,1,0,1,0,1,0,1,0,1,0,1,0,1,0,1,0,1
Signal-Android,2020-1,2021-1,org.thoughtcrime.securesms.jobs.LocalBackupJob,top_level,7,12,5,55,0,3,87,0,2,1,1,3,8,0,1,0,1,0,1,0,1,0,1,0,1,0,1,0,1,3,1,6,1,0,1,0,1
Signal-Android,2020-1,2021-1,org.thoughtcrime.securesms.jobs.MmsDownloadJob,top_level,18,20,2,143,0,5,150,0,5,1,1,42,50,0,1,0,1,0,1,0,1,0,1,0,1,0,1,0,1,31,1,39,1,0,1,0,1
Signal-Android,2020-1,2021-1,org.thoughtcrime.securesms.jobs.MmsReceiveJob,top_level,8,8,0,60,0,3,60,0,3,1,1,4,6,0,1,0,1,0,1,0,1,0,1,0,1,0,1,0,1,3,1,5,1,0,1,0,1
Signal-Android,2020-1,2021-1,org.thoughtcrime.securesms.jobs.MmsSendJob,top_level,6,7,1,194,0,3,197,0,4,1,1,41,42,0,1,0,1,1,1,1,1,0,1,0,1,0,1,0,1,30,1,31,1,1,1,1,1
Signal-Android,2020-1,2021-1,org.thoughtcrime.securesms.jobs.MultiDeviceBlockedUpdateJob,top_level,7,7,0,48,0,3,48,0,3,1,1,4,5,0,1,0,1,0,1,0,1,0,1,0,1,0,1,0,1,3,1,4,1,0,1,0,1
Signal-Android,2020-1,2021-1,org.thoughtcrime.securesms.jobs.MultiDeviceConfigurationUpdateJob,top_level,4,4,0,69,0,3,69,0,3,0,0,,,,0,,0,,0,,0,,0,,0,,0,,0,,0,,0,,0,,0
Signal-Android,2020-1,2021-1,org.thoughtcrime.securesms.jobs.MultiDeviceContactUpdateJob,top_level,16,16,0,204,0,5,243,0,6,1,1,35,47,0,1,0,1,0,1,0,1,0,1,0,1,0,1,0,1,31,1,44,1,1,1,1,1
Signal-Android,2020-1,2021-1,org.thoughtcrime.securesms.jobs.MultiDeviceGroupUpdateJob,top_level,12,9,-3,88,0,3,96,0,3,1,1,14,26,0,1,0,1,0,1,0,1,0,1,0,1,0,1,0,1,10,1,24,1,0,1,0,1
Signal-Android,2020-1,2021-1,org.thoughtcrime.securesms.jobs.MultiDeviceKeysUpdateJob,top_level,6,4,-2,40,0,3,36,0,3,0,1,,1,,0,0,1,,0,0,1,,0,0,1,,0,0,1,,0,1,1,,0,0,1
Signal-Android,2020-1,2021-1,org.thoughtcrime.securesms.jobs.MultiDeviceProfileContentUpdateJob,top_level,4,4,0,36,0,3,36,0,3,1,1,1,1,0,1,0,1,0,1,0,1,0,1,0,1,0,1,0,1,1,1,1,1,0,1,0,1
Signal-Android,2020-1,2021-1,org.thoughtcrime.securesms.jobs.MultiDeviceProfileKeyUpdateJob,top_level,4,4,0,56,0,3,56,0,3,1,1,4,4,0,1,0,1,0,1,0,1,0,1,0,1,1,1,1,1,2,1,2,1,0,1,0,1
Signal-Android,2020-1,2021-1,org.thoughtcrime.securesms.jobs.MultiDeviceReadUpdateJob,top_level,4,5,1,67,0,2,75,0,2,1,1,4,6,0,1,0,1,0,1,0,1,0,1,0,1,0,1,0,1,4,1,6,1,0,1,0,1
Signal-Android,2020-1,2021-1,org.thoughtcrime.securesms.jobs.MultiDeviceStickerPackOperationJob,top_level,5,5,0,68,0,2,68,0,2,1,1,1,1,0,1,0,1,0,1,0,1,0,1,0,1,0,1,0,1,1,1,1,1,0,1,0,1
Signal-Android,2020-1,2021-1,org.thoughtcrime.securesms.jobs.MultiDeviceStickerPackSyncJob,top_level,5,5,0,43,0,3,43,0,3,1,1,4,4,0,1,0,1,0,1,0,1,0,1,0,1,0,1,0,1,4,1,4,1,0,1,0,1
Signal-Android,2020-1,2021-1,org.thoughtcrime.securesms.jobs.MultiDeviceStorageSyncRequestJob,top_level,4,4,0,36,0,3,36,0,3,1,1,1,1,0,1,0,1,0,1,0,1,0,1,0,1,0,1,0,1,1,1,1,1,0,1,0,1
Signal-Android,2020-1,2021-1,org.thoughtcrime.securesms.jobs.MultiDeviceVerifiedUpdateJob,top_level,5,5,0,84,0,2,84,0,2,1,1,1,1,0,1,0,1,0,1,0,1,0,1,0,1,0,1,0,1,1,1,1,1,0,1,0,1
Signal-Android,2020-1,2021-1,org.thoughtcrime.securesms.jobs.MultiDeviceViewOnceOpenJob,top_level,3,3,0,59,0,2,59,0,2,1,1,1,1,0,1,0,1,0,1,0,1,0,1,0,1,0,1,0,1,1,1,1,1,0,1,0,1
Signal-Android,2020-1,2021-1,org.thoughtcrime.securesms.jobs.PushGroupSendJob,top_level,22,26,4,178,0,3,232,0,3,1,1,75,100,0,1,0,1,0,1,1,1,0,1,0,1,0,1,0,1,65,1,89,1,0,1,0,1
Signal-Android,2020-1,2021-1,org.thoughtcrime.securesms.jobs.PushGroupUpdateJob,top_level,5,6,1,78,0,2,75,0,2,1,1,12,11,0,1,0,1,0,1,0,1,0,1,0,1,0,1,0,1,11,1,11,1,0,1,0,1
Signal-Android,2020-1,2021-1,org.thoughtcrime.securesms.jobs.PushMediaSendJob,top_level,17,17,0,137,0,3,142,0,3,1,1,39,42,0,1,0,1,0,1,0,1,0,1,0,1,0,1,0,1,31,1,34,1,0,1,0,1
Signal-Android,2020-1,2021-1,org.thoughtcrime.securesms.jobs.PushNotificationReceiveJob,top_level,3,3,0,40,0,2,40,0,2,0,0,,,,0,,0,,0,,0,,0,,0,,0,,0,,0,,0,,0,,0
Signal-Android,2020-1,2021-1,org.thoughtcrime.securesms.jobs.PushReceivedJob,top_level,0,0,0,4,0,0,4,0,0,0,0,,,,0,,0,,0,,0,,0,,0,,0,,0,,0,,0,,0,,0
Signal-Android,2020-1,2021-1,org.thoughtcrime.securesms.jobs.PushSendJob,top_level,9,11,2,190,0,4,221,0,4,1,1,43,58,0,1,0,1,0,1,0,1,0,1,0,1,0,1,0,1,40,1,54,1,1,1,1,1
Signal-Android,2020-1,2021-1,org.thoughtcrime.securesms.jobs.PushTextSendJob,top_level,18,18,0,106,0,3,111,0,3,1,1,32,36,0,1,0,1,0,1,0,1,0,1,0,1,0,1,0,1,30,1,33,1,0,1,0,1
Signal-Android,2020-1,2021-1,org.thoughtcrime.securesms.jobs.ReactionSendJob,top_level,17,17,0,170,0,2,157,0,2,1,1,45,29,0,1,0,1,0,1,0,1,0,1,0,1,0,1,0,1,42,1,27,1,0,1,0,1
Signal-Android,2020-1,2021-1,org.thoughtcrime.securesms.jobs.RefreshAttributesJob,top_level,5,7,2,43,0,3,59,0,3,1,1,1,11,0,1,0,1,0,1,0,1,0,1,0,1,0,1,0,1,1,1,11,1,0,1,0,1
Signal-Android,2020-1,2021-1,org.thoughtcrime.securesms.jobs.RefreshOwnProfileJob,top_level,3,6,3,47,0,3,64,0,3,1,1,7,10,0,1,0,1,0,1,0,1,0,1,0,1,0,1,0,1,7,1,10,1,0,1,0,1
Signal-Android,2020-1,2021-1,org.thoughtcrime.securesms.jobs.RefreshPreKeysJob,top_level,6,8,2,45,0,3,59,0,3,1,1,5,8,0,1,0,1,0,1,0,1,0,1,0,1,0,1,0,1,4,1,7,1,0,1,0,1
Signal-Android,2020-1,2021-1,org.thoughtcrime.securesms.jobs.RequestGroupInfoJob,top_level,2,2,0,56,0,2,53,0,2,1,1,1,1,0,1,0,1,0,1,0,1,0,1,0,1,0,1,0,1,1,1,1,1,0,1,0,1
Signal-Android,2020-1,2021-1,org.thoughtcrime.securesms.jobs.RetrieveProfileAvatarJob,top_level,10,9,-1,77,0,2,72,0,2,1,1,10,8,0,1,0,1,0,1,0,1,0,1,0,1,0,1,0,1,8,1,6,1,0,1,0,1
Signal-Android,2020-1,2021-1,org.thoughtcrime.securesms.jobs.RetrieveProfileJob,top_level,3,11,8,115,0,2,256,0,2,1,1,19,68,0,1,0,1,0,1,0,1,0,1,0,1,0,1,0,1,16,1,61,1,0,1,1,1
Signal-Android,2020-1,2021-1,org.thoughtcrime.securesms.jobs.RotateCertificateJob,top_level,3,8,5,39,0,3,49,0,4,1,1,2,4,0,1,0,1,0,1,0,1,0,1,0,1,0,1,0,1,2,1,4,1,0,1,0,1
Signal-Android,2020-1,2021-1,org.thoughtcrime.securesms.jobs.RotateProfileKeyJob,top_level,3,5,2,41,0,3,36,0,4,1,1,6,4,0,1,0,1,0,1,0,1,0,1,0,1,1,1,1,1,5,1,3,1,0,1,0,1
Signal-Android,2020-1,2021-1,org.thoughtcrime.securesms.jobs.RotateSignedPreKeyJob,top_level,3,3,0,38,0,3,40,0,3,1,1,2,2,0,1,0,1,0,1,0,1,0,1,0,1,0,1,0,1,2,1,2,1,0,1,0,1
Signal-Android,2020-1,2021-1,org.thoughtcrime.securesms.jobs.SendDeliveryReceiptJob,top_level,2,2,0,60,0,2,60,0,2,1,1,2,2,0,1,0,1,0,1,0,1,0,1,0,1,0,1,0,1,1,1,1,1,0,1,0,1
Signal-Android,2020-1,2021-1,org.thoughtcrime.securesms.jobs.SendJob,top_level,3,3,0,19,0,2,19,0,2,1,1,1,2,0,1,0,1,0,1,0,1,0,1,0,1,0,1,0,1,0,1,1,1,0,1,0,1
Signal-Android,2020-1,2021-1,org.thoughtcrime.securesms.jobs.SendReadReceiptJob,top_level,5,7,2,73,0,2,98,0,2,1,1,3,6,0,1,0,1,0,1,0,1,0,1,0,1,0,1,0,1,2,1,5,1,0,1,0,1
Signal-Android,2020-1,2021-1,org.thoughtcrime.securesms.jobs.ServiceOutageDetectionJob,top_level,7,7,0,57,0,3,57,0,3,1,1,4,4,0,1,0,1,0,1,0,1,0,1,0,1,0,1,0,1,3,1,3,1,0,1,0,1
Signal-Android,2020-1,2021-1,org.thoughtcrime.securesms.jobs.SmsReceiveJob,top_level,6,10,4,87,0,2,121,0,2,1,1,11,20,0,1,0,1,0,1,0,1,0,1,0,1,0,1,0,1,11,1,17,1,0,1,0,1
Signal-Android,2020-1,2021-1,org.thoughtcrime.securesms.jobs.SmsSendJob,top_level,8,9,1,135,0,2,136,0,3,1,1,14,18,0,1,0,1,0,1,0,1,0,1,0,1,0,1,0,1,11,1,14,1,0,1,0,1
Signal-Android,2020-1,2021-1,org.thoughtcrime.securesms.jobs.SmsSentJob,top_level,10,10,0,76,0,4,76,0,4,1,1,4,5,0,1,0,1,0,1,0,1,0,1,0,1,0,1,0,1,4,1,5,1,0,1,0,1
Signal-Android,2020-1,2021-1,org.thoughtcrime.securesms.jobs.StickerDownloadJob,top_level,5,7,2,72,0,2,80,0,2,1,1,1,1,0,1,0,1,0,1,0,1,0,1,0,1,0,1,0,1,1,1,1,1,0,1,0,1
Signal-Android,2020-1,2021-1,org.thoughtcrime.securesms.jobs.StickerPackDownloadJob,top_level,11,12,1,107,0,2,108,0,2,1,1,20,22,0,1,0,1,0,1,0,1,0,1,0,1,0,1,0,1,19,1,20,1,0,1,0,1
Signal-Android,2020-1,2021-1,org.thoughtcrime.securesms.jobs.StorageForcePushJob,top_level,6,7,1,64,0,3,71,0,3,1,1,10,17,0,1,0,1,0,1,0,1,0,1,0,1,0,1,0,1,9,1,16,1,0,1,0,1
Signal-Android,2020-1,2021-1,org.thoughtcrime.securesms.jobs.StorageSyncJob,top_level,14,22,8,118,0,4,189,0,4,1,1,39,105,0,1,0,1,0,1,1,1,0,1,0,1,0,1,0,1,38,1,93,1,0,1,0,1
Signal-Android,2020-1,2021-1,org.thoughtcrime.securesms.jobs.TrimThreadJob,top_level,4,5,1,33,0,3,34,0,3,1,1,1,5,0,1,0,1,0,1,0,1,0,1,0,1,0,1,0,1,1,1,5,1,0,1,0,1
Signal-Android,2020-1,2021-1,org.thoughtcrime.securesms.jobs.TypingSendJob,top_level,8,11,3,56,0,3,70,0,3,1,1,9,6,0,1,0,1,0,1,0,1,0,1,0,1,0,1,0,1,9,1,5,1,0,1,0,1
Signal-Android,2020-1,2021-1,org.thoughtcrime.securesms.jobs.UpdateApkJob,top_level,12,12,0,154,1,6,154,1,6,1,1,19,19,0,1,0,1,0,1,0,1,0,1,0,1,0,1,0,1,17,1,17,1,0,1,0,1
Signal-Android,2020-1,2021-1,org.thoughtcrime.securesms.linkpreview.Link,top_level,1,1,0,10,0,1,10,0,1,0,0,,,,0,,0,,0,,0,,0,,0,,0,,0,,0,,0,,0,,0
Signal-Android,2020-1,2021-1,org.thoughtcrime.securesms.linkpreview.LinkPreview,top_level,0,1,1,38,0,0,56,0,1,1,1,1,1,1,1,1,1,0,1,0,1,0,1,0,1,0,1,0,1,0,1,0,1,0,1,0,1
Signal-Android,2020-1,2021-1,org.thoughtcrime.securesms.linkpreview.LinkPreviewRepository,top_level,1,1,0,174,0,1,230,0,1,1,1,10,16,0,1,0,1,0,1,0,1,0,1,0,1,0,1,0,1,8,1,13,1,0,1,0,1
Signal-Android,2020-1,2021-1,org.thoughtcrime.securesms.linkpreview.LinkPreviewUtil,top_level,0,0,0,39,0,0,116,0,0,1,1,16,37,0,1,0,1,0,1,0,1,0,1,0,1,0,1,0,1,15,1,29,1,0,1,0,1
Signal-Android,2020-1,2021-1,org.thoughtcrime.securesms.linkpreview.LinkPreviewViewModel,top_level,6,11,5,92,0,4,139,0,7,1,1,10,17,0,1,0,1,0,1,0,1,0,1,0,1,0,1,0,1,7,1,10,1,0,1,0,1
Signal-Android,2020-1,2021-1,org.thoughtcrime.securesms.lock.RegistrationLockReminders,top_level,0,0,0,26,0,0,24,0,0,1,1,1,2,0,1,0,1,0,1,0,1,0,1,0,1,0,1,0,1,0,1,1,1,0,1,0,1
Signal-Android,2020-1,2021-1,org.thoughtcrime.securesms.logging.CustomSignalProtocolLogger,top_level,0,0,0,22,0,0,22,0,0,0,0,,,,0,,0,,0,,0,,0,,0,,0,,0,,0,,0,,0,,0
Signal-Android,2020-1,2021-1,org.thoughtcrime.securesms.logging.LogSecretProvider,top_level,0,0,0,28,0,0,28,0,0,1,1,3,3,0,1,0,1,0,1,0,1,0,1,0,1,0,1,0,1,2,1,2,1,0,1,0,1
Signal-Android,2020-1,2021-1,org.thoughtcrime.securesms.logsubmit.util.Scrubber,top_level,1,1,0,60,0,1,69,0,1,1,1,1,1,0,1,0,1,0,1,0,1,0,1,0,1,0,1,0,1,1,1,1,1,0,1,0,1
Signal-Android,2020-1,2021-1,org.thoughtcrime.securesms.longmessage.LongMessage,top_level,0,0,0,10,0,0,10,0,0,0,0,,,,0,,0,,0,,0,,0,,0,,0,,0,,0,,0,,0,,0
Signal-Android,2020-1,2021-1,org.thoughtcrime.securesms.longmessage.LongMessageActivity,top_level,7,9,2,92,0,3,95,0,3,1,1,13,13,0,1,0,1,0,1,0,1,0,1,0,1,0,1,0,1,11,1,10,1,0,1,0,1
Signal-Android,2020-1,2021-1,org.thoughtcrime.securesms.longmessage.LongMessageRepository,top_level,0,0,0,48,0,0,48,0,0,1,1,9,9,0,1,0,1,0,1,0,1,0,1,0,1,0,1,0,1,9,1,9,1,0,1,0,1
Signal-Android,2020-1,2021-1,org.thoughtcrime.securesms.longmessage.LongMessageViewModel,top_level,1,1,0,44,0,1,44,0,1,1,1,1,1,0,1,0,1,0,1,0,1,0,1,0,1,0,1,0,1,1,1,1,1,0,1,0,1
Signal-Android,2020-1,2021-1,org.thoughtcrime.securesms.maps.AddressData,top_level,3,3,0,32,0,3,32,0,3,0,0,,,,0,,0,,0,,0,,0,,0,,0,,0,,0,,0,,0,,0
Signal-Android,2020-1,2021-1,org.thoughtcrime.securesms.maps.LocationRetriever,top_level,0,0,0,58,0,0,58,0,0,1,1,1,1,0,1,0,1,0,1,0,1,0,1,0,1,0,1,0,1,1,1,1,1,0,1,0,1
Signal-Android,2020-1,2021-1,org.thoughtcrime.securesms.maps.PlacePickerActivity,top_level,8,8,0,130,0,3,130,0,3,1,1,6,6,0,1,0,1,0,1,0,1,0,1,0,1,0,1,0,1,6,1,6,1,0,1,0,1
Signal-Android,2020-1,2021-1,org.thoughtcrime.securesms.maps.SingleAddressBottomSheet,top_level,4,4,0,41,0,4,41,0,4,1,1,1,1,0,1,0,1,0,1,0,1,0,1,0,1,0,1,0,1,1,1,1,1,0,1,0,1
Signal-Android,2020-1,2021-1,org.thoughtcrime.securesms.mediaoverview.MediaActions,top_level,1,1,0,64,0,1,68,0,1,1,1,5,5,0,1,0,1,0,1,0,1,0,1,0,1,0,1,0,1,5,1,5,1,0,1,0,1
Signal-Android,2020-1,2021-1,org.thoughtcrime.securesms.mediaoverview.MediaGalleryAllAdapter,top_level,16,16,0,278,0,9,306,0,9,1,1,22,23,0,1,0,1,0,1,0,1,0,1,0,1,0,1,0,1,21,1,22,1,0,1,0,1
Signal-Android,2020-1,2021-1,org.thoughtcrime.securesms.mediaoverview.MediaOverviewActivity,top_level,10,10,0,156,0,6,156,0,6,1,1,10,10,0,1,0,1,0,1,0,1,0,1,0,1,0,1,0,1,9,1,9,1,0,1,0,1
Signal-Android,2020-1,2021-1,org.thoughtcrime.securesms.mediaoverview.MediaOverviewPageFragment,top_level,11,9,-2,224,0,7,242,0,6,1,1,37,39,0,1,0,1,0,1,0,1,0,1,0,1,0,1,0,1,35,1,37,1,0,1,0,1
Signal-Android,2020-1,2021-1,org.thoughtcrime.securesms.mediaoverview.MediaOverviewViewModel,top_level,1,1,0,17,0,1,17,0,1,1,1,2,2,1,1,1,1,0,1,0,1,0,1,0,1,0,1,0,1,1,1,1,1,0,1,0,1
Signal-Android,2020-1,2021-1,org.thoughtcrime.securesms.mediapreview.ImageMediaPreviewFragment,top_level,0,0,0,17,0,0,17,0,0,1,1,5,5,0,1,0,1,0,1,0,1,0,1,0,1,0,1,0,1,4,1,4,1,0,1,0,1
Signal-Android,2020-1,2021-1,org.thoughtcrime.securesms.mediapreview.MediaPreviewFragment,top_level,2,6,4,36,0,2,48,0,4,1,1,1,3,0,1,0,1,0,1,0,1,0,1,0,1,0,1,0,1,1,1,3,1,0,1,0,1
Signal-Android,2020-1,2021-1,org.thoughtcrime.securesms.mediapreview.MediaPreviewViewModel,top_level,4,4,0,76,0,2,78,0,2,1,1,22,21,0,1,0,1,0,1,0,1,0,1,0,1,0,1,0,1,15,1,14,1,0,1,0,1
Signal-Android,2020-1,2021-1,org.thoughtcrime.securesms.mediapreview.MediaRailAdapter,top_level,16,16,0,124,0,9,124,0,9,1,1,3,3,0,1,0,1,0,1,0,1,0,1,0,1,0,1,0,1,3,1,3,1,0,1,0,1
Signal-Android,2020-1,2021-1,org.thoughtcrime.securesms.mediapreview.VideoMediaPreviewFragment,top_level,4,4,0,33,0,2,33,0,2,1,1,7,7,0,1,0,1,0,1,0,1,0,1,0,1,0,1,0,1,6,1,6,1,0,1,0,1
Signal-Android,2020-1,2021-1,org.thoughtcrime.securesms.mediasend.Camera1Controller,top_level,24,24,0,162,0,11,163,0,11,1,1,15,15,0,1,0,1,0,1,0,1,0,1,0,1,0,1,0,1,13,1,13,1,0,1,0,1
Signal-Android,2020-1,2021-1,org.thoughtcrime.securesms.mediasend.Camera1Fragment,top_level,17,17,0,204,0,8,204,0,8,1,1,19,19,0,1,0,1,0,1,0,1,0,1,0,1,0,1,0,1,17,1,17,1,0,1,0,1
Signal-Android,2020-1,2021-1,org.thoughtcrime.securesms.mediasend.CameraButtonView,top_level,15,15,0,197,0,7,192,0,7,1,1,5,3,0,1,0,1,0,1,0,1,0,1,0,1,0,1,0,1,0,1,0,1,1,1,1,1
Signal-Android,2020-1,2021-1,org.thoughtcrime.securesms.mediasend.CameraContactAdapter,top_level,6,6,0,142,0,4,142,0,4,1,1,5,5,0,1,0,1,0,1,0,1,0,1,0,1,0,1,0,1,5,1,5,1,0,1,0,1
Signal-Android,2020-1,2021-1,org.thoughtcrime.securesms.mediasend.CameraContactSelectionAdapter,top_level,4,4,0,28,0,4,28,0,4,1,1,3,3,0,1,0,1,0,1,0,1,0,1,0,1,0,1,0,1,3,1,3,1,0,1,0,1
Signal-Android,2020-1,2021-1,org.thoughtcrime.securesms.mediasend.CameraContactSelectionFragment,top_level,9,9,0,113,0,3,113,0,3,1,1,11,10,0,1,0,1,0,1,0,1,0,1,0,1,0,1,0,1,8,1,7,1,0,1,0,1
Signal-Android,2020-1,2021-1,org.thoughtcrime.securesms.mediasend.CameraContactSelectionViewModel,top_level,2,2,0,69,0,2,69,0,2,0,0,,,,0,,0,,0,,0,,0,,0,,0,,0,,0,,0,,0,,0
Signal-Android,2020-1,2021-1,org.thoughtcrime.securesms.mediasend.CameraContacts,top_level,1,1,0,16,0,1,16,0,1,0,0,,,,0,,0,,0,,0,,0,,0,,0,,0,,0,,0,,0,,0
Signal-Android,2020-1,2021-1,org.thoughtcrime.securesms.mediasend.CameraContactsRepository,top_level,1,1,0,54,0,1,66,0,1,1,1,5,4,0,1,0,1,0,1,0,1,0,1,0,1,0,1,0,1,4,1,3,1,0,1,0,1
Signal-Android,2020-1,2021-1,org.thoughtcrime.securesms.mediasend.CameraFragment,top_level,1,2,1,15,0,0,21,0,0,0,0,,,,0,,0,,0,,0,,0,,0,,0,,0,,0,,0,,0,,0
Signal-Android,2020-1,2021-1,org.thoughtcrime.securesms.mediasend.CameraXFragment,top_level,17,16,-1,236,0,8,252,0,8,1,1,39,40,0,1,0,1,1,1,0,1,0,1,0,1,0,1,0,1,36,1,38,1,0,1,0,1
Signal-Android,2020-1,2021-1,org.thoughtcrime.securesms.mediasend.CameraXSelfieFlashHelper,top_level,6,6,0,39,0,3,41,0,3,1,1,4,4,0,1,0,1,0,1,0,1,0,1,0,1,0,1,0,1,4,1,4,1,0,1,0,1
Signal-Android,2020-1,2021-1,org.thoughtcrime.securesms.mediasend.CameraXVideoCaptureHelper,top_level,16,16,0,153,0,10,134,0,8,1,1,15,13,0,1,0,1,0,1,0,1,0,1,0,1,0,1,0,1,15,1,13,1,0,1,0,1
Signal-Android,2020-1,2021-1,org.thoughtcrime.securesms.mediasend.FlipTransformation,top_level,0,0,0,13,0,0,13,0,0,1,1,2,2,0,1,0,1,0,1,0,1,0,1,0,1,0,1,0,1,2,1,2,1,0,1,0,1
Signal-Android,2020-1,2021-1,org.thoughtcrime.securesms.mediasend.LegacyCameraModels,top_level,2,2,0,55,0,1,57,0,1,0,0,,,,0,,0,,0,,0,,0,,0,,0,,0,,0,,0,,0,,0
Signal-Android,2020-1,2021-1,org.thoughtcrime.securesms.mediasend.Media,top_level,6,8,2,76,0,6,108,0,8,1,1,2,4,1,1,1,1,0,1,0,1,0,1,1,1,0,1,0,1,0,1,1,1,0,1,0,1
Signal-Android,2020-1,2021-1,org.thoughtcrime.securesms.mediasend.MediaFolder,top_level,2,2,0,24,0,2,24,0,2,0,0,,,,0,,0,,0,,0,,0,,0,,0,,0,,0,,0,,0,,0
Signal-Android,2020-1,2021-1,org.thoughtcrime.securesms.mediasend.MediaPickerFolderAdapter,top_level,3,3,0,49,0,3,49,0,3,1,1,4,4,0,1,0,1,0,1,0,1,0,1,0,1,0,1,0,1,4,1,4,1,0,1,0,1
Signal-Android,2020-1,2021-1,org.thoughtcrime.securesms.mediasend.MediaPickerFolderFragment,top_level,4,4,0,80,0,3,80,0,3,1,1,12,12,0,1,0,1,0,1,0,1,0,1,0,1,0,1,0,1,11,1,11,1,0,1,0,1
Signal-Android,2020-1,2021-1,org.thoughtcrime.securesms.mediasend.MediaPickerItemAdapter,top_level,5,5,0,106,0,5,106,0,5,1,1,4,4,0,1,0,1,0,1,0,1,0,1,0,1,0,1,0,1,4,1,4,1,0,1,0,1
Signal-Android,2020-1,2021-1,org.thoughtcrime.securesms.mediasend.MediaPickerItemFragment,top_level,6,7,1,98,0,5,101,0,5,1,1,19,18,0,1,0,1,0,1,0,1,0,1,0,1,0,1,0,1,18,1,17,1,0,1,0,1
Signal-Android,2020-1,2021-1,org.thoughtcrime.securesms.mediasend.MediaRepository,top_level,0,0,0,212,0,0,246,0,0,1,1,42,37,0,1,0,1,0,1,0,1,0,1,0,1,0,1,0,1,35,1,35,1,1,1,1,1
Signal-Android,2020-1,2021-1,org.thoughtcrime.securesms.mediasend.MediaSendActivity,top_level,65,82,17,655,0,20,665,0,24,1,1,114,115,0,1,0,1,2,1,2,1,0,1,0,1,0,1,0,1,90,1,93,1,1,1,1,1
Signal-Android,2020-1,2021-1,org.thoughtcrime.securesms.mediasend.MediaSendFragment,top_level,13,15,2,83,0,7,82,0,8,1,1,4,5,0,1,0,1,0,1,0,1,0,1,0,1,0,1,0,1,3,1,3,1,0,1,0,1
Signal-Android,2020-1,2021-1,org.thoughtcrime.securesms.mediasend.MediaSendFragmentPagerAdapter,top_level,8,11,3,74,0,5,82,0,6,1,1,7,7,0,1,0,1,0,1,0,1,0,1,0,1,0,1,0,1,7,1,7,1,0,1,0,1
Signal-Android,2020-1,2021-1,org.thoughtcrime.securesms.mediasend.MediaSendGifFragment,top_level,1,1,0,34,0,1,34,0,1,1,1,1,1,0,1,0,1,0,1,0,1,0,1,0,1,0,1,0,1,1,1,1,1,0,1,0,1
Signal-Android,2020-1,2021-1,org.thoughtcrime.securesms.mediasend.MediaSendPageFragment,top_level,6,6,0,7,0,1,7,0,1,0,0,,,,0,,0,,0,,0,,0,,0,,0,,0,,0,,0,,0,,0
Signal-Android,2020-1,2021-1,org.thoughtcrime.securesms.mediasend.MediaSendVideoFragment,top_level,7,31,24,53,0,4,174,0,12,1,1,3,8,0,1,0,1,0,1,0,1,0,1,0,1,0,1,0,1,3,1,5,1,0,1,0,1
Signal-Android,2020-1,2021-1,org.thoughtcrime.securesms.mediasend.MediaSendViewModel,top_level,56,58,2,369,0,18,469,0,20,1,1,53,60,1,1,1,1,0,1,0,1,0,1,0,1,0,1,0,1,45,1,49,1,1,1,1,1
Signal-Android,2020-1,2021-1,org.thoughtcrime.securesms.mediasend.OrderEnforcer<E>,top_level,12,12,0,46,0,4,46,0,4,0,0,,,,0,,0,,0,,0,,0,,0,,0,,0,,0,,0,,0,,0
Signal-Android,2020-1,2021-1,org.thoughtcrime.securesms.mediasend.SimpleAnimationListener,top_level,0,0,0,7,0,0,7,0,0,0,0,,,,0,,0,,0,,0,,0,,0,,0,,0,,0,,0,,0,,0
Signal-Android,2020-1,2021-1,org.thoughtcrime.securesms.mediasend.camerax.CameraXFlashToggleView,top_level,10,11,1,72,0,4,87,0,5,1,1,3,6,0,1,0,1,0,1,0,1,0,1,0,1,0,1,0,1,3,1,6,1,0,1,0,1
Signal-Android,2020-1,2021-1,org.thoughtcrime.securesms.mediasend.camerax.CameraXUtil,top_level,11,17,6,140,0,0,152,0,0,1,1,10,15,0,1,0,1,0,1,0,1,0,1,0,1,0,1,0,1,9,1,10,1,0,1,1,1
Signal-Android,2020-1,2021-1,org.thoughtcrime.securesms.mediasend.camerax.FastCameraModels,top_level,0,0,0,11,0,0,11,0,0,1,1,1,1,0,1,0,1,0,1,0,1,0,1,0,1,0,1,0,1,0,1,0,1,0,1,0,1
Signal-Android,2020-1,2021-1,org.thoughtcrime.securesms.migrations.ApplicationMigrationActivity,top_level,0,0,0,16,0,0,16,0,0,1,1,1,1,0,1,0,1,0,1,0,1,0,1,0,1,0,1,0,1,1,1,1,1,0,1,0,1
Signal-Android,2020-1,2021-1,org.thoughtcrime.securesms.migrations.ApplicationMigrations,top_level,1,1,0,94,0,0,140,0,0,1,1,10,16,0,1,0,1,0,1,1,1,0,1,0,1,0,1,0,1,3,1,4,1,0,1,0,1
Signal-Android,2020-1,2021-1,org.thoughtcrime.securesms.migrations.AvatarMigrationJob,top_level,7,7,0,43,0,3,43,0,3,1,1,2,2,0,1,0,1,0,1,0,1,0,1,0,1,0,1,0,1,2,1,2,1,0,1,0,1
Signal-Android,2020-1,2021-1,org.thoughtcrime.securesms.migrations.CachedAttachmentsMigrationJob,top_level,7,6,-1,31,0,3,28,0,3,1,1,3,3,0,1,0,1,0,1,0,1,0,1,0,1,0,1,0,1,3,1,3,1,0,1,0,1
Signal-Android,2020-1,2021-1,org.thoughtcrime.securesms.migrations.DatabaseMigrationJob,top_level,3,3,0,22,0,3,22,0,3,1,1,1,1,0,1,0,1,0,1,0,1,0,1,0,1,0,1,0,1,1,1,1,1,0,1,0,1
Signal-Android,2020-1,2021-1,org.thoughtcrime.securesms.migrations.LegacyMigrationJob,top_level,47,45,-2,168,0,3,158,0,3,1,1,28,28,0,1,0,1,1,1,1,1,0,1,0,1,0,1,0,1,16,1,16,1,1,1,1,1
Signal-Android,2020-1,2021-1,org.thoughtcrime.securesms.migrations.MigrationCompleteEvent,top_level,2,2,0,6,0,2,6,0,2,0,0,,,,0,,0,,0,,0,,0,,0,,0,,0,,0,,0,,0,,0
Signal-Android,2020-1,2021-1,org.thoughtcrime.securesms.migrations.MigrationCompleteJob,top_level,3,3,0,33,0,3,33,0,3,0,0,,,,0,,0,,0,,0,,0,,0,,0,,0,,0,,0,,0,,0
Signal-Android,2020-1,2021-1,org.thoughtcrime.securesms.migrations.MigrationJob,top_level,3,3,0,37,0,3,37,0,3,1,1,6,6,0,1,0,1,0,1,0,1,0,1,0,1,0,1,0,1,2,1,2,1,0,1,0,1
Signal-Android,2020-1,2021-1,org.thoughtcrime.securesms.migrations.RecipientSearchMigrationJob,top_level,3,3,0,22,0,3,22,0,3,0,0,,,,0,,0,,0,,0,,0,,0,,0,,0,,0,,0,,0,,0
Signal-Android,2020-1,2021-1,org.thoughtcrime.securesms.migrations.RegistrationPinV2MigrationJob,top_level,8,5,-3,53,0,3,41,0,3,1,0,2,,0,1,,0,0,1,,0,0,1,,0,0,1,,0,2,1,,0,0,1,,0
Signal-Android,2020-1,2021-1,org.thoughtcrime.securesms.migrations.StickerLaunchMigrationJob,top_level,3,3,0,32,0,3,32,0,3,1,1,1,1,0,1,0,1,0,1,0,1,0,1,0,1,0,1,0,1,1,1,1,1,0,1,0,1
Signal-Android,2020-1,2021-1,org.thoughtcrime.securesms.migrations.UuidMigrationJob,top_level,5,5,0,41,0,3,34,0,3,1,1,6,4,0,1,0,1,0,1,0,1,0,1,0,1,0,1,0,1,6,1,4,1,0,1,0,1
Signal-Android,2020-1,2021-1,org.thoughtcrime.securesms.mms.ApnUnavailableException,top_level,1,1,0,8,0,1,8,0,1,0,0,,,,0,,0,,0,,0,,0,,0,,0,,0,,0,,0,,0,,0
Signal-Android,2020-1,2021-1,org.thoughtcrime.securesms.mms.AttachmentManager,top_level,5,5,0,334,0,3,312,0,3,1,1,65,54,0,1,0,1,1,1,1,1,0,1,0,1,0,1,0,1,55,1,44,1,0,1,0,1
Signal-Android,2020-1,2021-1,org.thoughtcrime.securesms.mms.AttachmentStreamLocalUriFetcher,top_level,4,4,0,35,0,2,35,0,2,0,0,,,,0,,0,,0,,0,,0,,0,,0,,0,,0,,0,,0,,0
Signal-Android,2020-1,2021-1,org.thoughtcrime.securesms.mms.AttachmentStreamUriLoader,top_level,1,1,0,36,0,1,36,0,1,1,1,1,1,0,1,0,1,0,1,0,1,0,1,0,1,0,1,0,1,1,1,1,1,0,1,0,1
Signal-Android,2020-1,2021-1,org.thoughtcrime.securesms.mms.AudioSlide,top_level,3,3,0,27,0,3,23,0,3,0,0,,,,0,,0,,0,,0,,0,,0,,0,,0,,0,,0,,0,,0
Signal-Android,2020-1,2021-1,org.thoughtcrime.securesms.mms.CompatMmsConnection,top_level,0,0,0,53,0,0,53,0,0,1,1,3,3,0,1,0,1,0,1,0,1,0,1,0,1,0,1,0,1,0,1,0,1,0,1,0,1
Signal-Android,2020-1,2021-1,org.thoughtcrime.securesms.mms.ContactPhotoLocalUriFetcher,top_level,0,0,0,11,0,0,11,0,0,1,1,2,2,0,1,0,1,0,1,0,1,0,1,0,1,0,1,0,1,2,1,2,1,0,1,0,1
Signal-Android,2020-1,2021-1,org.thoughtcrime.securesms.mms.DecryptableStreamLocalUriFetcher,top_level,0,0,0,21,0,0,21,0,0,1,1,3,3,0,1,0,1,0,1,0,1,0,1,0,1,0,1,0,1,2,1,2,1,0,1,0,1
Signal-Android,2020-1,2021-1,org.thoughtcrime.securesms.mms.DecryptableStreamUriLoader,top_level,1,1,0,36,0,1,36,0,1,1,1,1,1,0,1,0,1,0,1,0,1,0,1,0,1,0,1,0,1,1,1,1,1,0,1,0,1
Signal-Android,2020-1,2021-1,org.thoughtcrime.securesms.mms.DocumentSlide,top_level,1,1,0,10,0,1,10,0,1,0,0,,,,0,,0,,0,,0,,0,,0,,0,,0,,0,,0,,0,,0
Signal-Android,2020-1,2021-1,org.thoughtcrime.securesms.mms.GifSlide,top_level,0,1,1,11,0,0,13,0,1,0,0,,,,0,,0,,0,,0,,0,,0,,0,,0,,0,,0,,0,,0
Signal-Android,2020-1,2021-1,org.thoughtcrime.securesms.mms.ImageSlide,top_level,2,3,1,25,0,2,28,0,3,0,0,,,,0,,0,,0,,0,,0,,0,,0,,0,,0,,0,,0,,0
Signal-Android,2020-1,2021-1,org.thoughtcrime.securesms.mms.IncomingLegacyMmsConnection,top_level,2,2,0,72,0,1,72,0,1,1,1,4,4,0,1,0,1,0,1,0,1,0,1,0,1,0,1,0,1,4,1,4,1,0,1,0,1
Signal-Android,2020-1,2021-1,org.thoughtcrime.securesms.mms.IncomingLollipopMmsConnection,top_level,3,3,0,68,0,1,70,0,1,1,1,12,14,0,1,0,1,0,1,0,1,0,1,0,1,0,1,0,1,11,1,13,1,0,1,0,1
Signal-Android,2020-1,2021-1,org.thoughtcrime.securesms.mms.IncomingMediaMessage,top_level,8,9,1,98,0,8,112,0,9,1,1,3,4,1,1,1,1,0,1,0,1,2,1,2,1,0,1,0,1,0,1,0,1,0,1,0,1
Signal-Android,2020-1,2021-1,org.thoughtcrime.securesms.mms.IncomingMmsConnection,top_level,1,1,0,3,0,0,3,0,0,0,0,,,,0,,0,,0,,0,,0,,0,,0,,0,,0,,0,,0,,0
Signal-Android,2020-1,2021-1,org.thoughtcrime.securesms.mms.LegacyMmsConnection,top_level,1,1,0,167,0,1,167,0,1,1,1,21,21,1,1,1,1,0,1,0,1,0,1,0,1,1,1,1,1,16,1,16,1,0,1,0,1
Signal-Android,2020-1,2021-1,org.thoughtcrime.securesms.mms.LocationSlide,top_level,1,1,0,16,0,1,16,0,1,0,0,,,,0,,0,,0,,0,,0,,0,,0,,0,,0,,0,,0,,0
Signal-Android,2020-1,2021-1,org.thoughtcrime.securesms.mms.LollipopMmsConnection,top_level,5,5,0,34,0,3,34,0,3,1,1,2,2,0,1,0,1,0,1,0,1,0,1,0,1,0,1,0,1,2,1,2,1,0,1,0,1
Signal-Android,2020-1,2021-1,org.thoughtcrime.securesms.mms.MediaConstraints,top_level,3,3,0,40,0,0,40,0,0,0,0,,,,0,,0,,0,,0,,0,,0,,0,,0,,0,,0,,0,,0
Signal-Android,2020-1,2021-1,org.thoughtcrime.securesms.mms.MediaNotFoundException,top_level,1,1,0,8,0,1,8,0,1,0,0,,,,0,,0,,0,,0,,0,,0,,0,,0,,0,,0,,0,,0
Signal-Android,2020-1,2021-1,org.thoughtcrime.securesms.mms.MediaStream,top_level,2,2,0,18,0,2,18,0,2,1,1,1,1,1,1,1,1,0,1,0,1,0,1,0,1,0,1,0,1,0,1,0,1,0,1,0,1
Signal-Android,2020-1,2021-1,org.thoughtcrime.securesms.mms.MediaTooLargeException,top_level,1,1,0,8,0,1,8,0,1,0,0,,,,0,,0,,0,,0,,0,,0,,0,,0,,0,,0,,0,,0
Signal-Android,2020-1,2021-1,org.thoughtcrime.securesms.mms.MmsConfigManager,top_level,0,0,0,20,0,0,20,0,0,1,1,4,4,0,1,0,1,0,1,0,1,0,1,0,1,0,1,0,1,3,1,3,1,0,1,0,1
Signal-Android,2020-1,2021-1,org.thoughtcrime.securesms.mms.MmsException,top_level,1,1,0,10,0,1,10,0,1,0,0,,,,0,,0,,0,,0,,0,,0,,0,,0,,0,,0,,0,,0
Signal-Android,2020-1,2021-1,org.thoughtcrime.securesms.mms.MmsMediaConstraints,top_level,1,1,0,34,0,1,34,0,1,1,1,3,3,0,1,0,1,0,1,0,1,0,1,0,1,0,1,0,1,3,1,3,1,0,1,0,1
Signal-Android,2020-1,2021-1,org.thoughtcrime.securesms.mms.MmsRadio,top_level,24,24,0,95,0,6,95,0,6,1,1,12,12,0,1,0,1,0,1,0,1,0,1,0,1,0,1,0,1,8,1,8,1,0,1,0,1
Signal-Android,2020-1,2021-1,org.thoughtcrime.securesms.mms.MmsRadioException,top_level,0,0,0,5,0,0,5,0,0,0,0,,,,0,,0,,0,,0,,0,,0,,0,,0,,0,,0,,0,,0
Signal-Android,2020-1,2021-1,org.thoughtcrime.securesms.mms.MmsSendResult,top_level,3,3,0,10,0,3,10,0,3,0,0,,,,0,,0,,0,,0,,0,,0,,0,,0,,0,,0,,0,,0
Signal-Android,2020-1,2021-1,org.thoughtcrime.securesms.mms.MmsSlide,top_level,0,0,0,7,0,0,7,0,0,0,0,,,,0,,0,,0,,0,,0,,0,,0,,0,,0,,0,,0,,0
Signal-Android,2020-1,2021-1,org.thoughtcrime.securesms.mms.OutgoingExpirationUpdateMessage,top_level,1,1,0,8,0,1,8,0,1,0,0,,,,0,,0,,0,,0,,0,,0,,0,,0,,0,,0,,0,,0
Signal-Android,2020-1,2021-1,org.thoughtcrime.securesms.mms.OutgoingLegacyMmsConnection,top_level,8,8,0,80,0,2,80,0,2,1,1,6,6,0,1,0,1,0,1,0,1,0,1,0,1,0,1,0,1,6,1,6,1,0,1,0,1
Signal-Android,2020-1,2021-1,org.thoughtcrime.securesms.mms.OutgoingLollipopMmsConnection,top_level,0,0,0,47,0,0,47,0,0,1,1,4,4,0,1,0,1,0,1,0,1,0,1,0,1,0,1,0,1,4,1,4,1,0,1,0,1
Signal-Android,2020-1,2021-1,org.thoughtcrime.securesms.mms.OutgoingMediaMessage,top_level,9,9,0,101,0,9,108,0,9,1,1,3,3,1,1,1,1,0,1,0,1,2,1,2,1,0,1,0,1,0,1,0,1,0,1,0,1
Signal-Android,2020-1,2021-1,org.thoughtcrime.securesms.mms.OutgoingMmsConnection,top_level,1,1,0,3,0,0,3,0,0,0,0,,,,0,,0,,0,,0,,0,,0,,0,,0,,0,,0,,0,,0
Signal-Android,2020-1,2021-1,org.thoughtcrime.securesms.mms.OutgoingSecureMediaMessage,top_level,1,1,0,16,0,1,17,0,1,1,1,1,1,0,1,0,1,0,1,0,1,1,1,1,1,0,1,0,1,0,1,0,1,0,1,0,1
Signal-Android,2020-1,2021-1,org.thoughtcrime.securesms.mms.PartAuthority,top_level,0,0,0,103,0,0,94,0,0,1,1,5,5,0,1,0,1,0,1,0,1,0,1,0,1,0,1,0,1,4,1,4,1,0,1,0,1
Signal-Android,2020-1,2021-1,org.thoughtcrime.securesms.mms.PartParser,top_level,0,0,0,41,0,0,45,0,0,1,1,7,7,0,1,0,1,0,1,0,1,0,1,0,1,0,1,0,1,5,1,5,1,0,1,0,1
Signal-Android,2020-1,2021-1,org.thoughtcrime.securesms.mms.PartUriParser,top_level,2,2,0,10,0,2,10,0,2,1,1,1,1,0,1,0,1,0,1,0,1,0,1,0,1,0,1,0,1,1,1,1,1,0,1,0,1
Signal-Android,2020-1,2021-1,org.thoughtcrime.securesms.mms.PushMediaConstraints,top_level,0,0,0,34,0,0,34,0,0,0,0,,,,0,,0,,0,,0,,0,,0,,0,,0,,0,,0,,0,,0
Signal-Android,2020-1,2021-1,org.thoughtcrime.securesms.mms.QuoteId,top_level,1,1,0,32,0,1,32,0,1,1,1,1,1,0,1,0,1,0,1,0,1,0,1,0,1,0,1,0,1,1,1,1,1,0,1,0,1
Signal-Android,2020-1,2021-1,org.thoughtcrime.securesms.mms.QuoteModel,top_level,2,2,0,22,0,2,26,0,2,1,1,1,1,1,1,1,1,0,1,0,1,0,1,0,1,0,1,0,1,0,1,0,1,0,1,0,1
Signal-Android,2020-1,2021-1,org.thoughtcrime.securesms.mms.SignalGlideModule,top_level,1,1,0,30,0,1,38,0,1,1,1,5,5,0,1,0,1,0,1,0,1,0,1,0,1,0,1,0,1,4,1,4,1,0,1,0,1
Signal-Android,2020-1,2021-1,org.thoughtcrime.securesms.mms.Slide,top_level,13,15,2,117,0,13,139,0,15,1,1,13,14,0,1,0,1,0,1,0,1,1,1,2,1,0,1,0,1,11,1,11,1,0,1,0,1
Signal-Android,2020-1,2021-1,org.thoughtcrime.securesms.mms.SlideClickListener,top_level,1,1,0,2,0,0,2,0,0,0,0,,,,0,,0,,0,,0,,0,,0,,0,,0,,0,,0,,0,,0
Signal-Android,2020-1,2021-1,org.thoughtcrime.securesms.mms.SlideDeck,top_level,9,10,1,62,0,3,66,0,3,1,1,4,5,0,1,0,1,0,1,0,1,0,1,0,1,0,1,0,1,4,1,5,1,0,1,0,1
Signal-Android,2020-1,2021-1,org.thoughtcrime.securesms.mms.SlidesClickedListener,top_level,1,1,0,2,0,0,2,0,0,0,0,,,,0,,0,,0,,0,,0,,0,,0,,0,,0,,0,,0,,0
Signal-Android,2020-1,2021-1,org.thoughtcrime.securesms.mms.StickerSlide,top_level,1,2,1,19,0,1,24,0,2,0,0,,,,0,,0,,0,,0,,0,,0,,0,,0,,0,,0,,0,,0
Signal-Android,2020-1,2021-1,org.thoughtcrime.securesms.mms.TextSlide,top_level,0,0,0,5,0,0,5,0,0,0,0,,,,0,,0,,0,,0,,0,,0,,0,,0,,0,,0,,0,,0
Signal-Android,2020-1,2021-1,org.thoughtcrime.securesms.mms.VideoSlide,top_level,4,4,0,25,0,4,27,0,4,0,0,,,,0,,0,,0,,0,,0,,0,,0,,0,,0,,0,,0,,0
Signal-Android,2020-1,2021-1,org.thoughtcrime.securesms.net.CallRequestController,top_level,3,2,-1,27,0,1,22,0,1,1,1,1,1,0,1,0,1,0,1,0,1,0,1,0,1,0,1,0,1,1,1,1,1,0,1,0,1
Signal-Android,2020-1,2021-1,org.thoughtcrime.securesms.net.ChunkedDataFetcher,top_level,0,0,0,240,0,0,240,0,0,1,1,23,23,0,1,0,1,0,1,0,1,0,1,0,1,0,1,0,1,17,1,17,1,0,1,0,1
Signal-Android,2020-1,2021-1,org.thoughtcrime.securesms.net.CompositeRequestController,top_level,2,2,0,14,0,2,14,0,2,1,1,1,1,0,1,0,1,0,1,0,1,0,1,0,1,0,1,0,1,1,1,1,1,0,1,0,1
Signal-Android,2020-1,2021-1,org.thoughtcrime.securesms.net.ContentProxySafetyInterceptor,top_level,0,0,0,23,0,0,27,0,0,1,1,5,8,0,1,0,1,0,1,0,1,0,1,0,1,0,1,0,1,5,1,8,1,0,1,0,1
Signal-Android,2020-1,2021-1,org.thoughtcrime.securesms.net.ContentProxySelector,top_level,0,0,0,22,0,0,21,0,0,1,1,1,1,0,1,0,1,0,1,0,1,0,1,0,1,0,1,0,1,1,1,1,1,0,1,0,1
Signal-Android,2020-1,2021-1,org.thoughtcrime.securesms.net.RequestController,top_level,1,1,0,2,0,1,2,0,1,0,0,,,,0,,0,,0,,0,,0,,0,,0,,0,,0,,0,,0,,0
Signal-Android,2020-1,2021-1,org.thoughtcrime.securesms.notifications.AbstractNotificationBuilder,top_level,2,2,0,50,0,1,50,0,1,1,1,7,7,0,1,0,1,0,1,0,1,0,1,0,1,0,1,0,1,6,1,6,1,0,1,0,1
Signal-Android,2020-1,2021-1,org.thoughtcrime.securesms.notifications.AndroidAutoHeardReceiver,top_level,0,0,0,26,0,0,26,0,0,1,1,2,2,0,1,0,1,0,1,0,1,0,1,0,1,0,1,0,1,2,1,2,1,0,1,0,1
Signal-Android,2020-1,2021-1,org.thoughtcrime.securesms.notifications.AndroidAutoReplyReceiver,top_level,0,0,0,40,0,0,53,0,0,1,1,3,4,0,1,0,1,0,1,0,1,0,1,0,1,0,1,0,1,3,1,4,1,0,1,0,1
Signal-Android,2020-1,2021-1,org.thoughtcrime.securesms.notifications.DeleteNotificationReceiver,top_level,0,0,0,19,0,0,19,0,0,1,1,5,6,0,1,0,1,0,1,0,1,0,1,0,1,3,1,3,1,2,1,3,1,0,1,0,1
Signal-Android,2020-1,2021-1,org.thoughtcrime.securesms.notifications.DoNotDisturbUtil,top_level,1,1,0,47,0,1,47,0,1,1,1,5,5,0,1,0,1,0,1,0,1,0,1,0,1,0,1,0,1,5,1,5,1,0,1,0,1
Signal-Android,2020-1,2021-1,org.thoughtcrime.securesms.notifications.FailedNotificationBuilder,top_level,0,0,0,13,0,0,13,0,0,0,0,,,,0,,0,,0,,0,,0,,0,,0,,0,,0,,0,,0,,0
Signal-Android,2020-1,2021-1,org.thoughtcrime.securesms.notifications.LocaleChangedReceiver,top_level,0,0,0,4,0,0,4,0,0,0,0,,,,0,,0,,0,,0,,0,,0,,0,,0,,0,,0,,0,,0
Signal-Android,2020-1,2021-1,org.thoughtcrime.securesms.notifications.MarkReadReceiver,top_level,0,0,0,44,0,0,61,0,0,1,1,10,21,0,1,0,1,0,1,0,1,0,1,0,1,0,1,0,1,10,1,21,1,0,1,0,1
Signal-Android,2020-1,2021-1,org.thoughtcrime.securesms.notifications.MessageNotifier,top_level,3,12,9,370,0,0,20,0,5,1,1,100,1,0,1,0,1,0,1,0,1,0,1,0,1,0,1,0,1,77,1,1,1,1,1,0,1
Signal-Android,2020-1,2021-1,org.thoughtcrime.securesms.notifications.MultipleRecipientNotificationBuilder,top_level,1,1,0,44,0,1,44,0,1,1,1,1,1,0,1,0,1,0,1,0,1,0,1,0,1,0,1,0,1,1,1,1,1,0,1,0,1
Signal-Android,2020-1,2021-1,org.thoughtcrime.securesms.notifications.NotificationChannels,top_level,1,1,0,316,0,0,321,0,0,1,1,39,40,0,1,0,1,0,1,0,1,0,1,0,1,0,1,0,1,33,1,33,1,1,1,1,1
Signal-Android,2020-1,2021-1,org.thoughtcrime.securesms.notifications.NotificationItem,top_level,4,7,3,50,0,4,79,0,7,1,1,4,6,1,1,1,1,0,1,0,1,0,1,1,1,0,1,0,1,3,1,4,1,0,1,0,1
Signal-Android,2020-1,2021-1,org.thoughtcrime.securesms.notifications.NotificationState,top_level,4,5,1,108,0,4,117,0,5,1,1,6,8,0,1,0,1,0,1,0,1,0,1,0,1,0,1,0,1,6,1,8,1,0,1,0,1
Signal-Android,2020-1,2021-1,org.thoughtcrime.securesms.notifications.PendingMessageNotificationBuilder,top_level,0,0,0,16,0,0,16,0,0,0,0,,,,0,,0,,0,,0,,0,,0,,0,,0,,0,,0,,0,,0
Signal-Android,2020-1,2021-1,org.thoughtcrime.securesms.notifications.RemoteReplyReceiver,top_level,0,0,0,44,0,0,54,0,0,1,1,7,3,0,1,0,1,0,1,0,1,0,1,0,1,0,1,0,1,5,1,2,1,0,1,0,1
Signal-Android,2020-1,2021-1,org.thoughtcrime.securesms.notifications.ReplyMethod,top_level,0,0,0,11,0,0,11,0,0,0,0,,,,0,,0,,0,,0,,0,,0,,0,,0,,0,,0,,0,,0
Signal-Android,2020-1,2021-1,org.thoughtcrime.securesms.notifications.SingleRecipientNotificationBuilder,top_level,1,6,5,180,0,1,252,0,4,1,1,22,30,0,1,0,1,0,1,0,1,0,1,0,1,0,1,0,1,20,1,27,1,1,1,1,1
Signal-Android,2020-1,2021-1,org.thoughtcrime.securesms.permissions.Permissions,top_level,0,0,0,190,0,0,190,0,0,1,1,11,11,0,1,0,1,0,1,0,1,0,1,0,1,0,1,0,1,7,1,7,1,0,1,0,1
Signal-Android,2020-1,2021-1,org.thoughtcrime.securesms.permissions.PermissionsRequest,top_level,0,0,0,51,0,0,51,0,0,1,1,7,7,0,1,0,1,0,1,0,1,0,1,0,1,0,1,0,1,0,1,0,1,0,1,0,1
Signal-Android,2020-1,2021-1,org.thoughtcrime.securesms.permissions.RationaleDialog,top_level,0,0,0,24,0,0,24,0,0,1,1,5,5,0,1,0,1,0,1,0,1,0,1,0,1,0,1,0,1,4,1,4,1,0,1,0,1
Signal-Android,2020-1,2021-1,org.thoughtcrime.securesms.phonenumbers.NumberUtil,top_level,0,0,0,13,0,0,13,0,0,1,1,3,3,0,1,0,1,0,1,0,1,0,1,0,1,0,1,0,1,2,1,2,1,0,1,0,1
Signal-Android,2020-1,2021-1,org.thoughtcrime.securesms.phonenumbers.PhoneNumberFormatter,top_level,0,0,0,107,0,0,125,0,0,1,1,29,33,0,1,0,1,0,1,0,1,0,1,0,1,0,1,0,1,22,1,26,1,0,1,0,1
Signal-Android,2020-1,2021-1,org.thoughtcrime.securesms.preferences.AdvancedPreferenceFragment,top_level,6,6,0,127,0,3,157,0,3,1,1,9,17,0,1,0,1,0,1,0,1,0,1,0,1,0,1,0,1,8,1,16,1,0,1,0,1
Signal-Android,2020-1,2021-1,org.thoughtcrime.securesms.preferences.AppProtectionPreferenceFragment,top_level,8,17,9,198,0,4,394,0,6,1,1,20,48,0,1,0,1,0,1,0,1,0,1,0,1,0,1,0,1,20,1,47,1,0,1,0,1
Signal-Android,2020-1,2021-1,org.thoughtcrime.securesms.preferences.AppearancePreferenceFragment,top_level,3,3,0,35,0,3,35,0,3,1,1,6,6,0,1,0,1,0,1,0,1,0,1,0,1,0,1,0,1,6,1,6,1,0,1,0,1
Signal-Android,2020-1,2021-1,org.thoughtcrime.securesms.preferences.ApplicationPreferencesViewModel,top_level,0,0,0,18,0,0,18,0,0,1,1,2,2,0,1,0,1,0,1,0,1,0,1,0,1,0,1,0,1,2,1,2,1,0,1,0,1
Signal-Android,2020-1,2021-1,org.thoughtcrime.securesms.preferences.BlockedContactListItem,top_level,3,3,0,34,0,2,34,0,2,1,1,2,2,0,1,0,1,0,1,0,1,0,1,0,1,0,1,0,1,2,1,2,1,0,1,0,1
Signal-Android,2020-1,2021-1,org.thoughtcrime.securesms.preferences.ChatsPreferenceFragment,top_level,4,4,0,101,0,4,58,0,4,1,1,19,8,0,1,0,1,0,1,0,1,0,1,0,1,0,1,0,1,19,1,8,1,0,1,0,1
Signal-Android,2020-1,2021-1,org.thoughtcrime.securesms.preferences.CorrectedPreferenceFragment,top_level,0,0,0,42,0,0,42,0,0,1,1,6,6,0,1,0,1,0,1,0,1,0,1,0,1,0,1,0,1,5,1,5,1,0,1,0,1
Signal-Android,2020-1,2021-1,org.thoughtcrime.securesms.preferences.ListSummaryPreferenceFragment,top_level,0,0,0,12,0,0,12,0,0,1,1,6,6,0,1,0,1,0,1,0,1,0,1,0,1,0,1,0,1,6,1,6,1,0,1,0,1
Signal-Android,2020-1,2021-1,org.thoughtcrime.securesms.preferences.MmsPreferencesActivity,top_level,3,3,0,31,0,3,31,0,3,1,1,4,4,0,1,0,1,0,1,0,1,0,1,0,1,0,1,0,1,3,1,3,1,0,1,0,1
Signal-Android,2020-1,2021-1,org.thoughtcrime.securesms.preferences.MmsPreferencesFragment,top_level,1,1,0,43,0,1,43,0,1,1,1,1,1,0,1,0,1,0,1,0,1,0,1,0,1,0,1,0,1,1,1,1,1,0,1,0,1
Signal-Android,2020-1,2021-1,org.thoughtcrime.securesms.preferences.NotificationsPreferenceFragment,top_level,1,1,0,149,0,1,149,0,1,1,1,12,13,0,1,0,1,0,1,0,1,0,1,0,1,0,1,0,1,10,1,11,1,0,1,0,1
Signal-Android,2020-1,2021-1,org.thoughtcrime.securesms.preferences.SmsMmsPreferenceFragment,top_level,13,12,-1,66,0,3,68,0,3,1,1,6,5,0,1,0,1,0,1,0,1,0,1,0,1,0,1,0,1,6,1,5,1,0,1,0,1
Signal-Android,2020-1,2021-1,org.thoughtcrime.securesms.preferences.StoragePreferenceFragment,top_level,1,2,1,57,0,1,179,0,1,1,1,7,45,0,1,0,1,0,1,0,1,0,1,0,1,0,1,0,1,7,1,43,1,0,1,0,1
Signal-Android,2020-1,2021-1,org.thoughtcrime.securesms.preferences.widgets.ColorPickerPreference,top_level,16,16,0,87,0,12,87,0,12,1,1,1,1,1,1,1,1,0,1,0,1,0,1,0,1,0,1,0,1,0,1,0,1,0,1,0,1
Signal-Android,2020-1,2021-1,org.thoughtcrime.securesms.preferences.widgets.ColorPickerPreferenceDialogFragmentCompat,top_level,3,3,0,34,0,2,34,0,2,1,1,7,7,0,1,0,1,0,1,0,1,0,1,0,1,0,1,0,1,7,1,7,1,0,1,0,1
Signal-Android,2020-1,2021-1,org.thoughtcrime.securesms.preferences.widgets.ContactPreference,top_level,18,24,6,55,0,3,65,0,3,1,1,11,11,0,1,0,1,0,1,0,1,0,1,0,1,0,1,0,1,4,1,4,1,0,1,0,1
Signal-Android,2020-1,2021-1,org.thoughtcrime.securesms.preferences.widgets.LEDColorListPreference,top_level,1,1,0,46,0,1,46,0,1,1,1,17,17,0,1,0,1,0,1,0,1,0,1,0,1,0,1,0,1,17,1,17,1,0,1,0,1
Signal-Android,2020-1,2021-1,org.thoughtcrime.securesms.preferences.widgets.NotificationPrivacyPreference,top_level,2,2,0,8,0,2,8,0,2,0,0,,,,0,,0,,0,,0,,0,,0,,0,,0,,0,,0,,0,,0
Signal-Android,2020-1,2021-1,org.thoughtcrime.securesms.preferences.widgets.ProfilePreference,top_level,4,4,0,39,0,2,39,0,2,1,1,8,12,0,1,0,1,0,1,0,1,0,1,0,1,0,1,0,1,8,1,12,1,0,1,0,1
Signal-Android,2020-1,2021-1,org.thoughtcrime.securesms.preferences.widgets.ProgressPreference,top_level,4,4,0,28,0,3,28,0,3,1,1,1,1,0,1,0,1,0,1,0,1,0,1,0,1,0,1,0,1,1,1,1,1,0,1,0,1
Signal-Android,2020-1,2021-1,org.thoughtcrime.securesms.preferences.widgets.SignalListPreference,top_level,4,4,0,38,0,2,38,0,2,0,0,,,,0,,0,,0,,0,,0,,0,,0,,0,,0,,0,,0,,0
Signal-Android,2020-1,2021-1,org.thoughtcrime.securesms.preferences.widgets.SignalPreference,top_level,1,1,0,28,0,1,28,0,1,0,0,,,,0,,0,,0,,0,,0,,0,,0,,0,,0,,0,,0,,0
Signal-Android,2020-1,2021-1,org.thoughtcrime.securesms.preferences.widgets.StorageGraphView,top_level,4,4,0,66,0,3,66,0,3,1,1,2,2,0,1,0,1,0,1,0,1,0,1,0,1,0,1,0,1,2,1,2,1,0,1,0,1
Signal-Android,2020-1,2021-1,org.thoughtcrime.securesms.preferences.widgets.StoragePreferenceCategory,top_level,1,1,0,37,0,1,37,0,1,1,1,1,1,0,1,0,1,0,1,0,1,0,1,0,1,0,1,0,1,1,1,1,1,0,1,0,1
Signal-Android,2020-1,2021-1,org.thoughtcrime.securesms.profiles.AvatarHelper,top_level,0,0,0,24,0,0,91,0,0,1,1,3,13,0,1,0,1,0,1,0,1,0,1,0,1,0,1,2,1,2,1,10,1,0,1,0,1
Signal-Android,2020-1,2021-1,org.thoughtcrime.securesms.profiles.ProfileMediaConstraints,top_level,0,0,0,22,0,0,22,0,0,0,0,,,,0,,0,,0,,0,,0,,0,,0,,0,,0,,0,,0,,0
Signal-Android,2020-1,2021-1,org.thoughtcrime.securesms.profiles.SystemProfileUtil,top_level,0,0,0,53,0,0,53,0,0,1,1,11,11,0,1,0,1,0,1,0,1,0,1,0,1,0,1,0,1,9,1,9,1,0,1,0,1
Signal-Android,2020-1,2021-1,org.thoughtcrime.securesms.providers.BlobProvider,top_level,2,2,0,268,0,1,277,0,1,1,1,26,26,0,1,0,1,0,1,0,1,0,1,0,1,0,1,0,1,21,1,21,1,0,1,0,1
Signal-Android,2020-1,2021-1,org.thoughtcrime.securesms.providers.DeprecatedPersistentBlobProvider,top_level,0,0,0,103,0,0,103,0,0,1,1,11,11,0,1,0,1,0,1,0,1,0,1,0,1,0,1,0,1,11,1,11,1,0,1,0,1
Signal-Android,2020-1,2021-1,org.thoughtcrime.securesms.providers.MmsBodyProvider,top_level,1,1,0,66,0,1,67,0,1,1,1,7,7,0,1,0,1,0,1,0,1,0,1,0,1,0,1,0,1,7,1,7,1,0,1,0,1
Signal-Android,2020-1,2021-1,org.thoughtcrime.securesms.providers.PartProvider,top_level,1,1,0,81,0,1,79,0,1,1,1,5,4,0,1,0,1,0,1,0,1,0,1,0,1,0,1,0,1,5,1,4,1,0,1,0,1
Signal-Android,2020-1,2021-1,org.thoughtcrime.securesms.push.AccountManagerFactory,top_level,0,0,0,27,0,0,27,0,0,1,1,3,3,0,1,0,1,0,1,0,1,0,1,0,1,0,1,0,1,2,1,2,1,0,1,0,1
Signal-Android,2020-1,2021-1,org.thoughtcrime.securesms.push.DomainFrontingTrustStore,top_level,0,0,0,10,0,0,10,0,0,1,1,1,1,0,1,0,1,0,1,0,1,0,1,0,1,0,1,0,1,1,1,1,1,0,1,0,1
Signal-Android,2020-1,2021-1,org.thoughtcrime.securesms.push.IasTrustStore,top_level,0,0,0,10,0,0,10,0,0,1,1,1,1,0,1,0,1,0,1,0,1,0,1,0,1,0,1,0,1,1,1,1,1,0,1,0,1
Signal-Android,2020-1,2021-1,org.thoughtcrime.securesms.push.SecurityEventListener,top_level,0,0,0,8,0,0,8,0,0,0,0,,,,0,,0,,0,,0,,0,,0,,0,,0,,0,,0,,0,,0
Signal-Android,2020-1,2021-1,org.thoughtcrime.securesms.push.SignalServiceNetworkAccess,top_level,0,0,0,135,0,0,187,0,0,0,1,,4,,0,0,1,,0,1,1,,0,0,1,,0,0,1,,0,1,1,,0,0,1
Signal-Android,2020-1,2021-1,org.thoughtcrime.securesms.push.SignalServiceTrustStore,top_level,0,0,0,10,0,0,10,0,0,1,1,1,1,0,1,0,1,0,1,0,1,0,1,0,1,0,1,0,1,1,1,1,1,0,1,0,1
Signal-Android,2020-1,2021-1,org.thoughtcrime.securesms.qr.QrCode,top_level,0,1,1,14,0,0,30,0,1,1,1,2,3,0,1,0,1,0,1,0,1,0,1,0,1,0,1,0,1,1,1,3,1,0,1,0,1
Signal-Android,2020-1,2021-1,org.thoughtcrime.securesms.qr.ScanListener,top_level,1,1,0,2,0,0,2,0,0,0,0,,,,0,,0,,0,,0,,0,,0,,0,,0,,0,,0,,0,,0
Signal-Android,2020-1,2021-1,org.thoughtcrime.securesms.qr.ScanningThread,top_level,8,8,0,59,0,2,59,0,2,1,1,8,8,0,1,0,1,0,1,0,1,0,1,0,1,0,1,0,1,6,1,6,1,0,1,0,1
Signal-Android,2020-1,2021-1,org.thoughtcrime.securesms.reactions.EmojiCount,top_level,1,1,0,10,0,1,20,0,1,0,0,,,,0,,0,,0,,0,,0,,0,,0,,0,,0,,0,,0,,0
Signal-Android,2020-1,2021-1,org.thoughtcrime.securesms.reactions.ReactionRecipientsAdapter,top_level,2,2,0,30,0,2,35,0,2,1,1,1,3,0,1,0,1,0,1,0,1,0,1,0,1,0,1,0,1,1,1,3,1,0,1,0,1
Signal-Android,2020-1,2021-1,org.thoughtcrime.securesms.reactions.ReactionsBottomSheetDialogFragment,top_level,6,4,-2,62,0,4,100,0,3,1,1,6,12,0,1,0,1,0,1,0,1,0,1,0,1,0,1,0,1,6,1,11,1,0,1,0,1
Signal-Android,2020-1,2021-1,org.thoughtcrime.securesms.reactions.ReactionsLoader,top_level,0,0,0,62,0,0,50,0,0,1,1,4,4,0,1,0,1,0,1,0,1,0,1,0,1,0,1,0,1,3,1,3,1,0,1,0,1
Signal-Android,2020-1,2021-1,org.thoughtcrime.securesms.reactions.ReactionsViewModel,top_level,1,1,0,40,0,1,42,0,1,1,1,5,7,0,1,0,1,0,1,0,1,0,1,0,1,0,1,0,1,5,1,7,1,0,1,0,1
Signal-Android,2020-1,2021-1,org.thoughtcrime.securesms.recipients.LiveRecipient,top_level,5,2,-3,109,0,2,107,0,2,1,1,29,27,0,1,0,1,0,1,0,1,0,1,0,1,0,1,0,1,29,1,27,1,0,1,0,1
Signal-Android,2020-1,2021-1,org.thoughtcrime.securesms.recipients.LiveRecipientCache,top_level,5,6,1,68,0,2,93,0,3,1,1,6,8,0,1,0,1,0,1,0,1,0,1,0,1,0,1,0,1,6,1,8,1,0,1,0,1
Signal-Android,2020-1,2021-1,org.thoughtcrime.securesms.recipients.Recipient,top_level,28,35,7,401,0,25,488,0,33,1,1,76,75,0,1,0,1,0,1,0,1,0,1,0,1,0,1,0,1,62,1,68,1,1,1,1,1
Signal-Android,2020-1,2021-1,org.thoughtcrime.securesms.recipients.RecipientDetails,top_level,1,1,0,115,0,1,128,0,1,1,1,1,3,0,1,0,1,0,1,0,1,0,1,0,1,0,1,0,1,0,1,2,1,0,1,0,1
Signal-Android,2020-1,2021-1,org.thoughtcrime.securesms.recipients.RecipientExporter,top_level,0,0,0,20,0,0,20,0,0,1,1,2,3,0,1,0,1,0,1,0,1,0,1,0,1,0,1,0,1,2,1,3,1,0,1,0,1
Signal-Android,2020-1,2021-1,org.thoughtcrime.securesms.recipients.RecipientForeverObserver,top_level,1,1,0,3,0,0,3,0,0,0,0,,,,0,,0,,0,,0,,0,,0,,0,,0,,0,,0,,0,,0
Signal-Android,2020-1,2021-1,org.thoughtcrime.securesms.recipients.RecipientFormattingException,top_level,1,1,0,9,0,1,9,0,1,0,0,,,,0,,0,,0,,0,,0,,0,,0,,0,,0,,0,,0,,0
Signal-Android,2020-1,2021-1,org.thoughtcrime.securesms.recipients.RecipientId,top_level,8,9,1,66,0,6,92,0,6,1,1,5,14,0,1,0,1,0,1,0,1,0,1,0,1,0,1,0,1,2,1,11,1,0,1,0,1
Signal-Android,2020-1,2021-1,org.thoughtcrime.securesms.recipients.RecipientModifiedListener,top_level,1,1,0,2,0,0,2,0,0,0,0,,,,0,,0,,0,,0,,0,,0,,0,,0,,0,,0,,0,,0
Signal-Android,2020-1,2021-1,org.thoughtcrime.securesms.recipients.RecipientUtil,top_level,0,0,0,55,0,0,146,0,0,1,1,31,54,0,1,0,1,0,1,0,1,0,1,0,1,0,1,0,1,30,1,52,1,0,1,0,1
Signal-Android,2020-1,2021-1,org.thoughtcrime.securesms.recipients.RecipientsFormatter,top_level,0,0,0,28,0,0,28,0,0,1,1,4,4,0,1,0,1,0,1,0,1,0,1,0,1,0,1,0,1,3,1,3,1,0,1,0,1
Signal-Android,2020-1,2021-1,org.thoughtcrime.securesms.registration.PushChallengeRequest,top_level,0,0,0,60,0,0,60,0,0,1,1,3,3,0,1,0,1,0,1,0,1,0,1,0,1,0,1,0,1,2,1,2,1,0,1,0,1
Signal-Android,2020-1,2021-1,org.thoughtcrime.securesms.registration.ReceivedSmsEvent,top_level,0,0,0,6,0,0,6,0,0,0,0,,,,0,,0,,0,,0,,0,,0,,0,,0,,0,,0,,0,,0
Signal-Android,2020-1,2021-1,org.thoughtcrime.securesms.registration.RegistrationNavigationActivity,top_level,4,4,0,51,0,3,55,0,3,1,1,6,7,0,1,0,1,0,1,0,1,0,1,0,1,0,1,0,1,6,1,7,1,0,1,0,1
Signal-Android,2020-1,2021-1,org.thoughtcrime.securesms.registration.fragments.BaseRegistrationFragment,top_level,2,2,0,45,0,1,45,0,1,1,1,6,6,0,1,0,1,0,1,0,1,0,1,0,1,0,1,0,1,6,1,6,1,0,1,0,1
Signal-Android,2020-1,2021-1,org.thoughtcrime.securesms.registration.fragments.CaptchaFragment,top_level,0,0,0,23,0,0,23,0,0,1,1,7,7,0,1,0,1,0,1,0,1,0,1,0,1,0,1,0,1,7,1,7,1,0,1,0,1
Signal-Android,2020-1,2021-1,org.thoughtcrime.securesms.registration.fragments.CountryPickerFragment,top_level,0,0,0,45,0,0,47,0,0,1,1,8,9,0,1,0,1,0,1,0,1,0,1,0,1,0,1,0,1,8,1,9,1,0,1,0,1
Signal-Android,2020-1,2021-1,org.thoughtcrime.securesms.registration.fragments.EnterCodeFragment,top_level,6,6,0,179,0,6,194,0,6,1,1,22,29,0,1,0,1,0,1,0,1,0,1,0,1,0,1,0,1,16,1,23,1,0,1,0,1
Signal-Android,2020-1,2021-1,org.thoughtcrime.securesms.registration.fragments.EnterPhoneNumberFragment,top_level,6,6,0,245,0,3,253,0,3,1,1,40,42,0,1,0,1,0,1,0,1,0,1,0,1,0,1,0,1,38,1,40,1,0,1,0,1
Signal-Android,2020-1,2021-1,org.thoughtcrime.securesms.registration.fragments.RegistrationCompleteFragment,top_level,0,0,0,17,0,0,21,0,0,1,1,1,2,0,1,0,1,0,1,0,1,0,1,0,1,0,1,0,1,1,1,2,1,0,1,0,1
Signal-Android,2020-1,2021-1,org.thoughtcrime.securesms.registration.fragments.RegistrationConstants,top_level,1,1,0,7,0,1,5,0,1,0,0,,,,0,,0,,0,,0,,0,,0,,0,,0,,0,,0,,0,,0
Signal-Android,2020-1,2021-1,org.thoughtcrime.securesms.registration.fragments.RegistrationLockFragment,top_level,4,10,6,122,0,2,185,0,5,1,1,21,40,0,1,0,1,0,1,1,1,0,1,0,1,0,1,0,1,21,1,35,1,0,1,0,1
Signal-Android,2020-1,2021-1,org.thoughtcrime.securesms.registration.fragments.RestoreBackupFragment,top_level,3,3,0,189,0,2,243,0,2,1,1,13,20,0,1,0,1,0,1,0,1,0,1,0,1,0,1,0,1,12,1,18,1,0,1,0,1
Signal-Android,2020-1,2021-1,org.thoughtcrime.securesms.registration.fragments.WelcomeFragment,top_level,6,11,5,81,0,2,132,0,3,1,1,20,28,0,1,0,1,0,1,0,1,0,1,0,1,0,1,0,1,20,1,27,1,0,1,0,1
Signal-Android,2020-1,2021-1,org.thoughtcrime.securesms.registration.service.CodeVerificationRequest,top_level,0,0,0,176,0,0,171,0,0,1,1,16,23,0,1,0,1,0,1,0,1,0,1,0,1,0,1,0,1,10,1,13,1,0,1,0,1
Signal-Android,2020-1,2021-1,org.thoughtcrime.securesms.registration.service.Credentials,top_level,0,0,0,10,0,0,10,0,0,0,0,,,,0,,0,,0,,0,,0,,0,,0,,0,,0,,0,,0,,0
Signal-Android,2020-1,2021-1,org.thoughtcrime.securesms.registration.service.KeyBackupSystemWrongPinException,top_level,0,0,0,6,0,0,6,0,0,0,0,,,,0,,0,,0,,0,,0,,0,,0,,0,,0,,0,,0,,0
Signal-Android,2020-1,2021-1,org.thoughtcrime.securesms.registration.service.RegistrationCodeRequest,top_level,0,2,2,62,0,0,59,0,0,1,1,6,8,0,1,0,1,0,1,0,1,0,1,0,1,0,1,0,1,5,1,7,1,0,1,0,1
Signal-Android,2020-1,2021-1,org.thoughtcrime.securesms.registration.service.RegistrationService,top_level,0,0,0,21,0,0,18,0,0,1,0,1,,0,1,,0,0,1,,0,0,1,,0,0,1,,0,0,1,,0,0,1,,0
Signal-Android,2020-1,2021-1,org.thoughtcrime.securesms.registration.viewmodel.LocalCodeRequestRateLimiter,top_level,3,3,0,51,0,3,51,0,3,1,1,5,5,0,1,0,1,0,1,0,1,0,1,0,1,0,1,0,1,5,1,5,1,0,1,0,1
Signal-Android,2020-1,2021-1,org.thoughtcrime.securesms.registration.viewmodel.NumberViewState,top_level,8,8,0,103,0,7,103,0,7,1,1,1,1,0,1,0,1,0,1,0,1,0,1,0,1,0,1,0,1,1,1,1,1,0,1,0,1
Signal-Android,2020-1,2021-1,org.thoughtcrime.securesms.registration.viewmodel.RegistrationViewModel,top_level,10,11,1,108,0,9,96,0,11,1,1,12,12,0,1,0,1,0,1,0,1,0,1,0,1,0,1,0,1,11,1,11,1,0,1,0,1
Signal-Android,2020-1,2021-1,org.thoughtcrime.securesms.revealable.ViewOnceExpirationInfo,top_level,3,3,0,10,0,3,10,0,3,0,0,,,,0,,0,,0,,0,,0,,0,,0,,0,,0,,0,,0,,0
Signal-Android,2020-1,2021-1,org.thoughtcrime.securesms.revealable.ViewOnceMessageActivity,top_level,5,4,-1,116,0,5,101,0,4,1,1,11,7,0,1,0,1,0,1,0,1,0,1,0,1,0,1,0,1,10,1,5,1,0,1,0,1
Signal-Android,2020-1,2021-1,org.thoughtcrime.securesms.revealable.ViewOnceMessageManager,top_level,0,0,0,39,0,0,39,0,0,1,1,2,2,0,1,0,1,0,1,0,1,0,1,0,1,0,1,0,1,2,1,2,1,0,1,0,1
Signal-Android,2020-1,2021-1,org.thoughtcrime.securesms.revealable.ViewOnceMessageRepository,top_level,1,2,1,13,0,1,18,0,1,1,1,1,1,0,1,0,1,0,1,0,1,0,1,0,1,0,1,0,1,1,1,1,1,0,1,0,1
Signal-Android,2020-1,2021-1,org.thoughtcrime.securesms.revealable.ViewOnceMessageView,top_level,3,3,0,93,0,2,98,0,2,1,1,26,26,0,1,0,1,0,1,0,1,0,1,0,1,0,1,0,1,26,1,26,1,0,1,0,1
Signal-Android,2020-1,2021-1,org.thoughtcrime.securesms.revealable.ViewOnceMessageViewModel,top_level,1,1,0,50,0,1,50,0,1,1,1,2,2,0,1,0,1,0,1,0,1,0,1,0,1,0,1,0,1,1,1,1,1,0,1,0,1
Signal-Android,2020-1,2021-1,org.thoughtcrime.securesms.revealable.ViewOnceUtil,top_level,0,0,0,30,0,0,30,0,0,1,1,14,14,0,1,0,1,0,1,0,1,0,1,0,1,0,1,0,1,11,1,11,1,0,1,0,1
Signal-Android,2020-1,2021-1,org.thoughtcrime.securesms.ringrtc.CameraState,top_level,4,5,1,15,0,4,45,0,5,0,0,,,,0,,0,,0,,0,,0,,0,,0,,0,,0,,0,,0,,0
Signal-Android,2020-1,2021-1,org.thoughtcrime.securesms.ringrtc.RingRtcLogger,top_level,0,0,0,16,0,0,16,0,0,0,0,,,,0,,0,,0,,0,,0,,0,,0,,0,,0,,0,,0,,0
Signal-Android,2020-1,2021-1,org.thoughtcrime.securesms.scribbles.ImageEditorFragment,top_level,16,30,14,267,0,14,347,0,18,1,1,20,38,0,1,0,1,0,1,0,1,0,1,0,1,0,1,0,1,17,1,36,1,0,1,0,1
Signal-Android,2020-1,2021-1,org.thoughtcrime.securesms.scribbles.ImageEditorHud,top_level,30,39,9,189,0,17,239,0,23,1,1,3,11,0,1,0,1,0,1,0,1,0,1,0,1,0,1,0,1,1,1,8,1,0,1,0,1
Signal-Android,2020-1,2021-1,org.thoughtcrime.securesms.scribbles.ImageEditorStickerSelectActivity,top_level,0,0,0,39,0,0,39,0,0,1,1,3,3,0,1,0,1,0,1,0,1,0,1,0,1,0,1,0,1,3,1,3,1,0,1,0,1
Signal-Android,2020-1,2021-1,org.thoughtcrime.securesms.scribbles.UriGlideRenderer,top_level,8,8,0,114,0,3,174,0,3,1,1,9,21,0,1,0,1,0,1,0,1,0,1,0,1,0,1,0,1,8,1,19,1,0,1,0,1
Signal-Android,2020-1,2021-1,org.thoughtcrime.securesms.scribbles.widget.ColorPaletteAdapter,top_level,3,3,0,30,0,3,30,0,3,1,1,1,1,0,1,0,1,0,1,0,1,0,1,0,1,0,1,0,1,1,1,1,1,0,1,0,1
Signal-Android,2020-1,2021-1,org.thoughtcrime.securesms.scribbles.widget.VerticalSlideColorPicker,top_level,13,13,0,123,0,8,123,0,8,1,1,2,2,1,1,1,1,0,1,0,1,0,1,0,1,0,1,0,1,0,1,0,1,0,1,0,1
Signal-Android,2020-1,2021-1,org.thoughtcrime.securesms.search.SearchRepository,top_level,1,1,0,124,0,1,231,0,1,1,1,7,38,0,1,0,1,0,1,0,1,0,1,0,1,0,1,0,1,6,1,35,1,0,1,1,1
Signal-Android,2020-1,2021-1,org.thoughtcrime.securesms.service.AccountAuthenticatorService,top_level,2,2,0,40,0,1,40,0,1,1,1,2,2,0,1,0,1,0,1,0,1,0,1,0,1,0,1,0,1,2,1,2,1,0,1,0,1
Signal-Android,2020-1,2021-1,org.thoughtcrime.securesms.service.AccountVerificationTimeoutException,top_level,1,1,0,8,0,1,8,0,1,0,0,,,,0,,0,,0,,0,,0,,0,,0,,0,,0,,0,,0,,0
Signal-Android,2020-1,2021-1,org.thoughtcrime.securesms.service.ApplicationMigrationService,top_level,12,12,0,119,0,8,119,0,8,1,1,9,9,1,1,1,1,0,1,0,1,0,1,0,1,0,1,0,1,8,1,8,1,0,1,0,1
Signal-Android,2020-1,2021-1,org.thoughtcrime.securesms.service.BootReceiver,top_level,0,0,0,4,0,0,4,0,0,0,0,,,,0,,0,,0,,0,,0,,0,,0,,0,,0,,0,,0,,0
Signal-Android,2020-1,2021-1,org.thoughtcrime.securesms.service.ContactsSyncAdapterService,top_level,2,2,0,10,0,1,10,0,1,0,0,,,,0,,0,,0,,0,,0,,0,,0,,0,,0,,0,,0,,0
Signal-Android,2020-1,2021-1,org.thoughtcrime.securesms.service.DirectShareService,top_level,0,0,0,45,0,0,70,0,0,1,1,19,28,0,1,0,1,0,1,0,1,0,1,0,1,0,1,0,1,19,1,26,1,0,1,0,1
Signal-Android,2020-1,2021-1,org.thoughtcrime.securesms.service.DirectoryRefreshListener,top_level,0,0,0,14,0,0,14,0,0,0,0,,,,0,,0,,0,,0,,0,,0,,0,,0,,0,,0,,0,,0
Signal-Android,2020-1,2021-1,org.thoughtcrime.securesms.service.ExpirationListener,top_level,0,0,0,10,0,0,10,0,0,1,1,4,4,0,1,0,1,0,1,0,1,0,1,0,1,0,1,0,1,4,1,4,1,0,1,0,1
Signal-Android,2020-1,2021-1,org.thoughtcrime.securesms.service.ExpiringMessageManager,top_level,3,3,0,86,0,3,86,0,3,1,1,4,4,0,1,0,1,0,1,0,1,0,1,0,1,0,1,0,1,4,1,4,1,0,1,0,1
Signal-Android,2020-1,2021-1,org.thoughtcrime.securesms.service.GenericForegroundService,top_level,7,7,0,150,0,3,150,0,3,1,1,3,3,0,1,0,1,0,1,0,1,0,1,0,1,0,1,0,1,2,1,2,1,0,1,0,1
Signal-Android,2020-1,2021-1,org.thoughtcrime.securesms.service.KeyCachingService,top_level,17,17,0,157,0,9,157,0,9,1,1,10,13,0,1,0,1,0,1,0,1,0,1,0,1,0,1,0,1,8,1,10,1,0,1,0,1
Signal-Android,2020-1,2021-1,org.thoughtcrime.securesms.service.LocalBackupListener,top_level,0,0,0,17,0,0,17,0,0,0,0,,,,0,,0,,0,,0,,0,,0,,0,,0,,0,,0,,0,,0
Signal-Android,2020-1,2021-1,org.thoughtcrime.securesms.service.MmsListener,top_level,0,0,0,19,0,0,19,0,0,1,1,5,5,0,1,0,1,0,1,0,1,0,1,0,1,0,1,0,1,4,1,4,1,0,1,0,1
Signal-Android,2020-1,2021-1,org.thoughtcrime.securesms.service.NotificationController,top_level,10,10,0,46,0,7,46,0,7,1,1,5,5,0,1,0,1,0,1,0,1,0,1,0,1,0,1,0,1,5,1,5,1,0,1,0,1
Signal-Android,2020-1,2021-1,org.thoughtcrime.securesms.service.PanicResponderListener,top_level,0,0,0,8,0,0,8,0,0,0,0,,,,0,,0,,0,,0,,0,,0,,0,,0,,0,,0,,0,,0
Signal-Android,2020-1,2021-1,org.thoughtcrime.securesms.service.PersistentAlarmManagerListener,top_level,0,0,0,15,0,0,15,0,0,1,1,2,2,0,1,0,1,0,1,0,1,0,1,0,1,0,1,0,1,2,1,2,1,0,1,0,1
Signal-Android,2020-1,2021-1,org.thoughtcrime.securesms.service.PersistentConnectionBootListener,top_level,0,0,0,6,0,0,6,0,0,1,1,1,1,0,1,0,1,0,1,0,1,0,1,0,1,0,1,0,1,1,1,1,1,0,1,0,1
Signal-Android,2020-1,2021-1,org.thoughtcrime.securesms.service.QuickResponseService,top_level,1,1,0,27,0,1,27,0,1,1,1,7,7,0,1,0,1,0,1,0,1,0,1,0,1,0,1,0,1,7,1,7,1,0,1,0,1
Signal-Android,2020-1,2021-1,org.thoughtcrime.securesms.service.RotateSenderCertificateListener,top_level,0,0,0,13,0,0,13,0,0,0,0,,,,0,,0,,0,,0,,0,,0,,0,,0,,0,,0,,0,,0
Signal-Android,2020-1,2021-1,org.thoughtcrime.securesms.service.RotateSignedPreKeyListener,top_level,0,0,0,14,0,0,14,0,0,0,0,,,,0,,0,,0,,0,,0,,0,,0,,0,,0,,0,,0,,0
Signal-Android,2020-1,2021-1,org.thoughtcrime.securesms.service.SmsDeliveryListener,top_level,0,0,0,34,0,0,34,0,0,1,1,2,2,0,1,0,1,0,1,0,1,0,1,0,1,0,1,0,1,1,1,1,1,0,1,0,1
Signal-Android,2020-1,2021-1,org.thoughtcrime.securesms.service.SmsListener,top_level,0,0,0,49,0,0,50,0,0,1,1,9,9,0,1,0,1,0,1,0,1,0,1,0,1,0,1,0,1,8,1,8,1,0,1,0,1
Signal-Android,2020-1,2021-1,org.thoughtcrime.securesms.service.TimedEventManager<E>,top_level,5,5,0,34,0,4,34,0,4,0,0,,,,0,,0,,0,,0,,0,,0,,0,,0,,0,,0,,0,,0
Signal-Android,2020-1,2021-1,org.thoughtcrime.securesms.service.UpdateApkReadyListener,top_level,0,0,0,59,0,0,59,0,0,1,1,8,8,0,1,0,1,0,1,0,1,0,1,0,1,0,1,0,1,7,1,7,1,0,1,0,1
Signal-Android,2020-1,2021-1,org.thoughtcrime.securesms.service.UpdateApkRefreshListener,top_level,0,0,0,17,0,0,17,0,0,0,0,,,,0,,0,,0,,0,,0,,0,,0,,0,,0,,0,,0,,0
Signal-Android,2020-1,2021-1,org.thoughtcrime.securesms.service.VerificationCodeParser,top_level,0,0,0,9,0,0,10,0,0,1,1,4,6,0,1,0,1,0,1,0,1,0,1,0,1,0,1,0,1,3,1,5,1,0,1,0,1
Signal-Android,2020-1,2021-1,org.thoughtcrime.securesms.service.WebRtcCallService,top_level,36,23,-13,870,0,16,719,0,10,1,1,55,87,0,1,0,1,0,1,0,1,0,1,0,1,0,1,0,1,39,1,75,1,0,1,1,1
Signal-Android,2020-1,2021-1,org.thoughtcrime.securesms.sms.IncomingEncryptedMessage,top_level,1,1,0,9,0,1,6,0,1,0,0,,,,0,,0,,0,,0,,0,,0,,0,,0,,0,,0,,0,,0
Signal-Android,2020-1,2021-1,org.thoughtcrime.securesms.sms.IncomingEndSessionMessage,top_level,1,1,0,11,0,1,8,0,1,0,0,,,,0,,0,,0,,0,,0,,0,,0,,0,,0,,0,,0,,0
Signal-Android,2020-1,2021-1,org.thoughtcrime.securesms.sms.IncomingIdentityDefaultMessage,top_level,1,1,0,6,0,1,6,0,1,0,0,,,,0,,0,,0,,0,,0,,0,,0,,0,,0,,0,,0,,0
Signal-Android,2020-1,2021-1,org.thoughtcrime.securesms.sms.IncomingIdentityUpdateMessage,top_level,1,1,0,6,0,1,6,0,1,0,0,,,,0,,0,,0,,0,,0,,0,,0,,0,,0,,0,,0,,0
Signal-Android,2020-1,2021-1,org.thoughtcrime.securesms.sms.IncomingIdentityVerifiedMessage,top_level,1,1,0,6,0,1,6,0,1,0,0,,,,0,,0,,0,,0,,0,,0,,0,,0,,0,,0,,0,,0
Signal-Android,2020-1,2021-1,org.thoughtcrime.securesms.sms.IncomingJoinedMessage,top_level,2,2,0,9,0,2,9,0,2,0,0,,,,0,,0,,0,,0,,0,,0,,0,,0,,0,,0,,0,,0
Signal-Android,2020-1,2021-1,org.thoughtcrime.securesms.sms.IncomingTextMessage,top_level,19,20,1,181,0,19,190,0,20,1,0,1,,0,1,,0,0,1,,0,0,1,,0,0,1,,0,0,1,,0,0,1,,0
Signal-Android,2020-1,2021-1,org.thoughtcrime.securesms.sms.MessageSender,top_level,0,1,1,240,0,0,333,0,0,1,1,61,87,0,1,0,1,1,1,0,1,0,1,0,1,0,1,0,1,48,1,77,1,1,1,1,1
Signal-Android,2020-1,2021-1,org.thoughtcrime.securesms.sms.OutgoingEncryptedMessage,top_level,1,1,0,11,0,1,11,0,1,0,0,,,,0,,0,,0,,0,,0,,0,,0,,0,,0,,0,,0,,0
Signal-Android,2020-1,2021-1,org.thoughtcrime.securesms.sms.OutgoingEndSessionMessage,top_level,1,1,0,11,0,1,11,0,1,0,0,,,,0,,0,,0,,0,,0,,0,,0,,0,,0,,0,,0,,0
Signal-Android,2020-1,2021-1,org.thoughtcrime.securesms.sms.OutgoingIdentityDefaultMessage,top_level,1,1,0,10,0,1,10,0,1,0,0,,,,0,,0,,0,,0,,0,,0,,0,,0,,0,,0,,0,,0
Signal-Android,2020-1,2021-1,org.thoughtcrime.securesms.sms.OutgoingIdentityVerifiedMessage,top_level,1,1,0,11,0,1,11,0,1,0,0,,,,0,,0,,0,,0,,0,,0,,0,,0,,0,,0,,0,,0
Signal-Android,2020-1,2021-1,org.thoughtcrime.securesms.sms.OutgoingKeyExchangeMessage,top_level,1,1,0,11,0,1,11,0,1,0,0,,,,0,,0,,0,,0,,0,,0,,0,,0,,0,,0,,0,,0
Signal-Android,2020-1,2021-1,org.thoughtcrime.securesms.sms.OutgoingPrekeyBundleMessage,top_level,1,1,0,9,0,1,9,0,1,0,0,,,,0,,0,,0,,0,,0,,0,,0,,0,,0,,0,,0,,0
Signal-Android,2020-1,2021-1,org.thoughtcrime.securesms.sms.OutgoingTextMessage,top_level,8,8,0,48,0,8,48,0,8,0,0,,,,0,,0,,0,,0,,0,,0,,0,,0,,0,,0,,0,,0
Signal-Android,2020-1,2021-1,org.thoughtcrime.securesms.sms.TelephonyServiceState,top_level,0,0,0,47,0,0,47,0,0,1,1,2,2,0,1,0,1,0,1,0,1,0,1,0,1,0,1,0,1,2,1,2,1,0,1,0,1
Signal-Android,2020-1,2021-1,org.thoughtcrime.securesms.stickers.BlessedPacks,top_level,0,0,0,19,0,0,31,0,0,1,1,1,1,0,1,0,1,0,1,0,1,0,1,0,1,0,1,0,1,0,1,0,1,0,1,0,1
Signal-Android,2020-1,2021-1,org.thoughtcrime.securesms.stickers.StickerKeyboardPageAdapter,top_level,5,5,0,67,0,5,66,0,5,1,1,4,4,0,1,0,1,0,1,0,1,0,1,0,1,0,1,0,1,4,1,4,1,0,1,0,1
Signal-Android,2020-1,2021-1,org.thoughtcrime.securesms.stickers.StickerKeyboardPageFragment,top_level,6,6,0,113,0,5,84,0,5,1,1,11,15,0,1,0,1,0,1,0,1,0,1,0,1,0,1,0,1,10,1,14,1,0,1,0,1
Signal-Android,2020-1,2021-1,org.thoughtcrime.securesms.stickers.StickerKeyboardPageViewModel,top_level,1,1,0,38,0,1,38,0,1,1,1,1,1,0,1,0,1,0,1,0,1,0,1,0,1,0,1,0,1,1,1,1,1,0,1,0,1
Signal-Android,2020-1,2021-1,org.thoughtcrime.securesms.stickers.StickerKeyboardProvider,top_level,9,8,-1,133,0,4,139,0,5,1,1,11,11,0,1,0,1,0,1,0,1,0,1,0,1,0,1,0,1,11,1,11,1,0,1,0,1
Signal-Android,2020-1,2021-1,org.thoughtcrime.securesms.stickers.StickerKeyboardRepository,top_level,4,4,0,47,0,2,47,0,2,1,1,3,3,0,1,0,1,0,1,0,1,0,1,0,1,0,1,0,1,3,1,3,1,0,1,0,1
Signal-Android,2020-1,2021-1,org.thoughtcrime.securesms.stickers.StickerKeyboardViewModel,top_level,1,1,0,30,0,1,30,0,1,1,1,1,1,0,1,0,1,0,1,0,1,0,1,0,1,0,1,0,1,1,1,1,1,0,1,0,1
Signal-Android,2020-1,2021-1,org.thoughtcrime.securesms.stickers.StickerLocator,top_level,2,2,0,34,0,2,40,0,2,0,1,,1,,0,1,1,,0,0,1,,0,0,1,,0,0,1,,0,0,1,,0,0,1
Signal-Android,2020-1,2021-1,org.thoughtcrime.securesms.stickers.StickerManagementActivity,top_level,7,7,0,62,0,6,73,0,6,1,1,5,5,0,1,0,1,0,1,0,1,0,1,0,1,0,1,0,1,3,1,3,1,0,1,0,1
Signal-Android,2020-1,2021-1,org.thoughtcrime.securesms.stickers.StickerManagementAdapter,top_level,0,4,4,187,0,0,209,0,2,1,1,13,18,0,1,0,1,0,1,0,1,0,1,0,1,0,1,0,1,13,1,18,1,0,1,0,1
Signal-Android,2020-1,2021-1,org.thoughtcrime.securesms.stickers.StickerManagementRepository,top_level,8,8,0,68,0,3,72,0,3,1,1,5,6,0,1,0,1,0,1,0,1,0,1,0,1,0,1,0,1,5,1,6,1,0,1,0,1
Signal-Android,2020-1,2021-1,org.thoughtcrime.securesms.stickers.StickerManagementViewModel,top_level,3,3,0,40,0,3,42,0,3,1,1,1,1,0,1,0,1,0,1,0,1,0,1,0,1,0,1,0,1,1,1,1,1,0,1,0,1
Signal-Android,2020-1,2021-1,org.thoughtcrime.securesms.stickers.StickerManifest,top_level,0,0,0,55,0,0,59,0,0,1,1,2,2,2,1,2,1,0,1,0,1,0,1,0,1,0,1,0,1,0,1,0,1,0,1,0,1
Signal-Android,2020-1,2021-1,org.thoughtcrime.securesms.stickers.StickerPackInstallEvent,top_level,0,0,0,6,0,0,6,0,0,0,0,,,,0,,0,,0,,0,,0,,0,,0,,0,,0,,0,,0,,0
Signal-Android,2020-1,2021-1,org.thoughtcrime.securesms.stickers.StickerPackPreviewActivity,top_level,10,12,2,134,0,8,155,0,10,1,1,29,29,0,1,0,1,0,1,0,1,0,1,0,1,0,1,0,1,26,1,28,1,0,1,0,1
Signal-Android,2020-1,2021-1,org.thoughtcrime.securesms.stickers.StickerPackPreviewAdapter,top_level,2,3,1,30,0,2,50,0,3,1,1,5,5,0,1,0,1,0,1,0,1,0,1,0,1,0,1,0,1,5,1,5,1,0,1,0,1
Signal-Android,2020-1,2021-1,org.thoughtcrime.securesms.stickers.StickerPackPreviewRepository,top_level,0,0,0,83,0,0,83,0,0,1,1,8,8,0,1,0,1,0,1,0,1,0,1,0,1,0,1,0,1,8,1,8,1,0,1,0,1
Signal-Android,2020-1,2021-1,org.thoughtcrime.securesms.stickers.StickerPackPreviewViewModel,top_level,3,3,0,47,0,3,47,0,3,1,1,1,1,0,1,0,1,0,1,0,1,0,1,0,1,0,1,0,1,1,1,1,1,0,1,0,1
Signal-Android,2020-1,2021-1,org.thoughtcrime.securesms.stickers.StickerPreviewPopup,top_level,0,0,0,13,0,0,17,0,0,0,1,,2,,0,0,1,,0,0,1,,0,0,1,,0,0,1,,0,2,1,,0,0,1
Signal-Android,2020-1,2021-1,org.thoughtcrime.securesms.stickers.StickerRemoteUri,top_level,2,2,0,30,0,2,30,0,2,1,1,2,2,0,1,0,1,0,1,0,1,0,1,0,1,0,1,0,1,2,1,2,1,0,1,0,1
Signal-Android,2020-1,2021-1,org.thoughtcrime.securesms.stickers.StickerRemoteUriFetcher,top_level,2,2,0,27,0,2,27,0,2,0,0,,,,0,,0,,0,,0,,0,,0,,0,,0,,0,,0,,0,,0
Signal-Android,2020-1,2021-1,org.thoughtcrime.securesms.stickers.StickerRemoteUriLoader,top_level,0,0,0,16,0,0,16,0,0,0,0,,,,0,,0,,0,,0,,0,,0,,0,,0,,0,,0,,0,,0
Signal-Android,2020-1,2021-1,org.thoughtcrime.securesms.stickers.StickerSearchRepository,top_level,3,3,0,32,0,1,32,0,1,1,1,2,2,0,1,0,1,0,1,0,1,0,1,0,1,0,1,0,1,2,1,2,1,0,1,0,1
Signal-Android,2020-1,2021-1,org.thoughtcrime.securesms.stickers.StickerUrl,top_level,0,0,0,33,0,0,33,0,0,1,1,6,6,0,1,0,1,0,1,0,1,0,1,0,1,0,1,0,1,4,1,4,1,0,1,0,1
Signal-Android,2020-1,2021-1,org.thoughtcrime.securesms.transport.InsecureFallbackApprovalException,top_level,0,0,0,5,0,0,5,0,0,0,0,,,,0,,0,,0,,0,,0,,0,,0,,0,,0,,0,,0,,0
Signal-Android,2020-1,2021-1,org.thoughtcrime.securesms.transport.RetryLaterException,top_level,1,1,0,4,0,1,4,0,1,0,0,,,,0,,0,,0,,0,,0,,0,,0,,0,,0,,0,,0,,0
Signal-Android,2020-1,2021-1,org.thoughtcrime.securesms.transport.UndeliverableMessageException,top_level,1,1,0,8,0,1,8,0,1,0,0,,,,0,,0,,0,,0,,0,,0,,0,,0,,0,,0,,0,,0
Signal-Android,2020-1,2021-1,org.thoughtcrime.securesms.usernames.username.UsernameEditFragment,top_level,1,1,0,130,0,0,139,0,0,1,1,20,24,0,1,0,1,0,1,0,1,0,1,0,1,0,1,0,1,16,1,20,1,0,1,0,1
Signal-Android,2020-1,2021-1,org.thoughtcrime.securesms.usernames.username.UsernameEditRepository,top_level,4,4,0,49,0,3,47,0,3,1,1,4,4,0,1,0,1,0,1,0,1,0,1,0,1,0,1,0,1,4,1,4,1,0,1,0,1
Signal-Android,2020-1,2021-1,org.thoughtcrime.securesms.usernames.username.UsernameEditViewModel,top_level,4,4,0,101,0,2,101,0,2,1,1,2,9,0,1,0,1,0,1,0,1,0,1,0,1,0,1,0,1,2,1,8,1,0,1,0,1
Signal-Android,2020-1,2021-1,org.thoughtcrime.securesms.util.AbstractCursorLoader,top_level,8,8,0,53,0,3,53,0,3,1,1,2,2,0,1,0,1,0,1,0,1,0,1,0,1,0,1,0,1,2,1,2,1,0,1,0,1
Signal-Android,2020-1,2021-1,org.thoughtcrime.securesms.util.AccessibilityUtil,top_level,1,1,0,4,0,1,4,0,1,1,1,1,1,0,1,0,1,0,1,0,1,0,1,0,1,0,1,0,1,1,1,1,1,0,1,0,1
Signal-Android,2020-1,2021-1,org.thoughtcrime.securesms.util.AlarmSleepTimer,top_level,5,5,0,52,0,1,52,0,1,1,1,3,3,0,1,0,1,0,1,0,1,0,1,0,1,0,1,0,1,2,1,2,1,0,1,0,1
Signal-Android,2020-1,2021-1,org.thoughtcrime.securesms.util.AsyncLoader<D>,top_level,8,8,0,24,1,4,24,1,4,0,0,,,,0,,0,,0,,0,,0,,0,,0,,0,,0,,0,,0,,0
Signal-Android,2020-1,2021-1,org.thoughtcrime.securesms.util.AttachmentUtil,top_level,0,0,0,60,0,0,71,0,0,1,1,18,15,0,1,0,1,0,1,0,1,0,1,0,1,0,1,0,1,17,1,14,1,0,1,0,1
Signal-Android,2020-1,2021-1,org.thoughtcrime.securesms.util.AvatarUtil,top_level,1,1,0,15,0,1,87,0,1,1,1,3,21,0,1,0,1,0,1,0,1,0,1,0,1,0,1,0,1,3,1,21,1,0,1,0,1
Signal-Android,2020-1,2021-1,org.thoughtcrime.securesms.util.BackupUtil,top_level,8,8,0,84,0,0,181,0,0,1,1,18,36,0,1,0,1,0,1,0,1,0,1,0,1,0,1,0,1,17,1,34,1,0,1,0,1
Signal-Android,2020-1,2021-1,org.thoughtcrime.securesms.util.Base64,top_level,1,1,0,6,0,1,11,0,1,1,1,2,3,0,1,0,1,0,1,0,1,0,1,0,1,0,1,0,1,2,1,3,1,0,1,0,1
Signal-Android,2020-1,2021-1,org.thoughtcrime.securesms.util.BitmapDecodingException,top_level,0,0,0,5,0,0,5,0,0,0,0,,,,0,,0,,0,,0,,0,,0,,0,,0,,0,,0,,0,,0
Signal-Android,2020-1,2021-1,org.thoughtcrime.securesms.util.BitmapUtil,top_level,18,18,0,278,0,0,278,0,0,1,1,40,40,0,1,0,1,0,1,0,1,0,1,0,1,0,1,0,1,24,1,24,1,1,1,1,1
Signal-Android,2020-1,2021-1,org.thoughtcrime.securesms.util.BucketInfo,top_level,3,3,0,50,0,3,50,0,3,1,1,1,1,0,1,0,1,0,1,0,1,0,1,0,1,0,1,0,1,1,1,1,1,0,1,0,1
Signal-Android,2020-1,2021-1,org.thoughtcrime.securesms.util.CalendarDateOnly,top_level,0,0,0,10,0,0,10,0,0,1,1,1,1,0,1,0,1,0,1,0,1,0,1,0,1,0,1,0,1,0,1,0,1,0,1,0,1
Signal-Android,2020-1,2021-1,org.thoughtcrime.securesms.util.CharacterCalculator,top_level,0,0,0,27,0,0,27,0,0,1,1,1,1,1,1,1,1,0,1,0,1,0,1,0,1,0,1,0,1,0,1,0,1,0,1,0,1
Signal-Android,2020-1,2021-1,org.thoughtcrime.securesms.util.CloseableLiveData<E>,top_level,6,6,0,13,0,3,13,0,3,0,0,,,,0,,0,,0,,0,,0,,0,,0,,0,,0,,0,,0,,0
Signal-Android,2020-1,2021-1,org.thoughtcrime.securesms.util.CommunicationActions,top_level,0,0,0,95,0,0,167,0,0,1,1,11,20,0,1,0,1,0,1,0,1,0,1,0,1,0,1,0,1,10,1,17,1,0,1,0,1
Signal-Android,2020-1,2021-1,org.thoughtcrime.securesms.util.DateUtils,top_level,2,2,0,78,0,0,109,0,0,1,1,7,8,0,1,0,1,0,1,0,1,0,1,0,1,0,1,0,1,7,1,8,1,0,1,0,1
Signal-Android,2020-1,2021-1,org.thoughtcrime.securesms.util.Debouncer,top_level,2,2,0,11,0,2,11,0,2,0,0,,,,0,,0,,0,,0,,0,,0,,0,,0,,0,,0,,0,,0
Signal-Android,2020-1,2021-1,org.thoughtcrime.securesms.util.DelimiterUtil,top_level,0,0,0,11,0,0,11,0,0,1,1,1,1,0,1,0,1,0,1,0,1,0,1,0,1,0,1,0,1,0,1,0,1,0,1,0,1
Signal-Android,2020-1,2021-1,org.thoughtcrime.securesms.util.Dialogs,top_level,0,0,0,15,0,0,15,0,0,1,1,1,1,0,1,0,1,0,1,0,1,0,1,0,1,0,1,0,1,0,1,0,1,0,1,0,1
Signal-Android,2020-1,2021-1,org.thoughtcrime.securesms.util.DynamicDarkActionBarTheme,top_level,0,1,1,7,0,0,3,0,1,1,0,1,,0,1,,0,0,1,,0,0,1,,0,0,1,,0,1,1,,0,0,1,,0
Signal-Android,2020-1,2021-1,org.thoughtcrime.securesms.util.DynamicDarkToolbarTheme,top_level,0,1,1,7,0,0,3,0,1,1,0,1,,0,1,,0,0,1,,0,0,1,,0,0,1,,0,1,1,,0,0,1,,0
Signal-Android,2020-1,2021-1,org.thoughtcrime.securesms.util.DynamicIntroTheme,top_level,0,1,1,6,0,0,3,0,1,1,0,1,,0,1,,0,0,1,,0,0,1,,0,0,1,,0,1,1,,0,0,1,,0
Signal-Android,2020-1,2021-1,org.thoughtcrime.securesms.util.DynamicLanguage,top_level,0,0,0,23,0,0,23,0,0,1,1,6,6,0,1,0,1,0,1,0,1,0,1,0,1,0,1,0,1,6,1,6,1,0,1,0,1
Signal-Android,2020-1,2021-1,org.thoughtcrime.securesms.util.DynamicNoActionBarInviteTheme,top_level,0,1,1,6,0,0,3,0,1,1,0,1,,0,1,,0,0,1,,0,0,1,,0,0,1,,0,1,1,,0,0,1,,0
Signal-Android,2020-1,2021-1,org.thoughtcrime.securesms.util.DynamicNoActionBarTheme,top_level,0,1,1,6,0,0,3,0,1,1,0,1,,0,1,,0,0,1,,0,0,1,,0,0,1,,0,1,1,,0,0,1,,0
Signal-Android,2020-1,2021-1,org.thoughtcrime.securesms.util.DynamicRegistrationTheme,top_level,0,1,1,6,0,0,3,0,1,1,0,1,,0,1,,0,0,1,,0,0,1,,0,0,1,,0,1,1,,0,0,1,,0
Signal-Android,2020-1,2021-1,org.thoughtcrime.securesms.util.DynamicTheme,top_level,0,2,2,22,0,0,43,0,1,1,1,2,7,0,1,0,1,0,1,0,1,0,1,0,1,0,1,0,1,1,1,7,1,0,1,0,1
Signal-Android,2020-1,2021-1,org.thoughtcrime.securesms.util.ExpirationUtil,top_level,0,0,0,33,0,0,59,0,0,1,1,27,2,0,1,0,1,0,1,0,1,0,1,0,1,0,1,0,1,26,1,1,1,0,1,0,1
Signal-Android,2020-1,2021-1,org.thoughtcrime.securesms.util.FeatureFlags,top_level,0,15,15,9,0,0,270,0,1,0,1,,33,,0,0,1,,0,0,1,,0,0,1,,0,0,1,,0,24,1,,0,1,1
Signal-Android,2020-1,2021-1,org.thoughtcrime.securesms.util.FileProviderUtil,top_level,0,0,0,11,0,0,11,0,0,1,1,2,2,0,1,0,1,0,1,0,1,0,1,0,1,0,1,0,1,1,1,1,1,0,1,0,1
Signal-Android,2020-1,2021-1,org.thoughtcrime.securesms.util.FileUtils,top_level,0,0,0,27,0,0,27,0,0,1,1,3,3,0,1,0,1,0,1,0,1,0,1,0,1,0,1,0,1,2,1,2,1,0,1,0,1
Signal-Android,2020-1,2021-1,org.thoughtcrime.securesms.util.FrameRateTracker,top_level,6,5,-1,105,0,4,44,0,3,1,1,12,8,0,1,0,1,0,1,0,1,0,1,0,1,0,1,0,1,12,1,8,1,0,1,0,1
Signal-Android,2020-1,2021-1,"org.thoughtcrime.securesms.util.Function3<A,B,C,D>",top_level,1,1,0,2,0,1,2,0,1,0,0,,,,0,,0,,0,,0,,0,,0,,0,,0,,0,,0,,0,,0
Signal-Android,2020-1,2021-1,org.thoughtcrime.securesms.util.FutureTaskListener<V>,top_level,2,2,0,3,0,1,3,0,1,0,0,,,,0,,0,,0,,0,,0,,0,,0,,0,,0,,0,,0,,0
Signal-Android,2020-1,2021-1,org.thoughtcrime.securesms.util.GroupUtil,top_level,0,1,1,84,0,0,100,0,1,1,1,7,14,0,1,0,1,0,1,0,1,0,1,0,1,0,1,0,1,6,1,14,1,0,1,0,1
Signal-Android,2020-1,2021-1,org.thoughtcrime.securesms.util.Hex,top_level,0,0,0,75,0,0,80,0,0,1,1,1,1,0,1,0,1,0,1,0,1,0,1,0,1,0,1,0,1,0,1,0,1,0,1,0,1
Signal-Android,2020-1,2021-1,"org.thoughtcrime.securesms.util.IOFunction<I,O>",top_level,1,1,0,2,0,1,2,0,1,0,0,,,,0,,0,,0,,0,,0,,0,,0,,0,,0,,0,,0,,0
Signal-Android,2020-1,2021-1,org.thoughtcrime.securesms.util.IasKeyStore,top_level,1,1,0,10,0,1,10,0,1,1,1,2,2,0,1,0,1,0,1,0,1,0,1,0,1,0,1,0,1,2,1,2,1,0,1,0,1
Signal-Android,2020-1,2021-1,org.thoughtcrime.securesms.util.IdentityUtil,top_level,0,0,0,132,0,0,130,0,0,1,1,44,51,0,1,0,1,0,1,0,1,0,1,0,1,0,1,0,1,38,1,45,1,0,1,0,1
Signal-Android,2020-1,2021-1,org.thoughtcrime.securesms.util.IntentUtils,top_level,0,0,0,4,0,0,13,0,0,1,1,3,3,0,1,0,1,0,1,0,1,0,1,0,1,0,1,0,1,2,1,2,1,0,1,0,1
Signal-Android,2020-1,2021-1,org.thoughtcrime.securesms.util.JsonUtils,top_level,0,0,0,31,0,0,31,0,0,1,1,1,1,0,1,0,1,0,1,0,1,0,1,0,1,0,1,0,1,0,1,0,1,0,1,0,1
Signal-Android,2020-1,2021-1,"org.thoughtcrime.securesms.util.LRUCache<K,V>",top_level,1,1,0,7,0,1,7,0,1,0,0,,,,0,,0,,0,,0,,0,,0,,0,,0,,0,,0,,0,,0
Signal-Android,2020-1,2021-1,org.thoughtcrime.securesms.util.LimitedInputStream,top_level,6,6,0,20,0,2,20,0,2,1,1,1,1,0,1,0,1,0,1,0,1,0,1,0,1,0,1,0,1,0,1,0,1,0,1,0,1
Signal-Android,2020-1,2021-1,org.thoughtcrime.securesms.util.ListenableFutureTask<V>,top_level,6,6,0,62,0,4,62,0,4,0,0,,,,0,,0,,0,,0,,0,,0,,0,,0,,0,,0,,0,,0
Signal-Android,2020-1,2021-1,org.thoughtcrime.securesms.util.LongClickCopySpan,top_level,1,1,0,42,0,1,42,0,1,1,1,4,4,0,1,0,1,0,1,0,1,0,1,0,1,0,1,0,1,4,1,4,1,0,1,0,1
Signal-Android,2020-1,2021-1,org.thoughtcrime.securesms.util.LongClickMovementMethod,top_level,0,0,0,62,0,0,62,0,0,1,1,5,5,0,1,0,1,0,1,0,1,0,1,0,1,0,1,0,1,4,1,4,1,0,1,0,1
Signal-Android,2020-1,2021-1,org.thoughtcrime.securesms.util.MathUtils,top_level,1,1,0,11,0,0,11,0,0,1,1,1,1,0,1,0,1,0,1,0,1,0,1,0,1,0,1,0,1,0,1,0,1,0,1,0,1
Signal-Android,2020-1,2021-1,org.thoughtcrime.securesms.util.MediaMetadataRetrieverUtil,top_level,1,1,0,10,0,1,10,0,1,1,1,1,1,0,1,0,1,0,1,0,1,0,1,0,1,0,1,0,1,0,1,0,1,0,1,0,1
Signal-Android,2020-1,2021-1,org.thoughtcrime.securesms.util.MediaUtil,top_level,0,0,0,223,0,0,264,0,0,1,1,41,49,0,1,0,1,0,1,0,1,0,1,0,1,0,1,0,1,28,1,33,1,1,1,1,1
Signal-Android,2020-1,2021-1,org.thoughtcrime.securesms.util.MemoryFileDescriptor,top_level,12,12,0,91,0,5,91,0,5,1,1,12,12,0,1,0,1,0,1,0,1,0,1,0,1,0,1,0,1,11,1,11,1,0,1,0,1
Signal-Android,2020-1,2021-1,org.thoughtcrime.securesms.util.MemoryFileUtil,top_level,0,1,1,17,0,0,21,0,1,1,1,6,5,0,1,0,1,0,1,0,1,0,1,0,1,0,1,0,1,5,1,5,1,0,1,0,1
Signal-Android,2020-1,2021-1,org.thoughtcrime.securesms.util.MessageRecordUtil,top_level,1,1,0,14,0,1,16,0,1,0,0,,,,0,,0,,0,,0,,0,,0,,0,,0,,0,,0,,0,,0
Signal-Android,2020-1,2021-1,org.thoughtcrime.securesms.util.MmsCharacterCalculator,top_level,0,0,0,5,0,0,5,0,0,0,0,,,,0,,0,,0,,0,,0,,0,,0,,0,,0,,0,,0,,0
Signal-Android,2020-1,2021-1,org.thoughtcrime.securesms.util.ObservingLiveData<E>,top_level,4,4,0,17,0,2,17,0,2,0,0,,,,0,,0,,0,,0,,0,,0,,0,,0,,0,,0,,0,,0
Signal-Android,2020-1,2021-1,org.thoughtcrime.securesms.util.ParcelUtil,top_level,0,0,0,15,0,0,30,0,0,1,1,5,5,0,1,0,1,0,1,0,1,0,1,0,1,0,1,0,1,4,1,4,1,0,1,0,1
Signal-Android,2020-1,2021-1,org.thoughtcrime.securesms.util.PlayServicesUtil,top_level,0,0,0,34,0,0,34,0,0,1,1,4,4,0,1,0,1,0,1,0,1,0,1,0,1,0,1,0,1,2,1,2,1,0,1,0,1
Signal-Android,2020-1,2021-1,org.thoughtcrime.securesms.util.PowerManagerCompat,top_level,0,0,0,5,0,0,5,0,0,1,1,1,1,0,1,0,1,0,1,0,1,0,1,0,1,0,1,0,1,0,1,0,1,0,1,0,1
Signal-Android,2020-1,2021-1,org.thoughtcrime.securesms.util.ProfileUtil,top_level,0,1,1,40,0,0,68,0,1,1,1,4,8,0,1,0,1,0,1,0,1,0,1,0,1,0,1,0,1,3,1,7,1,0,1,0,1
Signal-Android,2020-1,2021-1,org.thoughtcrime.securesms.util.PushCharacterCalculator,top_level,0,0,0,6,0,0,6,0,0,0,0,,,,0,,0,,0,,0,,0,,0,,0,,0,,0,,0,,0,,0
Signal-Android,2020-1,2021-1,org.thoughtcrime.securesms.util.RedPhoneCallTypes,top_level,0,0,0,4,0,0,4,0,0,0,0,,,,0,,0,,0,,0,,0,,0,,0,,0,,0,,0,,0,,0
Signal-Android,2020-1,2021-1,org.thoughtcrime.securesms.util.ResUtil,top_level,0,0,0,25,0,0,25,0,0,1,1,5,5,0,1,0,1,0,1,0,1,0,1,0,1,0,1,0,1,4,1,4,1,0,1,0,1
Signal-Android,2020-1,2021-1,org.thoughtcrime.securesms.util.Rfc5724Uri,top_level,0,0,0,33,0,0,33,0,0,1,1,3,3,0,1,0,1,0,1,0,1,0,1,0,1,0,1,0,1,3,1,3,1,0,1,0,1
Signal-Android,2020-1,2021-1,org.thoughtcrime.securesms.util.SaveAttachmentTask,top_level,0,0,0,138,0,0,150,0,0,1,1,13,17,1,1,1,1,0,1,0,1,0,1,0,1,0,1,0,1,11,1,15,1,0,1,0,1
Signal-Android,2020-1,2021-1,org.thoughtcrime.securesms.util.SearchUtil,top_level,0,0,0,47,0,0,47,0,0,1,1,6,6,0,1,0,1,0,1,0,1,0,1,0,1,0,1,0,1,5,1,5,1,0,1,0,1
Signal-Android,2020-1,2021-1,org.thoughtcrime.securesms.util.ServiceUtil,top_level,0,0,0,33,0,0,42,0,0,1,1,1,1,0,1,0,1,0,1,0,1,0,1,0,1,0,1,0,1,0,1,0,1,0,1,0,1
Signal-Android,2020-1,2021-1,org.thoughtcrime.securesms.util.SetUtil,top_level,1,1,0,15,0,1,17,0,1,0,0,,,,0,,0,,0,,0,,0,,0,,0,,0,,0,,0,,0,,0
Signal-Android,2020-1,2021-1,org.thoughtcrime.securesms.util.ShortCodeUtil,top_level,0,0,0,21,0,0,21,0,0,1,1,6,6,0,1,0,1,0,1,0,1,0,1,0,1,0,1,0,1,5,1,5,1,0,1,0,1
Signal-Android,2020-1,2021-1,org.thoughtcrime.securesms.util.SingleLiveEvent<T>,top_level,2,2,0,18,0,2,18,0,2,0,0,,,,0,,0,,0,,0,,0,,0,,0,,0,,0,,0,,0,,0
Signal-Android,2020-1,2021-1,org.thoughtcrime.securesms.util.SmsCharacterCalculator,top_level,0,0,0,24,0,0,24,0,0,1,1,1,1,0,1,0,1,0,1,0,1,0,1,0,1,0,1,0,1,0,1,0,1,0,1,0,1
Signal-Android,2020-1,2021-1,"org.thoughtcrime.securesms.util.SoftHashMap<K,V>",top_level,12,12,0,115,0,9,115,0,9,0,0,,,,0,,0,,0,,0,,0,,0,,0,,0,,0,,0,,0,,0
Signal-Android,2020-1,2021-1,org.thoughtcrime.securesms.util.SpanUtil,top_level,0,0,0,23,0,0,32,0,0,1,1,1,1,0,1,0,1,0,1,0,1,0,1,0,1,0,1,0,1,0,1,0,1,0,1,0,1
Signal-Android,2020-1,2021-1,org.thoughtcrime.securesms.util.SqlUtil,top_level,1,1,0,31,0,1,68,0,1,1,1,2,3,0,1,0,1,0,1,0,1,0,1,0,1,0,1,0,1,2,1,2,1,0,1,0,1
Signal-Android,2020-1,2021-1,org.thoughtcrime.securesms.util.StickyHeaderDecoration,top_level,1,1,0,107,0,1,107,0,1,1,1,19,19,0,1,0,1,0,1,0,1,0,1,0,1,0,1,0,1,17,1,17,1,0,1,0,1
Signal-Android,2020-1,2021-1,org.thoughtcrime.securesms.util.Stopwatch,top_level,0,0,0,30,0,0,30,0,0,1,1,6,6,0,1,0,1,0,1,0,1,0,1,0,1,0,1,0,1,6,1,6,1,0,1,0,1
Signal-Android,2020-1,2021-1,org.thoughtcrime.securesms.util.StorageUtil,top_level,2,4,2,40,0,0,82,0,0,1,1,7,13,0,1,0,1,0,1,0,1,0,1,0,1,0,1,0,1,5,1,11,1,0,1,0,1
Signal-Android,2020-1,2021-1,org.thoughtcrime.securesms.util.TaggedFutureTask<V>,top_level,0,0,0,10,0,0,10,0,0,0,0,,,,0,,0,,0,,0,,0,,0,,0,,0,,0,,0,,0,,0
Signal-Android,2020-1,2021-1,org.thoughtcrime.securesms.util.TelephonyUtil,top_level,0,0,0,26,0,0,26,0,0,1,1,10,10,0,1,0,1,0,1,0,1,0,1,0,1,0,1,0,1,9,1,9,1,0,1,0,1
Signal-Android,2020-1,2021-1,org.thoughtcrime.securesms.util.TextSecurePreferences,top_level,0,0,0,762,0,0,656,0,0,1,1,61,41,0,1,0,1,0,1,0,1,0,1,0,1,0,1,0,1,54,1,35,1,1,1,1,1
Signal-Android,2020-1,2021-1,org.thoughtcrime.securesms.util.ThemeUtil,top_level,0,0,0,37,0,0,45,0,0,1,1,9,12,0,1,0,1,0,1,0,1,0,1,0,1,0,1,0,1,8,1,11,1,0,1,0,1
Signal-Android,2020-1,2021-1,org.thoughtcrime.securesms.util.Throttler,top_level,2,2,0,14,0,2,14,0,2,0,0,,,,0,,0,,0,,0,,0,,0,,0,,0,,0,,0,,0,,0
Signal-Android,2020-1,2021-1,org.thoughtcrime.securesms.util.UsernameUtil,top_level,0,0,0,40,0,0,40,0,0,1,1,11,11,0,1,0,1,0,1,0,1,0,1,0,1,0,1,0,1,10,1,10,1,0,1,0,1
Signal-Android,2020-1,2021-1,org.thoughtcrime.securesms.util.Util,top_level,18,28,10,282,0,0,304,0,0,1,1,30,32,0,1,0,1,0,1,0,1,0,1,0,1,0,1,0,1,24,1,26,1,1,1,1,1
Signal-Android,2020-1,2021-1,org.thoughtcrime.securesms.util.VerifySpan,top_level,0,0,0,19,0,0,15,0,0,0,0,,,,0,,0,,0,,0,,0,,0,,0,,0,,0,,0,,0,,0
Signal-Android,2020-1,2021-1,org.thoughtcrime.securesms.util.VersionTracker,top_level,0,0,0,9,0,0,24,0,0,1,1,1,5,0,1,0,1,0,1,0,1,0,1,0,1,0,1,0,1,0,1,4,1,0,1,0,1
Signal-Android,2020-1,2021-1,org.thoughtcrime.securesms.util.ViewUtil,top_level,0,5,5,141,0,0,155,0,1,1,1,8,19,0,1,0,1,0,1,0,1,0,1,0,1,0,1,0,1,6,1,17,1,0,1,1,1
Signal-Android,2020-1,2021-1,org.thoughtcrime.securesms.util.WakeLockUtil,top_level,0,0,0,35,0,0,33,0,0,1,1,5,5,0,1,0,1,0,1,0,1,0,1,0,1,0,1,0,1,2,1,2,1,0,1,0,1
Signal-Android,2020-1,2021-1,org.thoughtcrime.securesms.util.WindowUtil,top_level,1,1,0,34,0,1,37,0,1,1,1,4,4,0,1,0,1,0,1,0,1,0,1,0,1,0,1,0,1,4,1,4,1,0,1,0,1
Signal-Android,2020-1,2021-1,org.thoughtcrime.securesms.util.WorkerThread,top_level,2,2,0,17,0,1,17,0,1,1,1,1,1,0,1,0,1,0,1,0,1,0,1,0,1,0,1,0,1,1,1,1,1,0,1,0,1
Signal-Android,2020-1,2021-1,org.thoughtcrime.securesms.util.adapter.FixedViewsAdapter,top_level,8,9,1,28,0,6,31,0,6,0,0,,,,0,,0,,0,,0,,0,,0,,0,,0,,0,,0,,0,,0
Signal-Android,2020-1,2021-1,org.thoughtcrime.securesms.util.adapter.RecyclerViewConcatenateAdapter,top_level,11,11,0,125,0,5,127,0,5,1,1,8,8,0,1,0,1,0,1,0,1,0,1,0,1,0,1,0,1,8,1,8,1,0,1,0,1
Signal-Android,2020-1,2021-1,org.thoughtcrime.securesms.util.adapter.RecyclerViewConcatenateAdapterStickyHeader,top_level,1,1,0,31,0,1,31,0,1,1,1,11,11,0,1,0,1,0,1,0,1,0,1,0,1,0,1,0,1,11,1,11,1,0,1,0,1
Signal-Android,2020-1,2021-1,"org.thoughtcrime.securesms.util.adapter.SectionedRecyclerViewAdapter<IdType,SectionImpl>",top_level,8,8,0,77,0,4,79,0,4,0,0,,,,0,,0,,0,,0,,0,,0,,0,,0,,0,,0,,0,,0
Signal-Android,2020-1,2021-1,org.thoughtcrime.securesms.util.adapter.StableIdGenerator<E>,top_level,2,2,0,10,0,1,10,0,1,0,0,,,,0,,0,,0,,0,,0,,0,,0,,0,,0,,0,,0,,0
Signal-Android,2020-1,2021-1,org.thoughtcrime.securesms.util.concurrent.AssertedSuccessListener<T>,top_level,0,0,0,4,0,0,4,0,0,0,0,,,,0,,0,,0,,0,,0,,0,,0,,0,,0,,0,,0,,0
Signal-Android,2020-1,2021-1,org.thoughtcrime.securesms.util.concurrent.ListenableFuture<T>,top_level,1,1,0,5,0,1,5,0,1,0,0,,,,0,,0,,0,,0,,0,,0,,0,,0,,0,,0,,0,,0
Signal-Android,2020-1,2021-1,org.thoughtcrime.securesms.util.concurrent.SettableFuture<T>,top_level,15,15,0,75,1,8,75,1,8,0,0,,,,0,,0,,0,,0,,0,,0,,0,,0,,0,,0,,0,,0
Signal-Android,2020-1,2021-1,org.thoughtcrime.securesms.util.concurrent.SimpleTask,top_level,1,1,0,23,0,0,25,0,0,1,1,4,3,0,1,0,1,0,1,0,1,0,1,0,1,0,1,0,1,3,1,2,1,0,1,0,1
Signal-Android,2020-1,2021-1,org.thoughtcrime.securesms.util.dualsim.SubscriptionInfoCompat,top_level,3,3,0,18,0,3,18,0,3,1,1,1,1,1,1,1,1,0,1,0,1,0,1,0,1,0,1,0,1,0,1,0,1,0,1,0,1
Signal-Android,2020-1,2021-1,org.thoughtcrime.securesms.util.dualsim.SubscriptionManagerCompat,top_level,2,2,0,70,0,1,70,0,1,1,1,8,8,0,1,0,1,0,1,0,1,0,1,0,1,0,1,0,1,8,1,8,1,0,1,0,1
Signal-Android,2020-1,2021-1,org.thoughtcrime.securesms.util.dynamiclanguage.DynamicLanguageContextWrapper,top_level,0,1,1,13,0,0,10,0,1,1,1,4,1,0,1,0,1,0,1,0,1,0,1,0,1,0,1,0,1,3,1,1,1,0,1,0,1
Signal-Android,2020-1,2021-1,org.thoughtcrime.securesms.util.dynamiclanguage.LanguageString,top_level,1,1,0,22,0,1,22,0,1,1,1,1,1,0,1,0,1,0,1,0,1,0,1,0,1,0,1,0,1,0,1,0,1,0,1,0,1
Signal-Android,2020-1,2021-1,org.thoughtcrime.securesms.util.dynamiclanguage.LocaleParser,top_level,1,1,0,19,0,1,19,0,1,1,1,3,3,0,1,0,1,0,1,0,1,0,1,0,1,0,1,0,1,3,1,3,1,0,1,0,1
Signal-Android,2020-1,2021-1,"org.thoughtcrime.securesms.util.livedata.LiveDataPair<A,B>",top_level,0,0,0,31,2,0,31,2,0,0,0,,,,0,,0,,0,,0,,0,,0,,0,,0,,0,,0,,0,,0
Signal-Android,2020-1,2021-1,org.thoughtcrime.securesms.util.spans.CenterAlignedRelativeSizeSpan,top_level,1,1,0,11,0,1,11,0,1,0,0,,,,0,,0,,0,,0,,0,,0,,0,,0,,0,,0,,0,,0
Signal-Android,2020-1,2021-1,"org.thoughtcrime.securesms.util.task.ProgressDialogAsyncTask<Params,Progress,Result>",top_level,4,4,0,21,0,2,21,0,2,0,0,,,,0,,0,,0,,0,,0,,0,,0,,0,,0,,0,,0,,0
Signal-Android,2020-1,2021-1,org.thoughtcrime.securesms.util.task.SnackbarAsyncTask<Params>,top_level,4,4,0,61,1,3,69,1,3,0,0,,,,0,,0,,0,,0,,0,,0,,0,,0,,0,,0,,0,,0
Signal-Android,2020-1,2021-1,org.thoughtcrime.securesms.util.views.SimpleProgressDialog,top_level,1,1,0,11,0,1,44,0,1,1,1,3,3,0,1,0,1,0,1,0,1,0,1,0,1,0,1,0,1,3,1,3,1,0,1,0,1
Signal-Android,2020-1,2021-1,org.thoughtcrime.securesms.util.views.Stub<T>,top_level,3,3,0,12,1,2,12,1,2,0,0,,,,0,,0,,0,,0,,0,,0,,0,,0,,0,,0,,0,,0
Signal-Android,2020-1,2021-1,org.thoughtcrime.securesms.video.ByteArrayMediaDataSource,top_level,8,8,0,21,0,4,21,0,4,0,0,,,,0,,0,,0,,0,,0,,0,,0,,0,,0,,0,,0,,0
Signal-Android,2020-1,2021-1,org.thoughtcrime.securesms.video.ClassicEncryptedMediaDataSource,top_level,5,5,0,24,0,3,24,0,3,0,0,,,,0,,0,,0,,0,,0,,0,,0,,0,,0,,0,,0,,0
Signal-Android,2020-1,2021-1,org.thoughtcrime.securesms.video.EncryptedMediaDataSource,top_level,0,0,0,9,0,0,9,0,0,1,1,1,1,0,1,0,1,0,1,0,1,0,1,0,1,0,1,0,1,0,1,0,1,0,1,0,1
Signal-Android,2020-1,2021-1,org.thoughtcrime.securesms.video.InMemoryTranscoder,top_level,5,3,-2,134,0,2,134,0,2,1,1,10,11,0,1,0,1,0,1,0,1,0,1,0,1,0,1,0,1,9,1,9,1,0,1,0,1
Signal-Android,2020-1,2021-1,org.thoughtcrime.securesms.video.ModernEncryptedMediaDataSource,top_level,6,7,1,36,0,3,38,0,3,0,0,,,,0,,0,,0,,0,,0,,0,,0,,0,,0,,0,,0,,0
Signal-Android,2020-1,2021-1,org.thoughtcrime.securesms.video.VideoPlayer,top_level,10,27,17,82,0,6,139,0,13,1,1,1,2,0,1,0,1,0,1,0,1,0,1,0,1,0,1,0,1,0,1,1,1,0,1,0,1
Signal-Android,2020-1,2021-1,org.thoughtcrime.securesms.video.VideoSizeException,top_level,0,0,0,3,0,0,3,0,0,0,0,,,,0,,0,,0,,0,,0,,0,,0,,0,,0,,0,,0,,0
Signal-Android,2020-1,2021-1,org.thoughtcrime.securesms.video.VideoSourceException,top_level,0,0,0,5,0,0,5,0,0,0,0,,,,0,,0,,0,,0,,0,,0,,0,,0,,0,,0,,0,,0
Signal-Android,2020-1,2021-1,org.thoughtcrime.securesms.video.VideoUtil,top_level,1,2,1,29,0,1,32,0,1,1,1,1,1,0,1,0,1,0,1,0,1,0,1,0,1,0,1,0,1,1,1,1,1,0,1,0,1
Signal-Android,2020-1,2021-1,org.thoughtcrime.securesms.video.exo.AttachmentDataSource,top_level,2,2,0,31,0,2,31,0,2,0,0,,,,0,,0,,0,,0,,0,,0,,0,,0,,0,,0,,0,,0
Signal-Android,2020-1,2021-1,org.thoughtcrime.securesms.video.exo.AttachmentDataSourceFactory,top_level,0,0,0,15,0,0,15,0,0,0,0,,,,0,,0,,0,,0,,0,,0,,0,,0,,0,,0,,0,,0
Signal-Android,2020-1,2021-1,org.thoughtcrime.securesms.video.exo.BlobDataSource,top_level,4,4,0,36,0,2,36,0,2,1,1,1,1,0,1,0,1,0,1,0,1,0,1,0,1,0,1,0,1,1,1,1,1,0,1,0,1
Signal-Android,2020-1,2021-1,org.thoughtcrime.securesms.video.exo.PartDataSource,top_level,4,4,0,37,0,2,37,0,2,1,1,2,2,0,1,0,1,0,1,0,1,0,1,0,1,0,1,0,1,2,1,2,1,0,1,0,1
Signal-Android,2020-1,2021-1,org.thoughtcrime.securesms.video.videoconverter.AndroidMuxer,top_level,3,3,0,22,0,3,22,0,3,0,0,,,,0,,0,,0,,0,,0,,0,,0,,0,,0,,0,,0,,0
Signal-Android,2020-1,2021-1,org.thoughtcrime.securesms.video.videoconverter.AudioTrackConverter,top_level,64,64,0,287,0,3,288,0,3,1,1,29,29,0,1,0,1,1,1,1,1,0,1,0,1,0,1,0,1,9,1,9,1,1,1,1,1
Signal-Android,2020-1,2021-1,org.thoughtcrime.securesms.video.videoconverter.EncodingException,top_level,0,0,0,5,0,0,5,0,0,0,0,,,,0,,0,,0,,0,,0,,0,,0,,0,,0,,0,,0,,0
Signal-Android,2020-1,2021-1,org.thoughtcrime.securesms.video.videoconverter.InputSurface,top_level,12,12,0,80,0,5,80,0,5,1,1,3,3,0,1,0,1,0,1,0,1,0,1,0,1,0,1,0,1,1,1,1,1,0,1,0,1
Signal-Android,2020-1,2021-1,org.thoughtcrime.securesms.video.videoconverter.MediaConverter,top_level,24,24,0,225,0,7,181,0,7,1,1,19,19,0,1,0,1,0,1,0,1,0,1,0,1,0,1,0,1,2,1,2,1,1,1,1,1
Signal-Android,2020-1,2021-1,org.thoughtcrime.securesms.video.videoconverter.Muxer,top_level,5,5,0,6,0,3,6,0,3,0,0,,,,0,,0,,0,,0,,0,,0,,0,,0,,0,,0,,0,,0
Signal-Android,2020-1,2021-1,org.thoughtcrime.securesms.video.videoconverter.OutputSurface,top_level,23,23,0,123,0,8,123,0,8,1,1,1,1,0,1,0,1,0,1,0,1,0,1,0,1,0,1,0,1,1,1,1,1,0,1,0,1
Signal-Android,2020-1,2021-1,org.thoughtcrime.securesms.video.videoconverter.Preconditions,top_level,0,0,0,4,0,0,4,0,0,1,1,1,1,0,1,0,1,0,1,0,1,0,1,0,1,0,1,0,1,0,1,0,1,0,1,0,1
Signal-Android,2020-1,2021-1,org.thoughtcrime.securesms.video.videoconverter.TextureRender,top_level,8,9,1,158,0,3,165,0,3,1,1,1,1,0,1,0,1,0,1,0,1,0,1,0,1,0,1,0,1,0,1,0,1,0,1,0,1
Signal-Android,2020-1,2021-1,org.thoughtcrime.securesms.video.videoconverter.TranscodingException,top_level,0,0,0,5,0,0,5,0,0,0,0,,,,0,,0,,0,,0,,0,,0,,0,,0,,0,,0,,0,,0
Signal-Android,2020-1,2021-1,org.thoughtcrime.securesms.video.videoconverter.VideoTrackConverter,top_level,67,67,0,358,0,3,358,0,3,1,1,34,34,0,1,0,1,1,1,1,1,0,1,0,1,0,1,0,1,6,1,6,1,1,1,1,1
Signal-Android,2020-1,2021-1,org.thoughtcrime.securesms.webrtc.CallNotificationBuilder,top_level,1,1,0,60,0,0,60,0,0,1,1,2,2,0,1,0,1,0,1,0,1,0,1,0,1,0,1,0,1,1,1,1,1,0,1,0,1
Signal-Android,2020-1,2021-1,org.thoughtcrime.securesms.webrtc.UncaughtExceptionHandlerManager,top_level,2,2,0,18,0,2,19,0,2,1,1,1,1,0,1,0,1,0,1,0,1,0,1,0,1,0,1,0,1,1,1,1,1,0,1,0,1
Signal-Android,2020-1,2021-1,org.thoughtcrime.securesms.webrtc.VoiceCallShare,top_level,0,0,0,24,0,0,25,0,0,1,1,10,10,0,1,0,1,0,1,0,1,0,1,0,1,0,1,0,1,9,1,9,1,0,1,0,1
Signal-Android,2020-1,2021-1,org.thoughtcrime.securesms.webrtc.audio.BluetoothStateManager,top_level,22,23,1,125,0,5,126,0,5,1,1,17,13,0,1,0,1,0,1,0,1,0,1,0,1,0,1,0,1,10,1,9,1,0,1,0,1
Signal-Android,2020-1,2021-1,org.thoughtcrime.securesms.webrtc.audio.IncomingRinger,top_level,2,2,0,70,0,1,76,0,1,1,1,3,3,0,1,0,1,0,1,0,1,0,1,0,1,0,1,0,1,3,1,3,1,0,1,0,1
Signal-Android,2020-1,2021-1,org.thoughtcrime.securesms.webrtc.audio.OutgoingRinger,top_level,7,8,1,31,0,2,37,0,2,0,0,,,,0,,0,,0,,0,,0,,0,,0,,0,,0,,0,,0,,0
Signal-Android,2020-1,2021-1,org.thoughtcrime.securesms.webrtc.audio.SignalAudioManager,top_level,7,6,-1,54,0,4,50,0,4,1,1,14,9,0,1,0,1,0,1,0,1,0,1,0,1,0,1,0,1,14,1,9,1,0,1,0,1
Signal-Android,2020-1,2021-1,org.thoughtcrime.securesms.webrtc.locks.AccelerometerListener,top_level,14,14,0,74,0,3,74,0,3,1,1,3,3,0,1,0,1,0,1,0,1,0,1,0,1,0,1,0,1,0,1,0,1,0,1,0,1
Signal-Android,2020-1,2021-1,org.thoughtcrime.securesms.webrtc.locks.LockManager,top_level,16,16,0,109,0,3,109,0,3,1,1,2,2,0,1,0,1,0,1,0,1,0,1,0,1,0,1,0,1,1,1,1,1,0,1,0,1
Signal-Android,2020-1,2021-1,org.thoughtcrime.securesms.webrtc.locks.ProximityLock,top_level,11,11,0,48,0,2,48,0,2,1,1,6,6,0,1,0,1,0,1,0,1,0,1,0,1,0,1,0,1,6,1,6,1,0,1,0,1
Signal-Android,2020-1,2021-1,org.whispersystems.signalservice.api.KeyBackupService,top_level,1,1,0,151,0,1,157,0,1,1,1,26,22,0,1,0,1,0,1,0,1,0,1,0,1,0,1,0,1,24,1,20,1,0,1,0,1
Signal-Android,2020-1,2021-1,org.whispersystems.signalservice.api.KeyBackupServicePinException,top_level,1,1,0,7,0,1,7,0,1,0,0,,,,0,,0,,0,,0,,0,,0,,0,,0,,0,,0,,0,,0
Signal-Android,2020-1,2021-1,org.whispersystems.signalservice.api.SignalServiceAccountManager,top_level,14,11,-3,255,0,11,314,0,10,1,1,28,38,0,1,0,1,0,1,0,1,0,1,1,1,0,1,0,1,24,1,32,1,0,1,0,1
Signal-Android,2020-1,2021-1,org.whispersystems.signalservice.api.SignalServiceMessagePipe,top_level,1,1,0,115,0,1,183,0,1,1,1,31,35,0,1,0,1,0,1,0,1,0,1,0,1,0,1,0,1,29,1,32,1,0,1,1,1
Signal-Android,2020-1,2021-1,org.whispersystems.signalservice.api.SignalServiceMessageReceiver,top_level,1,1,0,102,0,1,140,0,1,1,1,18,21,0,1,0,1,0,1,0,1,0,1,0,1,0,1,0,1,16,1,19,1,0,1,0,1
Signal-Android,2020-1,2021-1,org.whispersystems.signalservice.api.SignalServiceMessageSender,top_level,3,5,2,730,0,3,933,0,3,1,1,458,570,0,1,0,1,1,1,1,1,1,1,2,1,0,1,0,1,419,1,517,1,1,1,1,1
Signal-Android,2020-1,2021-1,org.whispersystems.signalservice.api.TokenException,top_level,1,1,0,10,0,1,10,0,1,0,0,,,,0,,0,,0,,0,,0,,0,,0,,0,,0,,0,,0,,0
Signal-Android,2020-1,2021-1,org.whispersystems.signalservice.api.crypto.AttachmentCipherInputStream,top_level,21,21,0,152,0,7,152,0,7,1,1,11,11,0,1,0,1,0,1,0,1,0,1,0,1,0,1,0,1,6,1,6,1,1,1,1,1
Signal-Android,2020-1,2021-1,org.whispersystems.signalservice.api.crypto.AttachmentCipherOutputStream,top_level,7,7,0,51,0,4,55,0,4,0,0,,,,0,,0,,0,,0,,0,,0,,0,,0,,0,,0,,0,,0
Signal-Android,2020-1,2021-1,org.whispersystems.signalservice.api.crypto.CryptoUtil,top_level,3,5,2,9,0,1,16,0,1,1,1,1,2,0,1,0,1,0,1,0,1,0,1,0,1,0,1,0,1,1,1,2,1,0,1,0,1
Signal-Android,2020-1,2021-1,org.whispersystems.signalservice.api.crypto.DigestingOutputStream,top_level,6,6,0,26,0,6,26,0,6,0,0,,,,0,,0,,0,,0,,0,,0,,0,,0,,0,,0,,0,,0
Signal-Android,2020-1,2021-1,org.whispersystems.signalservice.api.crypto.InvalidCiphertextException,top_level,0,0,0,5,0,0,5,0,0,0,0,,,,0,,0,,0,,0,,0,,0,,0,,0,,0,,0,,0,,0
Signal-Android,2020-1,2021-1,org.whispersystems.signalservice.api.crypto.ProfileCipher,top_level,14,13,-1,48,0,4,48,0,3,1,1,2,2,0,1,0,1,0,1,0,1,0,1,0,1,0,1,0,1,2,1,2,1,0,1,0,1
Signal-Android,2020-1,2021-1,org.whispersystems.signalservice.api.crypto.ProfileCipherInputStream,top_level,9,9,0,39,0,3,39,0,3,1,1,1,1,0,1,0,1,0,1,0,1,0,1,0,1,0,1,0,1,0,1,0,1,0,1,0,1
Signal-Android,2020-1,2021-1,org.whispersystems.signalservice.api.crypto.ProfileCipherOutputStream,top_level,7,7,0,40,0,5,40,0,5,0,0,,,,0,,0,,0,,0,,0,,0,,0,,0,,0,,0,,0,,0
Signal-Android,2020-1,2021-1,org.whispersystems.signalservice.api.crypto.SignalServiceCipher,top_level,0,0,0,526,0,0,137,0,0,1,1,248,29,1,1,0,1,1,1,0,1,0,1,0,1,0,1,0,1,218,1,23,1,1,1,0,1
Signal-Android,2020-1,2021-1,org.whispersystems.signalservice.api.crypto.UnidentifiedAccess,top_level,4,2,-2,21,0,2,21,0,2,1,1,1,1,0,1,0,1,0,1,0,1,0,1,0,1,0,1,0,1,1,1,1,1,0,1,0,1
Signal-Android,2020-1,2021-1,org.whispersystems.signalservice.api.crypto.UnidentifiedAccessPair,top_level,0,0,0,10,0,0,10,0,0,0,0,,,,0,,0,,0,,0,,0,,0,,0,,0,,0,,0,,0,,0
Signal-Android,2020-1,2021-1,org.whispersystems.signalservice.api.crypto.UntrustedIdentityException,top_level,1,1,0,13,0,1,13,0,1,0,0,,,,0,,0,,0,,0,,0,,0,,0,,0,,0,,0,,0,,0
Signal-Android,2020-1,2021-1,org.whispersystems.signalservice.api.messages.SendMessageResult,top_level,4,4,0,46,0,4,50,0,4,0,0,,,,0,,0,,0,,0,,0,,0,,0,,0,,0,,0,,0,,0
Signal-Android,2020-1,2021-1,org.whispersystems.signalservice.api.messages.SignalServiceAttachment,top_level,3,3,0,73,0,2,93,0,2,1,1,1,1,0,1,0,1,0,1,0,1,0,1,0,1,0,1,0,1,0,1,0,1,0,1,0,1
Signal-Android,2020-1,2021-1,org.whispersystems.signalservice.api.messages.SignalServiceAttachmentPointer,top_level,7,9,2,58,0,7,79,0,9,1,1,2,2,1,1,1,1,0,1,0,1,1,1,1,1,0,1,0,1,0,1,0,1,0,1,0,1
Signal-Android,2020-1,2021-1,org.whispersystems.signalservice.api.messages.SignalServiceAttachmentStream,top_level,6,8,2,51,0,6,88,0,8,1,1,2,2,1,1,1,1,0,1,0,1,1,1,1,1,0,1,0,1,0,1,0,1,0,1,0,1
Signal-Android,2020-1,2021-1,org.whispersystems.signalservice.api.messages.SignalServiceContent,top_level,3,9,6,78,0,3,667,0,6,1,1,1,215,1,1,0,1,0,1,1,1,0,1,0,1,0,1,0,1,0,1,183,1,0,1,1,1
Signal-Android,2020-1,2021-1,org.whispersystems.signalservice.api.messages.SignalServiceDataMessage,top_level,8,12,4,254,0,7,344,0,11,1,1,11,24,4,1,4,1,0,1,0,1,1,1,1,1,0,1,0,1,1,1,10,1,0,1,0,1
Signal-Android,2020-1,2021-1,org.whispersystems.signalservice.api.messages.SignalServiceEnvelope,top_level,15,16,1,134,0,15,160,0,16,1,1,14,14,0,1,0,1,0,1,0,1,0,1,0,1,0,1,0,1,14,1,14,1,0,1,0,1
Signal-Android,2020-1,2021-1,org.whispersystems.signalservice.api.messages.SignalServiceGroup,top_level,5,5,0,61,0,3,61,0,3,1,1,2,2,1,1,1,1,0,1,0,1,0,1,0,1,0,1,0,1,0,1,0,1,0,1,0,1
Signal-Android,2020-1,2021-1,org.whispersystems.signalservice.api.messages.SignalServiceReceiptMessage,top_level,4,5,1,20,0,4,22,0,5,0,0,,,,0,,0,,0,,0,,0,,0,,0,,0,,0,,0,,0,,0
Signal-Android,2020-1,2021-1,org.whispersystems.signalservice.api.messages.SignalServiceStickerManifest,top_level,0,0,0,28,0,0,32,0,0,1,1,1,1,1,1,1,1,0,1,0,1,0,1,0,1,0,1,0,1,0,1,0,1,0,1,0,1
Signal-Android,2020-1,2021-1,org.whispersystems.signalservice.api.messages.SignalServiceTypingMessage,top_level,4,4,0,20,0,4,20,0,4,0,0,,,,0,,0,,0,,0,,0,,0,,0,,0,,0,,0,,0,,0
Signal-Android,2020-1,2021-1,org.whispersystems.signalservice.api.messages.calls.AnswerMessage,top_level,1,2,1,10,0,1,14,0,2,0,0,,,,0,,0,,0,,0,,0,,0,,0,,0,,0,,0,,0,,0
Signal-Android,2020-1,2021-1,org.whispersystems.signalservice.api.messages.calls.BusyMessage,top_level,2,2,0,6,0,2,6,0,2,0,0,,,,0,,0,,0,,0,,0,,0,,0,,0,,0,,0,,0,,0
Signal-Android,2020-1,2021-1,org.whispersystems.signalservice.api.messages.calls.HangupMessage,top_level,2,5,3,6,0,2,43,0,5,0,1,,2,,0,0,1,,0,0,1,,0,0,1,,0,0,1,,0,2,1,,0,0,1
Signal-Android,2020-1,2021-1,org.whispersystems.signalservice.api.messages.calls.IceUpdateMessage,top_level,2,2,0,18,0,2,14,0,2,1,0,1,,1,1,,0,0,1,,0,0,1,,0,0,1,,0,0,1,,0,0,1,,0
Signal-Android,2020-1,2021-1,org.whispersystems.signalservice.api.messages.calls.OfferMessage,top_level,1,3,2,10,0,1,40,0,3,0,1,,3,,0,1,1,,0,0,1,,0,0,1,,0,0,1,,0,2,1,,0,0,1
Signal-Android,2020-1,2021-1,org.whispersystems.signalservice.api.messages.calls.SignalServiceCallMessage,top_level,1,2,1,70,0,0,114,0,1,1,1,1,1,0,1,0,1,0,1,0,1,0,1,0,1,0,1,0,1,0,1,0,1,0,1,0,1
Signal-Android,2020-1,2021-1,org.whispersystems.signalservice.api.messages.calls.TurnServerInfo,top_level,0,0,0,13,0,0,13,0,0,0,0,,,,0,,0,,0,,0,,0,,0,,0,,0,,0,,0,,0,,0
Signal-Android,2020-1,2021-1,org.whispersystems.signalservice.api.messages.multidevice.BlockedListMessage,top_level,0,0,0,10,0,0,10,0,0,0,0,,,,0,,0,,0,,0,,0,,0,,0,,0,,0,,0,,0,,0
Signal-Android,2020-1,2021-1,org.whispersystems.signalservice.api.messages.multidevice.ChunkedInputStream,top_level,8,8,0,66,0,1,66,0,1,1,1,1,1,0,1,0,1,0,1,0,1,0,1,0,1,0,1,0,1,0,1,0,1,0,1,0,1
Signal-Android,2020-1,2021-1,org.whispersystems.signalservice.api.messages.multidevice.ChunkedOutputStream,top_level,3,3,0,18,0,1,18,0,1,0,0,,,,0,,0,,0,,0,,0,,0,,0,,0,,0,,0,,0,,0
Signal-Android,2020-1,2021-1,org.whispersystems.signalservice.api.messages.multidevice.ConfigurationMessage,top_level,0,0,0,21,0,0,21,0,0,1,1,1,1,1,1,1,1,0,1,0,1,0,1,0,1,0,1,0,1,0,1,0,1,0,1,0,1
Signal-Android,2020-1,2021-1,org.whispersystems.signalservice.api.messages.multidevice.ContactsMessage,top_level,1,1,0,10,0,1,10,0,1,0,0,,,,0,,0,,0,,0,,0,,0,,0,,0,,0,,0,,0,,0
Signal-Android,2020-1,2021-1,org.whispersystems.signalservice.api.messages.multidevice.DeviceContact,top_level,2,2,0,51,0,2,51,0,2,1,1,2,2,1,1,1,1,0,1,0,1,1,1,1,1,0,1,0,1,0,1,0,1,0,1,0,1
Signal-Android,2020-1,2021-1,org.whispersystems.signalservice.api.messages.multidevice.DeviceContactsInputStream,top_level,0,0,0,52,0,0,55,0,0,1,1,33,34,0,1,0,1,0,1,0,1,0,1,0,1,0,1,0,1,27,1,27,1,0,1,0,1
Signal-Android,2020-1,2021-1,org.whispersystems.signalservice.api.messages.multidevice.DeviceContactsOutputStream,top_level,1,1,0,51,0,1,51,0,1,1,1,64,65,0,1,0,1,0,1,0,1,0,1,0,1,0,1,0,1,57,1,58,1,0,1,0,1
Signal-Android,2020-1,2021-1,org.whispersystems.signalservice.api.messages.multidevice.DeviceGroup,top_level,4,4,0,51,0,4,51,0,4,1,1,2,2,1,1,1,1,0,1,0,1,1,1,1,1,0,1,0,1,0,1,0,1,0,1,0,1
Signal-Android,2020-1,2021-1,org.whispersystems.signalservice.api.messages.multidevice.DeviceGroupsInputStream,top_level,0,0,0,38,0,0,38,0,0,1,1,17,17,0,1,0,1,0,1,0,1,0,1,0,1,0,1,0,1,16,1,16,1,0,1,0,1
Signal-Android,2020-1,2021-1,org.whispersystems.signalservice.api.messages.multidevice.DeviceGroupsOutputStream,top_level,1,1,0,45,0,1,43,0,1,1,1,34,31,0,1,0,1,0,1,0,1,0,1,0,1,0,1,0,1,34,1,31,1,0,1,0,1
Signal-Android,2020-1,2021-1,org.whispersystems.signalservice.api.messages.multidevice.DeviceInfo,top_level,4,4,0,18,0,4,18,0,4,1,1,1,1,1,1,1,1,0,1,0,1,0,1,0,1,0,1,0,1,0,1,0,1,0,1,0,1
Signal-Android,2020-1,2021-1,org.whispersystems.signalservice.api.messages.multidevice.KeysMessage,top_level,0,0,0,6,0,0,6,0,0,0,0,,,,0,,0,,0,,0,,0,,0,,0,,0,,0,,0,,0,,0
Signal-Android,2020-1,2021-1,org.whispersystems.signalservice.api.messages.multidevice.ReadMessage,top_level,1,1,0,10,0,1,10,0,1,0,0,,,,0,,0,,0,,0,,0,,0,,0,,0,,0,,0,,0,,0
Signal-Android,2020-1,2021-1,org.whispersystems.signalservice.api.messages.multidevice.RequestMessage,top_level,5,5,0,14,0,5,14,0,5,0,0,,,,0,,0,,0,,0,,0,,0,,0,,0,,0,,0,,0,,0
Signal-Android,2020-1,2021-1,org.whispersystems.signalservice.api.messages.multidevice.SentTranscriptMessage,top_level,3,3,0,46,0,3,46,0,3,0,0,,,,0,,0,,0,,0,,0,,0,,0,,0,,0,,0,,0,,0
Signal-Android,2020-1,2021-1,org.whispersystems.signalservice.api.messages.multidevice.SignalServiceSyncMessage,top_level,2,2,0,248,0,0,281,0,0,1,1,2,2,0,1,0,1,0,1,0,1,0,1,0,1,0,1,0,1,0,1,0,1,0,1,0,1
Signal-Android,2020-1,2021-1,org.whispersystems.signalservice.api.messages.multidevice.StickerPackOperationMessage,top_level,1,1,0,16,0,1,16,0,1,0,0,,,,0,,0,,0,,0,,0,,0,,0,,0,,0,,0,,0,,0
Signal-Android,2020-1,2021-1,org.whispersystems.signalservice.api.messages.multidevice.VerifiedMessage,top_level,2,2,0,20,0,2,20,0,2,1,1,1,1,1,1,1,1,0,1,0,1,0,1,0,1,0,1,0,1,0,1,0,1,0,1,0,1
Signal-Android,2020-1,2021-1,org.whispersystems.signalservice.api.messages.multidevice.ViewOnceOpenMessage,top_level,1,1,0,10,0,1,10,0,1,0,0,,,,0,,0,,0,,0,,0,,0,,0,,0,,0,,0,,0,,0
Signal-Android,2020-1,2021-1,org.whispersystems.signalservice.api.messages.shared.SharedContact,top_level,2,2,0,309,0,1,309,0,1,1,1,7,7,3,1,3,1,0,1,0,1,0,1,0,1,0,1,0,1,0,1,0,1,0,1,0,1
Signal-Android,2020-1,2021-1,org.whispersystems.signalservice.api.profiles.SignalServiceProfile,top_level,3,5,2,42,0,3,66,0,5,1,1,1,1,1,1,1,1,0,1,0,1,0,1,0,1,0,1,0,1,0,1,0,1,0,1,0,1
Signal-Android,2020-1,2021-1,org.whispersystems.signalservice.api.push.ContactTokenDetails,top_level,3,3,0,24,0,3,24,0,3,1,1,1,1,1,1,1,1,0,1,0,1,0,1,0,1,0,1,0,1,0,1,0,1,0,1,0,1
Signal-Android,2020-1,2021-1,org.whispersystems.signalservice.api.push.SignalServiceAddress,top_level,5,5,0,63,0,2,62,0,2,1,1,10,10,0,1,0,1,0,1,0,1,0,1,0,1,0,1,0,1,9,1,9,1,0,1,0,1
Signal-Android,2020-1,2021-1,org.whispersystems.signalservice.api.push.SignedPreKeyEntity,top_level,2,2,0,19,0,2,19,0,2,0,0,,,,0,,0,,0,,0,,0,,0,,0,,0,,0,,0,,0,,0
Signal-Android,2020-1,2021-1,org.whispersystems.signalservice.api.push.TrustStore,top_level,2,2,0,3,0,0,3,0,0,0,0,,,,0,,0,,0,,0,,0,,0,,0,,0,,0,,0,,0,,0
Signal-Android,2020-1,2021-1,org.whispersystems.signalservice.api.push.exceptions.AuthorizationFailedException,top_level,0,0,0,3,0,0,3,0,0,0,0,,,,0,,0,,0,,0,,0,,0,,0,,0,,0,,0,,0,,0
Signal-Android,2020-1,2021-1,org.whispersystems.signalservice.api.push.exceptions.CaptchaRequiredException,top_level,0,0,0,1,0,0,1,0,0,0,0,,,,0,,0,,0,,0,,0,,0,,0,,0,,0,,0,,0,,0
Signal-Android,2020-1,2021-1,org.whispersystems.signalservice.api.push.exceptions.ContactManifestMismatchException,top_level,2,2,0,6,0,2,6,0,2,0,0,,,,0,,0,,0,,0,,0,,0,,0,,0,,0,,0,,0,,0
Signal-Android,2020-1,2021-1,org.whispersystems.signalservice.api.push.exceptions.EncapsulatedExceptions,top_level,0,0,0,21,0,0,21,0,0,0,0,,,,0,,0,,0,,0,,0,,0,,0,,0,,0,,0,,0,,0
Signal-Android,2020-1,2021-1,org.whispersystems.signalservice.api.push.exceptions.ExpectationFailedException,top_level,0,0,0,1,0,0,1,0,0,0,0,,,,0,,0,,0,,0,,0,,0,,0,,0,,0,,0,,0,,0
Signal-Android,2020-1,2021-1,org.whispersystems.signalservice.api.push.exceptions.NetworkFailureException,top_level,0,0,0,7,0,0,7,0,0,0,0,,,,0,,0,,0,,0,,0,,0,,0,,0,,0,,0,,0,,0
Signal-Android,2020-1,2021-1,org.whispersystems.signalservice.api.push.exceptions.NonSuccessfulResponseCodeException,top_level,1,1,0,5,0,1,5,0,1,0,0,,,,0,,0,,0,,0,,0,,0,,0,,0,,0,,0,,0,,0
Signal-Android,2020-1,2021-1,org.whispersystems.signalservice.api.push.exceptions.NotFoundException,top_level,0,0,0,3,0,0,3,0,0,0,0,,,,0,,0,,0,,0,,0,,0,,0,,0,,0,,0,,0,,0
Signal-Android,2020-1,2021-1,org.whispersystems.signalservice.api.push.exceptions.PushNetworkException,top_level,0,0,0,5,0,0,5,0,0,0,0,,,,0,,0,,0,,0,,0,,0,,0,,0,,0,,0,,0,,0
Signal-Android,2020-1,2021-1,org.whispersystems.signalservice.api.push.exceptions.RateLimitException,top_level,0,0,0,3,0,0,3,0,0,0,0,,,,0,,0,,0,,0,,0,,0,,0,,0,,0,,0,,0,,0
Signal-Android,2020-1,2021-1,org.whispersystems.signalservice.api.push.exceptions.RemoteAttestationResponseExpiredException,top_level,0,0,0,3,0,0,3,0,0,0,0,,,,0,,0,,0,,0,,0,,0,,0,,0,,0,,0,,0,,0
Signal-Android,2020-1,2021-1,org.whispersystems.signalservice.api.push.exceptions.UnregisteredUserException,top_level,0,0,0,7,0,0,7,0,0,0,0,,,,0,,0,,0,,0,,0,,0,,0,,0,,0,,0,,0,,0
Signal-Android,2020-1,2021-1,org.whispersystems.signalservice.api.push.exceptions.UsernameMalformedException,top_level,0,0,0,1,0,0,1,0,0,0,0,,,,0,,0,,0,,0,,0,,0,,0,,0,,0,,0,,0,,0
Signal-Android,2020-1,2021-1,org.whispersystems.signalservice.api.push.exceptions.UsernameTakenException,top_level,0,0,0,1,0,0,1,0,0,0,0,,,,0,,0,,0,,0,,0,,0,,0,,0,,0,,0,,0,,0
Signal-Android,2020-1,2021-1,org.whispersystems.signalservice.api.storage.SignalContactRecord,top_level,6,8,2,132,0,6,108,0,7,1,0,1,,1,1,,0,0,1,,0,0,1,,0,0,1,,0,0,1,,0,0,1,,0
Signal-Android,2020-1,2021-1,org.whispersystems.signalservice.api.storage.SignalStorageCipher,top_level,6,0,-6,25,0,3,23,0,0,1,1,2,3,0,1,0,1,0,1,0,1,0,1,0,1,0,1,0,1,2,1,2,1,0,1,0,1
Signal-Android,2020-1,2021-1,org.whispersystems.signalservice.api.storage.SignalStorageManifest,top_level,1,1,0,10,0,1,24,0,1,0,1,,1,,0,0,1,,0,0,1,,0,0,1,,0,0,1,,0,1,1,,0,0,1
Signal-Android,2020-1,2021-1,org.whispersystems.signalservice.api.storage.SignalStorageModels,top_level,0,0,0,75,0,0,43,0,0,1,1,52,32,0,1,0,1,0,1,0,1,0,1,0,1,0,1,0,1,40,1,29,1,0,1,0,1
Signal-Android,2020-1,2021-1,org.whispersystems.signalservice.api.storage.SignalStorageRecord,top_level,5,3,-2,33,0,4,61,0,3,1,1,1,2,0,1,0,1,0,1,0,1,0,1,0,1,0,1,0,1,0,1,0,1,0,1,0,1
Signal-Android,2020-1,2021-1,org.whispersystems.signalservice.api.storage.StorageAuthResponse,top_level,1,1,0,13,0,1,13,0,1,0,0,,,,0,,0,,0,,0,,0,,0,,0,,0,,0,,0,,0,,0
Signal-Android,2020-1,2021-1,org.whispersystems.signalservice.api.util.CredentialsProvider,top_level,4,4,0,5,0,0,5,0,0,0,0,,,,0,,0,,0,,0,,0,,0,,0,,0,,0,,0,,0,,0
Signal-Android,2020-1,2021-1,org.whispersystems.signalservice.api.util.InvalidNumberException,top_level,0,0,0,3,0,0,3,0,0,0,0,,,,0,,0,,0,,0,,0,,0,,0,,0,,0,,0,,0,,0
Signal-Android,2020-1,2021-1,org.whispersystems.signalservice.api.util.PhoneNumberFormatter,top_level,0,0,0,76,0,0,82,0,0,1,1,26,27,0,1,0,1,0,1,0,1,0,1,0,1,0,1,0,1,25,1,26,1,0,1,0,1
Signal-Android,2020-1,2021-1,org.whispersystems.signalservice.api.util.SleepTimer,top_level,1,1,0,2,0,1,2,0,1,0,0,,,,0,,0,,0,,0,,0,,0,,0,,0,,0,,0,,0,,0
Signal-Android,2020-1,2021-1,org.whispersystems.signalservice.api.util.StreamDetails,top_level,1,3,2,14,0,1,21,0,2,0,0,,,,0,,0,,0,,0,,0,,0,,0,,0,,0,,0,,0,,0
Signal-Android,2020-1,2021-1,org.whispersystems.signalservice.api.util.Tls12SocketFactory,top_level,0,0,0,30,0,0,30,0,0,0,0,,,,0,,0,,0,,0,,0,,0,,0,,0,,0,,0,,0,,0
Signal-Android,2020-1,2021-1,org.whispersystems.signalservice.api.util.UptimeSleepTimer,top_level,1,1,0,4,0,1,4,0,1,0,0,,,,0,,0,,0,,0,,0,,0,,0,,0,,0,,0,,0,,0
Signal-Android,2020-1,2021-1,org.whispersystems.signalservice.api.util.UuidUtil,top_level,1,1,0,21,0,1,44,0,1,1,1,3,4,0,1,0,1,0,1,0,1,0,1,0,1,0,1,0,1,3,1,3,1,0,1,0,1
Signal-Android,2020-1,2021-1,org.whispersystems.signalservice.api.websocket.ConnectivityListener,top_level,4,4,0,5,0,4,5,0,4,0,0,,,,0,,0,,0,,0,,0,,0,,0,,0,,0,,0,,0,,0
Signal-Android,2020-1,2021-1,org.whispersystems.signalservice.internal.configuration.SignalCdnUrl,top_level,0,0,0,5,0,0,5,0,0,0,0,,,,0,,0,,0,,0,,0,,0,,0,,0,,0,,0,,0,,0
Signal-Android,2020-1,2021-1,org.whispersystems.signalservice.internal.configuration.SignalContactDiscoveryUrl,top_level,0,0,0,5,0,0,5,0,0,0,0,,,,0,,0,,0,,0,,0,,0,,0,,0,,0,,0,,0,,0
Signal-Android,2020-1,2021-1,org.whispersystems.signalservice.internal.configuration.SignalKeyBackupServiceUrl,top_level,0,0,0,5,0,0,5,0,0,0,0,,,,0,,0,,0,,0,,0,,0,,0,,0,,0,,0,,0,,0
Signal-Android,2020-1,2021-1,org.whispersystems.signalservice.internal.configuration.SignalServiceConfiguration,top_level,0,1,1,26,0,0,41,0,1,1,1,1,1,1,1,1,1,0,1,0,1,0,1,0,1,0,1,0,1,0,1,0,1,0,1,0,1
Signal-Android,2020-1,2021-1,org.whispersystems.signalservice.internal.configuration.SignalServiceUrl,top_level,0,0,0,5,0,0,5,0,0,0,0,,,,0,,0,,0,,0,,0,,0,,0,,0,,0,,0,,0,,0
Signal-Android,2020-1,2021-1,org.whispersystems.signalservice.internal.configuration.SignalStorageUrl,top_level,0,0,0,5,0,0,5,0,0,0,0,,,,0,,0,,0,,0,,0,,0,,0,,0,,0,,0,,0,,0
Signal-Android,2020-1,2021-1,org.whispersystems.signalservice.internal.configuration.SignalUrl,top_level,0,0,0,22,0,0,22,0,0,0,0,,,,0,,0,,0,,0,,0,,0,,0,,0,,0,,0,,0,,0
Signal-Android,2020-1,2021-1,org.whispersystems.signalservice.internal.contacts.crypto.AESCipher,top_level,5,6,1,35,0,0,36,0,0,1,1,4,4,0,1,0,1,0,1,0,1,0,1,0,1,0,1,0,1,3,1,3,1,0,1,0,1
Signal-Android,2020-1,2021-1,org.whispersystems.signalservice.internal.contacts.crypto.ContactDiscoveryCipher,top_level,1,1,0,16,0,1,38,0,1,1,1,2,4,0,1,0,1,0,1,0,1,0,1,0,1,0,1,0,1,2,1,4,1,0,1,0,1
Signal-Android,2020-1,2021-1,org.whispersystems.signalservice.internal.contacts.crypto.KeyBackupCipher,top_level,2,2,0,66,0,1,66,0,1,1,1,5,5,0,1,0,1,0,1,0,1,0,1,0,1,0,1,0,1,5,1,5,1,0,1,0,1
Signal-Android,2020-1,2021-1,org.whispersystems.signalservice.internal.contacts.crypto.Quote,top_level,14,14,0,90,0,5,90,0,5,1,1,10,10,0,1,0,1,0,1,0,1,0,1,0,1,0,1,0,1,0,1,0,1,0,1,0,1
Signal-Android,2020-1,2021-1,org.whispersystems.signalservice.internal.contacts.crypto.RemoteAttestation,top_level,1,1,0,14,0,1,14,0,1,0,0,,,,0,,0,,0,,0,,0,,0,,0,,0,,0,,0,,0,,0
Signal-Android,2020-1,2021-1,org.whispersystems.signalservice.internal.contacts.crypto.RemoteAttestationCipher,top_level,1,1,0,38,0,1,38,0,1,1,1,11,11,0,1,0,1,0,1,0,1,0,1,0,1,0,1,0,1,10,1,10,1,0,1,0,1
Signal-Android,2020-1,2021-1,org.whispersystems.signalservice.internal.contacts.crypto.RemoteAttestationKeys,top_level,2,2,0,16,0,2,16,0,2,0,0,,,,0,,0,,0,,0,,0,,0,,0,,0,,0,,0,,0,,0
Signal-Android,2020-1,2021-1,org.whispersystems.signalservice.internal.contacts.crypto.SignatureBodyEntity,top_level,1,1,0,17,0,1,17,0,1,1,1,1,1,1,1,1,1,0,1,0,1,0,1,0,1,0,1,0,1,0,1,0,1,0,1,0,1
Signal-Android,2020-1,2021-1,org.whispersystems.signalservice.internal.contacts.crypto.SigningCertificate,top_level,0,0,0,33,0,0,33,0,0,1,1,7,7,0,1,0,1,0,1,0,1,0,1,0,1,0,1,0,1,7,1,7,1,0,1,0,1
Signal-Android,2020-1,2021-1,org.whispersystems.signalservice.internal.contacts.crypto.UnauthenticatedQuoteException,top_level,0,0,0,5,0,0,5,0,0,0,0,,,,0,,0,,0,,0,,0,,0,,0,,0,,0,,0,,0,,0
Signal-Android,2020-1,2021-1,org.whispersystems.signalservice.internal.contacts.crypto.UnauthenticatedResponseException,top_level,0,0,0,5,0,0,5,0,0,0,0,,,,0,,0,,0,,0,,0,,0,,0,,0,,0,,0,,0,,0
Signal-Android,2020-1,2021-1,org.whispersystems.signalservice.internal.contacts.entities.DiscoveryRequest,top_level,7,6,-1,30,0,7,34,0,6,1,1,1,1,1,1,1,1,0,1,0,1,0,1,0,1,0,1,0,1,0,1,0,1,0,1,0,1
Signal-Android,2020-1,2021-1,org.whispersystems.signalservice.internal.contacts.entities.DiscoveryResponse,top_level,5,5,0,20,0,5,20,0,5,0,1,,1,,0,1,1,,0,0,1,,0,0,1,,0,0,1,,0,0,1,,0,0,1
Signal-Android,2020-1,2021-1,org.whispersystems.signalservice.internal.contacts.entities.KeyBackupRequest,top_level,6,5,-1,25,0,6,30,0,5,1,1,1,1,1,1,1,1,0,1,0,1,0,1,0,1,0,1,0,1,0,1,0,1,0,1,0,1
Signal-Android,2020-1,2021-1,org.whispersystems.signalservice.internal.contacts.entities.KeyBackupResponse,top_level,5,5,0,20,0,5,20,0,5,0,0,,,,0,,0,,0,,0,,0,,0,,0,,0,,0,,0,,0,,0
Signal-Android,2020-1,2021-1,org.whispersystems.signalservice.internal.contacts.entities.RemoteAttestationRequest,top_level,3,3,0,8,0,3,8,0,3,0,0,,,,0,,0,,0,,0,,0,,0,,0,,0,,0,,0,,0,,0
Signal-Android,2020-1,2021-1,org.whispersystems.signalservice.internal.contacts.entities.RemoteAttestationResponse,top_level,7,7,0,50,0,7,50,0,7,1,1,1,1,1,1,1,1,0,1,0,1,0,1,0,1,0,1,0,1,0,1,0,1,0,1,0,1
Signal-Android,2020-1,2021-1,org.whispersystems.signalservice.internal.contacts.entities.TokenResponse,top_level,5,5,0,19,0,5,19,0,5,0,0,,,,0,,0,,0,,0,,0,,0,,0,,0,,0,,0,,0,,0
Signal-Android,2020-1,2021-1,org.whispersystems.signalservice.internal.crypto.PaddingInputStream,top_level,9,9,0,30,0,4,30,0,4,0,0,,,,0,,0,,0,,0,,0,,0,,0,,0,,0,,0,,0,,0
Signal-Android,2020-1,2021-1,org.whispersystems.signalservice.internal.crypto.ProvisioningCipher,top_level,4,4,0,33,0,2,33,0,2,1,1,6,6,0,1,0,1,0,1,0,1,0,1,0,1,0,1,0,1,6,1,6,1,0,1,0,1
Signal-Android,2020-1,2021-1,org.whispersystems.signalservice.internal.push.AuthCredentials,top_level,0,0,0,7,0,0,7,0,0,0,0,,,,0,,0,,0,,0,,0,,0,,0,,0,,0,,0,,0,,0
Signal-Android,2020-1,2021-1,org.whispersystems.signalservice.internal.push.ContactDiscoveryFailureReason,top_level,0,0,0,5,0,0,5,0,0,1,1,1,1,0,1,0,1,0,1,0,1,0,1,0,1,0,1,0,1,0,1,0,1,0,1,0,1
Signal-Android,2020-1,2021-1,org.whispersystems.signalservice.internal.push.ContactTokenDetailsList,top_level,1,1,0,6,0,1,6,0,1,0,0,,,,0,,0,,0,,0,,0,,0,,0,,0,,0,,0,,0,,0
Signal-Android,2020-1,2021-1,org.whispersystems.signalservice.internal.push.ContactTokenList,top_level,1,1,0,7,0,1,7,0,1,0,0,,,,0,,0,,0,,0,,0,,0,,0,,0,,0,,0,,0,,0
Signal-Android,2020-1,2021-1,org.whispersystems.signalservice.internal.push.DeviceCode,top_level,0,0,0,5,0,0,5,0,0,0,0,,,,0,,0,,0,,0,,0,,0,,0,,0,,0,,0,,0,,0
Signal-Android,2020-1,2021-1,org.whispersystems.signalservice.internal.push.DeviceInfoList,top_level,1,1,0,6,0,1,6,0,1,0,0,,,,0,,0,,0,,0,,0,,0,,0,,0,,0,,0,,0,,0
Signal-Android,2020-1,2021-1,org.whispersystems.signalservice.internal.push.DeviceLimit,top_level,2,2,0,9,0,2,9,0,2,0,0,,,,0,,0,,0,,0,,0,,0,,0,,0,,0,,0,,0,,0
Signal-Android,2020-1,2021-1,org.whispersystems.signalservice.internal.push.DeviceLimitExceededException,top_level,2,2,0,8,0,2,8,0,2,0,0,,,,0,,0,,0,,0,,0,,0,,0,,0,,0,,0,,0,,0
Signal-Android,2020-1,2021-1,org.whispersystems.signalservice.internal.push.LockedException,top_level,2,2,0,14,0,2,14,0,2,0,0,,,,0,,0,,0,,0,,0,,0,,0,,0,,0,,0,,0,,0
Signal-Android,2020-1,2021-1,org.whispersystems.signalservice.internal.push.MismatchedDevices,top_level,0,0,0,9,0,0,9,0,0,0,0,,,,0,,0,,0,,0,,0,,0,,0,,0,,0,,0,,0,,0
Signal-Android,2020-1,2021-1,org.whispersystems.signalservice.internal.push.OutgoingPushMessage,top_level,0,0,0,17,0,0,17,0,0,1,1,8,8,0,1,0,1,0,1,0,1,0,1,0,1,0,1,0,1,0,1,0,1,0,1,0,1
Signal-Android,2020-1,2021-1,org.whispersystems.signalservice.internal.push.OutgoingPushMessageList,top_level,2,2,0,25,0,2,25,0,2,1,1,5,5,1,1,1,1,0,1,0,1,0,1,0,1,0,1,0,1,0,1,0,1,0,1,0,1
Signal-Android,2020-1,2021-1,org.whispersystems.signalservice.internal.push.PreKeyEntity,top_level,2,2,0,26,0,2,26,0,2,0,0,,,,0,,0,,0,,0,,0,,0,,0,,0,,0,,0,,0,,0
Signal-Android,2020-1,2021-1,org.whispersystems.signalservice.internal.push.PreKeyResponse,top_level,0,0,0,11,0,0,11,0,0,0,0,,,,0,,0,,0,,0,,0,,0,,0,,0,,0,,0,,0,,0
Signal-Android,2020-1,2021-1,org.whispersystems.signalservice.internal.push.PreKeyResponseItem,top_level,2,2,0,17,0,2,17,0,2,1,1,1,1,1,1,1,1,0,1,0,1,0,1,0,1,0,1,0,1,0,1,0,1,0,1,0,1
Signal-Android,2020-1,2021-1,org.whispersystems.signalservice.internal.push.PreKeyState,top_level,0,0,0,13,0,0,13,0,0,1,1,6,6,0,1,0,1,0,1,0,1,0,1,0,1,0,1,0,1,0,1,0,1,0,1,0,1
Signal-Android,2020-1,2021-1,org.whispersystems.signalservice.internal.push.PreKeyStatus,top_level,2,2,0,6,0,2,6,0,2,0,0,,,,0,,0,,0,,0,,0,,0,,0,,0,,0,,0,,0,,0
Signal-Android,2020-1,2021-1,org.whispersystems.signalservice.internal.push.ProfileAvatarData,top_level,1,1,0,18,0,1,18,0,1,1,1,1,1,1,1,1,1,0,1,0,1,0,1,0,1,0,1,0,1,0,1,0,1,0,1,0,1
Signal-Android,2020-1,2021-1,org.whispersystems.signalservice.internal.push.ProfileAvatarUploadAttributes,top_level,1,1,0,34,0,1,30,0,1,1,1,1,1,1,1,1,1,0,1,0,1,0,1,0,1,0,1,0,1,0,1,0,1,0,1,0,1
Signal-Android,2020-1,2021-1,org.whispersystems.signalservice.internal.push.ProvisioningMessage,top_level,0,0,0,5,0,0,5,0,0,1,1,2,2,0,1,0,1,0,1,0,1,0,1,0,1,0,1,0,1,0,1,0,1,0,1,0,1
Signal-Android,2020-1,2021-1,org.whispersystems.signalservice.internal.push.PushAttachmentData,top_level,1,1,0,23,0,1,33,0,1,1,1,1,1,1,1,1,1,0,1,0,1,0,1,0,1,0,1,0,1,0,1,0,1,0,1,0,1
Signal-Android,2020-1,2021-1,org.whispersystems.signalservice.internal.push.PushServiceSocket,top_level,18,19,1,831,0,15,1281,0,14,1,1,151,210,0,1,0,1,0,1,0,1,1,1,2,1,0,1,0,1,122,1,182,1,1,1,1,1
Signal-Android,2020-1,2021-1,org.whispersystems.signalservice.internal.push.PushTransportDetails,top_level,12,12,0,32,0,4,32,0,4,0,0,,,,0,,0,,0,,0,,0,,0,,0,,0,,0,,0,,0,,0
Signal-Android,2020-1,2021-1,org.whispersystems.signalservice.internal.push.RemoteAttestationUtil,top_level,1,1,0,37,0,1,72,0,1,1,1,11,8,0,1,0,1,0,1,0,1,0,1,0,1,0,1,0,1,11,1,8,1,0,1,0,1
Signal-Android,2020-1,2021-1,org.whispersystems.signalservice.internal.push.SendMessageResponse,top_level,3,3,0,7,0,3,7,0,3,0,0,,,,0,,0,,0,,0,,0,,0,,0,,0,,0,,0,,0,,0
Signal-Android,2020-1,2021-1,org.whispersystems.signalservice.internal.push.SenderCertificate,top_level,2,2,0,16,0,2,16,0,2,0,0,,,,0,,0,,0,,0,,0,,0,,0,,0,,0,,0,,0,,0
Signal-Android,2020-1,2021-1,org.whispersystems.signalservice.internal.push.SignalServiceEnvelopeEntity,top_level,8,8,0,44,0,8,44,0,8,1,1,1,1,1,1,1,1,0,1,0,1,0,1,0,1,0,1,0,1,0,1,0,1,0,1,0,1
Signal-Android,2020-1,2021-1,org.whispersystems.signalservice.internal.push.SignalServiceEnvelopeEntityList,top_level,1,1,0,5,0,1,5,0,1,0,0,,,,0,,0,,0,,0,,0,,0,,0,,0,,0,,0,,0,,0
Signal-Android,2020-1,2021-1,org.whispersystems.signalservice.internal.push.StaleDevices,top_level,0,0,0,5,0,0,5,0,0,0,0,,,,0,,0,,0,,0,,0,,0,,0,,0,,0,,0,,0,,0
Signal-Android,2020-1,2021-1,org.whispersystems.signalservice.internal.push.UnsupportedDataMessageException,top_level,2,1,-1,23,0,2,18,0,1,1,0,1,,1,1,,0,0,1,,0,0,1,,0,0,1,,0,0,1,,0,0,1,,0
Signal-Android,2020-1,2021-1,org.whispersystems.signalservice.internal.push.VerifyAccountResponse,top_level,0,1,1,5,0,0,9,0,1,0,0,,,,0,,0,,0,,0,,0,,0,,0,,0,,0,,0,,0,,0
Signal-Android,2020-1,2021-1,org.whispersystems.signalservice.internal.push.WhoAmIResponse,top_level,0,0,0,5,0,0,5,0,0,0,0,,,,0,,0,,0,,0,,0,,0,,0,,0,,0,,0,,0,,0
Signal-Android,2020-1,2021-1,org.whispersystems.signalservice.internal.push.exceptions.MismatchedDevicesException,top_level,0,0,0,6,0,0,6,0,0,0,0,,,,0,,0,,0,,0,,0,,0,,0,,0,,0,,0,,0,,0
Signal-Android,2020-1,2021-1,org.whispersystems.signalservice.internal.push.exceptions.StaleDevicesException,top_level,0,0,0,6,0,0,6,0,0,0,0,,,,0,,0,,0,,0,,0,,0,,0,,0,,0,,0,,0,,0
Signal-Android,2020-1,2021-1,org.whispersystems.signalservice.internal.push.http.AttachmentCipherOutputStreamFactory,top_level,1,1,0,7,0,1,9,0,1,0,0,,,,0,,0,,0,,0,,0,,0,,0,,0,,0,,0,,0,,0
Signal-Android,2020-1,2021-1,org.whispersystems.signalservice.internal.push.http.DigestingRequestBody,top_level,3,3,0,38,0,2,48,0,2,0,0,,,,0,,0,,0,,0,,0,,0,,0,,0,,0,,0,,0,,0
Signal-Android,2020-1,2021-1,org.whispersystems.signalservice.internal.push.http.OutputStreamFactory,top_level,1,1,0,2,0,0,2,0,0,0,0,,,,0,,0,,0,,0,,0,,0,,0,,0,,0,,0,,0,,0
Signal-Android,2020-1,2021-1,org.whispersystems.signalservice.internal.push.http.ProfileCipherOutputStreamFactory,top_level,1,0,-1,7,0,1,7,0,0,0,0,,,,0,,0,,0,,0,,0,,0,,0,,0,,0,,0,,0,,0
Signal-Android,2020-1,2021-1,org.whispersystems.signalservice.internal.util.BlacklistingTrustManager,top_level,0,0,0,40,0,0,40,0,0,1,1,5,5,0,1,0,1,0,1,0,1,0,1,0,1,0,1,0,1,5,1,5,1,0,1,0,1
Signal-Android,2020-1,2021-1,org.whispersystems.signalservice.internal.util.ContentLengthInputStream,top_level,5,5,0,20,0,3,20,0,3,0,0,,,,0,,0,,0,,0,,0,,0,,0,,0,,0,,0,,0,,0
Signal-Android,2020-1,2021-1,org.whispersystems.signalservice.internal.util.Hex,top_level,0,0,0,75,0,0,75,0,0,1,1,1,1,0,1,0,1,0,1,0,1,0,1,0,1,0,1,0,1,0,1,0,1,0,1,0,1
Signal-Android,2020-1,2021-1,org.whispersystems.signalservice.internal.util.JsonUtil,top_level,0,0,0,35,0,0,35,0,0,1,1,1,1,0,1,0,1,0,1,0,1,0,1,0,1,0,1,0,1,0,1,0,1,0,1,0,1
Signal-Android,2020-1,2021-1,org.whispersystems.signalservice.internal.util.StaticCredentialsProvider,top_level,0,0,0,22,0,0,22,0,0,1,1,1,1,1,1,1,1,0,1,0,1,0,1,0,1,0,1,0,1,0,1,0,1,0,1,0,1
Signal-Android,2020-1,2021-1,org.whispersystems.signalservice.internal.util.Util,top_level,11,11,0,78,0,0,78,0,0,1,1,3,3,0,1,0,1,0,1,0,1,0,1,0,1,0,1,0,1,1,1,1,1,0,1,0,1
Signal-Android,2020-1,2021-1,org.whispersystems.signalservice.internal.util.concurrent.ListenableFuture<T>,top_level,1,1,0,5,0,1,5,0,1,0,0,,,,0,,0,,0,,0,,0,,0,,0,,0,,0,,0,,0,,0
Signal-Android,2020-1,2021-1,org.whispersystems.signalservice.internal.util.concurrent.SettableFuture<T>,top_level,13,13,0,62,1,6,62,1,6,0,0,,,,0,,0,,0,,0,,0,,0,,0,,0,,0,,0,,0,,0
Signal-Android,2020-1,2021-1,org.whispersystems.signalservice.internal.websocket.WebSocketConnection,top_level,14,15,1,187,0,4,205,0,4,1,1,31,30,0,1,0,1,0,1,0,1,0,1,0,1,0,1,0,1,26,1,25,1,0,1,0,1
Signal-Android,2020-1,2021-1,org.whispersystems.signalservice.internal.websocket.WebSocketEventListener,top_level,3,3,0,4,0,3,4,0,3,0,0,,,,0,,0,,0,,0,,0,,0,,0,,0,,0,,0,,0,,0
Signal-Android,2020-1,2021-1,org.whispersystems.util.Base64,top_level,59,59,0,737,0,1,737,0,1,1,1,74,74,0,1,0,1,1,1,1,1,0,1,0,1,0,1,0,1,8,1,8,1,1,1,1,1
